crop,state,market,avg_price,min_price,max_price,price_std,record_count,date,year,month,lag_1,lag_2,lag_3,lag_6,lag_12,roll_mean_3,roll_mean_6,roll_std_3,pct_change_1m,pct_change_3m,month_sin,month_cos,time_index,target_next_month
Onion,Uttarakhand,Dehradun,2424.528,2009.37,2876.63,205.41351554851505,5,2021-01-01,2021,1,2302.325,1970.61,1505.83,549.305,2335.8025,1926.2549999999999,1308.98,400.0957332626784,5.307808411062729,61.009410092772754,0.49999999999999994,0.8660254037844387,13,2062.1425
Onion,Uttarakhand,Dehradun,2062.1425,1837.94,2308.63,58.56740297867618,4,2021-02-01,2021,2,2424.528,2302.325,1970.61,602.8199999999999,2009.4625,2232.4876666666664,1621.5171666666665,234.87938931786678,-14.946641160671268,4.644881534144251,0.8660254037844386,0.5000000000000001,14,1414.14
Onion,Uttarakhand,Dehradun,1414.14,1090.01,1879.51,263.1934635713179,4,2021-03-01,2021,3,2062.1425,2424.528,2302.325,922.99,1396.346,2262.9984999999997,1864.7375833333333,184.36578547618515,-31.423749813604047,-38.577742065086376,1.0,6.123233995736766e-17,15,526.035
Onion,Uttarakhand,Dehradun,526.035,184.0,999.61,310.3832886931898,4,2021-04-01,2021,4,1414.14,2062.1425,2424.528,1505.83,770.9325,1966.9368333333332,1946.5959166666669,511.87798044073304,-62.801773516059235,-78.30361208449645,0.8660254037844387,-0.4999999999999998,16,565.9399999999999
Onion,Uttarakhand,Dehradun,565.9399999999999,248.16,892.61,207.1827156159509,5,2021-05-01,2021,5,526.035,1414.14,2062.1425,1970.61,278.538,1334.1058333333333,1783.2967500000002,771.1748593960923,7.585997129468566,-72.55572784131067,0.49999999999999994,-0.8660254037844387,17,471.8425
Onion,Uttarakhand,Dehradun,471.8425,184.0,932.15,328.69097121511163,4,2021-06-01,2021,6,565.9399999999999,526.035,1414.14,2302.325,268.3375,835.3716666666666,1549.185083333333,501.62504922335376,-16.62676255433438,-66.63396127681843,1.2246467991473532e-16,-1.0,18,825.7225
Onion,Uttarakhand,Dehradun,825.7225,438.74,1129.09,270.67244858869543,4,2021-07-01,2021,7,471.8425,565.9399999999999,526.035,2424.528,549.305,521.2724999999999,1244.1046666666666,47.22918516392384,74.99960262163752,56.971019038657126,-0.4999999999999997,-0.8660254037844388,19,968.776
Onion,Uttarakhand,Dehradun,968.776,672.18,1367.65,252.83970155021143,5,2021-08-01,2021,8,825.7225,471.8425,565.9399999999999,2062.1425,602.8199999999999,621.1683333333332,977.6370833333334,183.29045311221662,17.324645991843507,71.1799837438598,-0.8660254037844385,-0.5000000000000004,20,1253.9
Onion,Uttarakhand,Dehradun,1253.9,1003.04,1619.54,179.18398496145417,4,2021-09-01,2021,9,968.776,825.7225,471.8425,1414.14,922.99,755.447,795.4093333333334,255.81186501166928,29.43136493885069,165.74545531612776,-1.0,-1.8369701987210297e-16,21,1989.404
Onion,Uttarakhand,Dehradun,1989.404,1474.51,2525.03,300.4800473908374,5,2021-10-01,2021,10,1253.9,968.776,825.7225,526.035,1505.83,1016.1328333333335,768.7026666666666,217.98163941965888,58.65730919531062,140.92888349294105,-0.8660254037844386,0.5000000000000001,22,2183.9275
Onion,Uttarakhand,Dehradun,2183.9275,1808.63,2562.67,211.29243832107835,4,2021-11-01,2021,11,1989.404,1253.9,968.776,565.9399999999999,1970.61,1404.0266666666666,1012.5975,526.6155054964984,9.777978731318516,125.43162712536231,-0.5000000000000004,0.8660254037844384,23,2290.9625
Onion,Uttarakhand,Dehradun,2290.9625,1744.9,2893.05,356.3724347154252,4,2021-12-01,2021,12,2183.9275,1989.404,1253.9,471.8425,2302.325,1809.0771666666667,1282.2620833333333,490.536556032354,4.90103265790647,82.70695430257595,-2.4492935982947064e-16,1.0,24,2474.766
Onion,Uttarakhand,Dehradun,2474.766,1888.54,3170.64,383.5612596835087,5,2022-01-01,2022,1,2290.9625,2183.9275,1989.404,825.7225,2424.528,2154.7646666666665,1585.4487499999998,152.87980692878753,8.022981607075627,24.397357198437327,0.49999999999999994,0.8660254037844387,25,2195.3775
Onion,Uttarakhand,Dehradun,2195.3775,1790.27,2660.9,214.36602737296465,4,2022-02-01,2022,2,2474.766,2290.9625,2183.9275,968.776,2062.1425,2316.552,1860.2893333333334,147.0981820188489,-11.289491612540338,0.5242848034103822,0.8660254037844386,0.5000000000000001,26,1540.925
Onion,Uttarakhand,Dehradun,1540.925,1223.21,2000.58,226.31619746128052,4,2022-03-01,2022,3,2195.3775,2474.766,2290.9625,1253.9,1414.14,2320.3686666666667,2064.7229166666666,141.99656848524086,-29.810476785883072,-32.738968883165924,1.0,6.123233995736766e-17,27,1176.3125
Onion,Uttarakhand,Dehradun,1176.3125,840.51,1638.53,289.7436565166988,4,2022-04-01,2022,4,1540.925,2195.3775,2474.766,1989.404,526.035,2070.356166666667,2112.5604166666667,479.3094028512095,-23.661923844444082,-52.46772826198518,0.8660254037844387,-0.4999999999999998,28,730.9
Onion,Uttarakhand,Dehradun,730.9,426.3,1228.76,255.7099318563907,5,2022-05-01,2022,5,1176.3125,1540.925,2195.3775,2183.9275,565.9399999999999,1637.5383333333332,1977.0451666666668,516.3564376373955,-37.865150629615854,-66.70732026724333,0.49999999999999994,-0.8660254037844387,29,804.375
Onion,Uttarakhand,Dehradun,804.375,491.25,1489.04,391.6047848277648,4,2022-06-01,2022,6,730.9,1176.3125,1540.925,2290.9625,471.8425,1149.3791666666666,1734.8739166666667,405.68359406017373,10.052674784512249,-47.799211512565506,1.2246467991473532e-16,-1.0,30,643.976
Onion,Uttarakhand,Dehradun,643.976,389.61,1003.37,191.3216673040458,5,2022-07-01,2022,7,804.375,730.9,1176.3125,2474.766,825.7225,903.8625000000001,1487.1093333333336,238.79153205514987,-19.940823620823622,-45.2546835981085,-0.4999999999999997,-0.8660254037844388,31,1182.845
Onion,Uttarakhand,Dehradun,1182.845,961.7,1375.74,108.98471590090055,4,2022-08-01,2022,8,643.976,804.375,730.9,2195.3775,968.776,726.417,1181.9776666666667,80.29341671018263,83.67842900977676,61.83404022438091,-0.8660254037844385,-0.5000000000000004,32,1279.325
Onion,Uttarakhand,Dehradun,1279.325,784.19,1749.31,319.3311546028668,4,2022-09-01,2022,9,1182.845,643.976,804.375,1540.925,1253.9,877.0653333333333,1013.2222499999999,276.69091638564663,8.156605472399175,59.04584304584305,-1.0,-1.8369701987210297e-16,33,1808.756
Onion,Uttarakhand,Dehradun,1808.756,1436.8,2255.51,214.01167545253227,5,2022-10-01,2022,10,1279.325,1182.845,643.976,1176.3125,1989.404,1035.3819999999998,969.62225,342.38295843542807,41.38362026850097,180.87320024348736,-0.8660254037844386,0.5000000000000001,34,2220.3825
Onion,Uttarakhand,Dehradun,2220.3825,1864.81,2585.04,180.22653733103056,4,2022-11-01,2022,11,1808.756,1279.325,1182.845,730.9,2183.9275,1423.642,1075.0295,336.98915761044503,22.757436602836428,87.71542340712436,-0.5000000000000004,0.8660254037844384,35,2549.15
Onion,Uttarakhand,Dehradun,2549.15,1914.69,3048.82,325.2845112615519,4,2022-12-01,2022,12,2220.3825,1808.756,1279.325,804.375,2290.9625,1769.4878333333334,1323.2765833333333,471.7560770796514,14.806795675970239,99.25742090555566,-2.4492935982947064e-16,1.0,36,2335.744
Onion,Uttarakhand,Dehradun,2335.744,2003.84,2721.87,147.45470568957768,5,2023-01-01,2023,1,2549.15,2220.3825,1808.756,643.976,2474.766,2192.7628333333337,1614.0724166666666,370.96893845588136,-8.37165329619677,29.13538365594917,0.49999999999999994,0.8660254037844387,37,1778.9975
Onion,Uttarakhand,Dehradun,1778.9975,1527.52,2053.78,109.99110126884509,4,2023-02-01,2023,2,2335.744,2549.15,2220.3825,1182.845,2195.3775,2368.4255,1896.0337500000003,166.8025107597327,-23.835938356258225,-19.878782146769765,0.8660254037844386,0.5000000000000001,38,1154.5225
Onion,Uttarakhand,Dehradun,1154.5225,979.92,1477.68,143.04618377176888,4,2023-03-01,2023,3,1778.9975,2335.744,2549.15,1279.325,1540.925,2221.2971666666667,1995.3925,397.62705712650336,-35.10263505148264,-54.70951101347508,1.0,6.123233995736766e-17,39,744.406
Onion,Uttarakhand,Dehradun,744.406,337.46,1408.37,341.7067210781784,5,2023-04-01,2023,4,1154.5225,1778.9975,2335.744,1808.756,1176.3125,1756.4213333333335,1974.5920833333332,590.9342776414157,-35.52260783137618,-68.12981217119685,0.8660254037844387,-0.4999999999999998,40,489.37
Onion,Uttarakhand,Dehradun,489.37,208.91,1023.98,316.9697160087485,4,2023-05-01,2023,5,744.406,1154.5225,1778.9975,2220.3825,730.9,1225.9753333333333,1797.2004166666666,520.9837075298801,-34.2603364293141,-72.49181069675478,0.49999999999999994,-0.8660254037844387,41,325.13
Onion,Uttarakhand,Dehradun,325.13,184.0,569.46,157.57985108086206,4,2023-06-01,2023,6,489.37,744.406,1154.5225,2549.15,804.375,796.0994999999999,1508.6983333333335,335.57581188271683,-33.56151786991438,-71.83857395589952,1.2246467991473532e-16,-1.0,42,620.2180000000001
Onion,Uttarakhand,Dehradun,620.2180000000001,184.0,1277.45,387.0193360414955,5,2023-07-01,2023,7,325.13,489.37,744.406,2335.744,643.976,519.6353333333333,1138.0283333333334,211.27016790197044,90.76000369083138,-16.6828316805614,-0.4999999999999997,-0.8660254037844388,43,994.28
Onion,Uttarakhand,Dehradun,994.28,713.75,1531.61,292.85684090809065,4,2023-08-01,2023,8,620.2180000000001,325.13,489.37,1778.9975,1182.845,478.2393333333334,852.1073333333334,147.85854977419007,60.31137438771527,103.17551137176369,-0.8660254037844385,-0.5000000000000004,44,1490.82
Onion,Uttarakhand,Dehradun,1490.82,1272.45,1918.11,190.66516636938871,4,2023-09-01,2023,9,994.28,620.2180000000001,325.13,1154.5225,1279.325,646.5426666666667,721.3210833333333,335.3508188171415,49.93965482560244,358.5304339802541,-1.0,-1.8369701987210297e-16,45,2027.856
Onion,Uttarakhand,Dehradun,2027.856,1420.97,2629.75,359.47045133084305,5,2023-10-01,2023,10,1490.82,994.28,620.2180000000001,744.406,1808.756,1035.106,777.3706666666667,436.7345100950868,36.02285990260394,226.95858552960408,-0.8660254037844386,0.5000000000000001,46,2078.5575
Onion,Uttarakhand,Dehradun,2078.5575,1607.82,2483.11,235.046237632088,4,2023-11-01,2023,11,2027.856,1490.82,994.28,489.37,2220.3825,1504.3186666666668,991.279,516.9202041372835,2.5002514971477217,109.05152472140645,-0.5000000000000004,0.8660254037844384,47,2319.6240000000003
Onion,Uttarakhand,Dehradun,2319.6240000000003,1498.87,2928.9,459.0465315520856,5,2023-12-01,2023,12,2078.5575,2027.856,1490.82,325.13,2549.15,1865.7445,1256.1435833333333,325.68227776584496,11.597778748001938,55.59383426570614,-2.4492935982947064e-16,1.0,48,2328.78
Onion,Uttarakhand,Dehradun,2328.78,1647.5,3135.56,488.9589695124396,4,2024-01-01,2024,1,2319.6240000000003,2078.5575,2027.856,620.2180000000001,2335.744,2142.0125000000003,1588.55925,155.89112939724987,0.39471914413715103,14.839515231850791,0.49999999999999994,0.8660254037844387,49,1889.7375
Onion,Uttarakhand,Dehradun,1889.7375,1402.51,2499.5,331.37754333237484,4,2024-02-01,2024,2,2328.78,2319.6240000000003,2078.5575,994.28,1778.9975,2242.3205000000003,1873.3195833333332,141.89678717557507,-18.85289722515653,-9.08418458474206,0.8660254037844386,0.5000000000000001,50,1467.362
Onion,Uttarakhand,Dehradun,1467.362,980.48,2067.17,374.33595074478217,5,2024-03-01,2024,3,1889.7375,2328.78,2319.6240000000003,1490.82,1154.5225,2179.3805,2022.5625,250.879968651844,-22.351014360460113,-36.74138567285043,1.0,6.123233995736766e-17,51,996.9375
Onion,Uttarakhand,Dehradun,996.9375,778.3,1241.67,136.68498536781573,4,2024-04-01,2024,4,1467.362,1889.7375,2328.78,2027.856,744.406,1895.2931666666666,2018.6528333333335,430.7358723801425,-32.05919875259139,-57.19056759333213,0.8660254037844387,-0.4999999999999998,52,519.4125
Onion,Uttarakhand,Dehradun,519.4125,228.58,778.18,199.6328537382228,4,2024-05-01,2024,5,996.9375,1467.362,1889.7375,2078.5575,489.37,1451.3456666666668,1846.8330833333337,446.6154410676826,-47.8991912732744,-72.51403964836385,0.49999999999999994,-0.8660254037844387,53,537.566
Onion,Uttarakhand,Dehradun,537.566,184.0,740.05,208.19365535481623,5,2024-06-01,2024,6,519.4125,996.9375,1467.362,2319.6240000000003,325.13,994.5706666666669,1586.9755833333336,473.9791820983059,3.495006377397542,-63.365140980889514,1.2246467991473532e-16,-1.0,54,454.115
Onion,Uttarakhand,Dehradun,454.115,184.0,1146.96,411.7459405588192,4,2024-07-01,2024,7,537.566,519.4125,996.9375,2328.78,620.2180000000001,684.6386666666668,1289.9659166666668,270.61099084585953,-15.52386125610623,-54.44900006269199,-0.4999999999999997,-0.8660254037844388,55,1063.8975
Onion,Uttarakhand,Dehradun,1063.8975,651.91,1414.01,274.9052611810112,4,2024-08-01,2024,8,454.115,537.566,519.4125,1889.7375,994.28,503.69783333333345,977.52175,43.88884153833672,134.279312508946,104.82708829687385,-0.8660254037844385,-0.5000000000000004,56,1443.766
Onion,Uttarakhand,Dehradun,1443.766,1226.96,1834.98,146.55849115626148,5,2024-09-01,2024,9,1063.8975,454.115,537.566,1467.362,1490.82,685.1928333333335,839.88175,330.61145740366874,35.70536635343161,168.57464943839454,-1.0,-1.8369701987210297e-16,57,1648.505
Onion,Uttarakhand,Dehradun,1648.505,1374.5,1975.23,151.91238670145805,4,2024-10-01,2024,10,1443.766,1063.8975,454.115,996.9375,2027.856,987.2595000000001,835.9490833333333,499.2567603280356,14.18089912077165,263.01487508670715,-0.8660254037844386,0.5000000000000001,58,2365.5625
Onion,Uttarakhand,Dehradun,2365.5625,1991.54,2767.29,203.8345684413385,4,2024-11-01,2024,11,1648.505,1443.766,1063.8975,519.4125,2078.5575,1385.3895000000002,944.5436666666668,296.6434628948479,43.49744162134782,122.34872250381264,-0.5000000000000004,0.8660254037844384,59,2367.27
Onion,Uttarakhand,Dehradun,2367.27,1912.3,2758.58,190.5860562842936,5,2024-12-01,2024,12,2365.5625,1648.505,1443.766,537.566,2319.6240000000003,1819.2778333333335,1252.2353333333333,484.0451603999175,0.0721815635815998,63.964936146162174,-2.4492935982947064e-16,1.0,60,2137.9075000000003
Onion,Uttarakhand,Dehradun,2137.9075000000003,1826.25,2695.3,243.0039215561485,4,2025-01-01,2025,1,2367.27,2365.5625,1648.505,454.115,2328.78,2127.1124999999997,1557.186,414.4871327089053,-9.688903251424625,29.68765639170037,0.49999999999999994,0.8660254037844387,61,1839.88
Onion,Uttarakhand,Dehradun,1839.88,1415.08,2304.22,285.8000598320441,4,2025-02-01,2025,2,2137.9075000000003,2367.27,2365.5625,1063.8975,1889.7375,2290.2466666666664,1837.8180833333336,131.9323507127179,-13.940149421806142,-22.22230442019604,0.8660254037844386,0.5000000000000001,62,1206.0939999999998
Onion,Uttarakhand,Dehradun,1206.0939999999998,924.41,1439.1,146.67522312919797,5,2025-03-01,2025,3,1839.88,2137.9075000000003,2367.27,1443.766,1467.362,2115.019166666667,1967.1485000000002,264.4389530252359,-34.44713785681676,-49.051270028344895,1.0,6.123233995736766e-17,63,827.855
Onion,Uttarakhand,Dehradun,827.855,551.02,1211.36,223.22701755537275,4,2025-04-01,2025,4,1206.0939999999998,1839.88,2137.9075000000003,1648.505,996.9375,1727.9605000000001,1927.5365,475.881897697053,-31.36065679789468,-61.277323738281474,0.8660254037844387,-0.4999999999999998,64,556.515
Onion,Uttarakhand,Dehradun,556.515,372.64,887.4,197.97271806994013,4,2025-05-01,2025,5,827.855,1206.0939999999998,1839.88,2365.5625,519.4125,1291.2763333333332,1790.7615000000003,511.36158693270056,-32.77627120691426,-69.75264691175512,0.49999999999999994,-0.8660254037844387,65,833.51
Onion,Uttarakhand,Dehradun,833.51,322.97,1466.98,421.5287129010312,5,2025-06-01,2025,6,556.515,827.855,1206.0939999999998,2367.27,537.566,863.4879999999999,1489.2535833333334,326.2522066239474,49.773141784138794,-30.891787870597142,1.2246467991473532e-16,-1.0,66,806.9749999999999
Onion,Uttarakhand,Dehradun,806.9749999999999,453.81,1503.73,399.1969599500143,4,2025-07-01,2025,7,833.51,556.515,827.855,2137.9075000000003,454.115,739.2933333333334,1233.6269166666668,158.3159313156064,-3.1835250926803615,-2.522180816688926,-0.4999999999999997,-0.8660254037844388,67,958.36
Onion,Uttarakhand,Dehradun,958.36,669.61,1401.97,253.6046244649336,5,2025-08-01,2025,8,806.9749999999999,833.51,556.515,1839.88,1063.8975,732.3333333333334,1011.8048333333332,152.8400841020698,18.75956504228757,72.20739782395803,-0.8660254037844385,-0.5000000000000004,68,1383.52
Onion,Uttarakhand,Dehradun,1383.52,875.17,2089.54,418.5941662278632,4,2025-09-01,2025,9,958.36,806.9749999999999,833.51,1206.0939999999998,1443.766,866.2816666666668,864.8848333333332,80.83836439666686,44.36328728244084,65.9872107113292,-1.0,-1.8369701987210297e-16,69,2068.8575
Onion,Uttarakhand,Dehradun,2068.8575,1601.49,2486.38,237.9786785092311,4,2025-10-01,2025,10,1383.52,958.36,806.9749999999999,827.855,1648.505,1049.618333333333,894.4558333333333,298.9098472923383,49.53578553255465,156.37194460794947,-0.8660254037844386,0.5000000000000001,70,2274.542
Onion,Uttarakhand,Dehradun,2274.542,1855.42,2749.78,200.3937556911393,5,2025-11-01,2025,11,2068.8575,1383.52,958.36,556.515,2365.5625,1470.2458333333332,1101.2895833333334,560.3054541962631,9.941936551937475,137.3369088860136,-0.5000000000000004,0.8660254037844384,71,2061.6075
Onion,Uttarakhand,Dehradun,2061.6075,1586.34,2674.31,360.5552812329893,4,2025-12-01,2025,12,2274.542,2068.8575,1383.52,833.51,2367.27,1908.9731666666667,1387.6274166666665,466.53220805758144,-9.361642915364934,49.011759858910615,-2.4492935982947064e-16,1.0,72,2283.835
Onion,Uttarakhand,Dehradun,2283.835,1748.27,2756.59,318.69284883724646,4,2026-01-01,2026,1,2061.6075,2274.542,2068.8575,806.9749999999999,2137.9075000000003,2135.0023333333334,1592.3103333333331,120.89925374080428,10.779331177248821,10.39112166981051,0.49999999999999994,0.8660254037844387,73,1757.44
Onion,Uttarakhand,Dehradun,1757.44,1491.01,2165.83,169.90081479106178,4,2026-02-01,2026,2,2283.835,2061.6075,2274.542,958.36,1839.88,2206.6614999999997,1838.4536666666665,125.70635285955257,-23.048731629036247,-22.734335088118833,0.8660254037844386,0.5000000000000001,74,1431.968
Onion,Uttarakhand,Dehradun,1431.968,1052.89,2126.25,342.193804692604,5,2026-03-01,2026,3,1757.44,2283.835,2061.6075,1383.52,1206.0939999999998,2034.2941666666666,1971.6336666666666,264.2582782801383,-18.51966496722505,-30.541191764193716,1.0,6.123233995736766e-17,75,1082.5175
Onion,Uttarakhand,Dehradun,1082.5175,570.33,1679.04,426.667721251952,4,2026-04-01,2026,4,1431.968,1757.44,2283.835,2068.8575,827.855,1824.4143333333332,1979.7083333333333,429.8645337967906,-24.403513206999047,-52.60088841794614,0.8660254037844387,-0.4999999999999998,76,556.028
Onion,Uttarakhand,Dehradun,556.028,268.14,1008.3,245.77468862761276,5,2026-05-01,2026,5,1082.5175,1431.968,1757.44,2274.542,556.515,1423.9751666666664,1815.3183333333334,337.53223444595704,-48.63565716027685,-68.36148033503278,0.49999999999999994,-0.8660254037844387,77,429.2525
Onion,Uttarakhand,Dehradun,429.2525,184.0,957.13,309.9470542286214,4,2026-06-01,2026,6,556.028,1082.5175,1431.968,2061.6075,833.51,1023.5044999999999,1528.8993333333335,440.94174391493647,-22.8002007093168,-70.02359689602002,1.2246467991473532e-16,-1.0,78,871.74
Onion,Uttarakhand,Dehradun,871.74,465.34,1448.52,377.4608247222485,4,2026-07-01,2026,7,429.2525,556.028,1082.5175,2283.835,806.9749999999999,689.2659999999997,1256.8401666666666,346.41458332357183,103.08326684177729,-19.471047812160077,-0.4999999999999997,-0.8660254037844388,79,1054.966
Onion,Uttar Pradesh,Lucknow,2213.986,1660.21,3132.75,409.0050606410634,5,2021-01-01,2021,1,2587.0225,2397.868,2164.98,1175.4025,2996.025,2383.2901666666667,1965.0351666666668,211.39856402086272,-14.419530560712177,2.26357749263272,0.49999999999999994,0.8660254037844387,13,2252.73
Onion,Uttar Pradesh,Lucknow,2252.73,1604.83,2882.12,398.5837197712252,4,2021-02-01,2021,2,2213.986,2587.0225,2397.868,1508.828,2342.175,2399.6255,2138.132416666667,186.52446002535294,1.7499658986100248,-6.0527935649501945,0.8660254037844386,0.5000000000000001,14,1715.14
Onion,Uttar Pradesh,Lucknow,1715.14,1470.35,2095.5,159.5888811916419,4,2021-03-01,2021,3,2252.73,2213.986,2587.0225,1956.11,2216.23,2351.2461666666663,2262.116083333333,205.10517766278574,-23.863933982323665,-33.70216146168036,1.0,6.123233995736766e-17,15,1152.34
Onion,Uttar Pradesh,Lucknow,1152.34,777.68,1454.52,215.1403890486396,4,2021-04-01,2021,4,1715.14,2252.73,2213.986,2164.98,1472.755,2060.6186666666667,2221.954416666667,299.81978958256474,-32.81364786548038,-47.951793733113036,0.8660254037844387,-0.4999999999999998,16,1265.2379999999998
Onion,Uttar Pradesh,Lucknow,1265.2379999999998,832.01,1718.32,308.72922929324324,5,2021-05-01,2021,5,1152.34,1715.14,2252.73,2397.868,1034.3439999999998,1706.736666666667,2053.1810833333334,550.2431281109597,9.797282052172095,-43.83534644631182,0.49999999999999994,-0.8660254037844387,17,1001.055
Onion,Uttar Pradesh,Lucknow,1001.055,361.68,1445.48,435.550934602755,4,2021-06-01,2021,6,1265.2379999999998,1152.34,1715.14,2587.0225,696.45,1377.572666666667,1864.4094166666666,297.7419486759205,-20.880103190071743,-41.634210618375185,1.2246467991473532e-16,-1.0,18,991.4875
Onion,Uttar Pradesh,Lucknow,991.4875,604.59,1363.93,278.3485658157172,4,2021-07-01,2021,7,1001.055,1265.2379999999998,1152.34,2213.986,1175.4025,1139.5443333333333,1600.0815,132.55550228615468,-0.9557416925143969,-13.958770848881406,-0.4999999999999997,-0.8660254037844388,19,1587.46
Onion,Uttar Pradesh,Lucknow,1587.46,1374.68,1821.73,75.08269341199738,5,2021-08-01,2021,8,991.4875,1001.055,1265.2379999999998,2252.73,1508.828,1085.9268333333334,1396.33175,155.36169132892718,60.10892724315738,25.467303384817736,-0.8660254037844385,-0.5000000000000004,20,2108.1475
Onion,Uttar Pradesh,Lucknow,2108.1475,1657.46,2566.08,305.0519244735231,4,2021-09-01,2021,9,1587.46,991.4875,1001.055,1715.14,1956.11,1193.3341666666668,1285.4534166666665,341.3565051959384,32.8000390561022,110.59257483355063,-1.0,-1.8369701987210297e-16,21,2733.644
Onion,Uttar Pradesh,Lucknow,2733.644,2436.27,3086.44,100.44726740932288,5,2021-10-01,2021,10,2108.1475,1587.46,991.4875,1152.34,2164.98,1562.3650000000005,1350.9546666666665,558.7528149090176,29.670433401837382,175.71139323491218,-0.8660254037844386,0.5000000000000001,22,3230.98
Onion,Uttar Pradesh,Lucknow,3230.98,2674.09,3828.38,311.4344473561009,4,2021-11-01,2021,11,2733.644,2108.1475,1587.46,1265.2379999999998,2397.868,2143.0838333333336,1614.5053333333333,573.8901035948288,18.193151705196446,103.53142756352915,-0.5000000000000004,0.8660254037844384,23,2986.01
Onion,Uttar Pradesh,Lucknow,2986.01,2466.06,3517.18,257.8236010660517,4,2021-12-01,2021,12,3230.98,2733.644,2108.1475,1001.055,2587.0225,2690.9238333333337,1942.129,562.6339531561198,-7.581910132529443,41.6414174055658,-2.4492935982947064e-16,1.0,24,3116.656
Onion,Uttar Pradesh,Lucknow,3116.656,2549.53,4026.25,363.44699603931247,5,2022-01-01,2022,1,2986.01,3230.98,2733.644,991.4875,2213.986,2983.5446666666667,2272.954833333333,248.677165468268,4.375270009142626,14.01104167184901,0.49999999999999994,0.8660254037844387,25,2795.4225
Onion,Uttar Pradesh,Lucknow,2795.4225,2129.27,3762.08,580.2710378995318,4,2022-02-01,2022,2,3116.656,2986.01,3230.98,1587.46,2252.73,3111.2153333333335,2627.1495833333333,122.57559245352265,-10.306992494519761,-13.480662213941278,0.8660254037844386,0.5000000000000001,26,2626.5175
Onion,Uttar Pradesh,Lucknow,2626.5175,2345.02,2925.85,87.20264765666995,4,2022-03-01,2022,3,2795.4225,3116.656,2986.01,2108.1475,1715.14,2966.0295000000006,2828.476666666667,161.54614098067768,-6.04219934553722,-12.039226258451922,1.0,6.123233995736766e-17,27,2180.8125
Onion,Uttar Pradesh,Lucknow,2180.8125,1780.16,2673.75,222.68174710035524,4,2022-04-01,2022,4,2626.5175,2795.4225,3116.656,2733.644,1152.34,2846.198666666667,2914.8716666666664,248.9831352151838,-16.96942814963159,-30.027166937897544,0.8660254037844387,-0.4999999999999998,28,1918.97
Onion,Uttar Pradesh,Lucknow,1918.97,1304.88,2537.02,356.7983024062756,5,2022-05-01,2022,5,2180.8125,2626.5175,2795.4225,3230.98,1265.2379999999998,2534.2508333333335,2822.733083333333,317.5235681935012,-12.006648898059781,-31.35313177167316,0.49999999999999994,-0.8660254037844387,29,1842.155
Onion,Uttar Pradesh,Lucknow,1842.155,1602.69,2217.08,143.58239365140378,4,2022-06-01,2022,6,1918.97,2180.8125,2626.5175,2986.01,1001.055,2242.1,2604.06475,357.7331190024906,-4.002928654434413,-29.86321240958798,1.2246467991473532e-16,-1.0,30,1708.908
Onion,Uttar Pradesh,Lucknow,1708.908,1224.66,2473.12,397.428152903138,5,2022-07-01,2022,7,1842.155,1918.97,2180.8125,3116.656,991.4875,1980.6458333333337,2413.42225,177.5532508561411,-7.23321327467016,-21.638930444501767,-0.4999999999999997,-0.8660254037844388,31,2366.6400000000003
Onion,Uttar Pradesh,Lucknow,2366.6400000000003,1956.42,2786.29,192.43871249482703,4,2022-08-01,2022,8,1708.908,1842.155,1918.97,2795.4225,1587.46,1823.3443333333335,2178.7975833333335,106.28683759682539,38.48843823072983,23.328660687764806,-0.8660254037844385,-0.5000000000000004,32,2841.165
Onion,Uttar Pradesh,Lucknow,2841.165,2228.23,3373.12,299.6555712258105,4,2022-09-01,2022,9,2366.6400000000003,1708.908,1842.155,2626.5175,2108.1475,1972.5676666666668,2107.3338333333336,347.71891475203637,20.05057803468206,54.2305072048769,-1.0,-1.8369701987210297e-16,33,3547.144
Onion,Uttar Pradesh,Lucknow,3547.144,2952.86,4470.26,358.811853176564,5,2022-10-01,2022,10,2841.165,2366.6400000000003,1708.908,2180.8125,2733.644,2305.5710000000004,2143.1084166666665,568.5934800742972,24.848222472119705,107.56787375329742,-0.8660254037844386,0.5000000000000001,34,3747.9375
Onion,Uttar Pradesh,Lucknow,3747.9375,2991.8,4370.33,351.2524432536615,4,2022-11-01,2022,11,3547.144,2841.165,2366.6400000000003,1918.97,3230.98,2918.3163333333337,2370.8303333333333,594.0216070820426,5.660709009840035,58.36534073623363,-0.5000000000000004,0.8660254037844384,35,4095.62
Onion,Uttar Pradesh,Lucknow,4095.62,3623.63,4561.87,140.7584576499758,4,2022-12-01,2022,12,3747.9375,3547.144,2841.165,1842.155,2986.01,3378.7488333333336,2675.65825,476.26336286405905,9.276635482848897,44.1528387122888,-2.4492935982947064e-16,1.0,36,3795.65
Onion,Uttar Pradesh,Lucknow,3795.65,3176.75,4364.14,241.77494080239185,5,2023-01-01,2023,1,4095.62,3747.9375,3547.144,1708.908,3116.656,3796.9004999999997,3051.23575,277.4968687584579,-7.324165816164581,7.00580523373171,0.49999999999999994,0.8660254037844387,37,3704.88
Onion,Uttar Pradesh,Lucknow,3704.88,3224.17,4282.43,191.25536558922096,4,2023-02-01,2023,2,3795.65,4095.62,3747.9375,2366.6400000000003,2795.4225,3879.7358333333336,3399.0260833333336,188.47705623518743,-2.391421759118991,-1.148831857521634,0.8660254037844386,0.5000000000000001,38,2850.7775
Onion,Uttar Pradesh,Lucknow,2850.7775,2315.86,3752.06,428.2049269820079,4,2023-03-01,2023,3,3704.88,3795.65,4095.62,2841.165,2626.5175,3865.3833333333337,3622.066083333333,204.4908072098401,-23.053445725637538,-30.394482398269368,1.0,6.123233995736766e-17,39,2614.1420000000003
Onion,Uttar Pradesh,Lucknow,2614.1420000000003,1993.42,3181.41,293.40993067720103,5,2023-04-01,2023,4,2850.7775,3704.88,3795.65,3547.144,2180.8125,3450.4358333333334,3623.668166666667,521.2987490653342,-8.30073550110452,-31.1279490996272,0.8660254037844387,-0.4999999999999998,40,1969.1225
Onion,Uttar Pradesh,Lucknow,1969.1225,1369.49,2447.04,364.60346920775913,4,2023-05-01,2023,5,2614.1420000000003,2850.7775,3704.88,3747.9375,1918.97,3056.5998333333337,3468.1678333333334,573.7590703728196,-24.674233457861135,-46.850572758092035,0.49999999999999994,-0.8660254037844387,41,1871.6775
Onion,Uttar Pradesh,Lucknow,1871.6775,1178.74,2587.36,456.61574314916777,4,2023-06-01,2023,6,1969.1225,2614.1420000000003,2850.7775,4095.62,1842.155,2478.014,3171.698666666667,456.3189773001439,-4.948650985400854,-34.34501640341977,1.2246467991473532e-16,-1.0,42,2099.188
Onion,Uttar Pradesh,Lucknow,2099.188,1619.87,2482.61,217.58432714697076,5,2023-07-01,2023,7,1871.6775,1969.1225,2614.1420000000003,3795.65,1708.908,2151.647333333334,2801.0415833333336,403.48465835466726,12.155432760184386,-19.698776883581694,-0.4999999999999997,-0.8660254037844388,43,2609.63
Onion,Uttar Pradesh,Lucknow,2609.63,2017.87,3124.86,329.69219210247206,4,2023-08-01,2023,8,2099.188,1871.6775,1969.1225,3704.88,2366.6400000000003,1979.996,2518.297916666667,114.14434569547913,24.3161641549018,32.527559864863676,-0.8660254037844385,-0.5000000000000004,44,3140.3325
Onion,Uttar Pradesh,Lucknow,3140.3325,2510.56,3825.97,349.345581564063,4,2023-09-01,2023,9,2609.63,2099.188,1871.6775,2850.7775,2841.165,2193.4985,2335.75625,377.9078272168348,20.336312044236152,67.78170918868234,-1.0,-1.8369701987210297e-16,45,3805.022
Onion,Uttar Pradesh,Lucknow,3805.022,3124.47,4612.92,358.7939203358941,5,2023-10-01,2023,10,3140.3325,2609.63,2099.188,2614.1420000000003,3547.144,2616.3835000000004,2384.0154166666666,520.6051044618646,21.166214087202547,81.26161163268844,-0.8660254037844386,0.5000000000000001,46,4248.03
Onion,Uttar Pradesh,Lucknow,4248.03,3691.85,4968.87,283.53450560146405,4,2023-11-01,2023,11,3805.022,3140.3325,2609.63,1969.1225,3747.9375,3184.9948333333336,2582.4954166666666,598.9462007810739,11.642718491509374,62.782846610439016,-0.5000000000000004,0.8660254037844384,47,4254.612
Onion,Uttar Pradesh,Lucknow,4254.612,3688.3,4877.61,206.17926234226368,5,2023-12-01,2023,12,4248.03,3805.022,3140.3325,1871.6775,4095.62,3731.128166666667,2962.3133333333335,557.5335522011951,0.1549424085988172,35.482850940147266,-2.4492935982947064e-16,1.0,48,4032.46
Onion,Uttar Pradesh,Lucknow,4032.46,3402.25,4516.15,224.64852562762712,4,2024-01-01,2024,1,4254.612,4248.03,3805.022,2099.188,3795.65,4102.554666666667,3359.4690833333334,257.6918634364169,-5.221439698849156,5.977311037886249,0.49999999999999994,0.8660254037844387,49,4240.8825
Onion,Uttar Pradesh,Lucknow,4240.8825,3699.11,4710.42,150.55753548616104,4,2024-02-01,2024,2,4032.46,4254.612,4248.03,2609.63,3704.88,4178.367333333334,3681.681083333333,126.40230662979569,5.1686191555526815,-0.16825446147979267,0.8660254037844386,0.5000000000000001,50,3568.998
Onion,Uttar Pradesh,Lucknow,3568.998,2819.01,4445.68,377.56171465073095,5,2024-03-01,2024,3,4240.8825,4032.46,4254.612,3140.3325,2850.7775,4175.984833333333,3953.5565,124.48557398382722,-15.843035028676217,-16.11460692537886,1.0,6.123233995736766e-17,51,3187.995
Onion,Uttar Pradesh,Lucknow,3187.995,2638.9,3656.45,235.6081583901544,4,2024-04-01,2024,4,3568.998,4240.8825,4032.46,3805.022,2614.1420000000003,3947.446833333333,4025.0007500000006,343.9151410087707,-10.675349215662216,-20.94168324050332,0.8660254037844387,-0.4999999999999998,52,3018.985
Onion,Uttar Pradesh,Lucknow,3018.985,2333.75,3666.77,414.9884943384977,4,2024-05-01,2024,5,3187.995,3568.998,4240.8825,4248.03,1969.1225,3665.9585,3922.1629166666667,533.0985141924981,-5.301451225613583,-28.812340356046167,0.49999999999999994,-0.8660254037844387,53,2911.868
Onion,Uttar Pradesh,Lucknow,2911.868,2473.44,3309.57,166.61236409702613,5,2024-06-01,2024,6,3018.985,3187.995,3568.998,4254.612,1871.6775,3258.659333333333,3717.322083333334,281.73331547108927,-3.5481130247417654,-18.412170586814565,1.2246467991473532e-16,-1.0,54,3318.0425
Onion,Uttar Pradesh,Lucknow,3318.0425,2749.72,3863.68,294.07501371532175,4,2024-07-01,2024,7,2911.868,3018.985,3187.995,4032.46,2099.188,3039.616,3493.5314166666667,139.21479322614698,13.9489324378715,4.07928807918457,-0.4999999999999997,-0.8660254037844388,55,3403.34
Onion,Uttar Pradesh,Lucknow,3403.34,2688.91,4123.5,377.4672088186382,4,2024-08-01,2024,8,3318.0425,2911.868,3018.985,4240.8825,2609.63,3082.9651666666664,3374.461833333333,210.51015986783676,2.5707175239617976,12.731265640604375,-0.8660254037844385,-0.5000000000000004,56,3844.566
Onion,Uttar Pradesh,Lucknow,3844.566,3236.8,4397.68,211.36737704764167,5,2024-09-01,2024,9,3403.34,3318.0425,2911.868,3568.998,3140.3325,3211.0835,3234.871416666667,262.6144559173178,12.964499579824516,32.03091623658764,-1.0,-1.8369701987210297e-16,57,4275.6825
Onion,Uttar Pradesh,Lucknow,4275.6825,3566.71,5015.72,314.0101563511384,4,2024-10-01,2024,10,3844.566,3403.34,3318.0425,3187.995,3805.022,3521.982833333333,3280.7994166666667,282.6019115984213,11.213658446753161,28.861595353284347,-0.8660254037844386,0.5000000000000001,58,4669.655
Onion,Uttar Pradesh,Lucknow,4669.655,4037.86,5316.11,260.80038209327887,4,2024-11-01,2024,11,4275.6825,3844.566,3403.34,3018.985,4248.03,3841.1961666666666,3462.0806666666667,436.1810130657702,9.214259945634408,37.20800742799719,-0.5000000000000004,0.8660254037844384,59,4646.210000000001
Onion,Uttar Pradesh,Lucknow,4646.210000000001,3883.21,5668.29,404.2596943797391,5,2024-12-01,2024,12,4669.655,4275.6825,3844.566,2911.868,4254.612,4263.301166666667,3737.192333333334,412.6838227282249,-0.5020713521662479,20.851352272272116,-2.4492935982947064e-16,1.0,60,4583.5650000000005
Onion,Uttar Pradesh,Lucknow,4583.5650000000005,4065.35,5200.77,186.593181815414,4,2025-01-01,2025,1,4646.210000000001,4669.655,4275.6825,3318.0425,4032.46,4530.515833333334,4026.249333333333,221.00325300678415,-1.3483032407058746,7.200780226314761,0.49999999999999994,0.8660254037844387,61,4275.395
Onion,Uttar Pradesh,Lucknow,4275.395,3648.52,5051.27,302.0446236899444,4,2025-02-01,2025,2,4583.5650000000005,4646.210000000001,4669.655,3403.34,4240.8825,4633.143333333333,4237.16975,44.507587648966464,-6.723369255154013,-8.443022021969488,0.8660254037844386,0.5000000000000001,62,3248.61
Onion,Uttar Pradesh,Lucknow,3248.61,2577.24,3905.75,333.83919265119255,5,2025-03-01,2025,3,4275.395,4583.5650000000005,4646.210000000001,3844.566,3568.998,4501.723333333334,4382.51225,198.49303478543203,-24.01614353761466,-30.080431147107006,1.0,6.123233995736766e-17,63,2734.8625
Onion,Uttar Pradesh,Lucknow,2734.8625,2240.36,3193.06,255.9958231918377,4,2025-04-01,2025,4,3248.61,4275.395,4583.5650000000005,4275.6825,3187.995,4035.8566666666666,4283.18625,698.9707954259117,-15.81437907289579,-40.333288608321254,0.8660254037844387,-0.4999999999999998,64,2585.62
Onion,Uttar Pradesh,Lucknow,2585.62,2312.76,2911.83,78.26898023269929,4,2025-05-01,2025,5,2734.8625,3248.61,4275.395,4669.655,3018.985,3419.6225,4026.3829166666674,784.3749436693201,-5.457038516561629,-39.52324872906481,0.49999999999999994,-0.8660254037844387,65,2505.182
Onion,Uttar Pradesh,Lucknow,2505.182,2098.95,3077.73,232.07348614178235,5,2025-06-01,2025,6,2585.62,2734.8625,3248.61,4646.210000000001,2911.868,2856.3641666666667,3679.0437500000003,347.79437355581695,-3.110975317332017,-22.884495214876527,1.2246467991473532e-16,-1.0,66,2709.2975
Onion,Uttar Pradesh,Lucknow,2709.2975,2097.9,3321.14,341.208320665934,4,2025-07-01,2025,7,2505.182,2585.62,2734.8625,4583.5650000000005,3318.0425,2608.554833333333,3322.2057500000005,116.5452184994457,8.147731382390596,-0.9347819131674829,-0.4999999999999997,-0.8660254037844388,67,2876.936
Onion,Uttar Pradesh,Lucknow,2876.936,2420.61,3400.21,183.28271857979425,5,2025-08-01,2025,8,2709.2975,2505.182,2585.62,4275.395,3403.34,2600.0331666666666,3009.8278333333333,102.81823216280063,6.187526471345432,11.266775473580815,-0.8660254037844385,-0.5000000000000004,68,3497.425
Onion,Uttar Pradesh,Lucknow,3497.425,3115.4,4059.83,176.73444646323662,4,2025-09-01,2025,9,2876.936,2709.2975,2505.182,3248.61,3844.566,2697.1384999999996,2776.7513333333336,186.17502541895928,21.567702583581976,39.6076213225227,-1.0,-1.8369701987210297e-16,69,4008.8825
Onion,Uttar Pradesh,Lucknow,4008.8825,3414.74,4980.58,418.20380927445694,4,2025-10-01,2025,10,3497.425,2876.936,2709.2975,2734.8625,4275.6825,3027.886166666667,2818.2205,415.1815309916649,14.623830389500847,47.96760045731412,-0.8660254037844386,0.5000000000000001,70,4168.838000000001
Onion,Uttar Pradesh,Lucknow,4168.838000000001,3522.9,4856.32,286.1324124771608,5,2025-11-01,2025,11,4008.8825,3497.425,2876.936,2585.62,4669.655,3461.081166666667,3030.557166666667,566.847753265003,3.9900271459689947,44.905482777510535,-0.5000000000000004,0.8660254037844384,71,4440.1275000000005
Onion,Uttar Pradesh,Lucknow,4440.1275000000005,4029.9,4851.2,46.17301764378592,4,2025-12-01,2025,12,4168.838000000001,4008.8825,3497.425,2505.182,4646.210000000001,3891.7151666666673,3294.4268333333334,350.70641873592905,6.507556782009755,26.954187723825395,-2.4492935982947064e-16,1.0,72,4341.8025
Onion,Uttar Pradesh,Lucknow,4341.8025,3059.81,5709.99,812.0673954533161,4,2026-01-01,2026,1,4440.1275000000005,4168.838000000001,4008.8825,2709.2975,4583.5650000000005,4205.949333333334,3616.91775,218.00458894844385,-2.2144634360162114,8.304558689360428,0.49999999999999994,0.8660254037844387,73,3730.215
Onion,Uttar Pradesh,Lucknow,3730.215,3404.35,4086.25,36.69984968179937,4,2026-02-01,2026,2,4341.8025,4440.1275000000005,4168.838000000001,2876.936,4275.395,4316.922666666666,3889.0019166666675,137.34537772557013,-14.086027634835984,-10.521469052047609,0.8660254037844386,0.5000000000000001,74,3156.2120000000004
Onion,Uttar Pradesh,Lucknow,3156.2120000000004,2764.38,3675.29,158.47451836178567,5,2026-03-01,2026,3,3730.215,4341.8025,4440.1275000000005,3497.425,3248.61,4170.715,4031.215083333334,384.6389721625289,-15.387933403302481,-28.9161854023336,1.0,6.123233995736766e-17,75,2956.0125
Onion,Uttar Pradesh,Lucknow,2956.0125,2486.75,3515.8,240.5728125918083,4,2026-04-01,2026,4,3156.2120000000004,3730.215,4341.8025,4008.8825,2734.8625,3742.743166666667,3974.3462500000005,592.8945307915909,-6.3430308230245815,-31.917389148861563,0.8660254037844387,-0.4999999999999998,76,2508.91
Onion,Uttar Pradesh,Lucknow,2508.91,1999.8,3201.07,334.42817151071483,5,2026-05-01,2026,5,2956.0125,3156.2120000000004,3730.215,4168.838000000001,2585.62,3280.813166666667,3798.8679166666666,401.8600077173422,-15.125189761545323,-32.74087418553623,0.49999999999999994,-0.8660254037844387,77,2499.6075
Onion,Uttar Pradesh,Lucknow,2499.6075,1887.53,3145.66,352.99962496439,4,2026-06-01,2026,6,2508.91,2956.0125,3156.2120000000004,4440.1275000000005,2505.182,2873.7115,3522.2132500000002,331.406186954544,-0.370778545264668,-20.80356135772883,1.2246467991473532e-16,-1.0,78,2300.9825
Onion,Uttar Pradesh,Lucknow,2300.9825,1829.63,2908.46,291.74624194951787,4,2026-07-01,2026,7,2499.6075,2508.91,2956.0125,4341.8025,2709.2975,2654.8433333333332,3198.79325,260.8616191385461,-7.946247560867056,-22.15924323730024,-0.4999999999999997,-0.8660254037844388,79,2914.352
Onion,Punjab,Ludhiana,3253.414,2803.03,3734.85,164.11716616490787,5,2021-01-01,2021,1,2948.7125,3051.01,2889.3050000000003,1757.4825,3091.255,2963.0091666666667,2536.15175,81.79500452095483,10.333374311669928,12.6019579102933,0.49999999999999994,0.8660254037844387,13,2649.6875
Onion,Punjab,Ludhiana,2649.6875,2313.98,3084.51,145.76201525660483,4,2021-02-01,2021,2,3253.414,2948.7125,3051.01,2016.148,2836.4275,3084.3788333333337,2785.4736666666668,155.06727670299466,-18.55670689312827,-13.15375891917759,0.8660254037844386,0.5000000000000001,14,2066.375
Onion,Punjab,Ludhiana,2066.375,1714.01,2534.04,221.7848208662321,4,2021-03-01,2021,3,2649.6875,3253.414,2948.7125,2554.2525,2584.226,2950.6046666666666,2891.063583333334,301.86769771140314,-22.014388489208635,-29.922805292140215,1.0,6.123233995736766e-17,15,1624.735
Onion,Punjab,Ludhiana,1624.735,1351.42,1989.39,158.87131910238963,4,2021-04-01,2021,4,2066.375,2649.6875,3253.414,2889.3050000000003,2017.3075,2656.492166666667,2809.750666666667,593.5487549448511,-21.372693726937275,-50.06061325118784,0.8660254037844387,-0.4999999999999998,16,1422.2779999999998
Onion,Punjab,Ludhiana,1422.2779999999998,1093.03,2193.68,354.5357029552877,5,2021-05-01,2021,5,1624.735,2066.375,2649.6875,3051.01,1452.52,2113.5991666666664,2598.989,514.1055322130685,-12.460924396901655,-46.32280221724261,0.49999999999999994,-0.8660254037844387,17,1433.2675000000002
Onion,Punjab,Ludhiana,1433.2675000000002,990.54,1991.66,330.4394305945745,4,2021-06-01,2021,6,1422.2779999999998,1624.735,2066.375,2948.7125,1669.0325,1704.4626666666666,2327.5336666666667,329.3669867736172,0.7726689156409903,-30.638557860988435,1.2246467991473532e-16,-1.0,18,1595.4425
Onion,Punjab,Ludhiana,1595.4425,915.68,2296.52,468.92135107250846,4,2021-07-01,2021,7,1433.2675000000002,1422.2779999999998,1624.735,3253.414,1757.4825,1493.4268333333332,2074.9595000000004,113.84888340507297,11.315054586809506,-1.8029093975325081,-0.4999999999999997,-0.8660254037844388,19,1935.884
Onion,Punjab,Ludhiana,1935.884,1354.97,2493.21,311.2205757658064,5,2021-08-01,2021,8,1595.4425,1433.2675000000002,1422.2779999999998,2649.6875,2016.148,1483.6626666666668,1798.6309166666667,96.9599950112515,21.338374776903578,36.111505626888714,-0.8660254037844385,-0.5000000000000004,20,2372.8325
Onion,Punjab,Ludhiana,2372.8325,1577.27,2886.13,442.7753221349025,4,2021-09-01,2021,9,1935.884,1595.4425,1433.2675000000002,2066.375,2554.2525,1654.8646666666666,1679.6636666666666,256.5230631670027,22.571006320626648,65.55405742473054,-1.0,-1.8369701987210297e-16,21,2688.678
Onion,Punjab,Ludhiana,2688.678,2318.73,3151.42,167.63938251496856,5,2021-10-01,2021,10,2372.8325,1935.884,1595.4425,1624.735,2889.3050000000003,1968.0529999999999,1730.7399166666667,389.692104674638,13.310905847757898,68.52240052524611,-0.8660254037844386,0.5000000000000001,22,3286.7375
Onion,Punjab,Ludhiana,3286.7375,2517.8,3831.74,371.6686956035801,4,2021-11-01,2021,11,2688.678,2372.8325,1935.884,1422.2779999999998,3051.01,2332.4648333333334,1908.06375,378.01701415820264,22.24362679353944,69.77967171586728,-0.5000000000000004,0.8660254037844384,23,3554.1875
Onion,Punjab,Ludhiana,3554.1875,3052.78,4081.56,229.49927804897345,4,2021-12-01,2021,12,3286.7375,2688.678,2372.8325,1433.2675000000002,2948.7125,2782.749333333333,2218.8070000000002,464.1580001169683,8.137248563354992,49.786700072592566,-2.4492935982947064e-16,1.0,24,3386.5619999999994
Onion,Punjab,Ludhiana,3386.5619999999994,2906.63,3862.07,157.6128635930455,5,2022-01-01,2022,1,3554.1875,3286.7375,2688.678,1595.4425,3253.414,3176.534333333333,2572.2936666666665,443.15372852440754,-4.71628185063395,25.956399390332336,0.49999999999999994,0.8660254037844387,25,3294.865
Onion,Punjab,Ludhiana,3294.865,2882.5,3678.05,123.22183640356393,4,2022-02-01,2022,2,3386.5619999999994,3554.1875,3286.7375,1935.884,2649.6875,3409.162333333333,2870.813583333333,135.14975739928204,-2.7076722646743123,0.24728168890882218,0.8660254037844386,0.5000000000000001,26,2808.14
Onion,Punjab,Ludhiana,2808.14,2494.05,3113.21,71.33589325624689,4,2022-03-01,2022,3,3294.865,3386.5619999999994,3554.1875,2372.8325,2066.375,3411.8714999999997,3097.3104166666667,131.50082830253015,-14.77222890770942,-20.99066242284629,1.0,6.123233995736766e-17,27,2539.2575
Onion,Punjab,Ludhiana,2539.2575,2229.29,2911.74,125.81335418653562,4,2022-04-01,2022,4,2808.14,3294.865,3386.5619999999994,2688.678,1624.735,3163.189,3169.861666666666,310.8808923896748,-9.575110215302645,-25.01960690517402,0.8660254037844387,-0.4999999999999998,28,2202.6580000000004
Onion,Punjab,Ludhiana,2202.6580000000004,1921.09,2558.99,111.99263980280156,5,2022-05-01,2022,5,2539.2575,2808.14,3294.865,3286.7375,1422.2779999999998,2880.754166666667,3144.9582499999997,383.00167938872374,-13.255823798886082,-33.148763302897066,0.49999999999999994,-0.8660254037844387,29,2129.815
Onion,Punjab,Ludhiana,2129.815,1547.31,2615.24,345.4364289320589,4,2022-06-01,2022,6,2202.6580000000004,2539.2575,2808.14,3554.1875,1433.2675000000002,2516.6851666666666,2964.278333333333,303.3714649651168,-3.307049936939838,-24.15566887690784,1.2246467991473532e-16,-1.0,30,2120.266
Onion,Punjab,Ludhiana,2120.266,1608.36,2548.99,225.90960466522887,5,2022-07-01,2022,7,2129.815,2202.6580000000004,2539.2575,3386.5619999999994,1595.4425,2290.576833333334,2726.882916666667,218.4217963999475,-0.44834880024790785,-16.500551834542186,-0.4999999999999997,-0.8660254037844388,31,1984.625
Onion,Punjab,Ludhiana,1984.625,1638.85,2373.17,193.48637273289648,4,2022-08-01,2022,8,2120.266,2129.815,2202.6580000000004,3294.865,1935.884,2150.913,2515.8335833333335,45.066113866141244,-6.3973576900256885,-9.898631562412337,-0.8660254037844385,-0.5000000000000004,32,2705.455
Onion,Punjab,Ludhiana,2705.455,2232.99,3091.09,203.1809371799759,4,2022-09-01,2022,9,1984.625,2120.266,2129.815,2808.14,2372.8325,2078.2353333333335,2297.46025,81.20940050467644,36.32071550040939,27.027699588931426,-1.0,-1.8369701987210297e-16,33,2926.566
Onion,Punjab,Ludhiana,2926.566,2558.69,3335.98,147.03865896423287,5,2022-10-01,2022,10,2705.455,1984.625,2120.266,2539.2575,2688.678,2270.115333333333,2280.3460833333334,383.0666903429869,8.172784245163934,38.02824739914708,-0.8660254037844386,0.5000000000000001,34,3251.1825
Onion,Punjab,Ludhiana,3251.1825,2613.45,4000.92,398.3609315160478,4,2022-11-01,2022,11,2926.566,2705.455,1984.625,2202.6580000000004,3286.7375,2538.882,2344.8974999999996,492.5678989915986,11.092061480930214,63.81847956163003,-0.5000000000000004,0.8660254037844384,35,3171.04
Onion,Punjab,Ludhiana,3171.04,2678.39,3668.26,202.5829425198479,4,2022-12-01,2022,12,3251.1825,2926.566,2705.455,2129.815,3554.1875,2961.067833333333,2519.6515833333333,274.49482407066097,-2.465026186625941,17.20912009255375,-2.4492935982947064e-16,1.0,36,3372.986
Onion,Punjab,Ludhiana,3372.986,2876.0,3972.65,197.74078115047493,5,2023-01-01,2023,1,3171.04,3251.1825,2926.566,2120.266,3386.5619999999994,3116.2628333333328,2693.189083333333,169.09870345181193,6.368446944850898,15.25405543561977,0.49999999999999994,0.8660254037844387,37,2717.0825
Onion,Punjab,Ludhiana,2717.0825,2383.12,3189.98,161.77208028066326,4,2023-02-01,2023,2,3372.986,3171.04,3251.1825,1984.625,3294.865,3265.0695,2901.97575,101.68669188124389,-19.445781868054002,-16.427868936917566,0.8660254037844386,0.5000000000000001,38,2346.8125
Onion,Punjab,Ludhiana,2346.8125,1863.3,2777.63,230.00713704506367,4,2023-03-01,2023,3,2717.0825,3372.986,3171.04,2705.455,2808.14,3087.0361666666668,3024.0519999999997,335.92385050645584,-13.62748462735305,-25.992340052474898,1.0,6.123233995736766e-17,39,1944.764
Onion,Punjab,Ludhiana,1944.764,1609.8,2321.0,160.67800107668748,5,2023-04-01,2023,4,2346.8125,2717.0825,3372.986,2926.566,2539.2575,2812.2936666666665,2964.27825,519.6699796207998,-17.13168393299423,-42.34295665620907,0.8660254037844387,-0.4999999999999998,40,1763.045
Onion,Punjab,Ludhiana,1763.045,1559.87,2007.77,75.15196094137086,4,2023-05-01,2023,5,1944.764,2346.8125,2717.0825,3251.1825,2202.6580000000004,2336.2196666666664,2800.6445833333332,386.26820015253685,-9.34401294964324,-35.112570192476674,0.49999999999999994,-0.8660254037844387,41,1669.9025
Onion,Punjab,Ludhiana,1669.9025,1219.97,2410.19,419.1082808674466,4,2023-06-01,2023,6,1763.045,1944.764,2346.8125,3171.04,2129.815,2018.2071666666664,2552.6216666666664,298.73323812655804,-5.28304722794938,-28.843804095981255,1.2246467991473532e-16,-1.0,42,1757.97
Onion,Punjab,Ludhiana,1757.97,1440.19,2219.83,215.8261829574901,5,2023-07-01,2023,7,1669.9025,1763.045,1944.764,3372.986,2120.266,1792.5704999999998,2302.432083333333,139.789224936132,5.273810896145141,-9.604970063205606,-0.4999999999999997,-0.8660254037844388,43,1996.12
Onion,Punjab,Ludhiana,1996.12,1654.11,2297.26,147.45954880350527,4,2023-08-01,2023,8,1757.97,1669.9025,1763.045,2717.0825,1984.625,1730.305833333333,2033.2627499999999,52.37232966536411,13.546875088880917,13.220025580742398,-0.8660254037844385,-0.5000000000000004,44,2144.5825
Onion,Punjab,Ludhiana,2144.5825,1615.25,2569.6,271.8091920661747,4,2023-09-01,2023,9,1996.12,1757.97,1669.9025,2346.8125,2705.455,1807.9974999999997,1913.1023333333333,168.76471015512854,7.4375538544776925,28.425611674933123,-1.0,-1.8369701987210297e-16,45,2886.128
Onion,Punjab,Ludhiana,2886.128,2165.78,3334.87,301.7194490250834,5,2023-10-01,2023,10,2144.5825,1996.12,1757.97,1944.764,2926.566,1966.2241666666669,1879.397333333333,195.0323740487167,34.57761592291274,64.17390512921153,-0.8660254037844386,0.5000000000000001,46,2845.3775
Onion,Punjab,Ludhiana,2845.3775,2390.51,3554.57,325.9065639489329,4,2023-11-01,2023,11,2886.128,2144.5825,1996.12,1763.045,3251.1825,2342.2768333333333,2036.2913333333333,476.80273393729635,-1.4119436144204311,42.545413101416756,-0.5000000000000004,0.8660254037844384,47,3515.6220000000003
Onion,Punjab,Ludhiana,3515.6220000000003,2841.48,4288.56,406.0324039654963,5,2023-12-01,2023,12,2845.3775,2886.128,2144.5825,1669.9025,3171.04,2625.3626666666664,2216.680083333333,416.86607838439124,23.555556336549376,63.930368731443075,-2.4492935982947064e-16,1.0,48,3239.9125
Onion,Punjab,Ludhiana,3239.9125,2723.13,3863.61,261.1677359316551,4,2024-01-01,2024,1,3515.6220000000003,2845.3775,2886.128,1757.97,3372.986,3082.3758333333335,2524.2999999999997,375.75501528400594,-7.8424102477456445,12.258101511783252,0.49999999999999994,0.8660254037844387,49,2742.1475
Onion,Punjab,Ludhiana,2742.1475,2355.85,3313.95,229.21732109870445,4,2024-02-01,2024,2,3239.9125,3515.6220000000003,2845.3775,1996.12,2717.0825,3200.304,2771.2904166666667,336.8731918678758,-15.363532194156473,-3.6279896077058322,0.8660254037844386,0.5000000000000001,50,2334.276
Onion,Punjab,Ludhiana,2334.276,1740.89,2914.88,310.3159779643967,5,2024-03-01,2024,3,2742.1475,3239.9125,3515.6220000000003,2144.5825,2346.8125,3165.8940000000002,2895.6283333333336,392.01371697206025,-14.874163406600127,-33.60275934102132,1.0,6.123233995736766e-17,51,2120.695
Onion,Punjab,Ludhiana,2120.695,1637.25,2784.65,335.7281543650062,4,2024-04-01,2024,4,2334.276,2742.1475,3239.9125,2886.128,1944.764,2772.1119999999996,2927.2439166666663,453.56120973717424,-9.149774919503937,-34.54468291967761,0.8660254037844387,-0.4999999999999998,52,1630.44
Onion,Punjab,Ludhiana,1630.44,1194.39,2091.87,261.4791801782059,4,2024-05-01,2024,5,2120.695,2334.276,2742.1475,2845.3775,1763.045,2399.0395000000003,2799.67175,315.74758215740565,-23.117657183140437,-40.54149165936551,0.49999999999999994,-0.8660254037844387,53,1308.496
Onion,Punjab,Ludhiana,1308.496,701.38,1738.09,324.8347291777774,5,2024-06-01,2024,6,1630.44,2120.695,2334.276,3515.6220000000003,1669.9025,2028.4703333333337,2597.182166666667,360.8674556957578,-19.745835479993126,-43.944246524404136,1.2246467991473532e-16,-1.0,54,1283.135
Onion,Punjab,Ludhiana,1283.135,1013.47,1626.77,180.8377846763963,4,2024-07-01,2024,7,1308.496,1630.44,2120.695,3239.9125,1757.97,1686.5436666666671,2229.3278333333333,408.99574565064705,-1.9381794059745006,-39.49459964775699,-0.4999999999999997,-0.8660254037844388,55,1973.66
Onion,Punjab,Ludhiana,1973.66,1572.41,2377.74,206.91405446062225,4,2024-08-01,2024,8,1283.135,1308.496,1630.44,2742.1475,1996.12,1407.3570000000002,1903.1982500000001,193.61124385477862,53.815459791837974,21.050759304236895,-0.8660254037844385,-0.5000000000000004,56,2253.75
Onion,Punjab,Ludhiana,2253.75,1890.95,2683.83,153.2036726061095,5,2024-09-01,2024,9,1973.66,1283.135,1308.496,2334.276,2144.5825,1521.763666666667,1775.117,391.5590851204046,14.191400747849169,72.23973172252722,-1.0,-1.8369701987210297e-16,57,2660.7275
Onion,Punjab,Ludhiana,2660.7275,2271.99,3336.08,288.2821344186974,4,2024-10-01,2024,10,2253.75,1973.66,1283.135,2120.695,2886.128,1836.8483333333334,1761.696,499.5612511577825,18.057792567942315,107.36146235587059,-0.8660254037844386,0.5000000000000001,58,2446.8900000000003
Onion,Punjab,Ludhiana,2446.8900000000003,1958.1,2924.11,255.7929094664929,4,2024-11-01,2024,11,2660.7275,2253.75,1973.66,1630.44,2845.3775,2296.0458333333336,1851.7014166666668,345.4810277382542,-8.03680572324673,23.97728078797768,-0.5000000000000004,0.8660254037844384,59,3080.98
Onion,Punjab,Ludhiana,3080.98,2433.24,3771.16,360.3101381449045,5,2024-12-01,2024,12,2446.8900000000003,2660.7275,2253.75,1308.496,3515.6220000000003,2453.789166666667,1987.7764166666666,203.5764481763079,25.91411955584434,36.70460343871326,-2.4492935982947064e-16,1.0,60,2817.6325
Onion,Punjab,Ludhiana,2817.6325,2279.54,3516.0,331.24200089712855,4,2025-01-01,2025,1,3080.98,2446.8900000000003,2660.7275,1283.135,3239.9125,2729.5325000000003,2283.190416666667,322.59592068677586,-8.547523839817197,5.89707138367233,0.49999999999999994,0.8660254037844387,61,2368.9925
Onion,Punjab,Ludhiana,2368.9925,2078.74,2630.54,77.32131805006935,4,2025-02-01,2025,2,2817.6325,3080.98,2446.8900000000003,1973.66,2742.1475,2781.834166666667,2538.94,318.5571730899841,-15.922587491448951,-3.1835309311003144,0.8660254037844386,0.5000000000000001,62,2216.338
Onion,Punjab,Ludhiana,2216.338,1767.7,2669.01,248.5493748131343,5,2025-03-01,2025,3,2368.9925,2817.6325,3080.98,2253.75,2334.276,2755.8683333333333,2604.82875,359.98980437240454,-6.443857462613312,-28.063862796902278,1.0,6.123233995736766e-17,63,1683.8225
Onion,Punjab,Ludhiana,1683.8225,1101.44,2021.74,324.934330839838,4,2025-04-01,2025,4,2216.338,2368.9925,2817.6325,2660.7275,2120.695,2467.654333333334,2598.593416666667,312.55301462324906,-24.02681811167792,-40.23981125998512,0.8660254037844387,-0.4999999999999998,64,1454.6875
Onion,Punjab,Ludhiana,1454.6875,1175.95,1873.54,196.70375447611573,4,2025-05-01,2025,5,1683.8225,2216.338,2368.9925,2446.8900000000003,1630.44,2089.717666666667,2435.775916666667,359.7068442983529,-13.608025786565983,-38.59467685102422,0.49999999999999994,-0.8660254037844387,65,1115.768
Onion,Punjab,Ludhiana,1115.768,630.79,1695.05,424.52328324839857,5,2025-06-01,2025,6,1454.6875,1683.8225,2216.338,3080.98,1308.496,1784.9493333333337,2270.4088333333334,390.76572054439293,-23.298440386680987,-49.657137133415574,1.2246467991473532e-16,-1.0,66,1084.43
Onion,Punjab,Ludhiana,1084.43,597.83,1600.06,341.4822169113154,4,2025-07-01,2025,7,1115.768,1454.6875,1683.8225,2817.6325,1283.135,1418.0926666666667,1942.8735000000004,285.7898967993398,-2.808648392855859,-35.597130932743795,-0.4999999999999997,-0.8660254037844388,67,1485.8200000000002
Onion,Punjab,Ludhiana,1485.8200000000002,1214.49,1934.01,196.59027353864684,5,2025-08-01,2025,8,1084.43,1115.768,1454.6875,2368.9925,1973.66,1218.2951666666668,1654.0064166666664,205.32052748100116,37.01391514436156,2.140150375939861,-0.8660254037844385,-0.5000000000000004,68,2284.4475
Onion,Punjab,Ludhiana,2284.4475,1863.32,2849.0,257.6205661271373,4,2025-09-01,2025,9,1485.8200000000002,1084.43,1115.768,2216.338,2253.75,1228.6726666666668,1506.811,223.2466815908506,53.74994952282242,104.74215966043121,-1.0,-1.8369701987210297e-16,69,2550.9775
Onion,Punjab,Ludhiana,2550.9775,2227.08,3034.01,180.50359301594705,4,2025-10-01,2025,10,2284.4475,1485.8200000000002,1084.43,1683.8225,2660.7275,1618.2325000000003,1518.1625833333335,610.8684823214771,11.667153655314895,135.23671421852953,-0.8660254037844386,0.5000000000000001,70,2830.614
Onion,Punjab,Ludhiana,2830.614,2411.88,3235.09,147.26535804458538,5,2025-11-01,2025,11,2550.9775,2284.4475,1485.8200000000002,1454.6875,2446.8900000000003,2107.081666666667,1662.6884166666669,554.2870231902239,10.961935179749727,90.50854073844744,-0.5000000000000004,0.8660254037844384,71,2872.815
Onion,Punjab,Ludhiana,2872.815,2415.26,3424.58,287.2566228421316,4,2025-12-01,2025,12,2830.614,2550.9775,2284.4475,1115.768,3080.98,2555.3463333333334,1892.0095000000001,273.1094587506655,1.4908779508615453,25.75535222411545,-2.4492935982947064e-16,1.0,72,2974.7225
Onion,Punjab,Ludhiana,2974.7225,2530.9,3500.46,203.1893250763928,4,2026-01-01,2026,1,2872.815,2830.614,2550.9775,1084.43,2817.6325,2751.468833333334,2184.8506666666667,174.90801055578427,3.547304647184027,16.611083398422757,0.49999999999999994,0.8660254037844387,73,2690.3725
Onion,Punjab,Ludhiana,2690.3725,2154.91,3143.42,253.3133529017634,4,2026-02-01,2026,2,2974.7225,2872.815,2830.614,1485.8200000000002,2368.9925,2892.717166666667,2499.8994166666666,74.0870239757466,-9.558874819415927,-4.954455111152566,0.8660254037844386,0.5000000000000001,74,2067.16
Onion,Punjab,Ludhiana,2067.16,1738.41,2450.08,161.39325528038648,5,2026-03-01,2026,3,2690.3725,2974.7225,2872.815,2284.4475,2216.338,2845.97,2700.6581666666666,144.0632539676561,-23.164543199872885,-28.044096121748186,1.0,6.123233995736766e-17,75,1458.36
Onion,Punjab,Ludhiana,1458.36,1142.54,1721.77,164.2424466046053,4,2026-04-01,2026,4,2067.16,2690.3725,2974.7225,2550.9775,1683.8225,2577.418333333333,2664.443583333333,464.2051331869154,-29.451034269238956,-50.974922870956874,0.8660254037844387,-0.4999999999999998,76,980.632
Onion,Punjab,Ludhiana,980.632,749.0,1377.67,192.8748627219213,5,2026-05-01,2026,5,1458.36,2067.16,2690.3725,2830.614,1454.6875,2071.9641666666666,2482.3406666666665,616.0203000324586,-32.7578924271099,-63.550326209474704,0.49999999999999994,-0.8660254037844387,77,855.3399999999999
Onion,Punjab,Ludhiana,855.3399999999999,579.04,1165.18,192.1002583722017,4,2026-06-01,2026,6,980.632,1458.36,2067.16,2872.815,1115.768,1502.0506666666668,2174.010333333333,544.5800487176599,-12.776658318309012,-58.622457864896774,1.2246467991473532e-16,-1.0,78,683.13
Onion,Punjab,Ludhiana,683.13,374.31,1256.23,355.2233230893865,4,2026-07-01,2026,7,855.3399999999999,980.632,1458.36,2974.7225,1084.43,1098.1106666666667,1837.7645,318.2125200888987,-20.133514158112558,-53.157656545708875,-0.4999999999999997,-0.8660254037844388,79,1001.202
Onion,Maharashtra,Nashik,4097.878,3550.46,4771.82,274.9159683794305,5,2021-01-01,2021,1,4356.11,3926.984,3359.0175,1923.78,2658.8825,3880.703833333333,3134.6940833333333,500.15472981776725,-5.928041302905574,21.9963277952556,0.49999999999999994,0.8660254037844387,13,3347.4925
Onion,Maharashtra,Nashik,3347.4925,2882.1,3831.44,170.53866626564985,4,2021-02-01,2021,2,4097.878,4356.11,3926.984,2337.988,2549.7875,4126.990666666667,3497.0437500000003,216.03921285112557,-18.311562716117948,-14.756655489301714,0.8660254037844386,0.5000000000000001,14,3141.2
Onion,Maharashtra,Nashik,3141.2,2466.62,3815.33,350.435111159446,4,2021-03-01,2021,3,3347.4925,4097.878,4356.11,2904.285,2090.71,3933.826833333333,3665.2945,523.9388364018112,-6.162597825088481,-27.88979158010243,1.0,6.123233995736766e-17,15,2801.0125
Onion,Maharashtra,Nashik,2801.0125,2327.77,3255.96,202.0953344958762,4,2021-04-01,2021,4,3141.2,3347.4925,4097.878,3359.0175,1814.635,3528.8568333333333,3704.7803333333336,503.4659521507723,-10.829858016044824,-31.647245232776573,0.8660254037844387,-0.4999999999999998,16,2521.954
Onion,Maharashtra,Nashik,2521.954,2017.73,3032.21,238.34850425375032,5,2021-05-01,2021,5,2801.0125,3141.2,3347.4925,3926.984,1284.232,3096.568333333333,3611.779499999999,275.9602994129474,-9.96277239034098,-24.661399540103517,0.49999999999999994,-0.8660254037844387,17,2351.895
Onion,Maharashtra,Nashik,2351.895,2037.17,2670.78,106.61097707709702,4,2021-06-01,2021,6,2521.954,2801.0125,3141.2,4356.11,1340.295,2821.388833333333,3377.6078333333335,310.1254558224518,-6.7431444031096595,-25.12749904495097,1.2246467991473532e-16,-1.0,18,2720.225
Onion,Maharashtra,Nashik,2720.225,2268.87,3418.24,314.7643428026751,4,2021-07-01,2021,7,2351.895,2521.954,2801.0125,4097.878,1923.78,2558.287166666667,3043.572,226.75252248119244,15.660988266908172,-2.884224900817112,-0.4999999999999997,-0.8660254037844388,19,2970.208
Onion,Maharashtra,Nashik,2970.208,2527.57,3576.38,220.0988609011868,5,2021-08-01,2021,8,2720.225,2351.895,2521.954,3347.4925,2337.988,2531.3579999999997,2813.9631666666664,184.3449853860973,9.189791285647333,17.774075181387126,-0.8660254037844385,-0.5000000000000004,20,3198.52
Onion,Maharashtra,Nashik,3198.52,2709.83,3684.98,221.02409205031657,4,2021-09-01,2021,9,2970.208,2720.225,2351.895,3141.2,2904.285,2680.776,2751.0824166666666,311.03843684181595,7.686734397052324,35.99756791863582,-1.0,-1.8369701987210297e-16,21,3995.6240000000007
Onion,Maharashtra,Nashik,3995.6240000000007,3457.84,4626.36,214.24637693552728,5,2021-10-01,2021,10,3198.52,2970.208,2720.225,2801.0125,3359.0175,2962.9843333333333,2760.63575,239.22931002770832,24.921025974513235,46.88579069746071,-0.8660254037844386,0.5000000000000001,22,4478.51
Onion,Maharashtra,Nashik,4478.51,3950.22,4968.61,140.16911476260833,4,2021-11-01,2021,11,3995.6240000000007,3198.52,2970.208,2521.954,3926.984,3388.1173333333336,2959.7376666666664,538.35848174737,12.085371396307547,50.781022743188366,-0.5000000000000004,0.8660254037844384,23,4666.3225
Onion,Maharashtra,Nashik,4666.3225,3902.89,5439.11,326.5058755341676,4,2021-12-01,2021,12,4478.51,3995.6240000000007,3198.52,2351.895,4356.11,3890.884666666667,3285.8303333333333,646.3910163247417,4.1936380626592324,45.89005227417681,-2.4492935982947064e-16,1.0,24,4298.606
Onion,Maharashtra,Nashik,4298.606,3701.02,4885.01,178.7737196290326,5,2022-01-01,2022,1,4666.3225,4478.51,3995.6240000000007,2720.225,4097.878,4380.152166666668,3671.5682500000003,345.9982904713282,-7.880220451972628,7.582845633122612,0.49999999999999994,0.8660254037844387,25,4065.465
Onion,Maharashtra,Nashik,4065.465,3414.83,4751.82,281.83234431129466,4,2022-02-01,2022,2,4298.606,4666.3225,4478.51,2970.208,3347.4925,4481.146166666666,3934.6317500000005,183.87242350086566,-5.4236419899846515,-9.222821876025733,0.8660254037844386,0.5000000000000001,26,3777.395
Onion,Maharashtra,Nashik,3777.395,3289.25,4231.45,160.73894643178414,4,2022-03-01,2022,3,4065.465,4298.606,4666.3225,3198.52,3141.2,4343.4645,4117.174583333333,302.9301034780938,-7.085782315184122,-19.04985135510887,1.0,6.123233995736766e-17,27,3453.38
Onion,Maharashtra,Nashik,3453.38,3053.65,3904.48,149.44100664364743,4,2022-04-01,2022,4,3777.395,4065.465,4298.606,3995.6240000000007,2801.0125,4047.1553333333336,4213.65375,261.08745575062176,-8.577736773623089,-19.662793007779726,0.8660254037844387,-0.4999999999999998,28,2929.348
Onion,Maharashtra,Nashik,2929.348,2201.79,3463.31,340.45865368646446,5,2022-05-01,2022,5,3453.38,3777.395,4065.465,4478.51,2521.954,3765.4133333333334,4123.27975,306.2183568278265,-15.174466754310274,-27.945560962891086,0.49999999999999994,-0.8660254037844387,29,2688.8375
Onion,Maharashtra,Nashik,2688.8375,2279.87,3419.97,320.61266915859704,4,2022-06-01,2022,6,2929.348,3453.38,3777.395,4666.3225,2351.895,3386.7076666666667,3865.0860833333336,427.936710947233,-8.21037650699063,-28.817677261710777,1.2246467991473532e-16,-1.0,30,2552.642
Onion,Maharashtra,Nashik,2552.642,1996.37,3057.62,316.1747778840053,5,2022-07-01,2022,7,2688.8375,2929.348,3453.38,4298.606,2720.225,3023.8551666666667,3535.5052499999997,390.9347925039254,-5.06521870510956,-26.082794247954183,-0.4999999999999997,-0.8660254037844388,31,3344.8375
Onion,Maharashtra,Nashik,3344.8375,2654.64,3848.86,317.6040264621972,4,2022-08-01,2022,8,2552.642,2688.8375,2929.348,4065.465,2970.208,2723.6091666666666,3244.5112499999996,190.744997866493,31.034336189720314,14.183685243269156,-0.8660254037844385,-0.5000000000000004,32,3392.87
Onion,Maharashtra,Nashik,3392.87,2902.01,3925.98,223.74099803120572,4,2022-09-01,2022,9,3344.8375,2552.642,2688.8375,3777.395,3198.52,2862.1056666666664,3124.4066666666663,423.5679647235941,1.4360189396345802,26.18352726782484,-1.0,-1.8369701987210297e-16,33,3810.498000000001
Onion,Maharashtra,Nashik,3810.498000000001,3059.74,4409.38,301.915798394188,5,2022-10-01,2022,10,3392.87,3344.8375,2552.642,3453.38,3995.6240000000007,3096.7831666666666,3060.3191666666667,471.8516580558838,12.308989144883272,49.27663181911138,-0.8660254037844386,0.5000000000000001,34,4065.8925
Onion,Maharashtra,Nashik,4065.8925,3523.24,4911.22,326.8012440179302,4,2022-11-01,2022,11,3810.498000000001,3392.87,3344.8375,2929.348,4478.51,3516.0685,3119.8388333333332,256.1119445023039,6.702391655893767,21.557250539077007,-0.5000000000000004,0.8660254037844384,35,4594.8875
Onion,Maharashtra,Nashik,4594.8875,3967.74,5390.74,313.2124219945092,4,2022-12-01,2022,12,4065.8925,3810.498000000001,3392.87,2688.8375,4666.3225,3756.420166666667,3309.2629166666666,339.7545149370102,13.010550574074447,35.42774995800016,-2.4492935982947064e-16,1.0,36,4602.602
Onion,Maharashtra,Nashik,4602.602,3815.42,5472.97,355.70446626377947,5,2023-01-01,2023,1,4594.8875,4065.8925,3810.498000000001,2552.642,4298.606,4157.092666666666,3626.9379166666663,400.06852503987454,0.16789312034299086,20.787414138519395,0.49999999999999994,0.8660254037844387,37,4435.305
Onion,Maharashtra,Nashik,4435.305,3863.35,5050.85,209.09265258891037,4,2023-02-01,2023,2,4602.602,4594.8875,4065.8925,3344.8375,4065.465,4421.127333333333,3968.597916666667,307.6665703120505,-3.634835251885772,9.08564355796422,0.8660254037844386,0.5000000000000001,38,3795.5475
Onion,Maharashtra,Nashik,3795.5475,3196.61,4439.08,355.8950295967433,4,2023-03-01,2023,3,4435.305,4602.602,4594.8875,3392.87,3777.395,4544.264833333334,4150.3425,94.44078746801813,-14.424205325225664,-17.396290986449607,1.0,6.123233995736766e-17,39,2768.112
Onion,Maharashtra,Nashik,2768.112,2392.29,3185.83,126.47303712649594,5,2023-04-01,2023,4,3795.5475,4435.305,4602.602,3810.498000000001,3453.38,4277.818166666667,4217.455416666667,425.95283600133496,-27.06949392676551,-39.857671812596436,0.8660254037844387,-0.4999999999999998,40,2489.21
Onion,Maharashtra,Nashik,2489.21,1654.16,3065.92,478.3811660869046,4,2023-05-01,2023,5,2768.112,3795.5475,4435.305,4065.8925,2929.348,3666.3215000000005,4043.7244166666665,841.0752903986952,-10.07553162588797,-43.877365818134265,0.49999999999999994,-0.8660254037844387,41,2028.5175
Onion,Maharashtra,Nashik,2028.5175,1611.7,2383.21,208.82588079945148,4,2023-06-01,2023,6,2489.21,2768.112,3795.5475,4594.8875,2688.8375,3017.6231666666667,3780.944,687.9834901326374,-18.50757870971112,-46.555338854275966,1.2246467991473532e-16,-1.0,42,1775.9
Onion,Maharashtra,Nashik,1775.9,1428.83,2139.63,173.4105860378772,5,2023-07-01,2023,7,2028.5175,2489.21,2768.112,4602.602,2552.642,2428.6131666666665,3353.215666666667,373.5023269875119,-12.453306417124814,-35.84435889877288,-0.4999999999999997,-0.8660254037844388,43,2087.9475
Onion,Maharashtra,Nashik,2087.9475,1725.94,2483.3,192.8149270457728,4,2023-08-01,2023,8,1775.9,2028.5175,2489.21,4435.305,3344.8375,2097.8758333333335,2882.0986666666668,361.6776504390161,17.571231488259482,-16.12007424042165,-0.8660254037844385,-0.5000000000000004,44,2561.2725
Onion,Maharashtra,Nashik,2561.2725,2132.79,2986.34,231.594196008881,4,2023-09-01,2023,9,2087.9475,1775.9,2028.5175,3795.5475,3392.87,1964.1216666666667,2490.872416666667,165.69106215208933,22.669391830972753,26.26326861858476,-1.0,-1.8369701987210297e-16,45,3041.112
Onion,Maharashtra,Nashik,3041.112,2628.08,3453.45,136.84186081020664,5,2023-10-01,2023,10,2561.2725,2087.9475,1775.9,2768.112,3810.498000000001,2141.706666666667,2285.159916666667,395.43650177947274,18.734418145667828,71.24342586857367,-0.8660254037844386,0.5000000000000001,46,2845.115
Onion,Maharashtra,Nashik,2845.115,2468.9,3253.85,169.09388959983178,4,2023-11-01,2023,11,3041.112,2561.2725,2087.9475,2489.21,4065.8925,2563.444,2330.659916666667,476.5859603201215,-6.444912255780132,36.26372310606467,-0.5000000000000004,0.8660254037844384,47,3036.472
Onion,Maharashtra,Nashik,3036.472,2397.57,3851.98,393.06371445352215,5,2023-12-01,2023,12,2845.115,3041.112,2561.2725,2028.5175,4594.8875,2815.833166666667,2389.9774166666666,241.25620357326628,6.7258089743297,18.553258194901172,-2.4492935982947064e-16,1.0,48,2475.425
Onion,Maharashtra,Nashik,2475.425,1907.43,3052.17,396.9303606847593,4,2024-01-01,2024,1,3036.472,2845.115,3041.112,1775.9,4602.602,2974.233,2557.9698333333336,111.84353286176957,-18.476936391970682,-18.60132083264279,0.49999999999999994,0.8660254037844387,49,1919.97
Onion,Maharashtra,Nashik,1919.97,1624.31,2248.87,159.26607569305745,4,2024-02-01,2024,2,2475.425,3036.472,2845.115,2087.9475,4435.305,2785.670666666667,2674.5573333333336,285.20809179673586,-22.43877313996587,-32.51696328619405,0.8660254037844386,0.5000000000000001,50,1552.394
Onion,Maharashtra,Nashik,1552.394,1191.99,2009.05,214.0502350617723,5,2024-03-01,2024,3,1919.97,2475.425,3036.472,2561.2725,3795.5475,2477.289,2646.5610833333335,558.253333956012,-19.14488247212196,-48.8750760751293,1.0,6.123233995736766e-17,51,1365.375
Onion,Maharashtra,Nashik,1365.375,985.6,1860.96,269.7348649445723,4,2024-04-01,2024,4,1552.394,1919.97,2475.425,3041.112,2768.112,1982.5963333333336,2478.414666666667,464.69140293353496,-12.04713494125847,-44.842804770897935,0.8660254037844387,-0.4999999999999998,52,533.11
Onion,Maharashtra,Nashik,533.11,260.37,933.62,279.5169942358902,4,2024-05-01,2024,5,1365.375,1552.394,1919.97,2845.115,2489.21,1612.5796666666665,2199.1251666666667,282.1535740697567,-60.95504897921816,-72.23342031385907,0.49999999999999994,-0.8660254037844387,53,416.258
Onion,Maharashtra,Nashik,416.258,184.0,946.23,264.8813606503863,5,2024-06-01,2024,6,533.11,1365.375,1552.394,3036.472,2028.5175,1150.293,1813.7910000000002,542.6141983094483,-21.918928551330875,-73.18605972452869,1.2246467991473532e-16,-1.0,54,578.3299999999999
Onion,Maharashtra,Nashik,578.3299999999999,345.63,989.54,235.03252342317788,4,2024-07-01,2024,7,416.258,533.11,1365.375,2475.425,1775.9,771.581,1377.0886666666665,517.5491119720001,38.9354679069231,-57.64313833196009,-0.4999999999999997,-0.8660254037844388,55,1262.3825
Onion,Maharashtra,Nashik,1262.3825,900.88,1876.55,338.74324479119383,4,2024-08-01,2024,8,578.3299999999999,416.258,533.11,1919.97,2087.9475,509.2326666666666,1060.9061666666666,83.63270043075073,118.28065291442604,136.79587702350358,-0.8660254037844385,-0.5000000000000004,56,1629.444
Onion,Maharashtra,Nashik,1629.444,1127.38,2096.56,270.92414940348147,5,2024-09-01,2024,9,1262.3825,578.3299999999999,416.258,1552.394,2561.2725,752.3235,951.30825,449.0957257720852,29.076884383299046,291.45049464514796,-1.0,-1.8369701987210297e-16,57,1773.3825
Onion,Maharashtra,Nashik,1773.3825,1309.61,2157.23,245.93188750478583,4,2024-10-01,2024,10,1629.444,1262.3825,578.3299999999999,1365.375,3041.112,1156.7188333333331,964.1499166666666,533.4639332598678,8.833595999617046,206.63851088478899,-0.8660254037844386,0.5000000000000001,58,2357.1825
Onion,Maharashtra,Nashik,2357.1825,1977.68,2735.49,175.18595574893178,4,2024-11-01,2024,11,1773.3825,1629.444,1262.3825,533.11,2845.115,1555.0696666666665,1032.1511666666665,263.49365475109255,32.92013990213617,86.72490310979438,-0.5000000000000004,0.8660254037844384,59,2484.48
Onion,Maharashtra,Nashik,2484.48,1880.33,3236.69,401.7440727005189,5,2024-12-01,2024,12,2357.1825,1773.3825,1629.444,416.258,3036.472,1920.003,1336.1632499999998,385.388128204222,5.400409174936609,52.474095458328115,-2.4492935982947064e-16,1.0,60,2067.975
Onion,Maharashtra,Nashik,2067.975,1663.3,2554.59,274.0031349577349,4,2025-01-01,2025,1,2484.48,2357.1825,1773.3825,578.3299999999999,2475.425,2205.015,1680.8669166666666,379.1848159786376,-16.764272604327672,16.6118984483043,0.49999999999999994,0.8660254037844387,61,1659.085
Onion,Maharashtra,Nashik,1659.085,1219.42,2146.64,300.6405240482394,4,2025-02-01,2025,2,2067.975,2484.48,2357.1825,1262.3825,1919.97,2303.2125,1929.1410833333332,213.4330678017185,-19.77248274277977,-29.61575949252974,0.8660254037844386,0.5000000000000001,62,1407.72
Onion,Maharashtra,Nashik,1407.72,774.4,2106.4,404.1357283759999,5,2025-03-01,2025,3,1659.085,2067.975,2484.48,1629.444,1552.394,2070.5133333333333,1995.2581666666665,412.7033545518338,-15.150821085116196,-43.339451313755795,1.0,6.123233995736766e-17,63,826.2700000000001
Onion,Maharashtra,Nashik,826.2700000000001,601.38,1197.05,203.91152542217915,4,2025-04-01,2025,4,1407.72,1659.085,2067.975,1773.3825,1365.375,1711.5933333333332,1958.3041666666668,333.24466996238226,-41.30437871167561,-60.04448796528005,0.8660254037844387,-0.4999999999999998,64,721.1375
Onion,Maharashtra,Nashik,721.1375,324.48,1226.47,328.5706151778234,4,2025-05-01,2025,5,826.2700000000001,1407.72,1659.085,2357.1825,533.11,1297.6916666666668,1800.4520833333333,427.17078745899465,-12.723746475123148,-56.53402327186371,0.49999999999999994,-0.8660254037844387,65,789.274
Onion,Maharashtra,Nashik,789.274,376.68,1167.4,299.4728216883796,5,2025-06-01,2025,6,721.1375,826.2700000000001,1407.72,2484.48,416.258,985.0425,1527.7779166666667,369.80455972547793,9.448475498777965,-43.93245815929304,1.2246467991473532e-16,-1.0,66,911.8825
Onion,Maharashtra,Nashik,911.8825,543.93,1406.98,299.89689810277576,4,2025-07-01,2025,7,789.274,721.1375,826.2700000000001,2067.975,578.3299999999999,778.8938333333334,1245.2435833333334,53.32936840136156,15.5343391521829,10.361322570104196,-0.4999999999999997,-0.8660254037844388,67,943.686
Onion,Maharashtra,Nashik,943.686,655.72,1289.94,220.61075501887936,5,2025-08-01,2025,8,911.8825,789.274,721.1375,1659.085,1262.3825,807.4313333333334,1052.5615,96.66012787901802,3.487675221314148,30.86075817718535,-0.8660254037844385,-0.5000000000000004,68,1433.7725
Onion,Maharashtra,Nashik,1433.7725,583.54,1873.48,533.6531593569616,4,2025-09-01,2025,9,943.686,911.8825,789.274,1407.72,1629.444,881.6141666666666,933.3283333333333,81.53462723339116,51.933217193006996,81.65713047686862,-1.0,-1.8369701987210297e-16,69,1794.5575
Onion,Maharashtra,Nashik,1794.5575,1144.37,2536.16,498.2010451865792,4,2025-10-01,2025,10,1433.7725,943.686,911.8825,826.2700000000001,1773.3825,1096.4470000000001,937.6704166666668,292.5649250435782,25.16333658233784,96.79701057976217,-0.8660254037844386,0.5000000000000001,70,2540.62
Onion,Maharashtra,Nashik,2540.62,2162.38,2956.44,150.71368766638295,5,2025-11-01,2025,11,1794.5575,1433.7725,943.686,721.1375,2357.1825,1390.6719999999998,1099.0516666666665,427.070037819623,41.57361912337721,169.22302545550104,-0.5000000000000004,0.8660254037844384,71,2696.3675
Onion,Maharashtra,Nashik,2696.3675,2180.97,3251.08,279.7668774027168,4,2025-12-01,2025,12,2540.62,1794.5575,1433.7725,789.274,2484.48,1922.9833333333333,1402.29875,564.4889220034233,6.130294967370167,88.06104176220424,-2.4492935982947064e-16,1.0,72,2599.745
Onion,Maharashtra,Nashik,2599.745,1941.51,3292.97,383.92907595891546,4,2026-01-01,2026,1,2696.3675,2540.62,1794.5575,911.8825,2067.975,2343.8483333333334,1720.1476666666665,482.03177864855206,-3.5834321545560814,44.86830318894769,0.49999999999999994,0.8660254037844387,73,2051.4325
Onion,Maharashtra,Nashik,2051.4325,1360.05,2631.44,465.89053545334025,4,2026-02-01,2026,2,2599.745,2696.3675,2540.62,943.686,1659.085,2612.244166666667,2001.4580833333332,78.6224701633484,-21.09101084914097,-19.254650439656462,0.8660254037844386,0.5000000000000001,74,1640.6260000000002
Onion,Maharashtra,Nashik,1640.6260000000002,1342.13,1966.06,155.96706120203723,5,2026-03-01,2026,3,2051.4325,2599.745,2696.3675,1433.7725,1407.72,2449.181666666667,2186.0825,347.83225348519187,-20.02534814087228,-39.15421395636906,1.0,6.123233995736766e-17,75,949.9575
Onion,Maharashtra,Nashik,949.9575,656.46,1181.1,168.81527959577593,4,2026-04-01,2026,4,1640.6260000000002,2051.4325,2599.745,1794.5575,826.2700000000001,2097.2678333333333,2220.5580833333333,481.1995141067653,-42.09786386415918,-63.45958930587423,0.8660254037844387,-0.4999999999999998,76,894.6020000000001
Onion,Maharashtra,Nashik,894.6020000000001,516.13,1274.53,221.93231731769035,5,2026-05-01,2026,5,949.9575,1640.6260000000002,2051.4325,2540.62,721.1375,1547.3386666666665,2079.7914166666665,556.6315557229827,-5.827155425374282,-56.39135092185582,0.49999999999999994,-0.8660254037844387,77,771.8575
Onion,Maharashtra,Nashik,771.8575,513.48,1146.08,239.54894967765293,4,2026-06-01,2026,6,894.6020000000001,949.9575,1640.6260000000002,2696.3675,789.274,1161.7285000000002,1805.4550833333333,415.65992045752415,-13.720570711892005,-52.95347629502398,1.2246467991473532e-16,-1.0,78,964.6475
Onion,Maharashtra,Nashik,964.6475,645.46,1222.44,185.51810664101407,4,2026-07-01,2026,7,771.8575,894.6020000000001,949.9575,2599.745,911.8825,872.139,1484.7034166666665,91.15010848460756,24.977408394684264,1.5463849698539203,-0.4999999999999997,-0.8660254037844388,79,1112.408
Onion,Maharashtra,Pune,2725.674,2345.13,3284.24,197.55881321773543,5,2021-01-01,2021,1,3252.735,3096.084,2911.255,1893.995,2904.1425,3086.6913333333337,2617.3243333333335,170.93365449885303,-16.20362556433279,-6.374604766672796,0.49999999999999994,0.8660254037844387,13,2545.45
Onion,Maharashtra,Pune,2545.45,2013.43,3451.39,451.3418769255369,4,2021-02-01,2021,2,2725.674,3252.735,3096.084,2081.2120000000004,2260.585,3024.831,2755.9375,270.65858001733454,-6.612089340104508,-17.784853382530965,0.8660254037844386,0.5000000000000001,14,1731.805
Onion,Maharashtra,Pune,1731.805,1109.89,2167.95,366.2271257475792,4,2021-03-01,2021,3,2545.45,2725.674,3252.735,2468.665,2125.8,2841.2863333333335,2833.3105,367.54275468349687,-31.96468207978942,-46.758497080149475,1.0,6.123233995736766e-17,15,1193.735
Onion,Maharashtra,Pune,1193.735,757.39,1640.54,350.1277946217162,4,2021-04-01,2021,4,1731.805,2545.45,2725.674,2911.255,1659.3875,2334.3096666666665,2710.5004999999996,529.5083356854096,-31.069895282667513,-56.20404347695286,0.8660254037844387,-0.4999999999999998,16,674.2940000000001
Onion,Maharashtra,Pune,674.2940000000001,260.58,1057.47,262.8768724707444,5,2021-05-01,2021,5,1193.735,1731.805,2545.45,3096.084,1607.01,1823.6633333333332,2424.2471666666665,680.5231997208704,-43.513928970835224,-73.50983126755582,0.49999999999999994,-0.8660254037844387,17,617.18
Onion,Maharashtra,Pune,617.18,268.28,838.27,221.05380868316496,4,2021-06-01,2021,6,674.2940000000001,1193.735,1731.805,3252.735,1868.1,1199.9446666666665,2020.6154999999999,528.7828464978138,-8.470192527295236,-64.3620384512113,1.2246467991473532e-16,-1.0,18,633.925
Onion,Maharashtra,Pune,633.925,188.85,1089.36,329.69695585491843,4,2021-07-01,2021,7,617.18,674.2940000000001,1193.735,2725.674,1893.995,828.4029999999999,1581.3563333333332,317.6729527627377,2.71314689393694,-46.895667798967104,-0.4999999999999997,-0.8660254037844388,19,1114.682
Onion,Maharashtra,Pune,1114.682,816.39,1517.42,194.35492808261893,5,2021-08-01,2021,8,633.925,617.18,674.2940000000001,2545.45,2081.2120000000004,641.7996666666667,1232.7315,29.360007328499922,75.83815120085185,65.31097711087448,-0.8660254037844385,-0.5000000000000004,20,1086.6925
Onion,Maharashtra,Pune,1086.6925,743.63,1537.3,253.7737050175478,4,2021-09-01,2021,9,1114.682,633.925,617.18,1731.805,2468.665,788.5956666666667,994.2701666666667,282.52313417900825,-2.510985195777801,76.07383583395448,-1.0,-1.8369701987210297e-16,21,1556.042
Onion,Maharashtra,Pune,1556.042,926.83,2135.39,433.79211261847536,5,2021-10-01,2021,10,1086.6925,1114.682,633.925,1193.735,2911.255,945.0998333333333,886.7514166666666,269.848449509313,43.19064500767234,145.4615293607288,-0.8660254037844386,0.5000000000000001,22,1875.03
Onion,Maharashtra,Pune,1875.03,1500.63,2248.89,187.0160119704549,4,2021-11-01,2021,11,1556.042,1086.6925,1114.682,674.2940000000001,3096.084,1252.4721666666667,947.1359166666667,263.2714109243174,20.499960797973323,68.2120999531705,-0.5000000000000004,0.8660254037844384,23,2064.94
Onion,Maharashtra,Pune,2064.94,1666.34,2766.05,337.4612032021855,4,2021-12-01,2021,12,1875.03,1556.042,1086.6925,617.18,3252.735,1505.9215000000002,1147.2585833333335,396.5514492052047,10.128371279392868,90.02063601248742,-2.4492935982947064e-16,1.0,24,2463.468
Onion,Maharashtra,Pune,2463.468,1962.29,3037.67,250.56020128903145,5,2022-01-01,2022,1,2064.94,1875.03,1556.042,633.925,2725.674,1832.0040000000001,1388.5519166666666,257.1628299502066,19.299737522639873,58.31629223375718,0.49999999999999994,0.8660254037844387,25,2158.33
Onion,Maharashtra,Pune,2158.33,1563.86,2800.36,424.5826305915022,4,2022-02-01,2022,2,2463.468,2064.94,1875.03,1114.682,2545.45,2134.479333333333,1693.4757499999998,300.31917874377075,-12.386521765251262,15.109091587867926,0.8660254037844386,0.5000000000000001,26,1651.91
Onion,Maharashtra,Pune,1651.91,1013.52,2451.85,514.1905537833226,4,2022-03-01,2022,3,2158.33,2463.468,2064.94,1086.6925,1731.805,2228.9126666666666,1867.4170833333335,208.42882795173327,-23.46351114055774,-20.002033957403118,1.0,6.123233995736766e-17,27,1236.07
Onion,Maharashtra,Pune,1236.07,979.88,1612.69,182.63046021953733,4,2022-04-01,2022,4,1651.91,2158.33,2463.468,1556.042,1193.735,2091.236,1961.62,409.91804115944865,-25.173284258827668,-49.8239879714289,0.8660254037844387,-0.4999999999999998,28,1000.268
Onion,Maharashtra,Pune,1000.268,664.52,1312.07,212.15263319129477,5,2022-05-01,2022,5,1236.07,1651.91,2158.33,1875.03,674.2940000000001,1682.1033333333332,1908.2913333333333,461.8707664848812,-19.076751316672997,-53.65546510496541,0.49999999999999994,-0.8660254037844387,29,829.3900000000001
Onion,Maharashtra,Pune,829.3900000000001,552.46,1278.38,249.58887608759068,4,2022-06-01,2022,6,1000.268,1236.07,1651.91,2064.94,617.18,1296.0826666666667,1762.4976666666664,329.94009177626543,-17.08322169658531,-49.7920588894068,1.2246467991473532e-16,-1.0,30,1091.656
Onion,Maharashtra,Pune,1091.656,731.83,1385.86,203.12214066910585,5,2022-07-01,2022,7,829.3900000000001,1000.268,1236.07,2463.468,633.925,1021.9093333333334,1556.5726666666667,204.20190028824288,31.621553189693607,-11.683318905887207,-0.4999999999999997,-0.8660254037844388,31,1497.7975
Onion,Maharashtra,Pune,1497.7975,1211.71,1829.2,154.2237634899369,4,2022-08-01,2022,8,1091.656,829.3900000000001,1000.268,2158.33,1114.682,973.7713333333335,1327.9373333333333,133.12557491830538,37.20416504833024,49.73961978189843,-0.8660254037844385,-0.5000000000000004,32,2240.2725
Onion,Maharashtra,Pune,2240.2725,1780.77,2606.95,212.5878816513305,4,2022-09-01,2022,9,1497.7975,1091.656,829.3900000000001,1651.91,1086.6925,1139.6145,1217.8485833333334,336.77464246250275,49.571120261584106,170.11086461134084,-1.0,-1.8369701987210297e-16,33,2927.058
Onion,Maharashtra,Pune,2927.058,2044.6,3768.85,465.5481173520091,5,2022-10-01,2022,10,2240.2725,1497.7975,1091.656,1236.07,1556.042,1609.9086666666665,1315.9089999999999,582.457424441119,30.65633756607734,168.13007027854928,-0.8660254037844386,0.5000000000000001,34,3281.8075
Onion,Maharashtra,Pune,3281.8075,2786.1,3907.09,247.22988834618408,4,2022-11-01,2022,11,2927.058,2240.2725,1497.7975,1000.268,1875.03,2221.7093333333332,1597.7403333333334,714.8110502661415,12.119660765177864,119.10889155576771,-0.5000000000000004,0.8660254037844384,35,3722.3325
Onion,Maharashtra,Pune,3722.3325,3340.05,4222.99,127.99361478214448,4,2022-12-01,2022,12,3281.8075,2927.058,2240.2725,829.3900000000001,2064.94,2816.379333333333,1977.9969166666667,529.5149804279259,13.423243136594701,66.1553449412962,-2.4492935982947064e-16,1.0,36,3117.06
Onion,Maharashtra,Pune,3117.06,2667.3,3571.04,164.71243350154265,5,2023-01-01,2023,1,3722.3325,3281.8075,2927.058,1091.656,2463.468,3310.3993333333333,2460.154,398.4074576204476,-16.260570489068346,6.491227710554419,0.49999999999999994,0.8660254037844387,37,2838.3725
Onion,Maharashtra,Pune,2838.3725,2315.53,3448.78,307.9270053519177,4,2023-02-01,2023,2,3117.06,3722.3325,3281.8075,1497.7975,2158.33,3373.7333333333336,2797.7213333333334,312.93205163355987,-8.940716572667833,-13.511913785314952,0.8660254037844386,0.5000000000000001,38,2470.8525
Onion,Maharashtra,Pune,2470.8525,1991.65,2927.55,234.7907899066741,4,2023-03-01,2023,3,2838.3725,3117.06,3722.3325,2240.2725,1651.91,3225.9216666666666,3021.1504999999997,451.92307669789153,-12.948265247073806,-33.62085466572371,1.0,6.123233995736766e-17,39,2073.034
Onion,Maharashtra,Pune,2073.034,1783.63,2387.64,126.62725034525552,5,2023-04-01,2023,4,2470.8525,2838.3725,3117.06,2927.058,1236.07,2808.7616666666668,3059.5805,324.11978395662067,-16.100455207261454,-33.49393338594701,0.8660254037844387,-0.4999999999999998,40,2139.16
Onion,Maharashtra,Pune,2139.16,1338.02,2834.76,493.09596800893314,4,2023-05-01,2023,5,2073.034,2470.8525,2838.3725,3281.8075,1000.268,2460.753,2917.2431666666666,382.7691926223312,3.1898174366652814,-24.634275451865463,0.49999999999999994,-0.8660254037844387,41,1983.135
Onion,Maharashtra,Pune,1983.135,1650.03,2334.8,151.7335187096113,4,2023-06-01,2023,6,2139.16,2073.034,2470.8525,3722.3325,829.3900000000001,2227.682166666667,2726.801916666667,213.17134007432503,-7.293750818078118,-19.738835078176457,1.2246467991473532e-16,-1.0,42,1973.552
Onion,Maharashtra,Pune,1973.552,1559.09,2503.65,236.72242124479905,5,2023-07-01,2023,7,1983.135,2139.16,2073.034,3117.06,1091.656,2065.1096666666667,2436.9356666666667,78.31376922567864,-0.48322479306754623,-4.798860028344937,-0.4999999999999997,-0.8660254037844388,43,2631.62
Onion,Maharashtra,Pune,2631.62,2167.15,3122.41,259.74728384848726,4,2023-08-01,2023,8,1973.552,1983.135,2139.16,2838.3725,1497.7975,2031.9489999999998,2246.351,92.97100280732374,33.344345626565705,23.021185886048734,-0.8660254037844385,-0.5000000000000004,44,3145.2475
Onion,Maharashtra,Pune,3145.2475,2434.5,3648.31,336.86568039056766,4,2023-09-01,2023,9,2631.62,1973.552,1983.135,2470.8525,2240.2725,2196.1023333333333,2211.89225,377.1997971318826,19.517540526367792,58.599767539779194,-1.0,-1.8369701987210297e-16,45,3559.62
Onion,Maharashtra,Pune,3559.62,2822.99,4245.05,325.1076384830111,5,2023-10-01,2023,10,3145.2475,2631.62,1973.552,2073.034,2927.058,2583.4731666666667,2324.2914166666665,587.3296981679753,13.174559394769409,80.36616212798042,-0.8660254037844386,0.5000000000000001,46,4375.200000000001
Onion,Maharashtra,Pune,4375.200000000001,3763.43,5069.47,261.9330144648947,4,2023-11-01,2023,11,3559.62,3145.2475,2631.62,2139.16,3281.8075,3112.1625,2572.05575,464.88381658082454,22.911996224316102,66.25500642189985,-0.5000000000000004,0.8660254037844384,47,4486.49
Onion,Maharashtra,Pune,4486.49,3653.55,5124.24,313.5003570970853,5,2023-12-01,2023,12,4375.200000000001,3559.62,3145.2475,1983.135,3722.3325,3693.3558333333335,2944.7290833333336,625.7872984505917,2.543655147193249,42.64346446503812,-2.4492935982947064e-16,1.0,48,4394.327499999999
Onion,Maharashtra,Pune,4394.327499999999,3893.38,5041.29,189.61161170051412,4,2024-01-01,2024,1,4486.49,4375.200000000001,3559.62,1973.552,3117.06,4140.436666666667,3361.954916666667,506.0705150800049,-2.0542227888616793,23.449342907388978,0.49999999999999994,0.8660254037844387,49,4241.6575
Onion,Maharashtra,Pune,4241.6575,3296.6,5250.53,575.0682130770803,4,2024-02-01,2024,2,4394.327499999999,4486.49,4375.200000000001,2631.62,2838.3725,4418.6725,3765.4175,59.505254337402306,-3.474251748418824,-3.0522604680928973,0.8660254037844386,0.5000000000000001,50,3739.712
Onion,Maharashtra,Pune,3739.712,3314.45,4211.88,112.48099781740916,5,2024-03-01,2024,3,4241.6575,4394.327499999999,4486.49,3145.2475,2470.8525,4374.158333333333,4033.757083333334,123.65611479863044,-11.833711231988914,-16.645038771957584,1.0,6.123233995736766e-17,51,3038.9525000000003
Onion,Maharashtra,Pune,3038.9525000000003,2574.24,3602.42,224.9325197142468,4,2024-04-01,2024,4,3739.712,4241.6575,4394.327499999999,3559.62,2073.034,4125.2323333333325,4132.8345,342.48573369571375,-18.73832797819724,-30.843741164034753,0.8660254037844387,-0.4999999999999998,52,3398.5325
Onion,Maharashtra,Pune,3398.5325,2933.37,3811.0,147.3896951112933,4,2024-05-01,2024,5,3038.9525000000003,3739.712,4241.6575,4375.200000000001,2139.16,3673.440666666667,4046.0565833333335,604.0850490391152,11.832366580260778,-19.877253172845766,0.49999999999999994,-0.8660254037844387,53,2958.886
Onion,Maharashtra,Pune,2958.886,2517.29,3439.76,203.6825697746373,5,2024-06-01,2024,6,3398.5325,3038.9525000000003,3739.712,4486.49,1983.135,3392.399,3883.2786666666666,350.42001095364986,-12.936362974313173,-20.87930835315661,1.2246467991473532e-16,-1.0,54,2830.425
Onion,Maharashtra,Pune,2830.425,2269.7,3610.34,433.7332552387469,4,2024-07-01,2024,7,2958.886,3398.5325,3038.9525000000003,4394.327499999999,1973.552,3132.1236666666664,3628.678,234.16428199896032,-4.341532590305939,-6.861821630973177,-0.4999999999999997,-0.8660254037844388,55,3194.5
Onion,Maharashtra,Pune,3194.5,2595.4,3732.19,273.9104113878599,4,2024-08-01,2024,8,2830.425,2958.886,3398.5325,4241.6575,2631.62,3062.6144999999997,3368.027583333333,297.9198452155462,12.862909280408413,-6.003547119234547,-0.8660254037844385,-0.5000000000000004,56,3754.78
Onion,Maharashtra,Pune,3754.78,3007.13,4468.97,365.406001934834,5,2024-09-01,2024,9,3194.5,2830.425,2958.886,3739.712,3145.2475,2994.6036666666664,3193.5013333333336,184.64686618065892,17.53889497573956,26.898434072823363,-1.0,-1.8369701987210297e-16,57,4140.4675
Onion,Maharashtra,Pune,4140.4675,3481.85,4858.75,316.1669674264956,4,2024-10-01,2024,10,3754.78,3194.5,2830.425,3038.9525000000003,3559.62,3259.901666666666,3196.012666666667,465.63513077122855,10.27190674287174,46.28430359398322,-0.8660254037844386,0.5000000000000001,58,4361.265
Onion,Maharashtra,Pune,4361.265,3547.83,5125.64,371.8062278929711,4,2024-11-01,2024,11,4140.4675,3754.78,3194.5,3398.5325,4375.200000000001,3696.5825,3379.5985,475.6614757564007,5.332670767250331,36.52418218813587,-0.5000000000000004,0.8660254037844384,59,4925.32
Onion,Maharashtra,Pune,4925.32,4051.61,5806.04,357.9717063540076,5,2024-12-01,2024,12,4361.265,4140.4675,3754.78,2958.886,4486.49,4085.504166666667,3540.0539166666663,306.95559909307946,12.933288850826521,31.174662696616036,-2.4492935982947064e-16,1.0,60,4807.48
Onion,Maharashtra,Pune,4807.48,3969.91,5599.59,406.6962129976952,4,2025-01-01,2025,1,4925.32,4361.265,4140.4675,2830.425,4394.327499999999,4475.684166666666,3867.7929166666668,404.7433396173333,-2.3925349012856048,16.109593904553048,0.49999999999999994,0.8660254037844387,61,4231.01
Onion,Maharashtra,Pune,4231.01,3665.54,4679.62,165.10039632498328,4,2025-02-01,2025,2,4807.48,4925.32,4361.265,3194.5,4241.6575,4698.0216666666665,4197.302083333333,297.53210886951695,-11.99110552722007,-2.986633465290463,0.8660254037844386,0.5000000000000001,62,3876.14
Onion,Maharashtra,Pune,3876.14,3170.92,4479.89,277.5634861612747,5,2025-03-01,2025,3,4231.01,4807.48,4925.32,3754.78,3739.712,4654.603333333333,4370.05375,371.5441433172405,-8.387359046657899,-21.301763134171992,1.0,6.123233995736766e-17,63,3306.9700000000003
Onion,Maharashtra,Pune,3306.9700000000003,2796.81,3939.41,296.0591011943391,4,2025-04-01,2025,4,3876.14,4231.01,4807.48,4140.4675,3038.9525000000003,4304.876666666666,4390.280416666667,470.0433620777372,-14.683938144649048,-31.211986321315937,0.8660254037844387,-0.4999999999999998,64,3088.7275
Onion,Maharashtra,Pune,3088.7275,2511.74,3562.28,251.81751731164363,4,2025-05-01,2025,5,3306.9700000000003,3876.14,4231.01,4361.265,3398.5325,3804.7066666666665,4251.364166666666,466.1432411108667,-6.599470209890028,-26.997868121323283,0.49999999999999994,-0.8660254037844387,65,3010.192
Onion,Maharashtra,Pune,3010.192,2558.5,3578.82,266.59429208068207,5,2025-06-01,2025,6,3088.7275,3306.9700000000003,3876.14,4925.32,2958.886,3423.945833333333,4039.2745833333333,406.5305898417663,-2.5426490358893736,-22.340472738342783,1.2246467991473532e-16,-1.0,66,3017.175
Onion,Maharashtra,Pune,3017.175,2360.41,3531.32,310.1875064645038,4,2025-07-01,2025,7,3010.192,3088.7275,3306.9700000000003,4807.48,2830.425,3135.2965,3720.0865833333332,153.771906217494,0.23197855817835453,-8.763157815160103,-0.4999999999999997,-0.8660254037844388,67,2854.05
Onion,Maharashtra,Pune,2854.05,2274.55,3319.78,233.15452268828057,5,2025-08-01,2025,8,3017.175,3010.192,3088.7275,4231.01,3194.5,3038.6981666666666,3421.702416666667,43.46712801181205,-5.406547515473911,-7.597869996624816,-0.8660254037844385,-0.5000000000000004,68,3439.4475
Onion,Maharashtra,Pune,3439.4475,3036.45,3892.61,149.39926781949106,4,2025-09-01,2025,9,2854.05,3017.175,3010.192,3876.14,3754.78,2960.472333333333,3192.209083333333,92.23055538348123,20.511115782834917,14.260070453977693,-1.0,-1.8369701987210297e-16,69,4024.4325
Onion,Maharashtra,Pune,4024.4325,3518.04,4473.82,150.90304953291482,4,2025-10-01,2025,10,3439.4475,2854.05,3017.175,3306.9700000000003,4140.4675,3103.5574999999994,3119.427,302.10761407363077,17.00810958736831,33.384125879340765,-0.8660254037844386,0.5000000000000001,70,4066.442
Onion,Maharashtra,Pune,4066.442,3487.5,4922.71,297.2901111204339,5,2025-11-01,2025,11,4024.4325,3439.4475,2854.05,3088.7275,4361.265,3439.31,3239.0040833333333,585.1912621154395,1.0438614636970582,42.47970427988296,-0.5000000000000004,0.8660254037844384,71,4186.16
Onion,Maharashtra,Pune,4186.16,3689.79,4737.84,192.4922836548694,4,2025-12-01,2025,12,4066.442,4024.4325,3439.4475,3010.192,4925.32,3843.440666666666,3401.9565000000002,350.4983003633445,2.944047892481925,21.710245613576006,-2.4492935982947064e-16,1.0,72,4022.57
Onion,Maharashtra,Pune,4022.57,3336.49,4747.86,329.3966282968505,4,2026-01-01,2026,1,4186.16,4066.442,4024.4325,3017.175,4807.48,4092.3448333333326,3597.951166666667,83.91760032968368,-3.907877386435294,-0.046279817092216784,0.49999999999999994,0.8660254037844387,73,3572.855
Onion,Maharashtra,Pune,3572.855,3075.12,4141.85,202.16232792816103,4,2026-02-01,2026,2,4022.57,4186.16,4066.442,2854.05,4231.01,4091.7239999999997,3765.517,84.67471091187242,-11.179793017896522,-12.13805582373977,0.8660254037844386,0.5000000000000001,74,3384.798
Onion,Maharashtra,Pune,3384.798,2847.06,4094.34,363.8071327228205,5,2026-03-01,2026,3,3572.855,4022.57,4186.16,3439.4475,3876.14,3927.1949999999997,3885.317833333333,317.58156231905167,-5.263493760592026,-19.14312878628624,1.0,6.123233995736766e-17,75,2860.115
Onion,Maharashtra,Pune,2860.115,2338.57,3551.95,326.0422223680036,4,2026-04-01,2026,4,3384.798,3572.855,4022.57,4024.4325,3306.9700000000003,3660.0743333333326,3876.2095833333333,327.70976499998284,-15.501161369157037,-28.898316250556245,0.8660254037844387,-0.4999999999999998,76,2231.176
Onion,Maharashtra,Pune,2231.176,1740.72,3176.61,431.8698123624759,5,2026-05-01,2026,5,2860.115,3384.798,3572.855,4066.442,3088.7275,3272.589333333333,3682.1566666666663,369.38146347149734,-21.989989912993003,-37.552013725717956,0.49999999999999994,-0.8660254037844387,77,2251.385
Onion,Maharashtra,Pune,2251.385,1864.7,2609.91,182.0592353237448,4,2026-06-01,2026,6,2231.176,2860.115,3384.798,4186.16,3010.192,2825.3629999999994,3376.279,577.5956248527276,0.9057555298192651,-33.485395583429195,1.2246467991473532e-16,-1.0,78,2026.585
Onion,Maharashtra,Pune,2026.585,1648.54,2639.29,286.2545372566171,4,2026-07-01,2026,7,2251.385,2231.176,2860.115,4022.57,3017.175,2447.558666666666,3053.8165000000004,357.4271213133488,-9.984964810549958,-29.14323375109042,-0.4999999999999997,-0.8660254037844388,79,2036.068
Potato,Uttarakhand,Dehradun,1739.752,1499.96,1964.96,77.41851471062985,5,2021-01-01,2021,1,1487.05,1239.086,965.1175,913.2725,1586.5825,1230.4178333333332,1038.6065833333334,261.07419725833336,16.993510641874852,80.2632321971159,0.49999999999999994,0.8660254037844387,13,1684.745
Potato,Uttarakhand,Dehradun,1684.745,1365.41,1983.63,146.66292249008723,4,2021-02-01,2021,2,1739.752,1487.05,1239.086,784.366,1644.5625,1488.6293333333333,1176.3531666666665,250.3367364358109,-3.1617724825147526,35.96675291303427,0.8660254037844386,0.5000000000000001,14,1704.77
Potato,Uttarakhand,Dehradun,1704.77,1457.87,1951.05,92.78736336376843,4,2021-03-01,2021,3,1684.745,1739.752,1487.05,842.7475,1440.384,1637.1823333333332,1326.4163333333333,132.89556292943857,1.1886071779408809,14.641067886083187,1.0,6.123233995736766e-17,15,1543.295
Potato,Uttarakhand,Dehradun,1543.295,1369.27,1748.93,65.72858966994514,4,2021-04-01,2021,4,1704.77,1684.745,1739.752,965.1175,1140.055,1709.7556666666667,1470.0867499999997,27.840351404611226,-9.471952228159806,-11.29224165283327,0.8660254037844387,-0.4999999999999998,16,1344.938
Potato,Uttarakhand,Dehradun,1344.938,1086.68,1637.98,120.82092645729874,5,2021-05-01,2021,5,1543.295,1704.77,1684.745,1239.086,1066.288,1644.2699999999998,1566.4496666666666,88.01825449870601,-12.852824638192956,-20.16963991583295,0.49999999999999994,-0.8660254037844387,17,1107.465
Potato,Uttarakhand,Dehradun,1107.465,942.04,1382.07,116.50164934454789,4,2021-06-01,2021,6,1344.938,1543.295,1704.77,1487.05,990.945,1531.0010000000002,1584.0916666666665,180.2307517683903,-17.656799049472923,-35.03727775594362,1.2246467991473532e-16,-1.0,18,1032.2125
Potato,Uttarakhand,Dehradun,1032.2125,832.4,1192.74,90.94205311625645,4,2021-07-01,2021,7,1107.465,1344.938,1543.295,1739.752,913.2725,1331.8993333333335,1520.8275,218.20736088943633,-6.795022867539817,-33.1163193038272,-0.4999999999999997,-0.8660254037844388,19,1037.75
Potato,Uttarakhand,Dehradun,1037.75,762.84,1353.54,189.04974966923388,5,2021-08-01,2021,8,1032.2125,1107.465,1344.938,1684.745,784.366,1161.5384999999999,1402.9042500000003,163.22459109842956,0.5364689925766166,-22.840309367420662,-0.8660254037844385,-0.5000000000000004,20,1041.0025
Potato,Uttarakhand,Dehradun,1041.0025,919.03,1164.1,33.706100708922115,4,2021-09-01,2021,9,1037.75,1032.2125,1107.465,1704.77,842.7475,1059.1425,1295.07175,41.940004545178496,0.31341845338473184,-6.001318326087043,-1.0,-1.8369701987210297e-16,21,1364.184
Potato,Uttarakhand,Dehradun,1364.184,1070.59,1720.57,200.56695124072647,5,2021-10-01,2021,10,1041.0025,1037.75,1032.2125,1543.295,965.1175,1036.9883333333335,1184.4438333333335,4.4442240135869024,31.04521843127177,32.16115867614467,-0.8660254037844386,0.5000000000000001,22,1587.895
Potato,Uttarakhand,Dehradun,1587.895,1372.86,1890.6,116.07577424538964,4,2021-11-01,2021,11,1364.184,1041.0025,1037.75,1344.938,1239.086,1147.6455,1154.5919999999999,187.53489322190032,16.39888754009723,53.01324981932064,-0.5000000000000004,0.8660254037844384,23,1777.685
Potato,Uttarakhand,Dehradun,1777.685,1474.28,2070.65,159.3021415424161,4,2021-12-01,2021,12,1587.895,1364.184,1041.0025,1107.465,1487.05,1331.0271666666665,1195.0848333333333,274.94978329975606,11.952301632034862,70.76664081018056,-2.4492935982947064e-16,1.0,24,2058.114
Potato,Uttarakhand,Dehradun,2058.114,1728.04,2357.2,127.9019355991144,5,2022-01-01,2022,1,1777.685,1587.895,1364.184,1032.2125,1739.752,1576.5879999999997,1306.7881666666665,206.9822587493901,15.774954505438258,50.86777150296442,0.49999999999999994,0.8660254037844387,25,2118.5475
Potato,Uttarakhand,Dehradun,2118.5475,1871.2,2452.59,106.78510425928626,4,2022-02-01,2022,2,2058.114,1777.685,1587.895,1037.75,1684.745,1807.898,1477.7717499999999,236.56097737581214,2.9363533798419374,33.418613951174365,0.8660254037844386,0.5000000000000001,26,2180.015
Potato,Uttarakhand,Dehradun,2180.015,1906.64,2435.64,86.69902325478256,4,2022-03-01,2022,3,2118.5475,2058.114,1777.685,1041.0025,1704.77,1984.7821666666666,1657.9046666666666,181.87902383612814,2.9013982457320284,22.632243620213927,1.0,6.123233995736766e-17,27,1922.5675
Potato,Uttarakhand,Dehradun,1922.5675,1695.68,2237.75,101.94203005466711,4,2022-04-01,2022,4,2180.015,2118.5475,2058.114,1364.184,1543.295,2118.892166666667,1847.7400833333334,60.951230886527995,-11.80943709102918,-6.585956851758451,0.8660254037844387,-0.4999999999999998,28,1618.456
Potato,Uttarakhand,Dehradun,1618.456,1249.32,1909.84,158.07169079250087,5,2022-05-01,2022,5,1922.5675,2180.015,2118.5475,1587.895,1344.938,2073.71,1940.804,134.45298385959867,-15.817988185070234,-23.60539473389198,0.49999999999999994,-0.8660254037844387,29,1494.355
Potato,Uttarakhand,Dehradun,1494.355,1317.54,1732.68,78.87012721345558,4,2022-06-01,2022,6,1618.456,1922.5675,2180.015,1777.685,1107.465,1907.0128333333334,1945.8975,281.10245171748846,-7.667863692309207,-31.452077164606663,1.2246467991473532e-16,-1.0,30,1344.39
Potato,Uttarakhand,Dehradun,1344.39,1117.84,1583.97,97.150331702985,5,2022-07-01,2022,7,1494.355,1618.456,1922.5675,2058.114,1032.2125,1678.4595,1898.6758333333335,220.32203997387484,-10.035433347497744,-30.073196389723638,-0.4999999999999997,-0.8660254037844388,31,1198.9625
Potato,Uttarakhand,Dehradun,1198.9625,1039.33,1370.83,69.72965957897681,4,2022-08-01,2022,8,1344.39,1494.355,1618.456,2118.5475,1037.75,1485.7336666666667,1779.721833333333,137.2362511522852,-10.817359545965084,-25.91936388755702,-0.8660254037844385,-0.5000000000000004,32,1252.6575
Potato,Uttarakhand,Dehradun,1252.6575,966.56,1455.62,136.67874045244446,4,2022-09-01,2022,9,1198.9625,1344.39,1494.355,2180.015,1041.0025,1345.9025,1626.457666666667,147.7020582329505,4.4784553311717366,-16.17403495153427,-1.0,-1.8369701987210297e-16,33,1429.066
Potato,Uttarakhand,Dehradun,1429.066,1193.37,1725.64,138.31897476485284,5,2022-10-01,2022,10,1252.6575,1198.9625,1344.39,1922.5675,1364.184,1265.3366666666668,1471.8980833333335,73.53815601157883,14.082740094558968,6.298469938038807,-0.8660254037844386,0.5000000000000001,34,1719.2825
Potato,Uttarakhand,Dehradun,1719.2825,1547.15,1882.28,28.20020493424349,4,2022-11-01,2022,11,1429.066,1252.6575,1198.9625,1618.456,1587.895,1293.5620000000001,1389.6478333333334,120.38184567554174,20.308124327357866,43.39752077316846,-0.5000000000000004,0.8660254037844384,35,1720.1675
Potato,Uttarakhand,Dehradun,1720.1675,1426.77,1997.69,124.54146200496182,4,2022-12-01,2022,12,1719.2825,1429.066,1252.6575,1494.355,1777.685,1467.0020000000002,1406.45225,235.61425620757709,0.051474961212016695,37.321454587546874,-2.4492935982947064e-16,1.0,36,1797.39
Potato,Uttarakhand,Dehradun,1797.39,1494.34,2092.2,122.48147308879014,5,2023-01-01,2023,1,1720.1675,1719.2825,1429.066,1344.39,2058.114,1622.8386666666665,1444.0876666666666,167.81263530075128,4.489243053365447,25.773757125283232,0.49999999999999994,0.8660254037844387,37,1935.9575
Potato,Uttarakhand,Dehradun,1935.9575,1655.38,2326.57,152.36916844186905,4,2023-02-01,2023,2,1797.39,1720.1675,1719.2825,1198.9625,2118.5475,1745.6133333333335,1519.5876666666666,44.84209199605727,7.709373035345688,12.602640927247263,0.8660254037844386,0.5000000000000001,38,1880.315
Potato,Uttarakhand,Dehradun,1880.315,1656.22,2206.49,111.12628266976265,4,2023-03-01,2023,3,1935.9575,1797.39,1720.1675,1252.6575,2180.015,1817.8383333333331,1642.4201666666668,109.33861064181676,-2.874159169299942,9.309994520882416,1.0,6.123233995736766e-17,39,1825.04
Potato,Uttarakhand,Dehradun,1825.04,1622.4,2046.03,52.17806196094294,5,2023-04-01,2023,4,1880.315,1935.9575,1797.39,1429.066,1922.5675,1871.2208333333335,1747.02975,69.72994991094406,-2.9396670238763236,1.5383417065856526,0.8660254037844387,-0.4999999999999998,40,1485.0925
Potato,Uttarakhand,Dehradun,1485.0925,1259.61,1704.85,89.09297853927652,4,2023-05-01,2023,5,1825.04,1880.315,1935.9575,1719.2825,1618.456,1880.4375,1813.0254166666666,55.45885146889936,-18.626852014202427,-23.288992656088784,0.49999999999999994,-0.8660254037844387,41,1391.38
Potato,Uttarakhand,Dehradun,1391.38,1204.79,1615.92,78.50029681472554,4,2023-06-01,2023,6,1485.0925,1825.04,1880.315,1720.1675,1494.355,1730.1491666666668,1773.9937499999999,214.0173096143928,-6.310213000200315,-26.00282399491574,1.2246467991473532e-16,-1.0,42,1080.7220000000002
Potato,Uttarakhand,Dehradun,1080.7220000000002,882.43,1460.63,160.77966575409965,5,2023-07-01,2023,7,1391.38,1485.0925,1825.04,1797.39,1344.39,1567.1708333333333,1719.1958333333332,228.18389185497497,-22.327329701447475,-40.783654056897376,-0.4999999999999997,-0.8660254037844388,43,1033.815
Potato,Uttarakhand,Dehradun,1033.815,851.83,1228.44,116.77512591872186,4,2023-08-01,2023,8,1080.7220000000002,1391.38,1485.0925,1935.9575,1198.9625,1319.0648333333336,1599.751166666667,211.66243836609993,-4.340339143646575,-30.3871644358853,-0.8660254037844385,-0.5000000000000004,44,1007.15
Potato,Uttarakhand,Dehradun,1007.15,881.7,1148.02,46.441723338681925,4,2023-09-01,2023,9,1033.815,1080.7220000000002,1391.38,1880.315,1252.6575,1168.6390000000001,1449.3940833333334,194.31992042248228,-2.5792815929349135,-27.615029682761005,-1.0,-1.8369701987210297e-16,45,1337.436
Potato,Uttarakhand,Dehradun,1337.436,1038.01,1650.46,152.1007198536549,5,2023-10-01,2023,10,1007.15,1033.815,1080.7220000000002,1825.04,1429.066,1040.5623333333335,1303.8665833333332,37.24721031612026,32.79412202750335,23.75393486946686,-0.8660254037844386,0.5000000000000001,46,1401.3925
Potato,Uttarakhand,Dehradun,1401.3925,1197.7,1800.11,177.142207162306,4,2023-11-01,2023,11,1337.436,1007.15,1033.815,1485.0925,1719.2825,1126.1336666666666,1222.59925,183.478234704646,4.782023214568772,35.55544270493269,-0.5000000000000004,0.8660254037844384,47,1613.918
Potato,Uttarakhand,Dehradun,1613.918,1385.67,1825.61,76.6887708207662,5,2023-12-01,2023,12,1401.3925,1337.436,1007.15,1391.38,1720.1675,1248.6595,1208.6492500000002,211.5838779674616,15.165308791077445,60.24604080822121,-2.4492935982947064e-16,1.0,48,1955.935
Potato,Uttarakhand,Dehradun,1955.935,1689.21,2217.51,90.29152064285994,4,2024-01-01,2024,1,1613.918,1401.3925,1337.436,1080.7220000000002,1797.39,1450.9154999999998,1245.7389166666667,144.7410436875089,21.191721016805072,46.2451287388705,0.49999999999999994,0.8660254037844387,49,1998.95
Potato,Uttarakhand,Dehradun,1998.95,1706.47,2334.64,127.2750370915941,4,2024-02-01,2024,2,1955.935,1613.918,1401.3925,1033.815,1935.9575,1657.0818333333334,1391.6077500000001,279.7797052282069,2.199203961276837,42.64026673469425,0.8660254037844386,0.5000000000000001,50,2014.39
Potato,Uttarakhand,Dehradun,2014.39,1765.25,2290.38,83.17125735492993,5,2024-03-01,2024,3,1998.95,1955.935,1613.918,1007.15,1880.315,1856.2676666666666,1552.4635833333332,210.9800778659729,0.7724055128942723,24.81365224255509,1.0,6.123233995736766e-17,51,1886.7675
Potato,Uttarakhand,Dehradun,1886.7675,1676.64,2188.11,93.8002400050234,4,2024-04-01,2024,4,2014.39,1998.95,1955.935,1337.436,1825.04,1989.7583333333334,1720.3369166666669,30.29210802059982,-6.335540784058706,-3.5362882713382615,0.8660254037844387,-0.4999999999999998,52,1682.8075
Potato,Uttarakhand,Dehradun,1682.8075,1431.63,1971.06,135.89754998404743,4,2024-05-01,2024,5,1886.7675,2014.39,1998.95,1401.3925,1485.0925,1966.7025,1811.8921666666668,69.6548746948009,-10.810022962553683,-15.815428099752376,0.49999999999999994,-0.8660254037844387,53,1670.092
Potato,Uttarakhand,Dehradun,1670.092,1362.31,2096.03,196.6427354874824,5,2024-06-01,2024,6,1682.8075,1886.7675,2014.39,1613.918,1391.38,1861.3216666666667,1858.7946666666667,167.24938386159155,-0.7556122729426743,-17.09192360962872,1.2246467991473532e-16,-1.0,54,1663.31
Potato,Uttarakhand,Dehradun,1663.31,1398.1,1890.9,100.01587040731744,4,2024-07-01,2024,7,1670.092,1682.8075,1886.7675,1955.935,1080.7220000000002,1746.5556666666664,1868.1570000000002,121.5933371533252,-0.4060854132586799,-11.843404129019605,-0.4999999999999997,-0.8660254037844388,55,1596.3975
Potato,Uttarakhand,Dehradun,1596.3975,1416.82,1747.12,37.71445998110882,4,2024-08-01,2024,8,1663.31,1670.092,1682.8075,1998.95,1033.815,1672.0698333333332,1819.3861666666664,9.89808037360695,-4.0228520239762835,-5.134871338522075,-0.8660254037844385,-0.5000000000000004,56,1506.714
Potato,Uttarakhand,Dehradun,1506.714,1187.49,1802.38,147.73275340966197,5,2024-09-01,2024,9,1596.3975,1663.31,1670.092,2014.39,1007.15,1643.2665,1752.2940833333334,40.731145966558884,-5.617867730311535,-9.782574852163842,-1.0,-1.8369701987210297e-16,57,1624.125
Potato,Uttarakhand,Dehradun,1624.125,1335.45,2014.54,178.35670429413827,4,2024-10-01,2024,10,1506.714,1596.3975,1663.31,1886.7675,1337.436,1588.8071666666667,1667.6814166666666,78.57344764029757,7.792520677447748,-2.3558446711677288,-0.8660254037844386,0.5000000000000001,58,1995.1225
Potato,Uttarakhand,Dehradun,1995.1225,1742.92,2305.26,104.02524897831296,4,2024-11-01,2024,11,1624.125,1506.714,1596.3975,1682.8075,1401.3925,1575.7455,1623.9076666666667,61.36949208075041,22.84291541599322,24.97654876056871,-0.5000000000000004,0.8660254037844384,59,2342.98
Potato,Uttarakhand,Dehradun,2342.98,2042.53,2699.93,114.02938371314652,5,2024-12-01,2024,12,1995.1225,1624.125,1506.714,1670.092,1613.918,1708.653833333333,1675.9601666666667,254.94030373125068,17.435395570948657,55.50263686406313,-2.4492935982947064e-16,1.0,60,2485.155
Potato,Uttarakhand,Dehradun,2485.155,2072.52,2872.5,171.33783168543573,4,2025-01-01,2025,1,2342.98,1995.1225,1624.125,1663.31,1955.935,1987.4091666666666,1788.1081666666666,359.4895678452738,6.068126915295913,53.01500808127454,0.49999999999999994,0.8660254037844387,61,2731.165
Potato,Uttarakhand,Dehradun,2731.165,2292.94,3178.02,194.0397588983591,4,2025-02-01,2025,2,2485.155,2342.98,1995.1225,1596.3975,1998.95,2274.4191666666666,1925.0823333333335,252.1079206700595,9.899181338789722,36.89209559813997,0.8660254037844386,0.5000000000000001,62,2746.134
Potato,Uttarakhand,Dehradun,2746.134,2322.03,3098.36,130.62906387936798,5,2025-03-01,2025,3,2731.165,2485.155,2342.98,1506.714,2014.39,2519.766666666667,2114.2102499999996,196.39341678969402,0.5480811302136653,17.206890370383014,1.0,6.123233995736766e-17,63,2626.1525
Potato,Uttarakhand,Dehradun,2626.1525,2276.37,2984.23,143.43157936219376,4,2025-04-01,2025,4,2746.134,2731.165,2485.155,1624.125,1886.7675,2654.1513333333332,2320.78025,146.54636894283755,-4.369105804742226,5.673589776090422,0.8660254037844387,-0.4999999999999998,64,2454.785
Potato,Uttarakhand,Dehradun,2454.785,2102.09,2894.79,178.13148261887886,4,2025-05-01,2025,5,2626.1525,2746.134,2731.165,1995.1225,1682.8075,2701.1504999999997,2487.784833333333,65.37998732981603,-6.525420743844856,-10.119491132904827,0.49999999999999994,-0.8660254037844387,65,2137.3540000000003
Potato,Uttarakhand,Dehradun,2137.3540000000003,1799.25,2421.82,112.95645501696656,5,2025-06-01,2025,6,2454.785,2626.1525,2746.134,2342.98,1670.092,2609.023833333333,2564.39525,146.42780940306477,-12.931112093319767,-22.168619593945515,1.2246467991473532e-16,-1.0,66,2196.5975
Potato,Uttarakhand,Dehradun,2196.5975,1815.28,2577.73,180.2014009148282,4,2025-07-01,2025,7,2137.3540000000003,2454.785,2626.1525,2485.155,1663.31,2406.097166666667,2530.1242500000003,248.00982286308783,2.771815057309158,-16.356818577748257,-0.4999999999999997,-0.8660254037844388,67,2012.728
Potato,Uttarakhand,Dehradun,2012.728,1697.4,2325.06,125.09160051738094,5,2025-08-01,2025,8,2196.5975,2137.3540000000003,2454.785,2731.165,1596.3975,2262.912166666667,2482.0313333333334,168.78636260545548,-8.370650517447999,-18.007972184936758,-0.8660254037844385,-0.5000000000000004,68,2065.23
Potato,Uttarakhand,Dehradun,2065.23,1833.82,2298.38,55.69813222481828,4,2025-09-01,2025,9,2012.728,2196.5975,2137.3540000000003,2746.134,1506.714,2115.5598333333332,2362.291833333333,93.85221112515399,2.608499509123933,-3.3744527111559544,-1.0,-1.8369701987210297e-16,69,2224.9075
Potato,Uttarakhand,Dehradun,2224.9075,1922.54,2492.2,98.11501460870647,4,2025-10-01,2025,10,2065.23,2012.728,2196.5975,2626.1525,1624.125,2091.5184999999997,2248.8078333333337,94.71173201745998,7.731705427482642,1.288811445883916,-0.8660254037844386,0.5000000000000001,70,2476.298
Potato,Uttarakhand,Dehradun,2476.298,2205.68,2755.75,62.92277981780539,5,2025-11-01,2025,11,2224.9075,2065.23,2012.728,2454.785,1995.1225,2100.9551666666666,2181.933666666667,110.50905259335313,11.298919168549704,23.03192483037945,-0.5000000000000004,0.8660254037844384,71,2558.49
Potato,Uttarakhand,Dehradun,2558.49,2293.31,2940.69,110.63357929067786,4,2025-12-01,2025,12,2476.298,2224.9075,2065.23,2137.3540000000003,2342.98,2255.4784999999997,2185.5191666666665,207.23215167233863,3.3191481800655662,23.88402260280936,-2.4492935982947064e-16,1.0,72,2744.9275
Potato,Uttarakhand,Dehradun,2744.9275,2415.03,3077.19,94.1955612453862,4,2026-01-01,2026,1,2558.49,2476.298,2224.9075,2196.5975,2485.155,2419.8985,2255.7084999999997,173.79585373865302,7.287013042849494,23.372657065518457,0.49999999999999994,0.8660254037844387,73,3020.1775
Potato,Uttarakhand,Dehradun,3020.1775,2571.81,3545.17,220.95289563992307,4,2026-02-01,2026,2,2744.9275,2558.49,2476.298,2012.728,2731.165,2593.2385,2347.096833333333,137.64463577178464,10.027587249572166,21.96341070420442,0.8660254037844386,0.5000000000000001,74,2745.826
Potato,Uttarakhand,Dehradun,2745.826,2436.01,3058.78,65.5048573008139,5,2026-03-01,2026,3,3020.1775,2744.9275,2558.49,2065.23,2746.134,2774.5316666666663,2515.005083333333,232.26308774120912,-9.083952847142255,7.322131413450912,1.0,6.123233995736766e-17,75,2328.9275
Potato,Uttarakhand,Dehradun,2328.9275,1977.4,2641.75,126.72135609938304,4,2026-04-01,2026,4,2745.826,3020.1775,2744.9275,2224.9075,2626.1525,2836.9770000000003,2628.4377499999996,158.6569230312604,-15.182990473540576,-15.155227232777552,0.8660254037844387,-0.4999999999999998,76,2072.4260000000004
Potato,Uttarakhand,Dehradun,2072.4260000000004,1799.32,2425.46,111.7651085088723,5,2026-05-01,2026,5,2328.9275,2745.826,3020.1775,2476.298,2454.785,2698.3103333333333,2645.7744166666666,348.0660060377639,-11.013717687648045,-31.380655607162144,0.49999999999999994,-0.8660254037844387,77,1882.405
Potato,Uttarakhand,Dehradun,1882.405,1606.41,2210.15,125.05853949251126,4,2026-06-01,2026,6,2072.4260000000004,2328.9275,2745.826,2558.49,2137.3540000000003,2382.3931666666667,2578.4624166666667,339.86883224867927,-9.169012548578351,-31.444854845135854,1.2246467991473532e-16,-1.0,78,1819.0975
Potato,Uttarakhand,Dehradun,1819.0975,1509.34,2192.57,165.54956385223937,4,2026-07-01,2026,7,1882.405,2072.4260000000004,2328.9275,2744.9275,2196.5975,2094.5861666666665,2465.7815833333334,224.08456102904813,-3.3631179262698456,-21.89119240508774,-0.4999999999999997,-0.8660254037844388,79,1600.028
Potato,Uttar Pradesh,Lucknow,1875.778,1660.45,2176.73,83.85693841299002,5,2021-01-01,2021,1,1687.1875,1316.2779999999998,1054.2825,1024.945,1507.84,1352.5826666666665,1217.0505,318.0105444361607,11.177803296906836,77.91986493183752,0.49999999999999994,0.8660254037844387,13,1827.9025
Potato,Uttar Pradesh,Lucknow,1827.9025,1633.79,2009.87,36.48441984829511,4,2021-02-01,2021,2,1875.778,1687.1875,1316.2779999999998,1078.76,1571.0075000000002,1626.4144999999999,1358.856,284.6578308193024,-2.5523009652528232,38.86903070627939,0.8660254037844386,0.5000000000000001,14,1866.73
Potato,Uttar Pradesh,Lucknow,1866.73,1601.86,2165.72,126.6965106070408,4,2021-03-01,2021,3,1827.9025,1875.778,1687.1875,1140.85,1597.016,1796.9560000000001,1483.7130833333333,98.02988610240645,2.124155965649158,10.64152620855714,1.0,6.123233995736766e-17,15,1591.1875
Potato,Uttar Pradesh,Lucknow,1591.1875,1345.13,1829.53,97.79664765045212,4,2021-04-01,2021,4,1866.73,1827.9025,1875.778,1054.2825,1420.15,1856.8035,1604.6930833333333,25.434571487463135,-14.76070454752428,-15.171864687612288,0.8660254037844387,-0.4999999999999998,16,1208.802
Potato,Uttar Pradesh,Lucknow,1208.802,1016.53,1502.6,109.39377299462704,5,2021-05-01,2021,5,1591.1875,1866.73,1827.9025,1316.2779999999998,1357.956,1761.9399999999998,1694.17725,149.14491570700878,-24.0314544954633,-33.869448726067176,0.49999999999999994,-0.8660254037844387,17,951.745
Potato,Uttar Pradesh,Lucknow,951.745,579.15,1389.99,290.76243607683125,4,2021-06-01,2021,6,1208.802,1591.1875,1866.73,1687.1875,1139.1325,1555.5731666666668,1676.2645833333333,330.4067173198569,-21.26543470311928,-49.01539054924922,1.2246467991473532e-16,-1.0,18,849.25
Potato,Uttar Pradesh,Lucknow,849.25,624.31,1175.48,193.30060234429345,4,2021-07-01,2021,7,951.745,1208.802,1591.1875,1875.778,1024.945,1250.5781666666667,1553.6908333333333,321.76173448311613,-10.7691661106704,-46.62791154405122,-0.4999999999999997,-0.8660254037844388,19,944.894
Potato,Uttar Pradesh,Lucknow,944.894,805.01,1064.07,48.653451367811535,5,2021-08-01,2021,8,849.25,951.745,1208.802,1827.9025,1078.76,1003.2656666666667,1382.6028333333334,185.2301122828926,11.262172505151606,-21.832194188957324,-0.8660254037844385,-0.5000000000000004,20,949.9775
Potato,Uttar Pradesh,Lucknow,949.9775,751.13,1179.0,115.31072901079064,4,2021-09-01,2021,9,944.894,849.25,951.745,1866.73,1140.85,915.2963333333333,1235.43475,57.30028499347027,0.5379968546736416,-0.1857115088600456,-1.0,-1.8369701987210297e-16,21,1109.84
Potato,Uttar Pradesh,Lucknow,1109.84,954.94,1257.31,56.95096092253412,5,2021-10-01,2021,10,949.9775,944.894,849.25,1591.1875,1054.2825,914.7071666666667,1082.6426666666666,56.74452391273462,16.828030137555885,30.684721813364725,-0.8660254037844386,0.5000000000000001,22,1195.6875
Potato,Uttar Pradesh,Lucknow,1195.6875,1009.57,1420.98,105.20260306506997,4,2021-11-01,2021,11,1109.84,949.9775,944.894,1208.802,1316.2779999999998,1001.5704999999999,1002.4180833333334,93.79858189626148,7.735123981835228,26.54197190372677,-0.5000000000000004,0.8660254037844384,23,1357.82
Potato,Uttar Pradesh,Lucknow,1357.82,1070.21,1819.74,231.09979071099715,4,2021-12-01,2021,12,1195.6875,1109.84,949.9775,951.745,1687.1875,1085.1683333333333,1000.2323333333334,124.69911538211936,13.559772097642565,42.93180627962241,-2.4492935982947064e-16,1.0,24,1476.934
Potato,Uttar Pradesh,Lucknow,1476.934,1277.1,1735.71,83.4496934086639,5,2022-01-01,2022,1,1357.82,1195.6875,1109.84,849.25,1875.778,1221.1158333333333,1067.9115,125.93041809699241,8.772444064750854,33.07629928638363,0.49999999999999994,0.8660254037844387,25,1424.12
Potato,Uttar Pradesh,Lucknow,1424.12,1150.67,1698.03,132.6111164269421,4,2022-02-01,2022,2,1476.934,1357.82,1195.6875,944.894,1827.9025,1343.4805,1172.5255,141.17051528470847,-3.5759214697474686,19.10469917934242,0.8660254037844386,0.5000000000000001,26,1489.955
Potato,Uttar Pradesh,Lucknow,1489.955,1303.39,1744.27,86.93858004361459,4,2022-03-01,2022,3,1424.12,1476.934,1357.82,949.9775,1866.73,1419.6246666666666,1252.3965,59.68410395853758,4.62285481560543,9.731407697632969,1.0,6.123233995736766e-17,27,1138.6475
Potato,Uttar Pradesh,Lucknow,1138.6475,943.85,1385.2,110.95284354926036,4,2022-04-01,2022,4,1489.955,1424.12,1476.934,1109.84,1591.1875,1463.6696666666667,1342.39275,34.86428990146723,-23.57839666298646,-22.904645705224468,0.8660254037844387,-0.4999999999999998,28,1006.41
Potato,Uttar Pradesh,Lucknow,1006.41,774.1,1246.89,121.9266855532455,5,2022-05-01,2022,5,1138.6475,1489.955,1424.12,1195.6875,1208.802,1350.9075,1347.194,186.74659971804076,-11.613559068983163,-29.331095694183073,0.49999999999999994,-0.8660254037844387,29,943.1575
Potato,Uttar Pradesh,Lucknow,943.1575,839.49,1085.31,42.30749135791434,4,2022-06-01,2022,6,1006.41,1138.6475,1489.955,1357.82,951.745,1211.6708333333333,1315.6477499999999,249.9064768360024,-6.284963384704041,-36.698927148806504,1.2246467991473532e-16,-1.0,30,632.528
Potato,Uttar Pradesh,Lucknow,632.528,367.6,875.08,147.80800035857328,5,2022-07-01,2022,7,943.1575,1006.41,1138.6475,1476.934,849.25,1029.405,1246.5373333333334,99.75300769275074,-32.93506121724102,-44.44918203394817,-0.4999999999999997,-0.8660254037844388,31,697.0425
Potato,Uttar Pradesh,Lucknow,697.0425,480.52,949.37,146.2072737303677,4,2022-08-01,2022,8,632.528,943.1575,1006.41,1424.12,944.894,860.6985,1105.803,200.1163473875881,10.199469430602282,-30.73970846871553,-0.8660254037844385,-0.5000000000000004,32,685.2925
Potato,Uttar Pradesh,Lucknow,685.2925,503.25,885.13,126.22899359893508,4,2022-09-01,2022,9,697.0425,632.528,943.1575,1489.955,949.9775,757.576,984.6234166666667,163.9234578522847,-1.6856934835393824,-27.340608540991298,-1.0,-1.8369701987210297e-16,33,848.8040000000001
Potato,Uttar Pradesh,Lucknow,848.8040000000001,689.84,1065.13,96.69100283894048,5,2022-10-01,2022,10,685.2925,697.0425,632.528,1138.6475,1109.84,671.621,850.513,34.36149897413771,23.860103532433243,34.19232033996915,-0.8660254037844386,0.5000000000000001,34,960.8525
Potato,Uttar Pradesh,Lucknow,960.8525,734.06,1152.47,118.12428408954128,4,2022-11-01,2022,11,848.8040000000001,685.2925,697.0425,1006.41,1195.6875,743.7130000000001,802.2057500000001,91.20090095909008,13.200750703342571,37.84704662915101,-0.5000000000000004,0.8660254037844384,35,1275.8675
Potato,Uttar Pradesh,Lucknow,1275.8675,1121.39,1431.99,51.52586947349846,4,2022-12-01,2022,12,960.8525,848.8040000000001,685.2925,943.1575,1357.82,831.6496666666667,794.6128333333335,138.57861221733748,32.78494878246142,86.17852960597118,-2.4492935982947064e-16,1.0,36,1491.072
Potato,Uttar Pradesh,Lucknow,1491.072,1246.94,1738.38,107.29182690214569,5,2023-01-01,2023,1,1275.8675,960.8525,848.8040000000001,632.528,1476.934,1028.508,850.0645000000001,221.42438499011382,16.86730792970272,75.66740967290443,0.49999999999999994,0.8660254037844387,37,1387.8575
Potato,Uttar Pradesh,Lucknow,1387.8575,1085.83,1696.57,181.82050789629508,4,2023-02-01,2023,2,1491.072,1275.8675,960.8525,697.0425,1424.12,1242.5973333333334,993.1551666666666,266.67087868303844,-6.922167407073557,44.44022365555589,0.8660254037844386,0.5000000000000001,38,1517.7425
Potato,Uttar Pradesh,Lucknow,1517.7425,1326.58,1704.06,56.302190824750845,4,2023-03-01,2023,3,1387.8575,1491.072,1275.8675,685.2925,1489.955,1384.9323333333334,1108.291,107.63206610989148,9.358669748154979,18.95768957199709,1.0,6.123233995736766e-17,39,1458.394
Potato,Uttar Pradesh,Lucknow,1458.394,1175.01,1702.17,122.78709512811189,5,2023-04-01,2023,4,1517.7425,1387.8575,1491.072,848.8040000000001,1138.6475,1465.5573333333334,1247.0326666666667,68.5986659315194,-3.9103141672582837,-2.191577603227737,0.8660254037844387,-0.4999999999999998,40,1244.83
Potato,Uttar Pradesh,Lucknow,1244.83,1013.42,1466.36,107.74234852956693,4,2023-05-01,2023,5,1458.394,1517.7425,1387.8575,960.8525,1006.41,1454.6646666666666,1348.631,65.02275948915262,-14.643779390205944,-10.305632963038363,0.49999999999999994,-0.8660254037844387,41,1074.9775
Potato,Uttar Pradesh,Lucknow,1074.9775,955.94,1200.66,36.34439560188988,4,2023-06-01,2023,6,1244.83,1458.394,1517.7425,1275.8675,943.1575,1406.988833333333,1395.9605833333333,143.5345830595683,-13.644634207080482,-29.172603389573666,1.2246467991473532e-16,-1.0,42,836.208
Potato,Uttar Pradesh,Lucknow,836.208,614.07,1220.16,174.55477512803822,5,2023-07-01,2023,7,1074.9775,1244.83,1458.394,1491.072,632.528,1259.4005,1362.4789166666667,192.12307961499698,-22.211581172629195,-42.66240810096586,-0.4999999999999997,-0.8660254037844388,43,738.4125
Potato,Uttar Pradesh,Lucknow,738.4125,575.26,910.83,117.86800339786872,4,2023-08-01,2023,8,836.208,1074.9775,1244.83,1387.8575,697.0425,1052.0051666666666,1253.3349166666667,205.27732654894788,-11.695116526031795,-40.68165934304282,-0.8660254037844385,-0.5000000000000004,44,764.15
Potato,Uttar Pradesh,Lucknow,764.15,582.47,1114.07,181.13751074805015,4,2023-09-01,2023,9,738.4125,836.208,1074.9775,1517.7425,685.2925,883.1993333333334,1145.0940833333334,173.133297960222,3.485517918507603,-28.914791239816644,-1.0,-1.8369701987210297e-16,45,908.068
Potato,Uttar Pradesh,Lucknow,908.068,780.95,1143.79,85.57822398250619,5,2023-10-01,2023,10,764.15,738.4125,836.208,1458.394,848.8040000000001,779.5901666666667,1019.4953333333333,50.69308646238442,18.833736831773866,8.59355567035953,-0.8660254037844386,0.5000000000000001,46,1141.5125
Potato,Uttar Pradesh,Lucknow,1141.5125,879.84,1370.14,138.07939367745405,4,2023-11-01,2023,11,908.068,764.15,738.4125,1244.83,960.8525,803.5434999999999,927.7743333333333,91.43102893301327,25.707821440685063,54.59008345606284,-0.5000000000000004,0.8660254037844384,47,1446.46
Potato,Uttar Pradesh,Lucknow,1446.46,1189.58,1726.67,127.39369097408245,5,2023-12-01,2023,12,1141.5125,908.068,764.15,1074.9775,1275.8675,937.9101666666667,910.5547499999999,190.4429843419893,26.71433733752368,89.290060851927,-2.4492935982947064e-16,1.0,48,1578.05
Potato,Uttar Pradesh,Lucknow,1578.05,1212.91,1877.37,186.20060418806364,4,2024-01-01,2024,1,1446.46,1141.5125,908.068,836.208,1491.072,1165.3468333333333,972.4685,269.9861903877376,9.097382575390949,73.78103842443518,0.49999999999999994,0.8660254037844387,49,1524.3725
Potato,Uttar Pradesh,Lucknow,1524.3725,1382.4,1687.67,27.578470316535064,4,2024-02-01,2024,2,1578.05,1446.46,1141.5125,738.4125,1387.8575,1388.6741666666667,1096.1088333333335,223.93224226779884,-3.4015081904882614,33.539711566890404,0.8660254037844386,0.5000000000000001,50,1494.866
Potato,Uttar Pradesh,Lucknow,1494.866,1251.36,1794.36,109.52089563183824,5,2024-03-01,2024,3,1524.3725,1578.05,1446.46,764.15,1517.7425,1516.2941666666666,1227.1021666666666,66.16590229932955,-1.9356489309535536,3.3465149399222898,1.0,6.123233995736766e-17,51,1427.6325
Potato,Uttar Pradesh,Lucknow,1427.6325,1175.38,1739.44,139.25060607288808,4,2024-04-01,2024,4,1494.866,1524.3725,1578.05,908.068,1458.394,1532.4295,1348.8881666666666,42.17322492709245,-4.497627212071185,-9.531858939830805,0.8660254037844387,-0.4999999999999998,52,1413.3025
Potato,Uttar Pradesh,Lucknow,1413.3025,1183.31,1648.35,101.06933243241173,4,2024-05-01,2024,5,1427.6325,1494.866,1524.3725,1141.5125,1244.83,1482.2903333333331,1435.48225,49.58091814483021,-1.0037597210766727,-7.2862768122620905,0.49999999999999994,-0.8660254037844387,53,1094.008
Potato,Uttar Pradesh,Lucknow,1094.008,876.71,1384.63,129.7787481446789,5,2024-06-01,2024,6,1413.3025,1427.6325,1494.866,1446.46,1074.9775,1445.267,1480.7805833333332,43.547477834553476,-22.59208485090771,-26.815647690160855,1.2246467991473532e-16,-1.0,54,986.0525
Potato,Uttar Pradesh,Lucknow,986.0525,853.98,1192.59,81.28113449626547,4,2024-07-01,2024,7,1094.008,1413.3025,1427.6325,1578.05,836.208,1311.6476666666667,1422.0385833333332,188.61761743030243,-9.867889448706045,-30.930929353317467,-0.4999999999999997,-0.8660254037844388,55,920.085
Potato,Uttar Pradesh,Lucknow,920.085,734.42,1244.97,159.06941723662658,4,2024-08-01,2024,8,986.0525,1094.008,1413.3025,1524.3725,738.4125,1164.4543333333334,1323.3723333333332,222.1658277843008,-6.6900596063597,-34.898225963656046,-0.8660254037844385,-0.5000000000000004,56,997.216
Potato,Uttar Pradesh,Lucknow,997.216,785.06,1202.04,120.56487871681372,5,2024-09-01,2024,9,920.085,986.0525,1094.008,1494.866,764.15,1000.0485000000002,1222.65775,87.8021554077684,8.383029828765817,-8.847467294571889,-1.0,-1.8369701987210297e-16,57,1085.5225
Potato,Uttar Pradesh,Lucknow,1085.5225,836.97,1379.1,178.44909925522185,4,2024-10-01,2024,10,997.216,920.085,986.0525,1427.6325,908.068,967.7845000000001,1139.7160833333335,41.684381466561824,8.855303164008603,10.087698170229276,-0.8660254037844386,0.5000000000000001,58,1342.415
Potato,Uttar Pradesh,Lucknow,1342.415,1077.04,1590.75,126.10627541879109,4,2024-11-01,2024,11,1085.5225,997.216,920.085,1413.3025,1141.5125,1000.9411666666668,1082.69775,82.7816359561905,23.66533167207496,45.90119391143209,-0.5000000000000004,0.8660254037844384,59,1594.956
Potato,Uttar Pradesh,Lucknow,1594.956,1291.83,1863.85,166.29427735192812,5,2024-12-01,2024,12,1342.415,1085.5225,997.216,1094.008,1446.46,1141.7178333333334,1070.8831666666667,179.3293729888765,18.81243877638435,59.94087539710553,-2.4492935982947064e-16,1.0,60,1709.6950000000002
Potato,Uttar Pradesh,Lucknow,1709.6950000000002,1322.67,2160.47,230.5890135428543,4,2025-01-01,2025,1,1594.956,1342.415,1085.5225,986.0525,1578.05,1340.9645,1154.3745000000001,254.71984746629138,7.193866163079124,57.49972939298817,0.49999999999999994,0.8660254037844387,61,1833.195
Potato,Uttar Pradesh,Lucknow,1833.195,1615.49,2085.64,72.99661476169062,4,2025-02-01,2025,2,1709.6950000000002,1594.956,1342.415,920.085,1524.3725,1549.0220000000002,1274.9815833333334,187.8991720764126,7.223510626164302,36.55948421315316,0.8660254037844386,0.5000000000000001,62,1926.15
Potato,Uttar Pradesh,Lucknow,1926.15,1658.35,2238.87,123.49594730192564,5,2025-03-01,2025,3,1833.195,1709.6950000000002,1594.956,997.216,1494.866,1712.6153333333334,1427.1665833333334,119.14634505655204,5.070655331265913,20.765086936567542,1.0,6.123233995736766e-17,63,1727.995
Potato,Uttar Pradesh,Lucknow,1727.995,1424.2,2049.18,180.3769435561726,4,2025-04-01,2025,4,1926.15,1833.195,1709.6950000000002,1085.5225,1427.6325,1823.0133333333333,1581.9889166666665,108.58610181940935,-10.28762038262857,1.0703663518931579,0.8660254037844387,-0.4999999999999998,64,1512.0275
Potato,Uttar Pradesh,Lucknow,1512.0275,1281.77,1725.84,89.84108576629446,4,2025-05-01,2025,5,1727.995,1926.15,1833.195,1342.415,1413.3025,1829.1133333333335,1689.0676666666668,99.14053665547294,-12.498155376606991,-17.519549202348905,0.49999999999999994,-0.8660254037844387,65,1456.176
Potato,Uttar Pradesh,Lucknow,1456.176,1240.14,1710.7,86.20720462931159,5,2025-06-01,2025,6,1512.0275,1727.995,1926.15,1594.956,1094.008,1722.0575000000001,1717.3364166666668,207.12508703981683,-3.693815092648777,-24.39965734755861,1.2246467991473532e-16,-1.0,66,1160.74
Potato,Uttar Pradesh,Lucknow,1160.74,954.92,1531.27,175.95423590619615,4,2025-07-01,2025,7,1456.176,1512.0275,1727.995,1709.6950000000002,986.0525,1565.3995000000002,1694.2064166666667,143.5542405443023,-20.288481612112815,-32.827351930995164,-0.4999999999999997,-0.8660254037844388,67,1174.888
Potato,Uttar Pradesh,Lucknow,1174.888,918.21,1422.76,127.00550586490336,5,2025-08-01,2025,8,1160.74,1456.176,1512.0275,1833.195,920.085,1376.3145000000002,1602.7139166666666,188.770022251286,1.2188776125574987,-22.297180441493296,-0.8660254037844385,-0.5000000000000004,68,1309.7325
Potato,Uttar Pradesh,Lucknow,1309.7325,1077.0,1535.35,103.65422691976096,4,2025-09-01,2025,9,1174.888,1160.74,1456.176,1926.15,997.216,1263.9346666666668,1492.9960833333334,166.63609800200595,11.477221658575129,-10.05671704519233,-1.0,-1.8369701987210297e-16,69,1424.1375
Potato,Uttar Pradesh,Lucknow,1424.1375,1189.29,1762.62,151.56543699559822,4,2025-10-01,2025,10,1309.7325,1174.888,1160.74,1727.995,1085.5225,1215.1201666666668,1390.2598333333333,82.2414839973358,8.734989778447124,22.69220497268984,-0.8660254037844386,0.5000000000000001,70,1638.078
Potato,Uttar Pradesh,Lucknow,1638.078,1386.2,1905.91,93.89401775406144,5,2025-11-01,2025,11,1424.1375,1309.7325,1174.888,1512.0275,1342.415,1302.9193333333335,1339.6169166666666,124.76434884446857,15.02246096321457,39.42418341152519,-0.5000000000000004,0.8660254037844384,71,1735.2025
Potato,Uttar Pradesh,Lucknow,1735.2025,1497.24,2013.8,98.7347002071714,4,2025-12-01,2025,12,1638.078,1424.1375,1309.7325,1456.176,1594.956,1457.316,1360.6253333333332,166.6682377936816,5.929174312822718,32.48525939457103,-2.4492935982947064e-16,1.0,72,1900.875
Potato,Uttar Pradesh,Lucknow,1900.875,1709.41,2122.36,46.072101826014745,4,2026-01-01,2026,1,1735.2025,1638.078,1424.1375,1160.74,1709.6950000000002,1599.1393333333335,1407.12975,159.1462326842356,9.547732901491319,33.475524659662426,0.49999999999999994,0.8660254037844387,73,1935.315
Potato,Uttar Pradesh,Lucknow,1935.315,1656.16,2243.12,115.86443702304288,4,2026-02-01,2026,2,1900.875,1735.2025,1638.078,1174.888,1833.195,1758.0518333333337,1530.4855833333334,132.88015212056757,1.8117971986585153,18.14547292619766,0.8660254037844386,0.5000000000000001,74,1787.6799999999998
Potato,Uttar Pradesh,Lucknow,1787.6799999999998,1471.07,2082.29,149.85404115338358,5,2026-03-01,2026,3,1935.315,1900.875,1735.2025,1309.7325,1926.15,1857.1308333333334,1657.2234166666667,106.98793040378587,-7.628473917682663,3.0242867907347835,1.0,6.123233995736766e-17,75,1502.0225
Potato,Uttar Pradesh,Lucknow,1502.0225,1223.32,1718.03,117.8614368301466,4,2026-04-01,2026,4,1787.6799999999998,1935.315,1900.875,1424.1375,1727.995,1874.6233333333332,1736.8813333333335,77.23914686436777,-15.979230063546037,-20.9825738146906,0.8660254037844387,-0.4999999999999998,76,1425.0459999999998
Potato,Uttar Pradesh,Lucknow,1425.0459999999998,1138.44,1715.13,171.6057698039317,5,2026-05-01,2026,5,1502.0225,1787.6799999999998,1935.315,1638.078,1512.0275,1741.6725,1749.8621666666668,220.2796295195082,-5.124856651614754,-26.366198784177264,0.49999999999999994,-0.8660254037844387,77,1215.4375
Potato,Uttar Pradesh,Lucknow,1215.4375,1091.92,1365.29,34.32468633020075,4,2026-06-01,2026,6,1425.0459999999998,1502.0225,1787.6799999999998,1735.2025,1456.176,1571.5828333333332,1714.3568333333333,191.06238371036008,-14.708893607644935,-32.010343014409735,1.2246467991473532e-16,-1.0,78,1202.175
Potato,Uttar Pradesh,Lucknow,1202.175,982.58,1457.23,120.78909291267423,4,2026-07-01,2026,7,1215.4375,1425.0459999999998,1502.0225,1900.875,1160.74,1380.8353333333334,1627.7293333333334,148.31951267983789,-1.0911708746850453,-19.96291666736018,-0.4999999999999997,-0.8660254037844388,79,1206.512
Potato,Punjab,Ludhiana,1898.312,1580.66,2402.19,205.48745501854864,5,2021-01-01,2021,1,1677.1375,1321.78,1110.6325,1079.0025,1619.5375,1369.8500000000001,1179.2527499999999,286.2953412671082,13.187618784983332,70.9217045242238,0.49999999999999994,0.8660254037844387,13,1973.5975
Potato,Punjab,Ludhiana,1973.5975,1685.87,2334.9,141.00678668655158,4,2021-02-01,2021,2,1898.312,1677.1375,1321.78,885.1540000000001,1683.215,1632.4098333333332,1315.8043333333333,290.85685462110666,3.9659181420124923,49.313614973747534,0.8660254037844386,0.5000000000000001,14,1996.515
Potato,Punjab,Ludhiana,1996.515,1796.78,2200.42,41.70057193852388,4,2021-03-01,2021,3,1973.5975,1898.312,1677.1375,1001.81,1586.576,1849.6823333333334,1497.2115833333335,154.0966133958947,1.161204348911063,19.04301227537993,1.0,6.123233995736766e-17,15,1736.4375
Potato,Punjab,Ludhiana,1736.4375,1452.67,2048.28,136.24179421773135,4,2021-04-01,2021,4,1996.515,1973.5975,1898.312,1110.6325,1634.835,1956.1415,1662.99575,51.37597935076891,-13.026573804854962,-8.527286347028303,0.8660254037844387,-0.4999999999999998,16,1598.882
Potato,Punjab,Ludhiana,1598.882,1250.64,1893.91,146.0469214670408,5,2021-05-01,2021,5,1736.4375,1996.515,1973.5975,1321.78,1356.362,1902.1833333333334,1767.2965833333335,143.9967496233298,-7.921707518986428,-18.986419470028718,0.49999999999999994,-0.8660254037844387,17,1498.675
Potato,Punjab,Ludhiana,1498.675,1150.67,1781.94,183.6647972984117,4,2021-06-01,2021,6,1598.882,1736.4375,1996.515,1677.1375,1248.42,1777.278166666667,1813.4802499999998,201.93803681472158,-6.2673167876053455,-24.935450021662753,1.2246467991473532e-16,-1.0,18,1310.8225
Potato,Punjab,Ludhiana,1310.8225,922.85,1629.59,216.4514517353334,4,2021-07-01,2021,7,1498.675,1598.882,1736.4375,1898.312,1079.0025,1611.3315,1783.7365,119.36915070172199,-12.534572205448145,-24.51081596659828,-0.4999999999999997,-0.8660254037844388,19,1351.994
Potato,Punjab,Ludhiana,1351.994,1062.58,1624.68,150.53450544642573,5,2021-08-01,2021,8,1310.8225,1498.675,1598.882,1973.5975,885.1540000000001,1469.4598333333333,1685.8215833333334,146.23513038112168,3.140890547728615,-15.441289601108785,-0.8660254037844385,-0.5000000000000004,20,1395.73
Potato,Punjab,Ludhiana,1395.73,1219.35,1712.09,126.46176049172594,4,2021-09-01,2021,9,1351.994,1310.8225,1498.675,1996.515,1001.81,1387.1638333333333,1582.2209999999998,98.74121895937684,3.234925598782251,-6.869067676447524,-1.0,-1.8369701987210297e-16,21,1540.438
Potato,Punjab,Ludhiana,1540.438,1290.19,1895.05,150.85205175933143,5,2021-10-01,2021,10,1395.73,1351.994,1310.8225,1736.4375,1110.6325,1352.8488333333332,1482.0901666666668,42.46020423977701,10.36790783317691,17.5169025554566,-0.8660254037844386,0.5000000000000001,22,1738.755
Potato,Punjab,Ludhiana,1738.755,1449.18,1993.03,131.04714126349091,4,2021-11-01,2021,11,1540.438,1395.73,1351.994,1598.882,1321.78,1429.3873333333333,1449.4235833333335,98.62756891120073,12.874065687810868,28.60670979309081,-0.5000000000000004,0.8660254037844384,23,1706.9425
Potato,Punjab,Ludhiana,1706.9425,1418.08,1965.63,117.77186007276936,4,2021-12-01,2021,12,1738.755,1540.438,1395.73,1498.675,1677.1375,1558.3076666666668,1472.73575,172.20926629056206,-1.8296137178613434,22.297471574015038,-2.4492935982947064e-16,1.0,24,1939.386
Potato,Punjab,Ludhiana,1939.386,1667.06,2279.26,115.725594964986,5,2022-01-01,2022,1,1706.9425,1738.755,1540.438,1310.8225,1898.312,1662.0451666666668,1507.4470000000001,106.50932366503763,13.617535447151843,25.89834839182102,0.49999999999999994,0.8660254037844387,25,2050.545
Potato,Punjab,Ludhiana,2050.545,1726.58,2346.53,127.09221284825696,4,2022-02-01,2022,2,1939.386,1706.9425,1738.755,1351.994,1973.5975,1795.0278333333333,1612.207583333333,126.02566802673113,5.73165940148068,17.93179602646721,0.8660254037844386,0.5000000000000001,26,2037.8375
Potato,Punjab,Ludhiana,2037.8375,1811.19,2334.22,85.32631300874698,4,2022-03-01,2022,3,2050.545,1939.386,1706.9425,1395.73,1996.515,1898.9578333333332,1728.63275,175.33253262467846,-0.6197132957335724,19.385245841614463,1.0,6.123233995736766e-17,27,1755.9825
Potato,Punjab,Ludhiana,1755.9825,1384.18,2157.74,203.3269241681158,4,2022-04-01,2022,4,2037.8375,2050.545,1939.386,1540.438,1736.4375,2009.2561666666668,1835.6506666666667,60.842010827914066,-13.831083194808222,-9.456781682450007,0.8660254037844387,-0.4999999999999998,28,1604.384
Potato,Punjab,Ludhiana,1604.384,1217.41,1869.12,161.41625825795856,5,2022-05-01,2022,5,1755.9825,2037.8375,2050.545,1738.755,1598.882,1948.1216666666667,1871.57475,166.51866161059544,-8.633258019370924,-21.758166731283637,0.49999999999999994,-0.8660254037844387,29,1228.48
Potato,Punjab,Ludhiana,1228.48,978.37,1501.9,140.4585571144267,4,2022-06-01,2022,6,1604.384,1755.9825,2037.8375,1706.9425,1498.675,1799.4013333333332,1849.1795833333335,219.9644982300188,-23.42980234158406,-39.716488679789244,1.2246467991473532e-16,-1.0,30,1006.386
Potato,Punjab,Ludhiana,1006.386,709.99,1273.93,148.5898924220621,5,2022-07-01,2022,7,1228.48,1604.384,1755.9825,1939.386,1310.8225,1529.6154999999999,1769.4358333333332,271.58326222495833,-18.078764001041943,-42.688153213372004,-0.4999999999999997,-0.8660254037844388,31,1070.8125
Potato,Punjab,Ludhiana,1070.8125,913.2,1277.24,79.96638809524914,4,2022-08-01,2022,8,1006.386,1228.48,1604.384,2050.545,1351.994,1279.75,1613.9358333333337,302.2777889227066,6.401768307587748,-33.25709431158626,-0.8660254037844385,-0.5000000000000004,32,972.795
Potato,Punjab,Ludhiana,972.795,679.4,1182.49,160.42105898748667,4,2022-09-01,2022,9,1070.8125,1006.386,1228.48,2037.8375,1395.73,1101.8928333333333,1450.6470833333333,114.26253344418515,-9.153563298896868,-20.81311865069029,-1.0,-1.8369701987210297e-16,33,1163.338
Potato,Punjab,Ludhiana,1163.338,1001.53,1293.12,43.40929474202501,5,2022-10-01,2022,10,972.795,1070.8125,1006.386,1755.9825,1540.438,1016.6645,1273.14,49.810573659115285,19.587168930761365,15.595606457164548,-0.8660254037844386,0.5000000000000001,34,1501.87
Potato,Punjab,Ludhiana,1501.87,1337.23,1737.14,71.64102223354061,4,2022-11-01,2022,11,1163.338,972.795,1070.8125,1604.384,1738.755,1068.9818333333333,1174.3659166666666,95.2846903630562,29.10005518602504,40.2551800618689,-0.5000000000000004,0.8660254037844384,35,1656.11
Potato,Punjab,Ludhiana,1656.11,1491.51,1832.6,31.24329474729999,4,2022-12-01,2022,12,1501.87,1163.338,972.795,1228.48,1706.9425,1212.6676666666665,1157.28025,267.96483149162225,10.26986357008263,70.24244573625481,-2.4492935982947064e-16,1.0,36,1837.444
Potato,Punjab,Ludhiana,1837.444,1581.88,2116.81,87.14675972174753,5,2023-01-01,2023,1,1656.11,1501.87,1163.338,1006.386,1939.386,1440.439333333333,1228.5519166666666,252.0641904383357,10.949393458164016,57.94584205106341,0.49999999999999994,0.8660254037844387,37,1788.415
Potato,Punjab,Ludhiana,1788.415,1485.1,2108.26,179.472520923585,4,2023-02-01,2023,2,1837.444,1656.11,1501.87,1070.8125,2050.545,1665.1413333333333,1367.0615833333331,167.96919689435208,-2.6683262183772674,19.079214579157988,0.8660254037844386,0.5000000000000001,38,1721.3575
Potato,Punjab,Ludhiana,1721.3575,1387.34,2062.91,170.65175306746784,4,2023-03-01,2023,3,1788.415,1837.444,1656.11,972.795,2037.8375,1760.6563333333334,1486.662,93.79985378631248,-3.749549181817413,3.9398047231162288,1.0,6.123233995736766e-17,39,1472.16
Potato,Punjab,Ludhiana,1472.16,1116.45,1743.03,160.77493165913654,5,2023-04-01,2023,4,1721.3575,1788.415,1837.444,1163.338,1755.9825,1782.4055,1611.4224166666665,58.27610520831197,-14.476801013153862,-19.880007227431143,0.8660254037844387,-0.4999999999999998,40,1344.295
Potato,Punjab,Ludhiana,1344.295,1095.42,1618.52,127.67411862498469,4,2023-05-01,2023,5,1472.16,1721.3575,1788.415,1501.87,1604.384,1660.6441666666667,1662.89275,166.63999486792952,-8.685536898163242,-24.833162325299213,0.49999999999999994,-0.8660254037844387,41,1164.6325
Potato,Punjab,Ludhiana,1164.6325,853.17,1400.61,162.80299288301387,4,2023-06-01,2023,6,1344.295,1472.16,1721.3575,1656.11,1228.48,1512.6041666666667,1636.63025,191.75721678618402,-13.364812039024182,-32.34220665956956,1.2246467991473532e-16,-1.0,42,949.794
Potato,Punjab,Ludhiana,949.794,693.79,1247.15,158.58256061118448,5,2023-07-01,2023,7,1164.6325,1344.295,1472.16,1837.444,1006.386,1327.0291666666665,1554.7173333333333,154.48906940163621,-18.44689204534477,-35.48296380828172,-0.4999999999999997,-0.8660254037844388,43,1029.8925
Potato,Punjab,Ludhiana,1029.8925,834.35,1263.46,108.68040987991655,4,2023-08-01,2023,8,949.794,1164.6325,1344.295,1788.415,1070.8125,1152.9071666666666,1406.7756666666667,197.51170175861364,8.433249736258594,-23.38790964780797,-0.8660254037844385,-0.5000000000000004,44,1069.5925
Potato,Punjab,Ludhiana,1069.5925,826.81,1378.44,160.37317385294415,4,2023-09-01,2023,9,1029.8925,949.794,1164.6325,1721.3575,972.795,1048.1063333333334,1280.35525,108.57118892267641,3.854771250397498,-8.160514153606393,-1.0,-1.8369701987210297e-16,45,1280.274
Potato,Punjab,Ludhiana,1280.274,1058.42,1500.6,111.69732910862284,5,2023-10-01,2023,10,1069.5925,1029.8925,949.794,1472.16,1163.338,1016.4263333333333,1171.72775,61.02395746002945,19.697361378281908,34.794913423331785,-0.8660254037844386,0.5000000000000001,46,1465.9075
Potato,Punjab,Ludhiana,1465.9075,1192.24,1699.79,125.51131406504088,4,2023-11-01,2023,11,1280.274,1069.5925,1029.8925,1344.295,1501.87,1126.5863333333334,1139.74675,134.56948637816637,14.499513385415947,42.335971958238375,-0.5000000000000004,0.8660254037844384,47,1626.298
Potato,Punjab,Ludhiana,1626.298,1349.7,1830.47,92.8613876700106,5,2023-12-01,2023,12,1465.9075,1280.274,1069.5925,1164.6325,1656.11,1271.9246666666668,1160.0154999999997,198.28938027938753,10.941379316225612,52.04837356282884,-2.4492935982947064e-16,1.0,48,1870.8425
Potato,Punjab,Ludhiana,1870.8425,1476.83,2245.31,217.33649814285667,4,2024-01-01,2024,1,1626.298,1465.9075,1280.274,949.794,1837.444,1457.4931666666669,1236.95975,173.1653917446659,15.03688130957549,46.12828972548065,0.49999999999999994,0.8660254037844387,49,1868.1875
Potato,Punjab,Ludhiana,1868.1875,1555.48,2228.66,177.80477465936255,4,2024-02-01,2024,2,1870.8425,1626.298,1465.9075,1029.8925,1788.415,1654.3493333333333,1390.4678333333334,203.91970609184284,-0.14191467213300815,27.442386371582106,0.8660254037844386,0.5000000000000001,50,1643.346
Potato,Punjab,Ludhiana,1643.346,1329.34,1956.01,179.54873385796955,5,2024-03-01,2024,3,1868.1875,1870.8425,1626.298,1069.5925,1721.3575,1788.4426666666668,1530.1836666666666,140.42767516619926,-12.035274831889197,1.0482703661936499,1.0,6.123233995736766e-17,51,1477.885
Potato,Punjab,Ludhiana,1477.885,1193.56,1764.31,158.222666833801,4,2024-04-01,2024,4,1643.346,1868.1875,1870.8425,1280.274,1472.16,1794.1253333333334,1625.80925,130.58548072654773,-10.068543082223707,-21.004306883128855,0.8660254037844387,-0.4999999999999998,52,1228.065
Potato,Punjab,Ludhiana,1228.065,1022.93,1415.31,85.98157496425233,4,2024-05-01,2024,5,1477.885,1643.346,1868.1875,1465.9075,1344.295,1663.1395,1658.7444166666667,195.90264765502832,-16.90388629697168,-34.26436050985246,0.49999999999999994,-0.8660254037844387,53,1154.8200000000002
Potato,Punjab,Ludhiana,1154.8200000000002,992.86,1402.0,86.28409934628753,5,2024-06-01,2024,6,1228.065,1477.885,1643.346,1626.298,1164.6325,1449.7653333333335,1619.104,209.06366011417035,-5.964260849384999,-29.727519341635894,1.2246467991473532e-16,-1.0,54,1036.9675
Potato,Punjab,Ludhiana,1036.9675,862.43,1298.62,115.93959184995153,4,2024-07-01,2024,7,1154.8200000000002,1228.065,1477.885,1870.8425,949.794,1286.9233333333334,1540.5243333333335,169.38410819298585,-10.205270085381287,-29.834357883055855,-0.4999999999999997,-0.8660254037844388,55,920.87
Potato,Punjab,Ludhiana,920.87,500.06,1259.76,265.6032632831657,4,2024-08-01,2024,8,1036.9675,1154.8200000000002,1228.065,1868.1875,1029.8925,1139.9508333333333,1401.5451666666668,96.41256512811476,-11.195866794282363,-25.014555418483553,-0.8660254037844385,-0.5000000000000004,56,885.034
Potato,Punjab,Ludhiana,885.034,643.24,1236.52,195.79775734159983,5,2024-09-01,2024,9,920.87,1036.9675,1154.8200000000002,1643.346,1069.5925,1037.5525000000002,1243.6589166666668,116.97609710427804,-3.891537350548939,-23.361736028125605,-1.0,-1.8369701987210297e-16,57,1000.7625
Potato,Punjab,Ludhiana,1000.7625,848.81,1142.14,60.67054879978146,4,2024-10-01,2024,10,885.034,920.87,1036.9675,1477.885,1280.274,947.6238333333334,1117.2735833333334,79.42148830186115,13.07616430555211,-3.4914305414586213,-0.8660254037844386,0.5000000000000001,58,1278.9425
Potato,Punjab,Ludhiana,1278.9425,1035.1,1479.73,107.96926611309352,4,2024-11-01,2024,11,1000.7625,885.034,920.87,1228.065,1465.9075,935.5555,1037.7531666666666,59.24541636911095,27.796804936236125,38.88415302920066,-0.5000000000000004,0.8660254037844384,59,1603.7959999999998
Potato,Punjab,Ludhiana,1603.7959999999998,1308.6,2035.11,177.78165563409513,5,2024-12-01,2024,12,1278.9425,1000.7625,885.034,1154.8200000000002,1626.298,1054.9130000000002,1046.23275,202.46032717732504,25.400164589103863,81.21292515315794,-2.4492935982947064e-16,1.0,60,1802.1975
Potato,Punjab,Ludhiana,1802.1975,1578.81,2048.11,75.49193880806091,4,2025-01-01,2025,1,1603.7959999999998,1278.9425,1000.7625,1036.9675,1870.8425,1294.5003333333334,1121.0620833333335,301.817635608132,12.370744159481642,80.08243714167946,0.49999999999999994,0.8660254037844387,61,1953.4425
Potato,Punjab,Ludhiana,1953.4425,1763.79,2151.6,41.01085740386317,4,2025-02-01,2025,2,1802.1975,1603.7959999999998,1278.9425,920.87,1868.1875,1561.6453333333336,1248.600416666667,264.1618022757712,8.392254456018284,52.73888388258268,0.8660254037844386,0.5000000000000001,62,2046.768
Potato,Punjab,Ludhiana,2046.768,1732.47,2353.61,106.0020283768193,5,2025-03-01,2025,3,1953.4425,1802.1975,1603.7959999999998,885.034,1643.346,1786.4786666666669,1420.6958333333332,175.3524451827923,4.777488971392806,27.620221025616743,1.0,6.123233995736766e-17,63,2051.3725
Potato,Punjab,Ludhiana,2051.3725,1706.56,2342.94,150.0430452403576,4,2025-04-01,2025,4,2046.768,1953.4425,1802.1975,1000.7625,1477.885,1934.1360000000002,1614.3181666666667,123.42300463953679,0.22496443172845756,13.826176098901477,0.8660254037844387,-0.4999999999999998,64,1882.59
Potato,Punjab,Ludhiana,1882.59,1605.78,2107.64,93.37406242278055,4,2025-05-01,2025,5,2051.3725,2046.768,1953.4425,1278.9425,1228.065,2017.1943333333336,1789.4198333333334,55.25868750779939,-8.227784081145675,-3.6270583853888807,0.49999999999999994,-0.8660254037844387,65,1548.572
Potato,Punjab,Ludhiana,1548.572,1319.0,1793.6,84.99639180577022,5,2025-06-01,2025,6,1882.59,2051.3725,2046.768,1603.7959999999998,1154.8200000000002,1993.5768333333333,1890.02775,96.14498549110395,-17.74247180745675,-24.340618966096798,1.2246467991473532e-16,-1.0,66,1327.635
Potato,Punjab,Ludhiana,1327.635,1189.03,1451.4,23.917465724166213,4,2025-07-01,2025,7,1548.572,1882.59,2051.3725,1802.1975,1036.9675,1827.5114999999998,1880.8237499999998,255.8853582598092,-14.26714418186561,-35.28064746895067,-0.4999999999999997,-0.8660254037844388,67,1299.638
Potato,Punjab,Ludhiana,1299.638,1008.58,1527.54,136.95546820043373,5,2025-08-01,2025,8,1327.635,1548.572,1882.59,1953.4425,920.87,1586.2656666666664,1801.7299999999998,279.3910742782125,-2.1087874302801652,-30.965425291752318,-0.8660254037844385,-0.5000000000000004,68,1458.26
Potato,Punjab,Ludhiana,1458.26,1245.95,1677.89,97.12063460803095,4,2025-09-01,2025,9,1299.638,1327.635,1548.572,2046.768,885.034,1391.948333333333,1692.7625833333334,136.3605064611202,12.205090956097012,-5.831953567544803,-1.0,-1.8369701987210297e-16,69,1607.6575
Potato,Punjab,Ludhiana,1607.6575,1316.45,1886.16,135.93531362992715,4,2025-10-01,2025,10,1458.26,1299.638,1327.635,2051.3725,1000.7625,1361.8443333333332,1594.6779166666668,84.66370879150736,10.244915172877267,21.091828702919102,-0.8660254037844386,0.5000000000000001,70,1875.506
Potato,Punjab,Ludhiana,1875.506,1631.05,2160.76,93.52629619524129,5,2025-11-01,2025,11,1607.6575,1458.26,1299.638,1882.59,1278.9425,1455.1851666666669,1520.7254166666664,154.03276938717752,16.660793732495886,44.30987705807311,-0.5000000000000004,0.8660254037844384,71,2016.2425
Potato,Punjab,Ludhiana,2016.2425,1666.4,2296.15,145.37584127013682,4,2025-12-01,2025,12,1875.506,1607.6575,1458.26,1548.572,1603.7959999999998,1647.141166666667,1519.54475,211.40666044163302,7.503921608355291,38.26358125437165,-2.4492935982947064e-16,1.0,72,2103.475
Potato,Punjab,Ludhiana,2103.475,1873.55,2332.63,59.80860055209451,4,2026-01-01,2026,1,2016.2425,1875.506,1607.6575,1327.635,1802.1975,1833.1353333333334,1597.4898333333333,207.56175129725693,4.3264885052269175,30.84099069609042,0.49999999999999994,0.8660254037844387,73,2160.925
Potato,Punjab,Ludhiana,2160.925,1918.16,2383.11,56.62476166248596,4,2026-02-01,2026,2,2103.475,2016.2425,1875.506,1299.638,1953.4425,1998.4078333333334,1726.7964999999997,115.02618285236052,2.7311948085905597,15.21823977102713,0.8660254037844386,0.5000000000000001,74,2289.514
Potato,Punjab,Ludhiana,2289.514,1985.13,2605.81,118.43768120830455,5,2026-03-01,2026,3,2160.925,2103.475,2016.2425,1458.26,2046.768,2093.5475,1870.3443333333335,72.85034587256007,5.9506461353355595,13.553503608816897,1.0,6.123233995736766e-17,75,2111.19
Potato,Punjab,Ludhiana,2111.19,1859.15,2399.12,99.53399854656014,4,2026-04-01,2026,4,2289.514,2160.925,2103.475,1607.6575,2051.3725,2184.6380000000004,2008.8866666666665,95.25942030582507,-7.788727214596637,0.36677402869062603,0.8660254037844387,-0.4999999999999998,76,1985.716
Potato,Punjab,Ludhiana,1985.716,1711.75,2324.91,110.07599388604214,5,2026-05-01,2026,5,2111.19,2289.514,2160.925,1875.506,1882.59,2187.209666666667,2092.80875,92.0218725104807,-5.9432831720498935,-8.10805557805108,0.49999999999999994,-0.8660254037844387,77,1569.9425
Potato,Punjab,Ludhiana,1569.9425,1312.82,1873.65,148.4195783075804,4,2026-06-01,2026,6,1985.716,2111.19,2289.514,2016.2425,1548.572,2128.806666666667,2111.1770833333335,152.66324511595795,-20.93821573679216,-31.429006330601165,1.2246467991473532e-16,-1.0,78,1579.77
Potato,Punjab,Ludhiana,1579.77,1395.75,1823.65,77.52488847675512,4,2026-07-01,2026,7,1569.9425,1985.716,2111.19,2103.475,1327.635,1888.9495,2036.79375,283.302013239848,0.6259783399710417,-25.171585693376723,-0.4999999999999997,-0.8660254037844388,79,1571.834
Potato,Maharashtra,Nashik,1617.61,1364.94,1912.59,125.74874293606284,5,2021-01-01,2021,1,1413.67,1330.47,1146.2975,932.5525,1622.1425,1296.8125,1093.3914166666666,136.82702188803987,14.426280532231697,41.116071525934586,0.49999999999999994,0.8660254037844387,13,1757.525
Potato,Maharashtra,Nashik,1757.525,1550.02,2029.21,84.10225066350289,4,2021-02-01,2021,2,1617.61,1413.67,1330.47,832.086,1566.03,1453.9166666666667,1207.5676666666666,147.74028067298815,8.649489061022138,32.09805557434591,0.8660254037844386,0.5000000000000001,14,1657.215
Potato,Maharashtra,Nashik,1657.215,1450.88,1918.26,85.4109026998311,4,2021-03-01,2021,3,1757.525,1617.61,1413.67,905.2725,1604.752,1596.2683333333334,1361.8075000000001,172.91808843592165,-5.707457930897151,17.227853742386827,1.0,6.123233995736766e-17,15,1584.725
Potato,Maharashtra,Nashik,1584.725,1361.55,1781.05,78.42119207629185,4,2021-04-01,2021,4,1657.215,1757.525,1617.61,1146.2975,1311.9,1677.4499999999998,1487.1312500000001,72.11895191279349,-4.3742061229230975,-2.032937481840493,0.8660254037844387,-0.4999999999999998,16,1357.33
Potato,Maharashtra,Nashik,1357.33,1104.5,1593.61,117.38514429006769,5,2021-05-01,2021,5,1584.725,1657.215,1757.525,1330.47,1166.482,1666.4883333333335,1560.2025,86.77243821244828,-14.34917730205556,-22.7703731099131,0.49999999999999994,-0.8660254037844387,17,1210.315
Potato,Maharashtra,Nashik,1210.315,1052.38,1361.31,49.29792524369893,4,2021-06-01,2021,6,1357.33,1584.725,1657.215,1413.67,1041.22,1533.09,1564.6791666666668,156.4684735817407,-10.831190646342442,-26.966929456950357,1.2246467991473532e-16,-1.0,18,1132.99
Potato,Maharashtra,Nashik,1132.99,923.03,1387.9,130.46317207038422,4,2021-07-01,2021,7,1210.315,1357.33,1584.725,1617.61,932.5525,1384.1233333333332,1530.7866666666666,188.6375467883668,-6.388832659266392,-28.505576677341487,-0.4999999999999997,-0.8660254037844388,19,1144.008
Potato,Maharashtra,Nashik,1144.008,985.92,1307.74,62.63081765393125,5,2021-08-01,2021,8,1132.99,1210.315,1357.33,1757.525,832.086,1233.545,1450.0166666666667,113.95978928990704,0.9724710721189092,-15.716295963398725,-0.8660254037844385,-0.5000000000000004,20,1281.4525
Potato,Maharashtra,Nashik,1281.4525,1027.79,1521.74,122.42006899061388,4,2021-09-01,2021,9,1144.008,1132.99,1210.315,1657.215,905.2725,1162.4376666666667,1347.7638333333332,41.827363846331174,12.014295354577945,5.877602111846919,-1.0,-1.8369701987210297e-16,21,1334.854
Potato,Maharashtra,Nashik,1334.854,1107.56,1602.24,111.85240556197256,5,2021-10-01,2021,10,1281.4525,1144.008,1132.99,1584.725,1146.2975,1186.1501666666666,1285.1367500000001,82.71789489030395,4.167263320333757,17.816926892558634,-0.8660254037844386,0.5000000000000001,22,1605.58
Potato,Maharashtra,Nashik,1605.58,1407.06,1813.92,69.32854775150945,4,2021-11-01,2021,11,1334.854,1281.4525,1144.008,1357.33,1330.47,1253.4381666666668,1243.4915833333334,98.4588801636671,20.281319155503137,40.34692065090453,-0.5000000000000004,0.8660254037844384,23,1756.3125
Potato,Maharashtra,Nashik,1756.3125,1442.68,2041.87,148.1137118061659,4,2021-12-01,2021,12,1605.58,1334.854,1281.4525,1210.315,1413.67,1407.2955000000002,1284.8665833333334,173.78287388505788,9.388040458899592,37.056387185635046,-2.4492935982947064e-16,1.0,24,2122.362
Potato,Maharashtra,Nashik,2122.362,1749.72,2591.09,204.82822930445897,5,2022-01-01,2022,1,1756.3125,1605.58,1334.854,1132.99,1617.61,1565.5821666666668,1375.8661666666667,213.5572213929635,20.841934450731294,58.995815272681504,0.49999999999999994,0.8660254037844387,25,2198.515
Potato,Maharashtra,Nashik,2198.515,1938.21,2496.41,84.49591962534835,4,2022-02-01,2022,2,2122.362,1756.3125,1605.58,1144.008,1757.525,1828.0848333333333,1540.7614999999998,265.7618478169565,3.5881249287350503,36.929645361800716,0.8660254037844386,0.5000000000000001,26,2277.63
Potato,Maharashtra,Nashik,2277.63,2013.35,2638.75,113.95508618164727,4,2022-03-01,2022,3,2198.515,2122.362,1756.3125,1281.4525,1657.215,2025.7298333333335,1716.5126666666667,236.4087445032077,3.5985653952781873,29.682502402049753,1.0,6.123233995736766e-17,27,2060.4125
Potato,Maharashtra,Nashik,2060.4125,1742.39,2431.53,150.1268488923062,4,2022-04-01,2022,4,2277.63,2198.515,2122.362,1334.854,1584.725,2199.5023333333334,1882.5422500000002,77.63870862097637,-9.536996790523492,-2.918894137757846,0.8660254037844387,-0.4999999999999998,28,1924.036
Potato,Maharashtra,Nashik,1924.036,1708.18,2180.85,63.44699977146277,5,2022-05-01,2022,5,2060.4125,2277.63,2198.515,1605.58,1357.33,2178.8525,2003.4686666666666,109.93553113643269,-6.6188930614622,-12.484745384953017,0.49999999999999994,-0.8660254037844387,29,1781.83
Potato,Maharashtra,Nashik,1781.83,1627.18,1938.78,12.629571119664613,4,2022-06-01,2022,6,1924.036,2060.4125,2277.63,1756.3125,1210.315,2087.3595,2056.5446666666667,178.3305493059154,-7.3910259475394495,-21.768241549329794,1.2246467991473532e-16,-1.0,30,1755.6439999999998
Potato,Maharashtra,Nashik,1755.6439999999998,1515.7,2133.88,128.10921016851202,5,2022-07-01,2022,7,1781.83,1924.036,2060.4125,2122.362,1132.99,1922.0928333333334,2060.7975833333335,139.3014151007909,-1.4696127015484166,-14.79162546334776,-0.4999999999999997,-0.8660254037844388,31,1713.44
Potato,Maharashtra,Nashik,1713.44,1430.07,2030.46,133.24849292456054,4,2022-08-01,2022,8,1755.6439999999998,1781.83,1924.036,2198.515,1144.008,1820.5033333333333,1999.6779166666668,90.61283821475239,-2.4039042083702467,-10.945533243660721,-0.8660254037844385,-0.5000000000000004,32,1642.83
Potato,Maharashtra,Nashik,1642.83,1413.47,1906.48,108.21486619992037,4,2022-09-01,2022,9,1713.44,1755.6439999999998,1781.83,2277.63,1281.4525,1750.3046666666667,1918.8320833333335,34.506222414702044,-4.120949668503136,-7.800968667044556,-1.0,-1.8369701987210297e-16,33,1824.872
Potato,Maharashtra,Nashik,1824.872,1554.44,2160.83,112.85337885947412,5,2022-10-01,2022,10,1642.83,1713.44,1755.6439999999998,2060.4125,1334.854,1703.9713333333332,1813.0320833333333,56.9999244326945,11.081000468703406,3.943168432780239,-0.8660254037844386,0.5000000000000001,34,1973.925
Potato,Maharashtra,Nashik,1973.925,1729.75,2292.03,105.5789627088022,4,2022-11-01,2022,11,1824.872,1642.83,1713.44,1924.036,1605.58,1727.0473333333332,1773.7753333333333,91.78067378992657,8.1678605403557,15.202458212718268,-0.5000000000000004,0.8660254037844384,35,2305.9325
Potato,Maharashtra,Nashik,2305.9325,2008.45,2543.93,82.14366779206618,4,2022-12-01,2022,12,1973.925,1824.872,1642.83,1781.83,1756.3125,1813.8756666666668,1782.0901666666666,165.82118159732482,16.819661334650505,40.36342774358881,-2.4492935982947064e-16,1.0,36,2380.214
Potato,Maharashtra,Nashik,2380.214,2116.53,2751.61,102.75978264866076,5,2023-01-01,2023,1,2305.9325,1973.925,1824.872,1755.6439999999998,2122.362,2034.9098333333332,1869.440583333333,246.2603573204245,3.2213215261071197,30.431833027193132,0.49999999999999994,0.8660254037844387,37,2535.5725
Potato,Maharashtra,Nashik,2535.5725,2088.97,2915.57,184.98008025640664,4,2023-02-01,2023,2,2380.214,2305.9325,1973.925,1713.44,2198.515,2220.023833333333,1973.535583333333,216.33980710119775,6.527081178415061,28.453335359752792,0.8660254037844386,0.5000000000000001,38,2244.9700000000003
Potato,Maharashtra,Nashik,2244.9700000000003,2009.78,2552.68,83.25898870392317,4,2023-03-01,2023,3,2535.5725,2380.214,2305.9325,1642.83,2277.63,2407.239666666667,2110.557666666667,117.18115204282577,-11.46102113033644,-2.6437243934937227,1.0,6.123233995736766e-17,39,2177.116
Potato,Maharashtra,Nashik,2177.116,1932.19,2454.97,67.0966238345864,5,2023-04-01,2023,4,2244.9700000000003,2535.5725,2380.214,1824.872,2060.4125,2386.918833333333,2210.9143333333336,145.4172250597699,-3.0224902782665364,-8.532762180207325,0.8660254037844387,-0.4999999999999998,40,1830.9775
Potato,Maharashtra,Nashik,1830.9775,1523.38,2198.18,160.08929745093312,4,2023-05-01,2023,5,2177.116,2244.9700000000003,2535.5725,1973.925,1924.036,2319.2194999999997,2269.6216666666664,190.41404041128447,-15.898946128731772,-27.788398872444002,0.49999999999999994,-0.8660254037844387,41,1879.06
Potato,Maharashtra,Nashik,1879.06,1649.06,2133.54,90.67551525448684,4,2023-06-01,2023,6,1830.9775,2177.116,2244.9700000000003,2305.9325,1781.83,2084.3545,2245.7970833333334,222.03821613800997,2.6260563005279955,-16.299104219655508,1.2246467991473532e-16,-1.0,42,1715.628
Potato,Maharashtra,Nashik,1715.628,1424.88,2050.21,135.95973437014354,5,2023-07-01,2023,7,1879.06,1830.9775,2177.116,2380.214,1755.6439999999998,1962.3845000000001,2174.651666666667,187.51051842696506,-8.697540259491449,-21.19721686855455,-0.4999999999999997,-0.8660254037844388,43,1489.8775
Potato,Maharashtra,Nashik,1489.8775,1328.56,1669.52,50.70350505635683,4,2023-08-01,2023,8,1715.628,1879.06,1830.9775,2535.5725,1713.44,1808.5551666666668,2063.887333333333,83.99151998911591,-13.1584760798961,-18.62939331586543,-0.8660254037844385,-0.5000000000000004,44,1357.7375
Potato,Maharashtra,Nashik,1357.7375,1045.87,1688.43,182.85002021237688,4,2023-09-01,2023,9,1489.8775,1715.628,1879.06,2244.9700000000003,1642.83,1694.8551666666665,1889.604833333333,195.4210519112045,-8.869185553845876,-27.74379210882037,-1.0,-1.8369701987210297e-16,45,1595.032
Potato,Maharashtra,Nashik,1595.032,1320.03,2073.94,200.40226825063627,5,2023-10-01,2023,10,1357.7375,1489.8775,1715.628,2177.116,1824.872,1521.0810000000001,1741.73275,180.9741592237626,17.477200121525698,-7.0292627539303405,-0.8660254037844386,0.5000000000000001,46,1907.5275
Potato,Maharashtra,Nashik,1907.5275,1709.78,2159.69,63.88811385278694,4,2023-11-01,2023,11,1595.032,1357.7375,1489.8775,1830.9775,1973.925,1480.8823333333332,1644.71875,118.90271107119872,19.591801293014814,28.03250602818016,-0.5000000000000004,0.8660254037844384,47,2138.9
Potato,Maharashtra,Nashik,2138.9,1891.71,2534.85,123.07623633342044,5,2023-12-01,2023,12,1907.5275,1595.032,1357.7375,1879.06,2305.9325,1620.099,1657.4770833333332,275.75084205084147,12.129445053872104,57.534133070641424,-2.4492935982947064e-16,1.0,48,2194.6075
Potato,Maharashtra,Nashik,2194.6075,1923.97,2505.61,105.95914947909569,4,2024-01-01,2024,1,2138.9,1907.5275,1595.032,1715.628,2380.214,1880.4865,1700.7837499999998,272.9404918965836,2.604492963672915,37.59018627839443,0.49999999999999994,0.8660254037844387,49,2410.7225
Potato,Maharashtra,Nashik,2410.7225,2111.78,2719.44,95.8205327248116,4,2024-02-01,2024,2,2194.6075,2138.9,1907.5275,1489.8775,2535.5725,2080.345,1780.6136666666669,152.23418676089048,9.847546770891825,26.3794362073417,0.8660254037844386,0.5000000000000001,50,2148.522
Potato,Maharashtra,Nashik,2148.522,1899.31,2417.56,61.84417773727773,5,2024-03-01,2024,3,2410.7225,2194.6075,2138.9,1357.7375,2244.9700000000003,2248.0766666666664,1934.087833333333,143.58301332185331,-10.876428124763423,0.44985740333815716,1.0,6.123233995736766e-17,51,2054.4175
Potato,Maharashtra,Nashik,2054.4175,1823.77,2275.94,52.92852688610684,4,2024-04-01,2024,4,2148.522,2410.7225,2194.6075,1595.032,2177.116,2251.284,2065.88525,139.98730224291847,-4.379964459288754,-6.387930415803283,0.8660254037844387,-0.4999999999999998,52,1682.36
Potato,Maharashtra,Nashik,1682.36,1376.34,1964.88,146.3888035336037,4,2024-05-01,2024,5,2054.4175,2148.522,2410.7225,1907.5275,1830.9775,2204.554,2142.4495,184.6429040722931,-18.110121238745293,-30.21345260601334,0.49999999999999994,-0.8660254037844387,53,1367.026
Potato,Maharashtra,Nashik,1367.026,1054.66,1707.26,169.47079049204908,5,2024-06-01,2024,6,1682.36,2054.4175,2148.522,2138.9,1879.06,1961.7665,2104.9215833333333,246.50539225694286,-18.74355072636058,-36.3736559364996,1.2246467991473532e-16,-1.0,54,1209.82
Potato,Maharashtra,Nashik,1209.82,920.95,1518.98,188.38986296153703,4,2024-07-01,2024,7,1367.026,1682.36,2054.4175,2194.6075,1715.628,1701.2678333333333,1976.2759166666665,344.0855971834359,-11.499854428518558,-41.11128823620321,-0.4999999999999997,-0.8660254037844388,55,1133.44
Potato,Maharashtra,Nashik,1133.44,838.18,1387.67,161.63156766754037,4,2024-08-01,2024,8,1209.82,1367.026,1682.36,2410.7225,1489.8775,1419.7353333333333,1812.1446666666664,240.63918688636466,-6.313335868145666,-32.627974987517526,-0.8660254037844385,-0.5000000000000004,56,1320.566
Potato,Maharashtra,Nashik,1320.566,1069.39,1568.05,124.26753671011586,5,2024-09-01,2024,9,1133.44,1209.82,1367.026,2148.522,1357.7375,1236.762,1599.26425,119.1008327930449,16.509563805759456,-3.3986186071076943,-1.0,-1.8369701987210297e-16,57,1531.195
Potato,Maharashtra,Nashik,1531.195,1396.6,1682.48,18.027017686424607,4,2024-10-01,2024,10,1320.566,1133.44,1209.82,2054.4175,1595.032,1221.2753333333333,1461.2715833333332,94.0874777286017,15.94990329903995,26.56386900530658,-0.8660254037844386,0.5000000000000001,58,1870.1575
Potato,Maharashtra,Nashik,1870.1575,1604.65,2206.0,146.87107279856025,4,2024-11-01,2024,11,1531.195,1320.566,1133.44,1682.36,1907.5275,1328.4003333333333,1374.0678333333335,198.99319734687015,22.137121659880034,64.99836780067758,-0.5000000000000004,0.8660254037844384,59,2039.432
Potato,Maharashtra,Nashik,2039.432,1714.76,2353.15,121.3088431236568,5,2024-12-01,2024,12,1870.1575,1531.195,1320.566,1367.026,2138.9,1573.9728333333333,1405.3674166666667,277.2817366625166,9.051349953145657,54.43620387015871,-2.4492935982947064e-16,1.0,60,2200.6875
Potato,Maharashtra,Nashik,2200.6875,1986.13,2442.3,44.59967591436811,4,2025-01-01,2025,1,2039.432,1870.1575,1531.195,1209.82,2194.6075,1813.5948333333333,1517.4350833333335,258.79666436718594,7.906882896806561,43.723529661473556,0.49999999999999994,0.8660254037844387,61,2504.175
Potato,Maharashtra,Nashik,2504.175,2200.85,2887.48,119.92291482448238,4,2025-02-01,2025,2,2200.6875,2039.432,1870.1575,1133.44,2410.7225,2036.759,1682.5796666666665,165.28121164170213,13.790576808383753,33.901823776874416,0.8660254037844386,0.5000000000000001,62,2309.6940000000004
Potato,Maharashtra,Nashik,2309.6940000000004,2032.51,2620.76,104.40841790775292,5,2025-03-01,2025,3,2504.175,2200.6875,2039.432,1320.566,2148.522,2248.0981666666667,1911.0355,235.97106283945735,-7.76627032855131,13.2518269792766,1.0,6.123233995736766e-17,63,2231.195
Potato,Maharashtra,Nashik,2231.195,1869.47,2575.99,154.8002951116912,4,2025-04-01,2025,4,2309.6940000000004,2504.175,2200.6875,1531.195,2054.4175,2338.1855,2075.8901666666666,153.7367550173023,-3.39867532235873,1.3862713356621585,0.8660254037844387,-0.4999999999999998,64,2100.7075
Potato,Maharashtra,Nashik,2100.7075,1768.56,2445.67,171.736224168539,4,2025-05-01,2025,5,2231.195,2309.6940000000004,2504.175,1870.1575,1682.36,2348.3546666666666,2192.5568333333335,140.53649156120753,-5.848323432062199,-16.111793305180356,0.49999999999999994,-0.8660254037844387,65,1788.2580000000005
Potato,Maharashtra,Nashik,1788.2580000000005,1430.2,2162.32,199.4527870700232,5,2025-06-01,2025,6,2100.7075,2231.195,2309.6940000000004,2039.432,1367.026,2213.8655000000003,2230.9818333333333,105.56549139396651,-14.87353665372259,-22.575977597032328,1.2246467991473532e-16,-1.0,66,1727.84
Potato,Maharashtra,Nashik,1727.84,1410.27,2077.74,184.2028112344289,4,2025-07-01,2025,7,1788.2580000000005,2100.7075,2231.195,2200.6875,1209.82,2040.0535000000002,2189.1195000000002,227.6125595815153,-3.3785952586260235,-22.559883829069186,-0.4999999999999997,-0.8660254037844388,67,1671.3739999999998
Potato,Maharashtra,Nashik,1671.3739999999998,1455.21,1940.29,109.1480692912156,5,2025-08-01,2025,8,1727.84,1788.2580000000005,2100.7075,2504.175,1133.44,1872.2685000000001,2110.3115833333336,200.12712515235998,-3.268010926937687,-20.437566867353034,-0.8660254037844385,-0.5000000000000004,68,1493.66
Potato,Maharashtra,Nashik,1493.66,1268.65,1714.87,99.57116349626516,4,2025-09-01,2025,9,1671.3739999999998,1727.84,1788.2580000000005,2309.6940000000004,1320.566,1729.1573333333333,1971.511416666667,58.4531341275324,-10.632808695121483,-16.474021086442804,-1.0,-1.8369701987210297e-16,69,1545.3325
Potato,Maharashtra,Nashik,1545.3325,1334.67,1879.98,132.45623336911464,4,2025-10-01,2025,10,1493.66,1671.3739999999998,1727.84,2231.195,1531.195,1630.9579999999999,1835.5057500000003,122.20948364180909,3.459455297725044,-10.562754653208627,-0.8660254037844386,0.5000000000000001,70,1791.566
Potato,Maharashtra,Nashik,1791.566,1410.66,2132.48,162.6250430591795,5,2025-11-01,2025,11,1545.3325,1493.66,1671.3739999999998,2100.7075,1870.1575,1570.1221666666668,1721.1953333333333,91.41368677107798,15.934014200827335,7.191209148879918,-0.5000000000000004,0.8660254037844384,71,2025.28
Potato,Maharashtra,Nashik,2025.28,1756.23,2359.38,118.19898843334776,4,2025-12-01,2025,12,1791.566,1545.3325,1493.66,1788.2580000000005,2039.432,1610.1861666666666,1669.6717500000002,159.1901214557012,13.045235285777915,35.59176787220652,-2.4492935982947064e-16,1.0,72,2158.31
Potato,Maharashtra,Nashik,2158.31,1936.33,2412.67,54.28054347553989,4,2026-01-01,2026,1,2025.28,1791.566,1545.3325,1727.84,2200.6875,1787.3928333333333,1709.1754166666667,240.00096287115477,6.568474482540684,39.66638247755741,0.49999999999999994,0.8660254037844387,73,2354.6975
Potato,Maharashtra,Nashik,2354.6975,2011.81,2677.29,122.06584626749628,4,2026-02-01,2026,2,2158.31,2025.28,1791.566,1671.3739999999998,2504.175,1991.7186666666666,1780.9204166666666,185.6611502316302,9.099133118041443,31.432361408957316,0.8660254037844386,0.5000000000000001,74,2060.036
Potato,Maharashtra,Nashik,2060.036,1807.69,2275.19,59.16763329726797,5,2026-03-01,2026,3,2354.6975,2158.31,2025.28,1493.66,2309.6940000000004,2179.429166666667,1894.8076666666666,165.7211112896679,-12.513773000565894,1.7161083899510234,1.0,6.123233995736766e-17,75,1871.795
Potato,Maharashtra,Nashik,1871.795,1615.63,2148.37,98.51733333107768,4,2026-04-01,2026,4,2060.036,2354.6975,2158.31,1545.3325,2231.195,2191.0145,1989.2036666666665,150.02845775301824,-9.137752932473024,-13.274969768012932,0.8660254037844387,-0.4999999999999998,76,1637.97
Potato,Maharashtra,Nashik,1637.97,1409.46,1960.26,108.7650766560664,5,2026-05-01,2026,5,1871.795,2060.036,2354.6975,1791.566,2100.7075,2095.5095,2043.6140833333332,243.397787640416,-12.492019692327421,-30.43819853717941,0.49999999999999994,-0.8660254037844387,77,1410.655
Potato,Maharashtra,Nashik,1410.655,1152.13,1678.4,154.37918350606725,4,2026-06-01,2026,6,1637.97,1871.795,2060.036,2025.28,1788.2580000000005,1856.6003333333335,2018.01475,211.44286582983122,-13.877848800649586,-31.522798630703548,1.2246467991473532e-16,-1.0,78,1319.54
Potato,Maharashtra,Nashik,1319.54,1172.72,1487.76,42.685276930888776,4,2026-07-01,2026,7,1410.655,1637.97,1871.795,2158.31,1727.84,1640.14,1915.57725,230.5776584472102,-6.4590562540096625,-29.50403222575122,-0.4999999999999997,-0.8660254037844388,79,1171.896
Potato,Maharashtra,Pune,1104.37,954.71,1281.86,69.7274562134602,5,2021-01-01,2021,1,803.075,642.498,601.7025,486.81000000000006,1438.2275,682.4251666666667,549.1152500000001,106.45823085879057,37.51766646950781,83.5408694496034,0.49999999999999994,0.8660254037844387,13,1118.035
Potato,Maharashtra,Pune,1118.035,998.54,1274.23,42.33408437653985,4,2021-02-01,2021,2,1104.37,803.075,642.498,416.206,1584.5475,849.9810000000001,652.0419166666667,234.48148268680006,1.2373570451932043,74.01377124909338,0.8660254037844386,0.5000000000000001,14,1010.47
Potato,Maharashtra,Pune,1010.47,895.68,1184.76,58.44830707556891,4,2021-03-01,2021,3,1118.035,1104.37,803.075,344.4,1582.418,1008.4933333333333,769.0134166666667,178.0286544585827,-9.620897377989065,25.825109734458174,1.0,6.123233995736766e-17,15,799.825
Potato,Maharashtra,Pune,799.825,666.64,943.54,81.15782710250438,4,2021-04-01,2021,4,1010.47,1118.035,1104.37,601.7025,1341.64,1077.625,880.0250833333334,58.55790787758808,-20.846239868576006,-27.576355750337285,0.8660254037844387,-0.4999999999999998,16,718.604
Potato,Maharashtra,Pune,718.604,536.54,887.0,86.93389603601112,5,2021-05-01,2021,5,799.825,1010.47,1118.035,642.498,955.264,976.11,913.0455000000001,161.86370261735672,-10.154846372644016,-35.72616241888671,0.49999999999999994,-0.8660254037844387,17,622.5575
Potato,Maharashtra,Pune,622.5575,492.79,777.83,77.3259690638706,4,2021-06-01,2021,6,718.604,799.825,1010.47,803.075,608.9200000000001,842.9663333333334,925.7298333333333,150.63970748223528,-13.365706286076898,-38.38931388363831,1.2246467991473532e-16,-1.0,18,434.67
Potato,Maharashtra,Pune,434.67,203.91,660.0,186.64685960390548,4,2021-07-01,2021,7,622.5575,718.604,799.825,1104.37,486.81000000000006,713.6621666666666,895.6435833333334,88.73701553795591,-30.179943218096316,-45.654361891663804,-0.4999999999999997,-0.8660254037844388,19,365.31
Potato,Maharashtra,Pune,365.31,220.91,561.77,114.727372496715,5,2021-08-01,2021,8,434.67,622.5575,718.604,1118.035,416.206,591.9438333333334,784.0269166666667,144.42135066908713,-15.956932845607014,-49.16393451748112,-0.8660254037844385,-0.5000000000000004,20,298.0225
Potato,Maharashtra,Pune,298.0225,184.0,487.5,121.87395138010416,4,2021-09-01,2021,9,365.31,434.67,622.5575,1010.47,344.4,474.1791666666666,658.57275,133.096956208936,-18.419287728230824,-52.12932138798425,-1.0,-1.8369701987210297e-16,21,500.158
Potato,Maharashtra,Pune,500.158,301.33,748.74,171.7686088026564,5,2021-10-01,2021,10,298.0225,365.31,434.67,799.825,601.7025,366.00083333333333,539.8315,68.32636937583787,67.82558363881923,15.06614213081188,-0.8660254037844386,0.5000000000000001,22,622.885
Potato,Maharashtra,Pune,622.885,459.98,817.76,105.37312639694554,4,2021-11-01,2021,11,500.158,298.0225,365.31,718.604,642.498,387.8301666666666,489.88699999999994,102.93230066448255,24.537646103831186,70.5086091264953,-0.5000000000000004,0.8660254037844384,23,1078.405
Potato,Maharashtra,Pune,1078.405,889.9,1247.51,87.37707346133004,4,2021-12-01,2021,12,622.885,500.158,298.0225,622.5575,803.075,473.6885,473.9338333333333,164.04080833515206,73.13067420149787,261.8535513258227,-2.4492935982947064e-16,1.0,24,1114.03
Potato,Maharashtra,Pune,1114.03,831.85,1380.27,158.22212771922895,5,2022-01-01,2022,1,1078.405,622.885,500.158,434.67,1104.37,733.8159999999999,549.9084166666667,304.6664788305403,3.3034898762524287,122.73561554548762,0.49999999999999994,0.8660254037844387,25,1283.85
Potato,Maharashtra,Pune,1283.85,1047.41,1474.75,99.71112007527874,4,2022-02-01,2022,2,1114.03,1078.405,622.885,365.31,1118.035,938.4399999999999,663.1350833333333,273.8585468357708,15.243754656517325,106.11348804353933,0.8660254037844386,0.5000000000000001,26,1228.9125
Potato,Maharashtra,Pune,1228.9125,999.07,1428.07,102.64605833477805,4,2022-03-01,2022,3,1283.85,1114.03,1078.405,298.0225,1010.47,1158.7616666666665,816.2250833333334,109.78435001553463,-4.279121392686061,13.956491299650867,1.0,6.123233995736766e-17,27,1217.03
Potato,Maharashtra,Pune,1217.03,1000.68,1407.04,91.41448572299689,4,2022-04-01,2022,4,1228.9125,1283.85,1114.03,500.158,799.825,1208.930833333333,971.3734166666667,86.65540001686816,-0.9669118021014463,9.245711515847868,0.8660254037844387,-0.4999999999999998,28,1141.602
Potato,Maharashtra,Pune,1141.602,1009.67,1357.61,66.03088042726677,5,2022-05-01,2022,5,1217.03,1228.9125,1283.85,622.885,718.604,1243.2641666666666,1090.8520833333332,35.646961330293664,-6.197710820604248,-11.07979904194414,0.49999999999999994,-0.8660254037844387,29,786.4075
Potato,Maharashtra,Pune,786.4075,557.77,973.68,137.0129649278977,4,2022-06-01,2022,6,1141.602,1217.03,1228.9125,1078.405,622.5575,1195.8481666666667,1177.3049166666667,47.35275493657589,-31.1136893593389,-36.00785247118895,1.2246467991473532e-16,-1.0,30,717.174
Potato,Maharashtra,Pune,717.174,561.02,859.86,77.22581388370084,5,2022-07-01,2022,7,786.4075,1141.602,1217.03,1114.03,434.67,1048.3464999999999,1128.6386666666665,229.95950858085868,-8.803769038316654,-41.0717895203898,-0.4999999999999997,-0.8660254037844388,31,450.8375
Potato,Maharashtra,Pune,450.8375,315.1,606.25,94.95225480032936,4,2022-08-01,2022,8,717.174,786.4075,1141.602,1283.85,365.31,881.7278333333334,1062.4959999999999,227.7043176052736,-37.136943057054495,-60.508347042139036,-0.8660254037844385,-0.5000000000000004,32,440.0875
Potato,Maharashtra,Pune,440.0875,270.63,569.44,107.0098111934913,4,2022-09-01,2022,9,450.8375,717.174,786.4075,1228.9125,298.0225,651.473,923.6605833333334,177.17017885566943,-2.3844511603404777,-44.038237173475586,-1.0,-1.8369701987210297e-16,33,466.538
Potato,Maharashtra,Pune,466.538,331.14,678.44,109.03831285378553,5,2022-10-01,2022,10,440.0875,450.8375,717.174,1217.03,500.158,536.033,792.18975,156.96476367564117,6.010282046184005,-34.94772537766288,-0.8660254037844386,0.5000000000000001,34,740.1725
Potato,Maharashtra,Pune,740.1725,553.82,919.28,103.20356336709828,4,2022-11-01,2022,11,466.538,440.0875,450.8375,1141.602,622.885,452.48766666666666,667.10775,13.3022375968554,58.652135517364066,64.17722571880114,-0.5000000000000004,0.8660254037844384,35,922.7225
Potato,Maharashtra,Pune,922.7225,661.35,1219.75,168.10118111324107,4,2022-12-01,2022,12,740.1725,466.538,440.0875,786.4075,1078.405,548.9326666666667,600.2028333333334,166.14575717599055,24.663169734082253,109.66796375720737,-2.4492935982947064e-16,1.0,36,1120.886
Potato,Maharashtra,Pune,1120.886,937.05,1273.64,63.16308360110362,5,2023-01-01,2023,1,922.7225,740.1725,466.538,717.174,1114.03,709.811,622.922,229.60278748688987,21.475958373183705,140.2560991816315,0.49999999999999994,0.8660254037844387,37,1260.1125
Potato,Maharashtra,Pune,1260.1125,1001.34,1526.58,176.57791526216783,4,2023-02-01,2023,2,1120.886,922.7225,740.1725,450.8375,1283.85,927.927,690.2073333333334,190.41010316091413,12.421111513570514,70.24578729958219,0.8660254037844386,0.5000000000000001,38,1304.72
Potato,Maharashtra,Pune,1304.72,1031.45,1566.8,156.87458876440112,4,2023-03-01,2023,3,1260.1125,1120.886,922.7225,440.0875,1228.9125,1101.2403333333332,825.0865,169.55078056170467,3.539961709767983,41.398957974905784,1.0,6.123233995736766e-17,39,1233.382
Potato,Maharashtra,Pune,1233.382,1004.53,1459.82,93.81263251822752,5,2023-04-01,2023,4,1304.72,1260.1125,1120.886,466.538,1217.03,1228.5728333333334,969.1919166666667,95.88950838899623,-5.46768655343675,10.036346247522058,0.8660254037844387,-0.4999999999999998,40,1015.505
Potato,Maharashtra,Pune,1015.505,856.64,1199.63,82.53415232496181,4,2023-05-01,2023,5,1233.382,1304.72,1260.1125,740.1725,1141.602,1266.0715,1096.99925,36.04039153158657,-17.665005651128364,-19.411560475751173,0.49999999999999994,-0.8660254037844387,41,841.0525
Potato,Maharashtra,Pune,841.0525,586.01,1002.66,137.18167185038482,4,2023-06-01,2023,6,1015.505,1233.382,1304.72,922.7225,786.4075,1184.5356666666667,1142.8880000000001,150.66785412400793,-17.178891290540175,-35.53770157581703,1.2246467991473532e-16,-1.0,42,842.324
Potato,Maharashtra,Pune,842.324,549.28,1119.22,165.907276000783,5,2023-07-01,2023,7,841.0525,1015.505,1233.382,1120.886,717.174,1029.9798333333333,1129.2763333333332,196.5648741321379,0.15117962315074818,-31.70615429769529,-0.4999999999999997,-0.8660254037844388,43,864.49
Potato,Maharashtra,Pune,864.49,609.23,1067.53,140.78640014812035,4,2023-08-01,2023,8,842.324,841.0525,1015.505,1260.1125,450.8375,899.6271666666667,1082.8493333333333,100.35516116066526,2.6315289603525547,-14.870926287906016,-0.8660254037844385,-0.5000000000000004,44,957.05
Potato,Maharashtra,Pune,957.05,817.56,1149.14,75.26845598699806,4,2023-09-01,2023,9,864.49,842.324,841.0525,1304.72,440.0875,849.2888333333334,1016.91225,13.179938508318775,10.706890767967234,13.791945211505816,-1.0,-1.8369701987210297e-16,45,1108.002
Potato,Maharashtra,Pune,1108.002,846.75,1327.42,128.97102841336113,5,2023-10-01,2023,10,957.05,864.49,842.324,1233.382,466.538,887.9546666666666,958.96725,60.856032612495255,15.772634658586282,31.54106970714357,-0.8660254037844386,0.5000000000000001,46,1287.4975
Potato,Maharashtra,Pune,1287.4975,1144.81,1424.82,37.55597278285666,4,2023-11-01,2023,11,1108.002,957.05,864.49,1015.505,740.1725,976.514,938.0705833333333,122.91728522872526,16.19992563190319,48.93145091325521,-0.5000000000000004,0.8660254037844384,47,1385.762
Potato,Maharashtra,Pune,1385.762,1187.78,1581.52,65.62669936847354,5,2023-12-01,2023,12,1287.4975,1108.002,957.05,841.0525,922.7225,1117.5165,983.4026666666665,165.42908404131936,7.632208994580572,44.79515176845515,-2.4492935982947064e-16,1.0,48,1721.5975
Potato,Maharashtra,Pune,1721.5975,1508.26,1975.17,86.74515101721819,4,2024-01-01,2024,1,1385.762,1287.4975,1108.002,842.324,1120.886,1260.4205,1074.1875833333334,140.84575729055533,24.234717072628644,55.37855527336595,0.49999999999999994,0.8660254037844387,49,1752.3675
Potato,Maharashtra,Pune,1752.3675,1471.64,2045.27,122.75532693804644,4,2024-02-01,2024,2,1721.5975,1385.762,1287.4975,864.49,1260.1125,1464.9523333333334,1220.7331666666666,227.6269627484484,1.7872934875892872,36.106477876656086,0.8660254037844386,0.5000000000000001,50,1630.79
Potato,Maharashtra,Pune,1630.79,1380.56,1822.18,76.59580634734512,5,2024-03-01,2024,3,1752.3675,1721.5975,1385.762,957.05,1304.72,1619.9089999999999,1368.71275,203.360053677585,-6.937899727083509,17.681824151621996,1.0,6.123233995736766e-17,51,1521.325
Potato,Maharashtra,Pune,1521.325,1323.78,1799.21,99.7705596188909,4,2024-04-01,2024,4,1630.79,1752.3675,1721.5975,1108.002,1233.382,1701.585,1481.0027499999999,63.211132277078036,-6.712390927096679,-11.632945563640748,0.8660254037844387,-0.4999999999999998,52,1379.8825
Potato,Maharashtra,Pune,1379.8825,993.18,1667.71,208.1766519689468,4,2024-05-01,2024,5,1521.325,1630.79,1752.3675,1287.4975,1015.505,1634.8275,1549.8899166666667,115.57415479357924,-9.297323057203432,-21.256100675229376,0.49999999999999994,-0.8660254037844387,53,1015.522
Potato,Maharashtra,Pune,1015.522,798.47,1273.75,138.78494972438486,5,2024-06-01,2024,6,1379.8825,1521.325,1630.79,1385.762,841.0525,1510.6658333333332,1565.2874166666668,125.79291221918473,-26.405183050006066,-37.72821761232286,1.2246467991473532e-16,-1.0,54,801.4875000000001
Potato,Maharashtra,Pune,801.4875000000001,581.98,1122.34,192.442501780835,4,2024-07-01,2024,7,1015.522,1379.8825,1521.325,1721.5975,842.324,1305.5765,1503.58075,260.9601596589987,-21.076303615283564,-47.31648398599904,-0.4999999999999997,-0.8660254037844388,55,939.865
Potato,Maharashtra,Pune,939.865,775.91,1135.08,86.42070334512827,4,2024-08-01,2024,8,801.4875000000001,1015.522,1379.8825,1752.3675,864.49,1065.6306666666667,1350.2290833333334,292.4352113931961,17.26508523214647,-31.888041191913075,-0.8660254037844385,-0.5000000000000004,56,883.534
Potato,Maharashtra,Pune,883.534,724.79,1028.02,71.39928031850181,5,2024-09-01,2024,9,939.865,801.4875000000001,1015.522,1630.79,957.05,918.9581666666667,1214.812,108.53807423012084,-5.993520346007141,-12.997059640263831,-1.0,-1.8369701987210297e-16,57,909.6925
Potato,Maharashtra,Pune,909.6925,662.78,1172.11,165.95133952959418,4,2024-10-01,2024,10,883.534,939.865,801.4875000000001,1521.325,1108.002,874.9621666666667,1090.2693333333334,69.58584893197168,2.960667048466726,13.500522466039696,-0.8660254037844386,0.5000000000000001,58,1228.5725
Potato,Maharashtra,Pune,1228.5725,1065.16,1399.22,68.41349349117218,4,2024-11-01,2024,11,909.6925,883.534,939.865,1379.8825,1287.4975,911.0305,988.3305833333334,28.189325519598345,35.053603278030764,30.71797545392157,-0.5000000000000004,0.8660254037844384,59,1244.566
Potato,Maharashtra,Pune,1244.566,1054.38,1433.83,78.23441141850562,5,2024-12-01,2024,12,1228.5725,909.6925,883.534,1015.522,1385.762,1007.2663333333334,963.1122500000001,192.10252818243507,1.3017953763412449,40.86226449689543,-2.4492935982947064e-16,1.0,60,1476.3325
Potato,Maharashtra,Pune,1476.3325,1262.04,1779.75,124.35672113587862,4,2025-01-01,2025,1,1244.566,1228.5725,909.6925,801.4875000000001,1721.5975,1127.6103333333333,1001.2862500000001,188.8917271192239,18.62227475280539,62.289180135045626,0.49999999999999994,0.8660254037844387,61,1464.7375
Potato,Maharashtra,Pune,1464.7375,1239.06,1653.8,81.0116108447837,4,2025-02-01,2025,2,1476.3325,1244.566,1228.5725,939.865,1752.3675,1316.4903333333332,1113.7604166666667,138.6581649023364,-0.785392179607238,19.2227157941432,0.8660254037844386,0.5000000000000001,62,1396.33
Potato,Maharashtra,Pune,1396.33,1084.3,1738.09,191.83043645365555,5,2025-03-01,2025,3,1464.7375,1476.3325,1244.566,883.534,1630.79,1395.2120000000002,1201.2391666666667,130.59201351250493,-4.670290751755863,12.194130323341621,1.0,6.123233995736766e-17,63,1099.4575
Potato,Maharashtra,Pune,1099.4575,999.03,1209.23,14.438389510837649,4,2025-04-01,2025,4,1396.33,1464.7375,1476.3325,909.6925,1521.325,1445.8,1286.7051666666666,43.23276166578239,-21.26091253500247,-25.527785915435718,0.8660254037844387,-0.4999999999999998,64,1008.2425
Potato,Maharashtra,Pune,1008.2425,809.39,1285.76,145.5761863252366,4,2025-05-01,2025,5,1099.4575,1396.33,1464.7375,1228.5725,1379.8825,1320.175,1318.3326666666665,194.18305183189946,-8.29636434332387,-31.165652548664863,0.49999999999999994,-0.8660254037844387,65,691.598
Potato,Maharashtra,Pune,691.598,475.93,945.82,166.9515347937838,5,2025-06-01,2025,6,1008.2425,1099.4575,1396.33,1244.566,1015.522,1168.01,1281.6109999999999,202.92254891029225,-31.405589429130394,-50.47030429769467,1.2246467991473532e-16,-1.0,66,661.6175000000001
Potato,Maharashtra,Pune,661.6175000000001,457.12,948.54,166.84748632109105,4,2025-07-01,2025,7,691.598,1008.2425,1099.4575,1476.3325,801.4875000000001,933.0993333333332,1189.4496666666666,214.06124020378618,-4.3349604828238215,-39.82327647953649,-0.4999999999999997,-0.8660254037844388,67,600.12
Potato,Maharashtra,Pune,600.12,424.88,817.36,132.11890061607386,5,2025-08-01,2025,8,661.6175000000001,691.598,1008.2425,1464.7375,939.865,787.1526666666667,1053.6638333333333,192.05531338024178,-9.295023181823343,-40.478605097483985,-0.8660254037844385,-0.5000000000000004,68,650.5425
Potato,Maharashtra,Pune,650.5425,458.62,985.74,181.99700883531028,4,2025-09-01,2025,9,600.12,661.6175000000001,691.598,1396.33,883.534,651.1118333333334,909.5609166666667,46.63510367826726,8.402069586082787,-5.936324280868358,-1.0,-1.8369701987210297e-16,69,866.7075
Potato,Maharashtra,Pune,866.7075,618.03,1204.35,192.50336938609675,4,2025-10-01,2025,10,650.5425,600.12,661.6175000000001,1099.4575,909.6925,637.4266666666667,785.2629999999999,32.779634524849754,33.228420894868506,30.998273171432118,-0.8660254037844386,0.5000000000000001,70,1087.736
Potato,Maharashtra,Pune,1087.736,827.7,1258.47,106.85831778574848,5,2025-11-01,2025,11,866.7075,650.5425,600.12,1008.2425,1228.5725,705.79,746.4713333333333,141.62075582784277,25.502086920904706,81.25308271678999,-0.5000000000000004,0.8660254037844384,71,1308.325
Potato,Maharashtra,Pune,1308.325,1074.07,1474.22,94.87340213849892,4,2025-12-01,2025,12,1087.736,866.7075,650.5425,691.598,1244.566,868.3286666666667,759.72025,218.6012585658715,20.279645060933895,101.11291729594916,-2.4492935982947064e-16,1.0,72,1461.4875
Potato,Maharashtra,Pune,1461.4875,1222.87,1693.94,103.62241886612487,4,2026-01-01,2026,1,1308.325,1087.736,866.7075,661.6175000000001,1476.3325,1087.5895,862.5080833333335,220.8087864493846,11.706762463455174,68.62522823443895,0.49999999999999994,0.8660254037844387,73,1679.67
Potato,Maharashtra,Pune,1679.67,1515.82,1886.64,45.56471953898833,4,2026-02-01,2026,2,1461.4875,1308.325,1087.736,600.12,1464.7375,1285.8495,995.81975,187.88668663119842,14.928796859364185,54.418903116197306,0.8660254037844386,0.5000000000000001,74,1515.33
Potato,Maharashtra,Pune,1515.33,1285.77,1771.48,95.1245441513388,5,2026-03-01,2026,3,1679.67,1461.4875,1308.325,650.5425,1396.33,1483.1608333333334,1175.74475,186.6188020794898,-9.784064726999956,15.82213899451588,1.0,6.123233995736766e-17,75,1320.515
Potato,Maharashtra,Pune,1320.515,1127.33,1568.87,100.0261440824348,4,2026-04-01,2026,4,1515.33,1679.67,1461.4875,866.7075,1099.4575,1552.1625000000001,1319.876,113.65903227966777,-12.856275530742467,-9.645823176729179,0.8660254037844387,-0.4999999999999998,76,1006.0
Potato,Maharashtra,Pune,1006.0,755.55,1268.58,129.20628893362738,5,2026-05-01,2026,5,1320.515,1515.33,1679.67,1087.736,1008.2425,1505.1716666666664,1395.5105833333334,179.79285944757035,-23.817601466094672,-40.107282978204054,0.49999999999999994,-0.8660254037844387,77,801.2850000000001
Potato,Maharashtra,Pune,801.2850000000001,621.59,989.66,101.08211859671324,4,2026-06-01,2026,6,1006.0,1320.515,1515.33,1308.325,691.598,1280.615,1381.8879166666666,256.9985792275905,-20.34940357852882,-47.12141909683039,1.2246467991473532e-16,-1.0,78,582.2975
Potato,Maharashtra,Pune,582.2975,439.61,818.26,133.05483089689002,4,2026-07-01,2026,7,801.2850000000001,1006.0,1320.515,1461.4875,661.6175000000001,1042.6000000000001,1297.38125,261.5427655757271,-27.329539427294915,-55.90375724622591,-0.4999999999999997,-0.8660254037844388,79,546.7360000000001
Rice,Uttarakhand,Dehradun,2998.66,2659.65,3371.38,109.221716476166,5,2021-01-01,2021,1,2813.3775,2705.498,2649.4275,2439.7250000000004,2839.34,2722.7676666666666,2592.675583333333,83.3281564963727,6.58576746277383,13.181432592512914,0.49999999999999994,0.8660254037844387,13,2855.375
Rice,Uttarakhand,Dehradun,2855.375,2568.79,3202.4,79.50148950386625,4,2021-02-01,2021,2,2998.66,2813.3775,2705.498,2461.568,2842.5725,2839.1785,2685.8314166666664,148.27426702483066,-4.7783009744352425,5.53971948972056,0.8660254037844386,0.5000000000000001,14,2903.21
Rice,Uttarakhand,Dehradun,2903.21,2634.47,3211.57,48.39832297370088,4,2021-03-01,2021,3,2855.375,2998.66,2813.3775,2486.4575,2652.486,2889.1375000000003,2751.4659166666665,97.14592634923432,1.6752615680952603,3.1930482134018625,1.0,6.123233995736766e-17,15,2743.3575
Rice,Uttarakhand,Dehradun,2743.3575,2452.66,3039.85,60.94438468800873,4,2021-04-01,2021,4,2903.21,2855.375,2998.66,2649.4275,2566.42,2919.0816666666665,2820.9246666666663,72.94916146422969,-5.506060532996234,-8.513886202503778,0.8660254037844387,-0.4999999999999998,16,2608.638
Rice,Uttarakhand,Dehradun,2608.638,2304.97,2914.85,71.21974389170454,5,2021-05-01,2021,5,2743.3575,2903.21,2855.375,2705.498,2506.156,2833.980833333333,2836.5796666666665,82.04564713977273,-4.910752608801447,-8.641141706430856,0.49999999999999994,-0.8660254037844387,17,2404.29
Rice,Uttarakhand,Dehradun,2404.29,2114.14,2694.12,88.50051788925683,4,2021-06-01,2021,6,2608.638,2743.3575,2903.21,2813.3775,2402.8025,2751.735166666667,2820.4363333333336,147.46458819012759,-7.833513120639965,-17.18511578563039,1.2246467991473532e-16,-1.0,18,2421.6025
Rice,Uttarakhand,Dehradun,2421.6025,2187.18,2678.78,44.51375770478156,4,2021-07-01,2021,7,2404.29,2608.638,2743.3575,2998.66,2439.7250000000004,2585.4285,2752.2550833333335,170.72112656830186,0.7200670468204751,-11.72851150460704,-0.4999999999999997,-0.8660254037844388,19,2330.75
Rice,Uttarakhand,Dehradun,2330.75,2058.22,2590.25,59.03036591450206,5,2021-08-01,2021,8,2421.6025,2404.29,2608.638,2855.375,2461.568,2478.1768333333334,2656.0788333333335,113.31380176343554,-3.751751164776216,-10.652608755986838,-0.8660254037844385,-0.5000000000000004,20,2266.685
Rice,Uttarakhand,Dehradun,2266.685,1987.97,2568.59,90.9362643100467,4,2021-09-01,2021,9,2330.75,2421.6025,2404.29,2903.21,2486.4575,2385.5475,2568.6413333333335,48.23904195513886,-2.748686045264402,-5.723311247811205,-1.0,-1.8369701987210297e-16,21,2330.682
Rice,Uttarakhand,Dehradun,2330.682,2087.5,2606.64,70.978172489858,5,2021-10-01,2021,10,2266.685,2330.75,2421.6025,2743.3575,2649.4275,2339.679166666667,2462.5538333333334,77.84378886322831,2.823374222708486,-3.7545592226635125,-0.8660254037844386,0.5000000000000001,22,2355.92
Rice,Uttarakhand,Dehradun,2355.92,2050.66,2629.36,96.58982520603996,4,2021-11-01,2021,11,2330.682,2266.685,2330.75,2608.638,2705.498,2309.3723333333332,2393.7745833333333,36.968330721481045,1.082859008650699,1.079909900246705,-0.5000000000000004,0.8660254037844384,23,2457.545
Rice,Uttarakhand,Dehradun,2457.545,2137.33,2914.67,168.3401757355226,4,2021-12-01,2021,12,2355.92,2330.682,2266.685,2404.29,2813.3775,2317.7623333333336,2351.654916666667,45.999017884437855,4.313601480525654,8.420226012877844,-2.4492935982947064e-16,1.0,24,2687.808
Rice,Uttarakhand,Dehradun,2687.808,2353.96,2978.11,80.3559526108677,5,2022-01-01,2022,1,2457.545,2355.92,2330.682,2421.6025,2998.66,2381.3823333333335,2360.53075,67.1550668701403,9.36963514401567,15.322811091345805,0.49999999999999994,0.8660254037844387,25,2598.07
Rice,Uttarakhand,Dehradun,2598.07,2352.12,2891.06,56.14637833378034,4,2022-02-01,2022,2,2687.808,2457.545,2355.92,2330.75,2855.375,2500.4243333333334,2404.898333333333,170.04819627485963,-3.3387057408862475,10.27836259295732,0.8660254037844386,0.5000000000000001,26,2701.3175
Rice,Uttarakhand,Dehradun,2701.3175,2411.06,2965.89,57.71262448546264,4,2022-03-01,2022,3,2598.07,2687.808,2457.545,2266.685,2903.21,2581.141,2449.451666666667,116.06121476617396,3.974007628739793,9.919350408639517,1.0,6.123233995736766e-17,27,2539.625
Rice,Uttarakhand,Dehradun,2539.625,2291.7,2813.25,50.69241725018319,4,2022-04-01,2022,4,2701.3175,2598.07,2687.808,2330.682,2743.3575,2662.3985,2521.8904166666666,56.1181216876515,-5.985690315929175,-5.513154213396194,0.8660254037844387,-0.4999999999999998,28,2438.972
Rice,Uttarakhand,Dehradun,2438.972,2170.56,2678.34,49.80784195284915,5,2022-05-01,2022,5,2539.625,2701.3175,2598.07,2355.92,2608.638,2613.004166666667,2556.71425,81.87422145940282,-3.9633016685534197,-6.1236995154095135,0.49999999999999994,-0.8660254037844387,29,2415.4325
Rice,Uttarakhand,Dehradun,2415.4325,2085.36,2713.35,105.59387588776156,4,2022-06-01,2022,6,2438.972,2539.625,2701.3175,2457.545,2404.29,2559.9715,2570.55625,132.35095537717098,-0.9651402312121794,-10.583169138762852,1.2246467991473532e-16,-1.0,30,2226.824
Rice,Uttarakhand,Dehradun,2226.824,1939.59,2494.57,80.96993472888553,5,2022-07-01,2022,7,2415.4325,2438.972,2539.625,2687.808,2421.6025,2464.6765,2563.5375,65.96578851381814,-7.80847736378474,-12.316818427917504,-0.4999999999999997,-0.8660254037844388,31,2293.09
Rice,Uttarakhand,Dehradun,2293.09,1998.62,2575.24,106.55623022611115,4,2022-08-01,2022,8,2226.824,2415.4325,2438.972,2598.07,2330.75,2360.4095,2486.7068333333336,116.2856026030293,2.9758076974201857,-5.9812904781194725,-0.8660254037844385,-0.5000000000000004,32,2473.1675
Rice,Uttarakhand,Dehradun,2473.1675,2230.41,2695.43,32.93280469380044,4,2022-09-01,2022,9,2293.09,2226.824,2415.4325,2701.3175,2266.685,2311.7821666666664,2435.8768333333333,95.68353771199587,7.853049814878607,2.390255161342746,-1.0,-1.8369701987210297e-16,33,2534.656
Rice,Uttarakhand,Dehradun,2534.656,2201.85,2872.13,105.78487193356132,5,2022-10-01,2022,10,2473.1675,2293.09,2226.824,2539.625,2330.682,2331.0271666666667,2397.8518333333336,127.47823915901483,2.4862246491594253,13.823813646700406,-0.8660254037844386,0.5000000000000001,34,2560.3225
Rice,Uttarakhand,Dehradun,2560.3225,2302.5,2880.0,75.71717831289449,4,2022-11-01,2022,11,2534.656,2473.1675,2293.09,2438.972,2355.92,2433.637833333333,2397.0236666666665,125.54074636978673,1.0126226201898905,11.653816465991307,-0.5000000000000004,0.8660254037844384,35,2744.8925
Rice,Uttarakhand,Dehradun,2744.8925,2449.2,3012.29,56.4365976856626,4,2022-12-01,2022,12,2560.3225,2534.656,2473.1675,2415.4325,2457.545,2522.7153333333335,2417.24875,44.787645021627185,7.208857477915368,10.986922640702659,-2.4492935982947064e-16,1.0,36,2899.798
Rice,Uttarakhand,Dehradun,2899.798,2581.32,3242.3,88.3724253938975,5,2023-01-01,2023,1,2744.8925,2560.3225,2534.656,2226.824,2687.808,2613.2903333333334,2472.15875,114.69106333574277,5.643408621649112,14.405978562771429,0.49999999999999994,0.8660254037844387,37,2762.1275
Rice,Uttarakhand,Dehradun,2762.1275,2440.42,3059.1,77.19342259329268,4,2023-02-01,2023,2,2899.798,2744.8925,2560.3225,2293.09,2598.07,2735.004333333333,2584.3210833333333,169.95362795504983,-4.747589314841921,7.882014863361933,0.8660254037844386,0.5000000000000001,38,2808.6475
Rice,Uttarakhand,Dehradun,2808.6475,2472.6,3147.01,97.47318173904728,4,2023-03-01,2023,3,2762.1275,2899.798,2744.8925,2473.1675,2701.3175,2802.2726666666663,2662.494,84.89790508359812,1.6842090019378173,2.322677481905033,1.0,6.123233995736766e-17,39,2520.626
Rice,Uttarakhand,Dehradun,2520.626,2152.4,2854.87,111.39830712358244,5,2023-04-01,2023,4,2808.6475,2762.1275,2899.798,2534.656,2539.625,2823.5243333333333,2718.407333333333,70.03057739361893,-10.25481125701961,-13.075807349339492,0.8660254037844387,-0.4999999999999998,40,2361.425
Rice,Uttarakhand,Dehradun,2361.425,2109.35,2638.67,74.25774819280922,4,2023-05-01,2023,5,2520.626,2808.6475,2762.1275,2560.3225,2438.972,2697.1336666666666,2716.069,154.6196782239686,-6.315931042526738,-14.507024024053916,0.49999999999999994,-0.8660254037844387,41,2242.6
Rice,Uttarakhand,Dehradun,2242.6,1985.95,2578.29,107.25570567573558,4,2023-06-01,2023,6,2361.425,2520.626,2808.6475,2744.8925,2415.4325,2563.566166666667,2682.9194166666666,226.68234285357002,-5.03191928602434,-20.15373947780916,1.2246467991473532e-16,-1.0,42,2207.856
Rice,Uttarakhand,Dehradun,2207.856,1930.79,2499.66,77.9425829056236,5,2023-07-01,2023,7,2242.6,2361.425,2520.626,2899.798,2226.824,2374.883666666667,2599.2039999999997,139.50077401338459,-1.5492731650762368,-12.408425526039958,-0.4999999999999997,-0.8660254037844388,43,2249.2075
Rice,Uttarakhand,Dehradun,2249.2075,1968.02,2547.18,99.58095513199332,4,2023-08-01,2023,8,2207.856,2242.6,2361.425,2762.1275,2293.09,2270.627,2483.8803333333335,80.52946036699848,1.872925589350019,-4.7521094254528595,-0.8660254037844385,-0.5000000000000004,44,2194.0875
Rice,Uttarakhand,Dehradun,2194.0875,1894.88,2490.58,102.07975064461442,4,2023-09-01,2023,9,2249.2075,2207.856,2242.6,2808.6475,2473.1675,2233.2211666666667,2398.393666666667,22.21392635450314,-2.4506409479783384,-2.163225720146251,-1.0,-1.8369701987210297e-16,45,2351.396
Rice,Uttarakhand,Dehradun,2351.396,2113.44,2647.39,62.67873108160374,5,2023-10-01,2023,10,2194.0875,2249.2075,2207.856,2520.626,2534.656,2217.050333333333,2295.967,28.687199655652936,7.16965481094077,6.501329796870809,-0.8660254037844386,0.5000000000000001,46,2460.9975
Rice,Uttarakhand,Dehradun,2460.9975,2198.89,2692.29,47.76293079714981,4,2023-11-01,2023,11,2351.396,2194.0875,2249.2075,2361.425,2560.3225,2264.8970000000004,2267.762,79.81924173249195,4.661124710597439,9.416205485709964,-0.5000000000000004,0.8660254037844384,47,2498.16
Rice,Uttarakhand,Dehradun,2498.16,2231.15,2846.52,89.54569420134055,5,2023-12-01,2023,12,2460.9975,2351.396,2194.0875,2242.6,2744.8925,2335.4936666666667,2284.3574166666667,134.1637066388794,1.510058421432769,13.858722589687044,-2.4492935982947064e-16,1.0,48,2570.0625
Rice,Uttarakhand,Dehradun,2570.0625,2307.17,2882.49,73.42339653225872,4,2024-01-01,2024,1,2498.16,2460.9975,2351.396,2207.856,2899.798,2436.851166666667,2326.95075,76.30335499886802,2.8782183687193834,9.299433187774403,0.49999999999999994,0.8660254037844387,49,2662.625
Rice,Uttarakhand,Dehradun,2662.625,2377.83,2987.03,88.0479204751594,4,2024-02-01,2024,2,2570.0625,2498.16,2460.9975,2249.2075,2762.1275,2509.74,2387.3185,55.44696435558879,3.6015661097735947,8.192917709180934,0.8660254037844386,0.5000000000000001,50,2611.334
Rice,Uttarakhand,Dehradun,2611.334,2247.49,2953.99,115.24459718355556,5,2024-03-01,2024,3,2662.625,2570.0625,2498.16,2194.0875,2808.6475,2576.9491666666668,2456.2214166666668,82.44849112981524,-1.92633209708465,4.530294296602299,1.0,6.123233995736766e-17,51,2561.255
Rice,Uttarakhand,Dehradun,2561.255,2264.29,2854.34,94.17228626299784,4,2024-04-01,2024,4,2611.334,2662.625,2570.0625,2351.396,2520.626,2614.6738333333337,2525.7625,46.37154263751857,-1.917755446067019,-0.3426959461102557,0.8660254037844387,-0.4999999999999998,52,2461.285
Rice,Uttarakhand,Dehradun,2461.285,2191.43,2703.22,55.79260972566156,4,2024-05-01,2024,5,2561.255,2611.334,2662.625,2460.9975,2361.425,2611.738,2560.739,50.68620756181959,-3.9031646595126315,-7.561710717806681,0.49999999999999994,-0.8660254037844387,53,2332.356
Rice,Uttarakhand,Dehradun,2332.356,2086.45,2591.72,58.62777780199399,5,2024-06-01,2024,6,2461.285,2561.255,2611.334,2498.16,2242.6,2544.6246666666666,2560.7869166666665,76.39438192912613,-5.238280004144162,-10.683351880686255,1.2246467991473532e-16,-1.0,54,2251.495
Rice,Uttarakhand,Dehradun,2251.495,1905.33,2539.08,125.81129374318228,4,2024-07-01,2024,7,2332.356,2461.285,2561.255,2570.0625,2207.856,2451.632,2533.1529166666664,114.75440452113305,-3.4669235742742672,-12.094071070627493,-0.4999999999999997,-0.8660254037844388,55,2407.6525
Rice,Uttarakhand,Dehradun,2407.6525,2174.07,2729.24,79.70434090018772,4,2024-08-01,2024,8,2251.495,2332.356,2461.285,2662.625,2249.2075,2348.3786666666665,2480.058333333333,105.8088153715613,6.935724929435787,-2.179044686007501,-0.8660254037844385,-0.5000000000000004,56,2454.352
Rice,Uttarakhand,Dehradun,2454.352,2159.52,2704.46,63.07014800997372,5,2024-09-01,2024,9,2407.6525,2251.495,2332.356,2611.334,2194.0875,2330.501166666667,2437.5629166666663,78.09527198610155,1.9396279155733525,5.230590870347393,-1.0,-1.8369701987210297e-16,57,2568.8125
Rice,Uttarakhand,Dehradun,2568.8125,2343.0,2798.88,18.34249960247165,4,2024-10-01,2024,10,2454.352,2407.6525,2251.495,2561.255,2351.396,2371.1665,2411.39925,106.23634857829903,4.663573114206933,14.093635562148712,-0.8660254037844386,0.5000000000000001,58,2685.86
Rice,Uttarakhand,Dehradun,2685.86,2427.91,2985.32,54.33060463495677,4,2024-11-01,2024,11,2568.8125,2454.352,2407.6525,2461.285,2460.9975,2476.939,2412.6588333333334,82.92023773934754,4.556482810637216,11.555135136818954,-0.5000000000000004,0.8660254037844384,59,2856.614
Rice,Uttarakhand,Dehradun,2856.614,2508.27,3202.92,110.61277697445264,5,2024-12-01,2024,12,2685.86,2568.8125,2454.352,2332.356,2498.16,2569.674833333333,2450.088,115.7564090237917,6.357516773026141,16.389743606459064,-2.4492935982947064e-16,1.0,60,2871.63
Rice,Uttarakhand,Dehradun,2871.63,2500.88,3264.46,125.65771630372193,4,2025-01-01,2025,1,2856.614,2685.86,2568.8125,2251.495,2570.0625,2703.762166666667,2537.4643333333333,144.73351902404463,0.5256572991660783,11.788228996861394,0.49999999999999994,0.8660254037844387,61,2664.4275
Rice,Uttarakhand,Dehradun,2664.4275,2374.86,2991.92,84.42000646568721,4,2025-02-01,2025,2,2871.63,2856.614,2685.86,2407.6525,2662.625,2804.701333333333,2640.820166666667,103.19310512497229,-7.21550130065504,-0.7979753226154879,0.8660254037844386,0.5000000000000001,62,2680.368
Rice,Uttarakhand,Dehradun,2680.368,2379.91,3063.71,97.5719740499288,5,2025-03-01,2025,3,2664.4275,2871.63,2856.614,2454.352,2611.334,2797.557166666667,2683.616,115.53787765959527,0.5982711107733334,-6.169752021099108,1.0,6.123233995736766e-17,63,2486.635
Rice,Uttarakhand,Dehradun,2486.635,2236.24,2731.29,41.35478408439192,4,2025-04-01,2025,4,2680.368,2664.4275,2871.63,2568.8125,2561.255,2738.8084999999996,2721.2853333333333,115.30259334355905,-7.227850802576352,-13.406845589438745,0.8660254037844387,-0.4999999999999998,64,2373.435
Rice,Uttarakhand,Dehradun,2373.435,2119.86,2610.01,49.224266034819465,4,2025-05-01,2025,5,2486.635,2680.368,2664.4275,2685.86,2461.285,2610.4768333333336,2707.5890833333333,107.54591878627068,-4.552336792492676,-10.921389304081265,0.49999999999999994,-0.8660254037844387,65,2443.74
Rice,Uttarakhand,Dehradun,2443.74,2163.35,2700.12,60.02452290522635,5,2025-06-01,2025,6,2373.435,2486.635,2680.368,2856.614,2332.356,2513.479333333333,2655.5182499999996,155.2173646739726,2.9621624354574627,-8.828190755896212,1.2246467991473532e-16,-1.0,66,2547.135
Rice,Uttarakhand,Dehradun,2547.135,2253.48,2821.46,73.18279146538941,4,2025-07-01,2025,7,2443.74,2373.435,2486.635,2871.63,2251.495,2434.603333333333,2586.7059166666663,57.15040689560194,4.231014756070631,2.4330068546449315,-0.4999999999999997,-0.8660254037844388,67,2523.292
Rice,Uttarakhand,Dehradun,2523.292,2222.81,2807.38,78.89764045901504,5,2025-08-01,2025,8,2547.135,2443.74,2373.435,2664.4275,2407.6525,2454.77,2532.623416666667,87.37372702935136,-0.9360713114931206,6.313928967930446,-0.8660254037844385,-0.5000000000000004,68,2478.2425
Rice,Uttarakhand,Dehradun,2478.2425,2219.34,2741.51,52.8171912512078,4,2025-09-01,2025,9,2523.292,2547.135,2443.74,2680.368,2454.352,2504.722333333333,2509.1008333333334,54.14107402271467,-1.785346285725159,1.4118727851571795,-1.0,-1.8369701987210297e-16,69,2648.8375
Rice,Uttarakhand,Dehradun,2648.8375,2365.74,2974.73,77.43636285148389,4,2025-10-01,2025,10,2478.2425,2523.292,2547.135,2486.635,2568.8125,2516.2231666666667,2475.41325,34.986003524025165,6.883708918719628,3.992819383346382,-0.8660254037844386,0.5000000000000001,70,2714.806
Rice,Uttarakhand,Dehradun,2714.806,2346.3,3249.36,176.16946111627843,5,2025-11-01,2025,11,2648.8375,2478.2425,2523.292,2373.435,2685.86,2550.124,2502.447,88.4060556424156,2.49046987593614,7.589846914269143,-0.5000000000000004,0.8660254037844384,71,2704.39
Rice,Uttarakhand,Dehradun,2704.39,2385.73,2987.77,77.40237550187545,4,2025-12-01,2025,12,2714.806,2648.8375,2478.2425,2443.74,2856.614,2613.962,2559.342166666667,122.0770156837483,-0.38367382420696605,9.125317639415838,-2.4492935982947064e-16,1.0,72,2830.94
Rice,Uttarakhand,Dehradun,2830.94,2534.87,3120.59,57.52406221168098,4,2026-01-01,2026,1,2704.39,2714.806,2648.8375,2547.135,2871.63,2689.3444999999997,2602.7838333333334,35.464574588600165,4.679428632704609,6.87480828854167,0.49999999999999994,0.8660254037844387,73,2775.7325
Rice,Uttarakhand,Dehradun,2775.7325,2439.6,3183.21,125.09936780415808,4,2026-02-01,2026,2,2830.94,2704.39,2714.806,2523.292,2664.4275,2750.0453333333335,2650.084666666666,70.25015007339096,-1.9501473008965213,2.244230342794293,0.8660254037844386,0.5000000000000001,74,2618.388
Rice,Uttarakhand,Dehradun,2618.388,2353.74,2937.83,69.37033818571159,5,2026-03-01,2026,3,2775.7325,2830.94,2704.39,2478.2425,2680.368,2770.3541666666665,2692.1580833333333,63.44620143936143,-5.66857577234118,-3.180088670642916,1.0,6.123233995736766e-17,75,2559.82
Rice,Uttarakhand,Dehradun,2559.82,2293.8,2826.68,51.61172799535648,4,2026-04-01,2026,4,2618.388,2775.7325,2830.94,2648.8375,2486.635,2741.686833333333,2715.5156666666667,110.29015704079826,-2.2367960745313433,-9.577030950850244,0.8660254037844387,-0.4999999999999998,76,2547.87
Rice,Uttarakhand,Dehradun,2547.87,2284.09,2813.58,50.522794360565776,5,2026-05-01,2026,5,2559.82,2618.388,2775.7325,2714.806,2373.435,2651.3135,2700.6794166666664,111.65848972089108,-0.466829698963219,-8.209094356174457,0.49999999999999994,-0.8660254037844387,77,2288.885
Rice,Uttarakhand,Dehradun,2288.885,1938.88,2608.51,150.0307214095388,4,2026-06-01,2026,6,2547.87,2559.82,2618.388,2704.39,2443.74,2575.3593333333333,2672.85675,37.739902508266994,-10.16476507828106,-12.584193022577239,1.2246467991473532e-16,-1.0,78,2337.2725
Rice,Uttarakhand,Dehradun,2337.2725,2121.33,2579.48,38.44795649099349,4,2026-07-01,2026,7,2288.885,2547.87,2559.82,2830.94,2547.135,2465.525,2603.605916666667,153.09137083780982,2.1140205820737963,-8.693873006695787,-0.4999999999999997,-0.8660254037844388,79,2395.94
Rice,Uttar Pradesh,Lucknow,3026.996,2715.42,3413.52,96.07109518476406,5,2021-01-01,2021,1,2785.975,2727.342,2674.13,2450.51,2876.2675,2729.149,2625.12675,55.94439152408818,8.651226231391172,13.195543971310295,0.49999999999999994,0.8660254037844387,13,2918.54
Rice,Uttar Pradesh,Lucknow,2918.54,2601.41,3391.18,148.14416402050182,4,2021-02-01,2021,2,3026.996,2785.975,2727.342,2481.7760000000003,2736.065,2846.771,2721.20775,158.80883206232767,-3.5829581538925104,7.0104152687855015,0.8660254037844386,0.5000000000000001,14,2765.7425
Rice,Uttar Pradesh,Lucknow,2765.7425,2466.67,3084.04,73.3300685826308,4,2021-03-01,2021,3,2918.54,3026.996,2785.975,2631.0275,2586.9480000000003,2910.503666666667,2794.00175,120.71129856121165,-5.2354088002905605,-0.7262269044051032,1.0,6.123233995736766e-17,15,2766.815
Rice,Uttar Pradesh,Lucknow,2766.815,2479.91,3085.61,74.63401972291189,4,2021-04-01,2021,4,2765.7425,2918.54,3026.996,2674.13,2481.15,2903.7595,2816.4542500000002,131.25241026644306,0.03877801349909539,-8.59535328094256,0.8660254037844387,-0.4999999999999998,16,2542.5240000000003
Rice,Uttar Pradesh,Lucknow,2542.5240000000003,2253.01,2832.69,64.70689244585918,5,2021-05-01,2021,5,2766.815,2765.7425,2918.54,2727.342,2479.682,2817.0325,2831.9017499999995,87.90970925472739,-8.106468990517968,-12.883702125035107,0.49999999999999994,-0.8660254037844387,17,2652.495
Rice,Uttar Pradesh,Lucknow,2652.495,2369.11,3002.76,90.32372205941628,4,2021-06-01,2021,6,2542.5240000000003,2766.815,2765.7425,2785.975,2353.505,2691.6938333333333,2801.0987499999997,129.18597813456415,4.325268906016208,-4.0946508939281205,1.2246467991473532e-16,-1.0,18,2584.4075000000003
Rice,Uttar Pradesh,Lucknow,2584.4075000000003,2317.32,2895.04,70.15502090608581,4,2021-07-01,2021,7,2652.495,2542.5240000000003,2766.815,3026.996,2450.51,2653.9446666666668,2778.852083333333,112.15252703498999,-2.5669228405708453,-6.592688705244109,-0.4999999999999997,-0.8660254037844388,19,2704.388
Rice,Uttar Pradesh,Lucknow,2704.388,2438.2,3017.86,58.22816904213985,5,2021-08-01,2021,8,2584.4075000000003,2652.495,2542.5240000000003,2918.54,2481.7760000000003,2593.1421666666665,2705.0873333333334,55.50338738837715,4.642476080107323,6.3662722554437865,-0.8660254037844385,-0.5000000000000004,20,2749.55
Rice,Uttar Pradesh,Lucknow,2749.55,2443.21,3072.07,78.8728356279906,4,2021-09-01,2021,9,2704.388,2584.4075000000003,2652.495,2765.7425,2631.0275,2647.0968333333335,2669.3953333333334,60.172130156611296,1.6699526843041852,3.6590078397885875,-1.0,-1.8369701987210297e-16,21,2859.6400000000003
Rice,Uttar Pradesh,Lucknow,2859.6400000000003,2516.63,3242.9,98.29205054326628,5,2021-10-01,2021,10,2749.55,2704.388,2584.4075000000003,2766.815,2674.13,2679.4485,2666.6965833333334,85.34925495720965,4.0039279154770835,10.649733062607195,-0.8660254037844386,0.5000000000000001,22,2981.48
Rice,Uttar Pradesh,Lucknow,2981.48,2596.36,3338.79,118.15875253234488,4,2021-11-01,2021,11,2859.6400000000003,2749.55,2704.388,2542.5240000000003,2727.342,2771.1926666666673,2682.1674166666667,79.85674449496415,4.260676169028258,10.24601499488979,-0.5000000000000004,0.8660254037844384,23,3068.8425
Rice,Uttar Pradesh,Lucknow,3068.8425,2693.57,3495.94,129.28772212266188,4,2021-12-01,2021,12,2981.48,2859.6400000000003,2749.55,2652.495,2785.975,2863.556666666667,2755.32675,116.01459577714257,2.93017226343964,11.612536596897675,-2.4492935982947064e-16,1.0,24,3107.896
Rice,Uttar Pradesh,Lucknow,3107.896,2784.4,3503.94,83.52079878688895,5,2022-01-01,2022,1,3068.8425,2981.48,2859.6400000000003,2584.4075000000003,3026.996,2969.9875000000006,2824.7180000000003,105.07368685237192,1.2725807857522822,8.68137248045208,0.49999999999999994,0.8660254037844387,25,3117.56
Rice,Uttar Pradesh,Lucknow,3117.56,2833.92,3394.11,27.67893302375175,4,2022-02-01,2022,2,3107.896,3068.8425,2981.48,2704.388,2918.54,3052.7394999999997,2911.9660833333332,64.7281331474206,0.3109499159559959,4.564176180957106,0.8660254037844386,0.5000000000000001,26,3017.6425
Rice,Uttar Pradesh,Lucknow,3017.6425,2630.84,3447.22,136.32622378569232,4,2022-03-01,2022,3,3117.56,3107.896,3068.8425,2749.55,2765.7425,3098.0995000000003,2980.8280833333333,25.793938449762695,-3.2049904412425105,-1.6683814825948309,1.0,6.123233995736766e-17,27,2883.6925
Rice,Uttar Pradesh,Lucknow,2883.6925,2580.64,3180.69,61.65553901853973,4,2022-04-01,2022,4,3017.6425,3117.56,3107.896,2859.6400000000003,2766.815,3081.032833333333,3025.510166666667,55.109881092989866,-4.438895594822774,-7.213996221237778,0.8660254037844387,-0.4999999999999998,28,2751.574
Rice,Uttar Pradesh,Lucknow,2751.574,2479.52,3057.8,50.3088369970923,5,2022-05-01,2022,5,2883.6925,3017.6425,3117.56,2981.48,2542.5240000000003,3006.2983333333336,3029.5189166666664,117.34572628384649,-4.581573798177165,-11.739501404944889,0.49999999999999994,-0.8660254037844387,29,2680.9275
Rice,Uttar Pradesh,Lucknow,2680.9275,2388.79,2954.02,65.60890202556344,4,2022-06-01,2022,6,2751.574,2883.6925,3017.6425,3068.8425,2652.495,2884.303,2991.20125,133.0353006000663,-2.5674940961064574,-11.158213738042203,1.2246467991473532e-16,-1.0,30,2653.844
Rice,Uttar Pradesh,Lucknow,2653.844,2394.24,2918.78,37.11433119429752,5,2022-07-01,2022,7,2680.9275,2751.574,2883.6925,3107.896,2584.4075000000003,2772.0646666666667,2926.54875,102.92381586194396,-1.0102287361370172,-7.97063140400719,-0.4999999999999997,-0.8660254037844388,31,2791.1175000000003
Rice,Uttar Pradesh,Lucknow,2791.1175000000003,2472.76,3239.04,141.00827195002893,4,2022-08-01,2022,8,2653.844,2680.9275,2751.574,3117.56,2704.388,2695.4485,2850.873416666667,50.45723739712675,5.172628835756745,1.4371228976578576,-0.8660254037844385,-0.5000000000000004,32,2785.0325000000003
Rice,Uttar Pradesh,Lucknow,2785.0325000000003,2442.74,3163.23,119.38104159231744,4,2022-09-01,2022,9,2791.1175000000003,2653.844,2680.9275,3017.6425,2749.55,2708.6296666666667,2796.4663333333333,72.70874073372033,-0.21801303599723176,3.8831710294291986,-1.0,-1.8369701987210297e-16,33,2892.94
Rice,Uttar Pradesh,Lucknow,2892.94,2590.69,3323.88,112.0819911939469,5,2022-10-01,2022,10,2785.0325000000003,2791.1175000000003,2653.844,2883.6925,2859.6400000000003,2743.3313333333335,2757.6980000000003,77.55800362685565,3.874550835582701,9.009421804748131,-0.8660254037844386,0.5000000000000001,34,2952.44
Rice,Uttar Pradesh,Lucknow,2952.44,2610.86,3263.46,80.62564811109016,4,2022-11-01,2022,11,2892.94,2785.0325000000003,2791.1175000000003,2751.574,2981.48,2823.03,2759.23925,60.620234915826465,2.0567312146121246,5.779853409969295,-0.5000000000000004,0.8660254037844384,35,3066.6575000000003
Rice,Uttar Pradesh,Lucknow,3066.6575000000003,2691.97,3459.53,115.867433841438,4,2022-12-01,2022,12,2952.44,2892.94,2785.0325000000003,2680.9275,3068.8425,2876.804166666667,2792.7169166666667,84.86219182936138,3.8685798864667933,10.112090253883931,-2.4492935982947064e-16,1.0,36,3146.966
Rice,Uttar Pradesh,Lucknow,3146.966,2853.41,3488.92,50.64612255642086,5,2023-01-01,2023,1,3066.6575000000003,2952.44,2892.94,2653.844,3107.896,2970.679166666667,2857.00525,88.283310155903,2.6187632626075668,8.780894176858139,0.49999999999999994,0.8660254037844387,37,3198.7625
Rice,Uttar Pradesh,Lucknow,3198.7625,2914.65,3510.93,36.01682049172773,4,2023-02-01,2023,2,3146.966,3066.6575000000003,2952.44,2791.1175000000003,3117.56,3055.3545,2939.19225,97.75433251651832,1.6459186403666237,8.343014591321069,0.8660254037844386,0.5000000000000001,38,3102.9875
Rice,Uttar Pradesh,Lucknow,3102.9875,2781.76,3414.17,62.43820218157024,4,2023-03-01,2023,3,3198.7625,3146.966,3066.6575000000003,2785.0325000000003,3017.6425,3137.462,3007.1330833333336,66.56333276098819,-2.9941266349095828,1.1846774541989096,1.0,6.123233995736766e-17,39,3026.74
Rice,Uttar Pradesh,Lucknow,3026.74,2679.58,3402.76,89.83466341006698,5,2023-04-01,2023,4,3102.9875,3198.7625,3146.966,2892.94,2883.6925,3149.572,3060.125583333333,47.940651677360925,-2.4572287190973343,-3.820378103862581,0.8660254037844387,-0.4999999999999998,40,3122.4825
Rice,Uttar Pradesh,Lucknow,3122.4825,2786.0,3489.84,83.38961381171305,4,2023-05-01,2023,5,3026.74,3102.9875,3198.7625,2952.44,2751.574,3109.4966666666664,3082.425583333333,86.19577753337673,3.1632218162115118,-2.38467219745135,0.49999999999999994,-0.8660254037844387,41,2994.915
Rice,Uttar Pradesh,Lucknow,2994.915,2649.94,3294.2,77.31383597606154,4,2023-06-01,2023,6,3122.4825,3026.74,3102.9875,3066.6575000000003,2680.9275,3084.07,3110.766,50.59703974789479,-4.08545123951856,-3.4828532180680787,1.2246467991473532e-16,-1.0,42,2902.712
Rice,Uttar Pradesh,Lucknow,2902.712,2587.61,3249.61,86.66179302322327,5,2023-07-01,2023,7,2994.915,3122.4825,3026.74,3146.966,2653.844,3048.045833333333,3098.808916666667,66.39895077923555,-3.0786516478764834,-4.097742125190792,-0.4999999999999997,-0.8660254037844388,43,2909.7625
Rice,Uttar Pradesh,Lucknow,2909.7625,2620.28,3306.83,101.840140538984,4,2023-08-01,2023,8,2902.712,2994.915,3122.4825,3198.7625,2791.1175000000003,3006.703166666666,3058.0999166666666,110.35845605382168,0.24289354231490515,-6.812528172695933,-0.8660254037844385,-0.5000000000000004,44,3026.75
Rice,Uttar Pradesh,Lucknow,3026.75,2727.68,3335.38,51.3074023249408,4,2023-09-01,2023,9,2909.7625,2902.712,2994.915,3102.9875,2785.0325000000003,2935.7965,3009.93325,51.319344980717105,4.020517138426253,1.0629683981014497,-1.0,-1.8369701987210297e-16,45,3159.392
Rice,Uttar Pradesh,Lucknow,3159.392,2738.22,3647.59,150.53172313502552,5,2023-10-01,2023,10,3026.75,2909.7625,2902.712,3026.74,2892.94,2946.4081666666666,2997.2270000000003,69.66731676391166,4.382324275212681,8.842764972894308,-0.8660254037844386,0.5000000000000001,46,3242.6225
Rice,Uttar Pradesh,Lucknow,3242.6225,2945.89,3561.0,41.0159719905957,4,2023-11-01,2023,11,3159.392,3026.75,2909.7625,3122.4825,2952.44,3031.968166666667,3019.3356666666664,124.8965322380221,2.634383450993106,11.439421602278541,-0.5000000000000004,0.8660254037844384,47,3280.94
Rice,Uttar Pradesh,Lucknow,3280.94,2912.24,3609.02,70.9293084697715,5,2023-12-01,2023,12,3242.6225,3159.392,3026.75,2994.915,3066.6575000000003,3142.9215,3039.359,108.87466230372488,1.1816824190913406,8.39811679193855,-2.4492935982947064e-16,1.0,48,3473.1725
Rice,Uttar Pradesh,Lucknow,3473.1725,3130.54,3817.87,56.57026331622196,4,2024-01-01,2024,1,3280.94,3242.6225,3159.392,2902.712,3146.966,3227.6515,3087.0298333333335,62.141589992132225,5.859067828122431,9.931673562508239,0.49999999999999994,0.8660254037844387,49,3382.6975
Rice,Uttar Pradesh,Lucknow,3382.6975,3047.76,3771.1,78.30165020610997,4,2024-02-01,2024,2,3473.1725,3280.94,3242.6225,2909.7625,3198.7625,3332.2450000000003,3182.1065833333337,123.5414015370979,-2.604967072611565,4.3198059595281375,0.8660254037844386,0.5000000000000001,50,3236.828
Rice,Uttar Pradesh,Lucknow,3236.828,2888.9,3548.63,59.7288495619997,5,2024-03-01,2024,3,3382.6975,3473.1725,3280.94,3026.75,3102.9875,3378.936666666667,3260.929083333333,96.1714168273706,-4.312224193857128,-1.344492736837616,1.0,6.123233995736766e-17,51,3128.255
Rice,Uttar Pradesh,Lucknow,3128.255,2783.27,3432.61,71.01413685551158,4,2024-04-01,2024,4,3236.828,3382.6975,3473.1725,3159.392,3026.74,3364.232666666667,3295.9420833333334,119.24929023932943,-3.354302422000794,-9.93090610961592,0.8660254037844387,-0.4999999999999998,52,3055.64
Rice,Uttar Pradesh,Lucknow,3055.64,2728.01,3418.37,89.35935802514862,4,2024-05-01,2024,5,3128.255,3236.828,3382.6975,3242.6225,3122.4825,3249.260166666667,3290.7525833333334,127.67601782474088,-2.321262173320277,-9.668541156872594,0.49999999999999994,-0.8660254037844387,53,2861.3900000000003
Rice,Uttar Pradesh,Lucknow,2861.3900000000003,2466.54,3254.62,130.38446993411438,5,2024-06-01,2024,6,3055.64,3128.255,3236.828,3280.94,2994.915,3140.241,3259.5888333333332,91.18673688097383,-6.357097040227237,-11.598948105985231,1.2246467991473532e-16,-1.0,54,2822.3925
Rice,Uttar Pradesh,Lucknow,2822.3925,2463.49,3138.56,100.6374553782039,4,2024-07-01,2024,7,2861.3900000000003,3055.64,3128.255,3473.1725,2902.712,3015.095,3189.6638333333335,137.97519641225193,-1.3628865691150243,-9.777415843657252,-0.4999999999999997,-0.8660254037844388,55,2679.385
Rice,Uttar Pradesh,Lucknow,2679.385,2396.41,2962.87,61.09995881067905,4,2024-08-01,2024,8,2822.3925,2861.3900000000003,3055.64,3382.6975,2909.7625,2913.1408333333334,3081.2005000000004,124.93882754005064,-5.06688917292686,-12.313459700750078,-0.8660254037844385,-0.5000000000000004,56,2814.594
Rice,Uttar Pradesh,Lucknow,2814.594,2483.97,3196.03,96.92023075705087,5,2024-09-01,2024,9,2679.385,2822.3925,2861.3900000000003,3236.828,3026.75,2787.7225000000003,2963.9817500000004,95.827770929146,5.046269946274978,-1.635428934888298,-1.0,-1.8369701987210297e-16,57,2904.3925
Rice,Uttar Pradesh,Lucknow,2904.3925,2533.34,3306.68,126.10848382113969,4,2024-10-01,2024,10,2814.594,2679.385,2822.3925,3128.255,3159.392,2772.123833333333,2893.6094166666667,80.40878407600852,3.190460151623995,2.9053365185742237,-0.8660254037844386,0.5000000000000001,58,2972.2125
Rice,Uttar Pradesh,Lucknow,2972.2125,2630.31,3286.89,87.1111777653514,4,2024-11-01,2024,11,2904.3925,2814.594,2679.385,3055.64,3242.6225,2799.4571666666666,2856.2989999999995,113.26489551746491,2.335083842834609,10.928907193255164,-0.5000000000000004,0.8660254037844384,59,3077.1400000000003
Rice,Uttar Pradesh,Lucknow,3077.1400000000003,2722.86,3382.78,74.0072067436678,5,2024-12-01,2024,12,2972.2125,2904.3925,2814.594,2861.3900000000003,3280.94,2897.0663333333337,2842.3944166666665,79.06422973812218,3.530282575690676,9.328023864187882,-2.4492935982947064e-16,1.0,60,3158.265
Rice,Uttar Pradesh,Lucknow,3158.265,2874.38,3436.38,25.70891609280073,4,2025-01-01,2025,1,3077.1400000000003,2972.2125,2904.3925,2822.3925,3473.1725,2984.581666666667,2878.35275,87.03546347370643,2.636376635447186,8.740984560454551,0.49999999999999994,0.8660254037844387,61,2993.625
Rice,Uttar Pradesh,Lucknow,2993.625,2601.04,3341.86,118.1066502502436,4,2025-02-01,2025,2,3158.265,3077.1400000000003,2972.2125,2679.385,3382.6975,3069.2058333333334,2934.3315000000002,93.27966787882075,-5.212988777065885,0.7204229172712217,0.8660254037844386,0.5000000000000001,62,2892.718
Rice,Uttar Pradesh,Lucknow,2892.718,2581.96,3218.87,81.34255233271206,5,2025-03-01,2025,3,2993.625,3158.265,3077.1400000000003,2814.594,3236.828,3076.3433333333337,2986.704833333333,82.32289115630671,-3.3707294667835868,-5.993292472880677,1.0,6.123233995736766e-17,63,2752.575
Rice,Uttar Pradesh,Lucknow,2752.575,2466.68,3009.54,48.8582579168218,4,2025-04-01,2025,4,2892.718,2993.625,3158.265,2904.3925,3128.255,3014.8693333333335,2999.7255,134.0421335861711,-4.844682405958688,-12.845343883429669,0.8660254037844387,-0.4999999999999998,64,2723.9625
Rice,Uttar Pradesh,Lucknow,2723.9625,2445.42,3057.43,78.82429463686947,4,2025-05-01,2025,5,2752.575,2892.718,2993.625,2972.2125,3055.64,2879.639333333333,2974.422583333333,121.05603771118794,-1.039481213045956,-9.007891770011272,0.49999999999999994,-0.8660254037844387,65,2616.7
Rice,Uttar Pradesh,Lucknow,2616.7,2304.8,2984.97,96.54399748301282,5,2025-06-01,2025,6,2723.9625,2752.575,2892.718,3077.1400000000003,2861.3900000000003,2789.7518333333333,2933.047583333333,90.3116404323507,-3.9377377625426293,-9.541821912816944,1.2246467991473532e-16,-1.0,66,2660.9925
Rice,Uttar Pradesh,Lucknow,2660.9925,2386.45,2992.22,79.04162716569043,4,2025-07-01,2025,7,2616.7,2723.9625,2752.575,3158.265,2822.3925,2697.745833333333,2856.3075833333332,71.63092289355106,1.692685443497536,-3.327157298166262,-0.4999999999999997,-0.8660254037844388,67,2633.304
Rice,Uttar Pradesh,Lucknow,2633.304,2393.44,2898.99,32.358697130755885,5,2025-08-01,2025,8,2660.9925,2616.7,2723.9625,2993.625,2679.385,2667.2183333333337,2773.4288333333334,53.90159299206065,-1.040532808717039,-3.328184584038877,-0.8660254037844385,-0.5000000000000004,68,2753.9525
Rice,Uttar Pradesh,Lucknow,2753.9525,2460.05,3077.12,79.44063333710277,4,2025-09-01,2025,9,2633.304,2660.9925,2616.7,2892.718,2814.594,2636.998833333333,2713.375333333333,22.37622028139853,4.581639643580831,5.245251652845189,-1.0,-1.8369701987210297e-16,69,2851.5625
Rice,Uttar Pradesh,Lucknow,2851.5625,2599.62,3112.74,23.22393790180027,4,2025-10-01,2025,10,2753.9525,2633.304,2660.9925,2752.575,2904.3925,2682.7496666666666,2690.24775,63.19846409590764,3.544360333012284,7.161613570876287,-0.8660254037844386,0.5000000000000001,70,2874.764
Rice,Uttar Pradesh,Lucknow,2874.764,2535.12,3268.95,110.36931629760149,5,2025-11-01,2025,11,2851.5625,2753.9525,2633.304,2723.9625,2972.2125,2746.2729999999997,2706.7456666666662,109.3317165590501,0.8136416438356208,9.169469229530659,-0.5000000000000004,0.8660254037844384,71,2923.16
Rice,Uttar Pradesh,Lucknow,2923.16,2560.53,3252.69,98.18341034343148,4,2025-12-01,2025,12,2874.764,2851.5625,2753.9525,2616.7,3077.1400000000003,2826.7596666666664,2731.87925,64.11115378061669,1.6834773219645067,6.144169153244292,-2.4492935982947064e-16,1.0,72,2965.415
Rice,Uttar Pradesh,Lucknow,2965.415,2563.79,3302.95,123.35068179787272,4,2026-01-01,2026,1,2923.16,2874.764,2851.5625,2660.9925,3158.265,2883.1621666666665,2782.9559166666663,36.53008902373365,1.4455247061399346,3.992635616438355,0.49999999999999994,0.8660254037844387,73,2941.515
Rice,Uttar Pradesh,Lucknow,2941.515,2641.99,3328.38,95.99918558682324,4,2026-02-01,2026,2,2965.415,2923.16,2874.764,2633.304,2993.625,2921.113,2833.6929999999998,45.36015439786991,-0.805958019366601,2.3219645160437428,0.8660254037844386,0.5000000000000001,74,2894.49
Rice,Uttar Pradesh,Lucknow,2894.49,2623.83,3167.27,32.6307102282497,5,2026-03-01,2026,3,2941.515,2965.415,2923.16,2753.9525,2892.718,2943.3633333333332,2885.0615,21.188051074413508,-1.598665993544146,-0.9807879144487499,1.0,6.123233995736766e-17,75,2938.1725
Rice,Uttar Pradesh,Lucknow,2938.1725,2605.81,3346.69,113.26956383630451,4,2026-04-01,2026,4,2894.49,2941.515,2965.415,2851.5625,2752.575,2933.806666666667,2908.4844166666667,36.08535309972652,1.509160508414275,-0.9186741147529043,0.8660254037844387,-0.4999999999999998,76,2837.662
Rice,Uttar Pradesh,Lucknow,2837.662,2442.49,3181.38,118.0142310062646,5,2026-05-01,2026,5,2938.1725,2894.49,2941.515,2874.764,2723.9625,2924.7258333333334,2922.919416666667,26.238279089565395,-3.4208508860524804,-3.5305956284431685,0.49999999999999994,-0.8660254037844387,77,2746.3675
Rice,Uttar Pradesh,Lucknow,2746.3675,2399.93,3046.14,94.1774861188526,4,2026-06-01,2026,6,2837.662,2938.1725,2894.49,2923.16,2616.7,2890.108166666667,2916.73575,50.398318425140545,-3.217243632257823,-5.117395465176938,1.2246467991473532e-16,-1.0,78,2723.34
Rice,Uttar Pradesh,Lucknow,2723.34,2462.21,2991.58,38.27595677010138,4,2026-07-01,2026,7,2746.3675,2837.662,2938.1725,2965.415,2660.9925,2840.7340000000004,2887.2703333333334,95.93939438128876,-0.8384711805685033,-7.311772879230201,-0.4999999999999997,-0.8660254037844388,79,2661.554
Rice,Punjab,Ludhiana,3340.3520000000003,2959.2,3721.7,96.76831180711996,5,2021-01-01,2021,1,3221.71,3108.038,3101.6875,2801.315,3104.76,3143.811833333333,3017.8296666666665,67.53647525659035,3.6825785064453433,7.6946662099260585,0.49999999999999994,0.8660254037844387,13,3310.195
Rice,Punjab,Ludhiana,3310.195,2964.71,3730.65,101.83740291922848,4,2021-02-01,2021,2,3340.3520000000003,3221.71,3108.038,2922.1,3121.025,3223.366666666667,3107.6691666666666,116.16586011963373,-0.9028090452742751,6.504328454156615,0.8660254037844386,0.5000000000000001,14,3195.87
Rice,Punjab,Ludhiana,3195.87,2920.76,3473.29,16.864864857646143,4,2021-03-01,2021,3,3310.195,3340.3520000000003,3221.71,2952.1275,2981.798,3290.7523333333334,3172.351666666667,61.66436577420105,-3.453724025321779,-0.8020585341324993,1.0,6.123233995736766e-17,15,3121.8475
Rice,Punjab,Ludhiana,3121.8475,2820.03,3447.98,54.27997628039272,4,2021-04-01,2021,4,3195.87,3310.195,3340.3520000000003,3101.6875,2913.3500000000004,3282.1390000000006,3212.9754166666667,76.21755987304458,-2.3161924608948437,-6.5413615092062285,0.8660254037844387,-0.4999999999999998,16,3023.912
Rice,Punjab,Ludhiana,3023.912,2743.5,3287.22,25.448277348378543,5,2021-05-01,2021,5,3121.8475,3195.87,3310.195,3108.038,2808.112,3209.304166666667,3216.335416666667,94.88968760926753,-3.1371007071934187,-8.648523727454133,0.49999999999999994,-0.8660254037844387,17,2887.78
Rice,Punjab,Ludhiana,2887.78,2577.58,3223.71,81.55566892211297,4,2021-06-01,2021,6,3023.912,3121.8475,3195.87,3221.71,2791.1525,3113.8765,3202.3144166666666,86.25567269316798,-4.501850582953459,-9.640254453403916,1.2246467991473532e-16,-1.0,18,2753.99
Rice,Punjab,Ludhiana,2753.99,2439.53,3077.77,84.82884415103135,4,2021-07-01,2021,7,2887.78,3023.912,3121.8475,3340.3520000000003,2801.315,3011.179833333333,3146.659416666667,117.55202971486308,-4.632970655659379,-11.78332702029808,-0.4999999999999997,-0.8660254037844388,19,2917.134
Rice,Punjab,Ludhiana,2917.134,2589.73,3282.51,82.78911812551216,5,2021-08-01,2021,8,2753.99,2887.78,3023.912,3310.195,2922.1,2888.5606666666663,3048.9324166666665,134.96269336870046,5.923914030188935,-3.5311212760159623,-0.8660254037844385,-0.5000000000000004,20,2987.165
Rice,Punjab,Ludhiana,2987.165,2672.01,3319.83,69.58930976330579,4,2021-09-01,2021,9,2917.134,2753.99,2887.78,3195.87,2952.1275,2852.9680000000003,2983.4222499999996,86.96492219280407,2.400678199904425,3.441571033804506,-1.0,-1.8369701987210297e-16,21,2945.192
Rice,Punjab,Ludhiana,2945.192,2671.14,3269.9,50.0282667099312,5,2021-10-01,2021,10,2987.165,2917.134,2753.99,3121.8475,3101.6875,2886.096333333333,2948.6380833333333,119.64592646778188,-1.4051115355194628,6.942726734664986,-0.8660254037844386,0.5000000000000001,22,3054.515
Rice,Punjab,Ludhiana,3054.515,2654.43,3455.34,152.5832534498242,4,2021-11-01,2021,11,2945.192,2987.165,2917.134,3023.912,3108.038,2949.8303333333333,2919.1955,35.245153458794846,3.711914197784045,4.7094511256596325,-0.5000000000000004,0.8660254037844384,23,2940.885
Rice,Punjab,Ludhiana,2940.885,2589.07,3284.25,97.26480024482969,4,2021-12-01,2021,12,3054.515,2945.192,2987.165,2887.78,3221.71,2995.624,2924.296,55.150209364976945,-3.7200668518569935,-1.5492950673966701,-2.4492935982947064e-16,1.0,24,3071.374
Rice,Punjab,Ludhiana,3071.374,2748.58,3461.15,81.75273285951968,5,2022-01-01,2022,1,2940.885,3054.515,2945.192,2753.99,3340.3520000000003,2980.1973333333335,2933.1468333333337,64.39700494847614,4.4370657132121645,4.28433867808957,0.49999999999999994,0.8660254037844387,25,3197.0725
Rice,Punjab,Ludhiana,3197.0725,2893.98,3491.49,42.80512225968606,4,2022-02-01,2022,2,3071.374,2940.885,3054.515,2917.134,3310.195,3022.258,2986.0441666666666,70.97344797176538,4.092582017038642,4.667107544078204,0.8660254037844386,0.5000000000000001,26,3074.5775000000003
Rice,Punjab,Ludhiana,3074.5775000000003,2711.36,3506.53,143.56351378977425,4,2022-03-01,2022,3,3197.0725,3071.374,2940.885,2987.165,3195.87,3069.7771666666667,3032.7005833333333,128.10121465694402,-3.8314739499964383,4.545995508154862,1.0,6.123233995736766e-17,27,2999.8275
Rice,Punjab,Ludhiana,2999.8275,2674.66,3320.85,69.85781911616395,4,2022-04-01,2022,4,3074.5775000000003,3197.0725,3071.374,2945.192,3121.8475,3114.3413333333338,3047.2693333333336,71.66519417809909,-2.4312283557659695,-2.3294623188188717,0.8660254037844387,-0.4999999999999998,28,2889.816
Rice,Punjab,Ludhiana,2889.816,2550.41,3249.05,88.67157199463644,5,2022-05-01,2022,5,2999.8275,3074.5775000000003,3197.0725,3054.515,3023.912,3090.4925000000003,3056.3752499999996,99.58093655414815,-3.6672608674998837,-9.610557783722465,0.49999999999999994,-0.8660254037844387,29,2906.59
Rice,Punjab,Ludhiana,2906.59,2531.39,3288.14,121.12480423100784,4,2022-06-01,2022,6,2889.816,2999.8275,3074.5775000000003,2940.885,2887.78,2988.0736666666667,3028.925416666667,92.93985915141245,0.5804521810385278,-5.46375884166199,1.2246467991473532e-16,-1.0,30,2814.404
Rice,Punjab,Ludhiana,2814.404,2516.57,3199.46,99.79647027826188,5,2022-07-01,2022,7,2906.59,2889.816,2999.8275,3071.374,2753.99,2932.0778333333333,3023.2095833333333,59.269340886196545,-3.1716203523716846,-6.181138748811386,-0.4999999999999997,-0.8660254037844388,31,2676.2225
Rice,Punjab,Ludhiana,2676.2225,2270.85,3056.29,161.378544913298,4,2022-08-01,2022,8,2814.404,2906.59,2889.816,3197.0725,2917.134,2870.2700000000004,2980.38125,49.10294528845162,-4.909796177094694,-7.3912491314325885,-0.8660254037844385,-0.5000000000000004,32,2708.535
Rice,Punjab,Ludhiana,2708.535,2438.01,3029.61,68.12768477890118,4,2022-09-01,2022,9,2676.2225,2814.404,2906.59,3074.5775000000003,2987.165,2799.0721666666664,2893.5729166666665,115.94651827063976,1.2073921357435715,-6.813998534365022,-1.0,-1.8369701987210297e-16,33,2760.406
Rice,Punjab,Ludhiana,2760.406,2453.32,3134.04,105.54228550680531,5,2022-10-01,2022,10,2708.535,2676.2225,2814.404,2999.8275,2945.192,2733.053833333333,2832.5658333333336,72.2800914954011,1.915094322207396,-1.9186300190022487,-0.8660254037844386,0.5000000000000001,34,2812.9175
Rice,Punjab,Ludhiana,2812.9175,2560.5,3112.36,46.24734902312412,4,2022-11-01,2022,11,2760.406,2708.535,2676.2225,2889.816,3054.515,2715.0544999999997,2792.66225,42.46873353715815,1.9023107470422855,5.107759164269794,-0.5000000000000004,0.8660254037844384,35,2817.5025
Rice,Punjab,Ludhiana,2817.5025,2531.28,3123.4,74.9253741509956,4,2022-12-01,2022,12,2812.9175,2760.406,2708.535,2906.59,2940.885,2760.6195000000002,2779.8458333333333,52.191577512566916,0.16299802607079789,4.023115817222233,-2.4492935982947064e-16,1.0,36,3077.41
Rice,Punjab,Ludhiana,3077.41,2742.91,3461.18,81.0935743447037,5,2023-01-01,2023,1,2817.5025,2812.9175,2760.406,2814.404,3071.374,2796.9420000000005,2764.9979166666667,31.724044954109946,9.224747804127938,11.483962866331979,0.49999999999999994,0.8660254037844387,37,2970.955
Rice,Punjab,Ludhiana,2970.955,2681.3,3316.91,69.91235298572067,4,2023-02-01,2023,2,3077.41,2817.5025,2812.9175,2676.2225,3197.0725,2902.61,2808.83225,151.39859826382352,-3.459240075258088,5.618277109086915,0.8660254037844386,0.5000000000000001,38,2823.3525
Rice,Punjab,Ludhiana,2823.3525,2502.06,3094.45,69.36513070940849,4,2023-03-01,2023,3,2970.955,3077.41,2817.5025,2708.535,3074.5775000000003,2955.289166666667,2857.954333333333,130.66002024178658,-4.968183631189296,0.20763069420523705,1.0,6.123233995736766e-17,39,2733.592
Rice,Punjab,Ludhiana,2733.592,2417.54,3136.73,113.6546183399513,5,2023-04-01,2023,4,2823.3525,2970.955,3077.41,2760.406,2999.8275,2957.2391666666663,2877.090583333333,127.58290006730559,-3.179216906142604,-11.172316980837776,0.8660254037844387,-0.4999999999999998,40,2683.9825
Rice,Punjab,Ludhiana,2683.9825,2407.99,2987.95,74.20510152049286,4,2023-05-01,2023,5,2733.592,2823.3525,2970.955,2812.9175,2889.816,2842.6331666666665,2872.6215833333335,119.85035053175174,-1.8148099643253282,-9.65926781119202,0.49999999999999994,-0.8660254037844387,41,2774.6375
Rice,Punjab,Ludhiana,2774.6375,2493.08,3060.28,52.62130580857925,4,2023-06-01,2023,6,2683.9825,2733.592,2823.3525,2817.5025,2906.59,2746.9756666666667,2851.132416666667,70.64234654287384,3.3776300702407616,-1.725431025704376,1.2246467991473532e-16,-1.0,42,2683.69
Rice,Punjab,Ludhiana,2683.69,2370.41,3029.71,85.74915655561854,5,2023-07-01,2023,7,2774.6375,2683.9825,2733.592,3077.41,2814.404,2730.737333333333,2843.9882500000003,45.39486862612821,-3.2778155705024443,-1.8255101712325774,-0.4999999999999997,-0.8660254037844388,43,2704.535
Rice,Punjab,Ludhiana,2704.535,2452.11,2974.17,36.97047876346745,4,2023-08-01,2023,8,2683.69,2774.6375,2683.9825,2970.955,2676.2225,2714.103333333333,2778.36825,52.42433013003957,0.7767290558894582,0.765746423458416,-0.8660254037844385,-0.5000000000000004,44,2954.3075
Rice,Punjab,Ludhiana,2954.3075,2635.39,3290.13,102.48309303652644,4,2023-09-01,2023,9,2704.535,2683.69,2774.6375,2823.3525,2708.535,2720.9541666666664,2733.9649166666663,47.64508069657772,9.235321413847485,6.475440485468825,-1.0,-1.8369701987210297e-16,45,3060.054
Rice,Punjab,Ludhiana,3060.054,2699.88,3469.24,101.5273238098984,5,2023-10-01,2023,10,2954.3075,2704.535,2683.69,2733.592,2760.406,2780.844166666667,2755.79075,150.58477517526035,3.57940058710883,14.024123501596684,-0.8660254037844386,0.5000000000000001,46,3207.71
Rice,Punjab,Ludhiana,3207.71,2840.84,3566.17,98.98191046852958,4,2023-11-01,2023,11,3060.054,2954.3075,2704.535,2683.9825,2812.9175,2906.298833333333,2810.2010833333334,182.557015468002,4.825274325224324,18.604861833919703,-0.5000000000000004,0.8660254037844384,47,3268.688
Rice,Punjab,Ludhiana,3268.688,2911.65,3648.28,95.55641564018607,5,2023-12-01,2023,12,3207.71,3060.054,2954.3075,2774.6375,2817.5025,3074.023833333333,2897.489,127.27754685758615,1.9009823207210146,10.641427813455445,-2.4492935982947064e-16,1.0,48,3337.3825
Rice,Punjab,Ludhiana,3337.3825,2981.09,3714.53,111.34968833214874,4,2024-01-01,2024,1,3268.688,3207.71,3060.054,2683.69,3077.41,3178.817333333334,2979.8307499999996,107.27593453023603,2.101592443206573,9.062862942941532,0.49999999999999994,0.8660254037844387,49,3252.7275
Rice,Punjab,Ludhiana,3252.7275,2915.93,3651.93,90.4373368231655,4,2024-02-01,2024,2,3337.3825,3268.688,3207.71,2704.535,2970.955,3271.260166666667,3088.7795,64.87450458451232,-2.536568703167833,1.4034155207297396,0.8660254037844386,0.5000000000000001,50,3205.954
Rice,Punjab,Ludhiana,3205.954,2866.9,3589.97,76.75700606459316,5,2024-03-01,2024,3,3252.7275,3337.3825,3268.688,2954.3075,2823.3525,3286.266,3180.1449166666666,44.98173873087442,-1.4379778201524653,-1.919240992104475,1.0,6.123233995736766e-17,51,2956.2625
Rice,Punjab,Ludhiana,2956.2625,2620.07,3282.83,81.61660630655979,4,2024-04-01,2024,4,3205.954,3252.7275,3337.3825,3060.054,2733.592,3265.3546666666666,3222.0860000000007,66.61791543260625,-7.788368142524825,-11.419727885551037,0.8660254037844387,-0.4999999999999998,52,2914.8225
Rice,Punjab,Ludhiana,2914.8225,2568.64,3303.09,112.41901866825444,4,2024-05-01,2024,5,2956.2625,3205.954,3252.7275,3207.71,2683.9825,3138.3146666666667,3204.7874166666666,159.38689913724173,-1.4017699713743148,-10.388358692820095,0.49999999999999994,-0.8660254037844387,53,2875.48
Rice,Punjab,Ludhiana,2875.48,2560.51,3226.95,80.10992572709065,5,2024-06-01,2024,6,2914.8225,2956.2625,3205.954,3268.688,2774.6375,3025.679666666667,3155.9728333333333,157.49109449135426,-1.349739135058831,-10.308132930166813,1.2246467991473532e-16,-1.0,54,2781.8025
Rice,Punjab,Ludhiana,2781.8025,2451.59,3094.07,87.63391633190119,4,2024-07-01,2024,7,2875.48,2914.8225,2956.2625,3337.3825,2683.69,2915.521666666667,3090.438166666667,40.39578817258213,-3.2578039144768955,-5.901370395896848,-0.4999999999999997,-0.8660254037844388,55,3055.815
Rice,Punjab,Ludhiana,3055.815,2754.34,3409.34,75.64799424527624,4,2024-08-01,2024,8,2781.8025,2875.48,2914.8225,3252.7275,2704.535,2857.3683333333333,2997.8415,68.3345041109096,9.85017807698427,4.837086992432638,-0.8660254037844385,-0.5000000000000004,56,3100.21
Rice,Punjab,Ludhiana,3100.21,2731.78,3449.69,86.27531947202515,5,2024-09-01,2024,9,3055.815,2781.8025,2875.48,3205.954,2954.3075,2904.3658333333333,2965.02275,139.27133970987757,1.4528039164674555,7.815390821706289,-1.0,-1.8369701987210297e-16,57,3171.185
Rice,Punjab,Ludhiana,3171.185,2842.82,3507.2,79.37598818282504,4,2024-10-01,2024,10,3100.21,3055.815,2781.8025,2956.2625,3060.054,2979.275833333333,2947.3987500000003,172.45149184505323,2.2893610432841616,13.997489038132658,-0.8660254037844386,0.5000000000000001,58,3234.3
Rice,Punjab,Ludhiana,3234.3,2896.01,3637.83,98.30061817370924,4,2024-11-01,2024,11,3171.185,3100.21,3055.815,2914.8225,3207.71,3109.07,2983.2191666666663,58.19307454501448,1.9902654685866716,5.8408313330486346,-0.5000000000000004,0.8660254037844384,59,3346.8900000000003
Rice,Punjab,Ludhiana,3346.8900000000003,3010.12,3820.1,112.17078518937092,5,2024-12-01,2024,12,3234.3,3171.185,3100.21,2875.48,3268.688,3168.565,3036.4654166666664,67.08338337473607,3.481124199981453,7.956880340364049,-2.4492935982947064e-16,1.0,60,3410.58
Rice,Punjab,Ludhiana,3410.58,3079.63,3728.53,46.88902927835749,4,2025-01-01,2025,1,3346.8900000000003,3234.3,3171.185,2781.8025,3337.3825,3250.7916666666665,3115.03375,89.00585968539059,1.9029606589998354,7.549070773228304,0.49999999999999994,0.8660254037844387,61,3462.475
Rice,Punjab,Ludhiana,3462.475,3142.31,3797.03,43.86053997235635,4,2025-02-01,2025,2,3410.58,3346.8900000000003,3234.3,3055.815,3252.7275,3330.59,3219.83,89.26324607587578,1.5215887033876931,7.0548495810530785,0.8660254037844386,0.5000000000000001,62,3258.868
Rice,Punjab,Ludhiana,3258.868,2905.44,3658.23,94.97737188404402,5,2025-03-01,2025,3,3462.475,3410.58,3346.8900000000003,3100.21,3205.954,3406.648333333333,3287.6066666666666,57.892715935046795,-5.880389028079625,-2.629963936669576,1.0,6.123233995736766e-17,63,3190.365
Rice,Punjab,Ludhiana,3190.365,2853.95,3538.92,73.59620347998043,4,2025-04-01,2025,4,3258.868,3462.475,3410.58,3171.185,2956.2625,3377.307666666667,3314.0496666666672,105.80282952896809,-2.102048932328654,-6.456819661172005,0.8660254037844387,-0.4999999999999998,64,2916.4275
Rice,Punjab,Ludhiana,2916.4275,2605.94,3235.8,79.77907677873108,4,2025-05-01,2025,5,3190.365,3258.868,3462.475,3234.3,2914.8225,3303.902666666667,3317.246333333333,141.53463860954847,-8.586399988716026,-15.770438775731238,0.49999999999999994,-0.8660254037844387,65,2820.142
Rice,Punjab,Ludhiana,2820.142,2461.49,3229.87,124.74604731212916,5,2025-06-01,2025,6,2916.4275,3190.365,3258.868,3346.8900000000003,2875.48,3121.8868333333335,3264.2675833333337,181.19966471432673,-3.3014878648620605,-13.462527478866898,1.2246467991473532e-16,-1.0,66,2737.61
Rice,Punjab,Ludhiana,2737.61,2481.82,3047.74,58.39259028335693,4,2025-07-01,2025,7,2820.142,2916.4275,3190.365,3410.58,2781.8025,2975.6448333333333,3176.4762499999997,192.08406195617482,-2.9265193029287073,-14.19132293640382,-0.4999999999999997,-0.8660254037844388,67,2609.824
Rice,Punjab,Ludhiana,2609.824,2282.15,2989.32,137.73603170557797,5,2025-08-01,2025,8,2737.61,2820.142,2916.4275,3462.475,3055.815,2824.7264999999993,3064.3145833333333,89.49685920047382,-4.6677941708278405,-10.512982064529282,-0.8660254037844385,-0.5000000000000004,68,2750.46
Rice,Punjab,Ludhiana,2750.46,2446.25,3070.1,88.55585431428776,4,2025-09-01,2025,9,2609.824,2737.61,2820.142,3258.868,3100.21,2722.525333333333,2922.206083333333,105.96733297262963,5.38871586743014,-2.4708684881825027,-1.0,-1.8369701987210297e-16,69,2867.2425000000003
Rice,Punjab,Ludhiana,2867.2425000000003,2596.2,3150.57,46.05121668678623,4,2025-10-01,2025,10,2750.46,2609.824,2737.61,3190.365,3171.185,2699.2980000000002,2837.4714166666668,77.75267282864752,4.245926135991807,4.735243515329071,-0.8660254037844386,0.5000000000000001,70,2824.216
Rice,Punjab,Ludhiana,2824.216,2500.26,3186.58,89.1106008284088,5,2025-11-01,2025,11,2867.2425000000003,2750.46,2609.824,2916.4275,3234.3,2742.5088333333333,2783.6176666666665,128.89331566874333,-1.500622985324764,8.214806822222489,-0.5000000000000004,0.8660254037844384,71,2948.715
Rice,Punjab,Ludhiana,2948.715,2666.05,3249.66,59.1302914475032,4,2025-12-01,2025,12,2824.216,2867.2425000000003,2750.46,2820.142,3346.8900000000003,2813.9728333333333,2768.2490833333336,59.06123876183716,4.408267639585651,7.208067014244894,-2.4492935982947064e-16,1.0,72,3131.4225
Rice,Punjab,Ludhiana,3131.4225,2817.06,3485.63,73.92126098085727,4,2026-01-01,2026,1,2948.715,2824.216,2867.2425000000003,2737.61,3410.58,2880.0578333333337,2789.677916666667,63.231122294192495,6.196173587477935,9.213730613995844,0.49999999999999994,0.8660254037844387,73,3073.3725
Rice,Punjab,Ludhiana,3073.3725,2638.19,3443.05,145.85932432198712,4,2026-02-01,2026,2,3131.4225,2948.715,2824.216,2609.824,3462.475,2968.1178333333337,2855.3133333333335,154.5196132100507,-1.8537900906057927,8.822147456143584,0.8660254037844386,0.5000000000000001,74,2960.974
Rice,Punjab,Ludhiana,2960.974,2607.03,3335.68,95.16911200594453,5,2026-03-01,2026,3,3073.3725,3131.4225,2948.715,2750.46,3258.868,3051.17,2932.571416666667,93.35534742986492,-3.6571713972191713,0.41574041574041615,1.0,6.123233995736766e-17,75,2982.195
Rice,Punjab,Ludhiana,2982.195,2675.16,3286.73,62.390100977639015,4,2026-04-01,2026,4,2960.974,3073.3725,3131.4225,2867.2425000000003,3190.365,3055.2563333333333,2967.6570833333335,86.6563293076976,0.7166898459763579,-4.765485973227821,0.8660254037844387,-0.4999999999999998,76,2897.74
Rice,Punjab,Ludhiana,2897.74,2580.94,3285.82,96.57665815299266,5,2026-05-01,2026,5,2982.195,2960.974,3073.3725,2824.216,2916.4275,3005.513833333333,2986.8158333333336,59.71751578543627,-2.8319744349380365,-5.714650599626311,0.49999999999999994,-0.8660254037844387,77,2684.26
Rice,Punjab,Ludhiana,2684.26,2425.55,2981.67,54.90729095484497,4,2026-06-01,2026,6,2897.74,2982.195,2960.974,2948.715,2820.142,2946.9696666666664,2999.069833333333,43.93464203033319,-7.367120583627226,-9.345370813793027,1.2246467991473532e-16,-1.0,78,2746.545
Rice,Punjab,Ludhiana,2746.545,2453.86,3026.59,61.618350892138494,4,2026-07-01,2026,7,2684.26,2897.74,2982.195,3131.4225,2737.61,2854.7316666666666,2954.994,153.55325984274293,2.320378800861312,-7.901897763224741,-0.4999999999999997,-0.8660254037844388,79,2804.648
Rice,Maharashtra,Nashik,2857.788,2547.73,3312.89,119.8331054842524,5,2021-01-01,2021,1,2772.83,2633.208,2509.4375,2522.9975,3038.11,2638.4918333333335,2573.9507500000004,131.77572399756914,3.063945499724112,13.88161689621678,0.49999999999999994,0.8660254037844387,13,2810.865
Rice,Maharashtra,Nashik,2810.865,2531.21,3105.68,64.69599807303916,4,2021-02-01,2021,2,2857.788,2772.83,2633.208,2513.324,2878.9475,2754.608666666667,2629.7491666666665,113.39337212259484,-1.6419342512460768,6.7467894674480595,0.8660254037844386,0.5000000000000001,14,2770.2375
Rice,Maharashtra,Nashik,2770.2375,2490.5,3038.26,51.42783447057969,4,2021-03-01,2021,3,2810.865,2857.788,2772.83,2491.9075000000003,2738.036,2813.8276666666666,2679.3393333333333,42.55641533697533,-1.445373577172849,-0.09349653602996742,1.0,6.123233995736766e-17,15,2717.185
Rice,Maharashtra,Nashik,2717.185,2366.31,3064.91,115.39137359438978,4,2021-04-01,2021,4,2770.2375,2810.865,2857.788,2509.4375,2696.055,2812.9635,2725.7276666666667,43.812958006162994,-1.9150885077543076,-4.919994065340048,0.8660254037844387,-0.4999999999999998,16,2697.248
Rice,Maharashtra,Nashik,2697.248,2327.81,3039.65,144.54852531243608,5,2021-05-01,2021,5,2717.185,2770.2375,2810.865,2633.208,2635.396,2766.0958333333333,2760.35225,46.977129031937004,-0.7337373053362174,-4.042065342874871,0.49999999999999994,-0.8660254037844387,17,2595.53
Rice,Maharashtra,Nashik,2595.53,2279.39,3057.45,163.85216955129604,4,2021-06-01,2021,6,2697.248,2717.185,2770.2375,2772.83,2586.82,2728.2235,2771.0255833333335,37.726027345190126,-3.771177140552142,-6.306589236482431,1.2246467991473532e-16,-1.0,18,2523.7225
Rice,Maharashtra,Nashik,2523.7225,2298.02,2761.52,24.53856471624479,4,2021-07-01,2021,7,2595.53,2697.248,2717.185,2857.788,2522.9975,2669.9876666666664,2741.4755833333334,65.24821136501376,-2.766583318243301,-7.119960547404762,-0.4999999999999997,-0.8660254037844388,19,2577.592
Rice,Maharashtra,Nashik,2577.592,2236.92,2894.39,91.46139797750742,5,2021-08-01,2021,8,2523.7225,2595.53,2697.248,2810.865,2513.324,2605.5001666666667,2685.798,87.1913295866268,2.134525487647721,-4.436225367485672,-0.8660254037844385,-0.5000000000000004,20,2702.2425000000003
Rice,Maharashtra,Nashik,2702.2425000000003,2365.65,3036.24,105.25324646616215,4,2021-09-01,2021,9,2577.592,2523.7225,2595.53,2770.2375,2491.9075000000003,2565.6148333333335,2646.9191666666666,37.372030384820434,4.835928261726456,4.111395360485145,-1.0,-1.8369701987210297e-16,21,2831.99
Rice,Maharashtra,Nashik,2831.99,2547.89,3158.54,60.32442996000884,5,2021-10-01,2021,10,2702.2425000000003,2577.592,2523.7225,2717.185,2509.4375,2601.1856666666667,2635.5866666666666,91.5687906990358,4.801475071167724,12.214793821428463,-0.8660254037844386,0.5000000000000001,22,2992.515
Rice,Maharashtra,Nashik,2992.515,2738.63,3245.55,11.751670803194962,4,2021-11-01,2021,11,2831.99,2702.2425000000003,2577.592,2697.248,2633.208,2703.9415000000004,2654.7208333333333,127.20750980877665,5.668275664815204,16.097310978618793,-0.5000000000000004,0.8660254037844384,23,3021.8075
Rice,Maharashtra,Nashik,3021.8075,2721.23,3386.24,83.56507339592696,4,2021-12-01,2021,12,2992.515,2831.99,2702.2425000000003,2595.53,2772.83,2842.2491666666665,2703.9320000000002,145.40793974052042,0.9788589196712472,11.825918658299527,-2.4492935982947064e-16,1.0,24,3188.074
Rice,Maharashtra,Nashik,3188.074,2870.75,3598.12,83.82095996825619,5,2022-01-01,2022,1,3021.8075,2992.515,2831.99,2523.7225,2857.788,2948.7708333333335,2774.97825,102.19018991362394,5.502220111638487,12.57363196903945,0.49999999999999994,0.8660254037844387,25,3123.245
Rice,Maharashtra,Nashik,3123.245,2785.35,3476.41,78.32563245834663,4,2022-02-01,2022,2,3188.074,3021.8075,2992.515,2577.592,2810.865,3067.4655,2885.7035,105.47189361744078,-2.0334847936403038,4.368566239434055,0.8660254037844386,0.5000000000000001,26,3020.81
Rice,Maharashtra,Nashik,3020.81,2700.4,3366.51,84.11017655432663,4,2022-03-01,2022,3,3123.245,3188.074,3021.8075,2702.2425000000003,2770.2375,3111.0421666666666,2976.645666666667,83.80226197175065,-3.2797619142910643,-0.033010044484962905,1.0,6.123233995736766e-17,27,2912.9325
Rice,Maharashtra,Nashik,2912.9325,2625.59,3198.82,45.52198251028465,4,2022-04-01,2022,4,3020.81,3123.245,3188.074,2831.99,2717.185,3110.709666666666,3029.7402500000003,84.33363718192119,-3.571144825394515,-8.630336058698768,0.8660254037844387,-0.4999999999999998,28,2712.318
Rice,Maharashtra,Nashik,2712.318,2411.56,3105.26,107.739977352884,5,2022-05-01,2022,5,2912.9325,3020.81,3123.245,2992.515,2697.248,3018.995833333333,3043.2306666666664,105.1679861677598,-6.8870287931491605,-13.157053000965332,0.49999999999999994,-0.8660254037844387,29,2655.105
Rice,Maharashtra,Nashik,2655.105,2418.82,2936.67,42.8378473626612,4,2022-06-01,2022,6,2712.318,2912.9325,3020.81,3021.8075,2595.53,2882.0201666666667,2996.531166666667,156.55193317261333,-2.109376555403909,-12.106190061605991,1.2246467991473532e-16,-1.0,30,2718.31
Rice,Maharashtra,Nashik,2718.31,2325.61,3032.29,110.39575739130552,5,2022-07-01,2022,7,2655.105,2712.318,2912.9325,3188.074,2523.7225,2760.1185000000005,2935.414083333333,135.39727024297576,2.380508492131194,-6.681325434077169,-0.4999999999999997,-0.8660254037844388,31,2724.025
Rice,Maharashtra,Nashik,2724.025,2437.76,3067.12,83.67647439194981,4,2022-08-01,2022,8,2718.31,2655.105,2712.318,3123.245,2577.592,2695.2443333333335,2857.1200833333332,34.8905513904974,0.2102409217491804,0.4316234305859371,-0.8660254037844385,-0.5000000000000004,32,2850.735
Rice,Maharashtra,Nashik,2850.735,2530.27,3141.48,69.51740909057719,4,2022-09-01,2022,9,2724.025,2718.31,2655.105,3020.81,2702.2425000000003,2699.146666666667,2790.583416666667,38.248092871840406,4.651572581015227,7.36807018931455,-1.0,-1.8369701987210297e-16,33,2942.116
Rice,Maharashtra,Nashik,2942.116,2683.33,3232.12,31.57000126702558,5,2022-10-01,2022,10,2850.735,2724.025,2718.31,2912.9325,2831.99,2764.3566666666666,2762.2375833333335,74.86038777840237,3.205524189375717,8.233277293612577,-0.8660254037844386,0.5000000000000001,34,3115.0275
Rice,Maharashtra,Nashik,3115.0275,2749.64,3475.91,95.92369306728504,4,2022-11-01,2022,11,2942.116,2850.735,2724.025,2712.318,2992.515,2838.958666666667,2767.1015,109.52137960385915,5.877113614826885,14.353851378015989,-0.5000000000000004,0.8660254037844384,35,3054.125
Rice,Maharashtra,Nashik,3054.125,2757.87,3415.28,76.14273460635191,4,2022-12-01,2022,12,3115.0275,2942.116,2850.735,2655.105,3021.8075,2969.2928333333334,2834.21975,134.22580449221502,-1.9551191763154625,7.134651239066411,-2.4492935982947064e-16,1.0,36,3317.438
Rice,Maharashtra,Nashik,3317.438,3004.91,3637.92,45.69030061183644,5,2023-01-01,2023,1,3054.125,3115.0275,2942.116,2718.31,3188.074,3037.0895,2900.7230833333338,87.70548958445428,8.621552817910207,12.756872944506611,0.49999999999999994,0.8660254037844387,37,3265.7875
Rice,Maharashtra,Nashik,3265.7875,2972.86,3582.85,38.2369597597228,4,2023-02-01,2023,2,3317.438,3054.125,3115.0275,2724.025,3123.245,3162.1968333333334,3000.57775,137.84826258456,-1.5569394213245338,4.839764656973325,0.8660254037844386,0.5000000000000001,38,3299.8475
Rice,Maharashtra,Nashik,3299.8475,2876.6,3706.22,126.78134914752502,4,2023-03-01,2023,3,3265.7875,3317.438,3054.125,2850.735,3020.81,3212.450166666667,3090.8714999999997,139.52450443410171,1.0429337487512567,8.045594073588994,1.0,6.123233995736766e-17,39,3309.5080000000003
Rice,Maharashtra,Nashik,3309.5080000000003,3008.0,3663.27,52.27388564092022,5,2023-04-01,2023,4,3299.8475,3265.7875,3317.438,2942.116,2912.9325,3294.357666666667,3165.723583333333,26.259231521152373,0.2927559531160277,-0.2390398855984599,0.8660254037844387,-0.4999999999999998,40,3094.4575
Rice,Maharashtra,Nashik,3094.4575,2755.26,3432.12,76.5279092336035,4,2023-05-01,2023,5,3309.5080000000003,3299.8475,3265.7875,3115.0275,2712.318,3291.7143333333333,3226.955583333333,22.966972592866597,-6.49795981759223,-5.246207844202965,0.49999999999999994,-0.8660254037844387,41,3132.8225
Rice,Maharashtra,Nashik,3132.8225,2823.3,3416.59,43.439484630920695,4,2023-06-01,2023,6,3094.4575,3309.5080000000003,3299.8475,3054.125,2655.105,3234.604333333333,3223.5272499999996,121.46679581301917,1.2397972827224233,-5.061597543522834,1.2246467991473532e-16,-1.0,42,3042.346
Rice,Maharashtra,Nashik,3042.346,2723.58,3430.32,83.02747996898364,5,2023-07-01,2023,7,3132.8225,3094.4575,3309.5080000000003,3317.438,2718.31,3178.9293333333335,3236.6435,114.69986681588568,-2.8880187115612266,-8.072559425751509,-0.4999999999999997,-0.8660254037844388,43,3159.6925
Rice,Maharashtra,Nashik,3159.6925,2832.12,3485.29,61.39532358684431,4,2023-08-01,2023,8,3042.346,3132.8225,3094.4575,3265.7875,2724.025,3089.8753333333334,3190.7948333333334,45.41196374945993,3.8571056677971574,2.108123960338771,-0.8660254037844385,-0.5000000000000004,44,3175.0875
Rice,Maharashtra,Nashik,3175.0875,2874.92,3547.68,74.38619333137933,4,2023-09-01,2023,9,3159.6925,3042.346,3132.8225,3299.8475,2850.735,3111.6203333333337,3173.112333333334,61.479258039457335,0.4872309568098788,1.3491029255567422,-1.0,-1.8369701987210297e-16,45,3261.704
Rice,Maharashtra,Nashik,3261.704,2968.22,3554.4,32.20407939997654,5,2023-10-01,2023,10,3175.0875,3159.6925,3042.346,3309.5080000000003,2942.116,3125.708666666667,3152.319,72.60338939458758,2.7280035589570395,7.210159528206199,-0.8660254037844386,0.5000000000000001,46,3398.285
Rice,Maharashtra,Nashik,3398.285,3069.13,3740.5,52.05603807436731,4,2023-11-01,2023,11,3261.704,3175.0875,3159.6925,3094.4575,3115.0275,3198.828,3144.351666666667,54.99359088337907,4.187412469065239,7.551130371072492,-0.5000000000000004,0.8660254037844384,47,3561.718
Rice,Maharashtra,Nashik,3561.718,3242.55,3925.55,43.65159470168296,5,2023-12-01,2023,12,3398.285,3261.704,3175.0875,3132.8225,3054.125,3278.358833333333,3194.9895833333335,112.52696835239756,4.809278797981923,12.177002995980418,-2.4492935982947064e-16,1.0,48,3784.82
Rice,Maharashtra,Nashik,3784.82,3398.37,4236.28,109.95822631041918,4,2024-01-01,2024,1,3561.718,3398.285,3261.704,3042.346,3317.438,3407.235666666667,3266.472166666667,150.20714322005804,6.263887258901472,16.038119952025077,0.49999999999999994,0.8660254037844387,49,3714.505
Rice,Maharashtra,Nashik,3714.505,3324.86,4115.12,84.64650357024013,4,2024-02-01,2024,2,3784.82,3561.718,3398.285,3159.6925,3265.7875,3581.607666666667,3390.2178333333336,194.03356845229263,-1.8578162237570097,9.305281928973004,0.8660254037844386,0.5000000000000001,50,3573.534
Rice,Maharashtra,Nashik,3573.534,3231.13,3932.64,51.63991653750049,5,2024-03-01,2024,3,3714.505,3784.82,3561.718,3175.0875,3299.8475,3687.014333333334,3482.6865833333336,114.06326387724562,-3.7951490171637943,0.33175001502084833,1.0,6.123233995736766e-17,51,3566.1825
Rice,Maharashtra,Nashik,3566.1825,3195.65,3972.91,97.46069647982874,4,2024-04-01,2024,4,3573.534,3714.505,3784.82,3261.704,3309.5080000000003,3690.953,3549.094333333334,107.59398671392748,-0.20572072351907703,-5.7766947965821425,0.8660254037844387,-0.4999999999999998,52,3398.0475
Rice,Maharashtra,Nashik,3398.0475,3087.87,3728.2,46.88040626601539,4,2024-05-01,2024,5,3566.1825,3573.534,3714.505,3398.285,3094.4575,3618.0738333333334,3599.84075,83.59269445699444,-4.714705430807306,-8.51950663681971,0.49999999999999994,-0.8660254037844387,53,3417.486
Rice,Maharashtra,Nashik,3417.486,2996.12,3885.59,130.562780607645,5,2024-06-01,2024,6,3398.0475,3566.1825,3573.534,3561.718,3132.8225,3512.5879999999997,3599.8011666666666,99.26306333801871,0.5720490958410601,-4.366769701925327,1.2246467991473532e-16,-1.0,54,3415.5675
Rice,Maharashtra,Nashik,3415.5675,3081.49,3806.25,75.70208468067449,4,2024-07-01,2024,7,3417.486,3398.0475,3566.1825,3784.82,3042.346,3460.572,3575.7624999999994,91.97633991004297,-0.05613775740412008,-4.223423787201014,-0.4999999999999997,-0.8660254037844388,55,3300.6575000000003
Rice,Maharashtra,Nashik,3300.6575000000003,2895.54,3690.26,125.10598583467792,4,2024-08-01,2024,8,3415.5675,3417.486,3398.0475,3714.505,3159.6925,3410.3669999999997,3514.2204166666666,10.712036255913915,-3.3643018327115435,-2.866057640453816,-0.8660254037844385,-0.5000000000000004,56,3420.632
Rice,Maharashtra,Nashik,3420.632,3043.68,3818.4,81.38287055640153,5,2024-09-01,2024,9,3300.6575000000003,3415.5675,3417.486,3573.534,3175.0875,3377.9036666666666,3445.245833333333,66.90401975278829,3.634866689439901,0.0920559733090402,-1.0,-1.8369701987210297e-16,57,3416.46
Rice,Maharashtra,Nashik,3416.46,3060.82,3879.53,124.54590693127297,4,2024-10-01,2024,10,3420.632,3300.6575000000003,3415.5675,3566.1825,3261.704,3378.952333333333,3419.762166666667,67.85258274436926,-0.12196576539072386,0.026130357546730588,-0.8660254037844386,0.5000000000000001,58,3534.76
Rice,Maharashtra,Nashik,3534.76,3213.14,3851.24,31.143289271794405,4,2024-11-01,2024,11,3416.46,3420.632,3300.6575000000003,3398.0475,3398.285,3379.2498333333333,3394.8084166666667,68.09491566983152,3.462648472395409,7.0926020042976266,-0.5000000000000004,0.8660254037844384,59,3638.218
Rice,Maharashtra,Nashik,3638.218,3255.34,4002.72,65.09119886743508,5,2024-12-01,2024,12,3534.76,3416.46,3420.632,3417.486,3561.718,3457.284,3417.593833333333,67.12860290515289,2.9268748090393584,6.360988261818277,-2.4492935982947064e-16,1.0,60,3745.855
Rice,Maharashtra,Nashik,3745.855,3342.82,4170.73,101.6967916570298,4,2025-01-01,2025,1,3638.218,3534.76,3416.46,3415.5675,3784.82,3529.8126666666667,3454.3824999999997,110.96174891074223,2.9585088084331446,9.64141245616808,0.49999999999999994,0.8660254037844387,61,3776.3875
Rice,Maharashtra,Nashik,3776.3875,3392.49,4195.79,86.4946304210075,4,2025-02-01,2025,2,3745.855,3638.218,3534.76,3300.6575000000003,3714.505,3639.6109999999994,3509.4304166666666,105.55439400137108,0.8151009582591904,6.835754054023457,0.8660254037844386,0.5000000000000001,62,3663.684
Rice,Maharashtra,Nashik,3663.684,3259.15,4085.7,98.94209533863732,5,2025-03-01,2025,3,3776.3875,3745.855,3638.218,3420.632,3573.534,3720.1535,3588.71875,72.58187107843321,-2.984426253926527,0.699958056389154,1.0,6.123233995736766e-17,63,3481.39
Rice,Maharashtra,Nashik,3481.39,3174.15,3830.46,44.4789710612403,4,2025-04-01,2025,4,3663.684,3776.3875,3745.855,3416.46,3566.1825,3728.642166666667,3629.2274166666666,58.290058771454106,-4.9757020529063185,-7.060203878687246,0.8660254037844387,-0.4999999999999998,64,3397.0025
Rice,Maharashtra,Nashik,3397.0025,3044.21,3837.07,106.99605144583607,4,2025-05-01,2025,5,3481.39,3663.684,3776.3875,3534.76,3398.0475,3640.4871666666663,3640.0490833333333,148.8605087290788,-2.423959970011973,-10.046241282177737,0.49999999999999994,-0.8660254037844387,65,3291.1800000000003
Rice,Maharashtra,Nashik,3291.1800000000003,3006.44,3586.77,25.39284249547498,5,2025-06-01,2025,6,3397.0025,3481.39,3663.684,3638.218,3417.486,3514.0254999999997,3617.0895,136.30320064381314,-3.1151728619569683,-10.167470775317955,1.2246467991473532e-16,-1.0,66,3369.7725
Rice,Maharashtra,Nashik,3369.7725,3027.32,3745.44,80.68008485163273,4,2025-07-01,2025,7,3291.1800000000003,3397.0025,3481.39,3745.855,3415.5675,3389.8575,3559.2498333333333,95.3060821445736,2.3879733104843774,-3.2061188203562323,-0.4999999999999997,-0.8660254037844388,67,3440.282
Rice,Maharashtra,Nashik,3440.282,3052.76,3783.19,73.99572771451055,5,2025-08-01,2025,8,3369.7725,3291.1800000000003,3397.0025,3776.3875,3300.6575000000003,3352.651666666667,3496.5694166666667,54.94945474781142,2.0924112829575323,1.2740496952828295,-0.8660254037844385,-0.5000000000000004,68,3462.0575
Rice,Maharashtra,Nashik,3462.0575,3039.42,3866.45,115.28407562047188,4,2025-09-01,2025,9,3440.282,3369.7725,3291.1800000000003,3663.684,3420.632,3367.0781666666667,3440.5518333333334,74.5875068297747,0.6329568331898296,5.191982814674359,-1.0,-1.8369701987210297e-16,69,3507.9625
Rice,Maharashtra,Nashik,3507.9625,3145.5,3955.02,107.3608679097432,4,2025-10-01,2025,10,3462.0575,3440.282,3369.7725,3481.39,3416.46,3424.0373333333337,3406.9474166666664,48.2394776358672,1.3259456262641567,4.100870310977968,-0.8660254037844386,0.5000000000000001,70,3563.636
Rice,Maharashtra,Nashik,3563.636,3140.58,4058.96,130.93392963628645,5,2025-11-01,2025,11,3507.9625,3462.0575,3440.282,3397.0025,3534.76,3470.1006666666667,3411.376166666667,34.549702134476334,1.587060865103315,3.5855781589997506,-0.5000000000000004,0.8660254037844384,71,3674.06
Rice,Maharashtra,Nashik,3674.06,3323.78,4071.11,67.05986827703519,4,2025-12-01,2025,12,3563.636,3507.9625,3462.0575,3291.1800000000003,3638.218,3511.218666666666,3439.148416666667,50.86747370944188,3.0986329692482615,6.123598467096518,-2.4492935982947064e-16,1.0,72,3816.89
Rice,Maharashtra,Nashik,3816.89,3497.38,4138.87,17.37717084759957,4,2026-01-01,2026,1,3674.06,3563.636,3507.9625,3369.7725,3745.855,3581.8861666666667,3502.9617500000004,84.53931815481036,3.887524972373884,8.806465291461919,0.49999999999999994,0.8660254037844387,73,3707.045
Rice,Maharashtra,Nashik,3707.045,3308.27,4119.88,89.33299371825984,4,2026-02-01,2026,2,3816.89,3674.06,3563.636,3440.282,3776.3875,3684.8619999999996,3577.481333333333,126.97208170301128,-2.8778665353206354,4.02423255349312,0.8660254037844386,0.5000000000000001,74,3628.082
Rice,Maharashtra,Nashik,3628.082,3185.36,4050.74,118.08063715105872,5,2026-03-01,2026,3,3707.045,3816.89,3674.06,3462.0575,3663.684,3732.6649999999995,3621.941833333333,74.78228750844565,-2.1300793489153813,-1.2514221324638157,1.0,6.123233995736766e-17,75,3499.065
Rice,Maharashtra,Nashik,3499.065,3138.34,3892.31,88.82880782719067,4,2026-04-01,2026,4,3628.082,3707.045,3816.89,3507.9625,3481.39,3717.339,3649.6125833333335,94.82399508033785,-3.556066263110917,-8.32680533104176,0.8660254037844387,-0.4999999999999998,76,3399.762
Rice,Maharashtra,Nashik,3399.762,3005.53,3766.79,81.00985415367684,5,2026-05-01,2026,5,3499.065,3628.082,3707.045,3563.636,3397.0025,3611.397333333333,3648.1296666666663,104.98906455593361,-2.837986719309298,-8.289162931661199,0.49999999999999994,-0.8660254037844387,77,3284.6925
Rice,Maharashtra,Nashik,3284.6925,2946.06,3633.73,82.0771910561436,4,2026-06-01,2026,6,3399.762,3499.065,3628.082,3674.06,3291.1800000000003,3508.9696666666664,3620.817333333333,114.48179949813252,-3.384633983202355,-9.46476678311019,1.2246467991473532e-16,-1.0,78,3224.0925
Rice,Maharashtra,Nashik,3224.0925,2892.92,3584.38,81.35861780823645,4,2026-07-01,2026,7,3284.6925,3399.762,3499.065,3816.89,3369.7725,3394.5065,3555.9227499999997,107.2828383258386,-1.8449215565840609,-7.858456473372168,-0.4999999999999997,-0.8660254037844388,79,3216.3540000000003
Rice,Maharashtra,Pune,3675.748,3327.25,4078.46,61.82265822495832,5,2021-01-01,2021,1,3537.7725,3296.736,3134.915,3044.57,3203.2625,3323.141166666667,3197.189583333333,202.7226330397858,3.900067061971905,17.25191911104448,0.49999999999999994,0.8660254037844387,13,3665.7625
Rice,Maharashtra,Pune,3665.7625,3302.57,4016.39,57.49139841460345,4,2021-02-01,2021,2,3675.748,3537.7725,3296.736,3024.734,3199.56,3503.418833333333,3302.3859166666666,191.8271483551893,-0.27165899294511564,11.193692791900837,0.8660254037844386,0.5000000000000001,14,3521.7
Rice,Maharashtra,Pune,3521.7,3177.94,3863.22,59.2361483105262,4,2021-03-01,2021,3,3665.7625,3675.748,3537.7725,3144.41,3222.668,3626.4276666666665,3409.2239999999997,76.93979129867601,-3.9299463617733013,-0.4543112933350072,1.0,6.123233995736766e-17,15,3379.5775
Rice,Maharashtra,Pune,3379.5775,3055.18,3721.24,60.72553958865506,4,2021-04-01,2021,4,3521.7,3665.7625,3675.748,3134.915,3159.9975,3621.0701666666664,3472.1056666666664,86.20179853160744,-4.035622000738279,-8.057421237799767,0.8660254037844387,-0.4999999999999998,16,3252.62
Rice,Maharashtra,Pune,3252.62,2880.11,3586.14,76.940719713296,5,2021-05-01,2021,5,3379.5775,3521.7,3665.7625,3296.736,3093.352,3522.346666666667,3512.8827499999993,143.09359590695803,-3.756608629333104,-11.270301881259355,0.49999999999999994,-0.8660254037844387,17,3169.8275
Rice,Maharashtra,Pune,3169.8275,2878.97,3492.42,46.85943332635023,4,2021-06-01,2021,6,3252.62,3379.5775,3521.7,3537.7725,3093.305,3384.6324999999997,3505.5300833333336,134.61120446957747,-2.5454095467653777,-9.991552375273304,1.2246467991473532e-16,-1.0,18,3170.5275
Rice,Maharashtra,Pune,3170.5275,2760.51,3634.97,154.8881519839396,4,2021-07-01,2021,7,3169.8275,3252.62,3379.5775,3675.748,3044.57,3267.3416666666667,3444.2059166666672,105.64710704550158,0.022083220616903376,-6.185684453160188,-0.4999999999999997,-0.8660254037844388,19,3260.23
Rice,Maharashtra,Pune,3260.23,2880.88,3619.2,83.67102246297704,5,2021-08-01,2021,8,3170.5275,3169.8275,3252.62,3665.7625,3024.734,3197.6583333333333,3360.0025,47.59948636365296,2.8292610614479727,0.2339652341804492,-0.8660254037844385,-0.5000000000000004,20,3343.285
Rice,Maharashtra,Pune,3343.285,3045.05,3662.42,35.05774427046538,4,2021-09-01,2021,9,3260.23,3170.5275,3169.8275,3521.7,3144.41,3200.1949999999997,3292.41375,51.993013172447064,2.5475196535213724,5.4721432002214625,-1.0,-1.8369701987210297e-16,21,3470.124
Rice,Maharashtra,Pune,3470.124,3102.73,3814.59,80.85864041647004,5,2021-10-01,2021,10,3343.285,3260.23,3170.5275,3379.5775,3134.915,3258.0141666666664,3262.677916666667,86.40006301840063,3.7938434802895937,9.449421271381485,-0.8660254037844386,0.5000000000000001,22,3722.795
Rice,Maharashtra,Pune,3722.795,3384.12,4073.43,38.22266387018749,4,2021-11-01,2021,11,3470.124,3343.285,3260.23,3252.62,3296.736,3357.8796666666663,3277.7690000000002,105.70537370604046,7.281324817211152,14.188109427862452,-0.5000000000000004,0.8660254037844384,23,3809.5825
Rice,Maharashtra,Pune,3809.5825,3422.97,4250.92,92.38973260956377,4,2021-12-01,2021,12,3722.795,3470.124,3343.285,3169.8275,3537.7725,3512.0679999999998,3356.1314999999995,193.2005030454127,2.3312457441250434,13.947285379499508,-2.4492935982947064e-16,1.0,24,3870.522
Rice,Maharashtra,Pune,3870.522,3418.17,4348.67,124.16098831758715,5,2022-01-01,2022,1,3809.5825,3722.795,3470.124,3170.5275,3675.748,3667.5005,3462.757333333333,176.35512355259348,1.5996372305889148,11.538434937771681,0.49999999999999994,0.8660254037844387,25,4018.2725
Rice,Maharashtra,Pune,4018.2725,3499.84,4502.37,169.52110633094227,4,2022-02-01,2022,2,3870.522,3809.5825,3722.795,3260.23,3665.7625,3800.9665,3579.423083333333,74.23943173442542,3.817327481926213,7.93698014529406,0.8660254037844386,0.5000000000000001,26,3833.7
Rice,Maharashtra,Pune,3833.7,3360.84,4285.15,139.3325343677254,4,2022-03-01,2022,3,4018.2725,3870.522,3809.5825,3343.285,3521.7,3899.4590000000003,3705.7634999999996,107.31212187702965,-4.593329596238189,0.6330746216941052,1.0,6.123233995736766e-17,27,3694.11
Rice,Maharashtra,Pune,3694.11,3315.93,4029.03,60.36850558583241,4,2022-04-01,2022,4,3833.7,4018.2725,3870.522,3470.124,3379.5775,3907.4981666666663,3787.499333333333,97.68408066355454,-3.6411299788715783,-4.557834834681208,0.8660254037844387,-0.4999999999999998,28,3562.954
Rice,Maharashtra,Pune,3562.954,3164.66,3934.75,79.83378470296896,5,2022-05-01,2022,5,3694.11,3833.7,4018.2725,3722.795,3252.62,3848.6941666666667,3824.8303333333333,162.60058541433298,-3.55040862345734,-11.331200161263325,0.49999999999999994,-0.8660254037844387,29,3490.3425
Rice,Maharashtra,Pune,3490.3425,3058.48,3957.08,139.36583186587254,4,2022-06-01,2022,6,3562.954,3694.11,3833.7,3809.5825,3169.8275,3696.921333333333,3798.1901666666668,135.39489216855156,-2.037957829374165,-8.956295484779707,1.2246467991473532e-16,-1.0,30,3499.6520000000005
Rice,Maharashtra,Pune,3499.6520000000005,3190.03,3834.93,37.997211345044825,5,2022-07-01,2022,7,3490.3425,3562.954,3694.11,3870.522,3170.5275,3582.468833333334,3744.9835000000003,103.2759413129879,0.2667216755948821,-5.264001342677928,-0.4999999999999997,-0.8660254037844388,31,3454.725
Rice,Maharashtra,Pune,3454.725,3152.5,3764.26,26.96727955628208,4,2022-08-01,2022,8,3499.6520000000005,3490.3425,3562.954,4018.2725,3260.23,3517.6495,3683.1718333333333,39.50999857947829,-1.2837562134749565,-3.037619907526178,-0.8660254037844385,-0.5000000000000004,32,3366.1075
Rice,Maharashtra,Pune,3366.1075,3028.68,3686.41,52.50063642471389,4,2022-09-01,2022,9,3454.725,3499.6520000000005,3490.3425,3833.7,3343.285,3481.573166666667,3589.2472500000003,23.712543886806788,-2.5651101028301775,-3.5593928103044363,-1.0,-1.8369701987210297e-16,33,3505.34
Rice,Maharashtra,Pune,3505.34,3160.96,3914.17,73.52292703640146,5,2022-10-01,2022,10,3366.1075,3454.725,3499.6520000000005,3694.11,3470.124,3440.1615,3511.3151666666668,67.95296181367237,4.136305807226895,0.16253044588432353,-0.8660254037844386,0.5000000000000001,34,3554.51
Rice,Maharashtra,Pune,3554.51,3162.61,3941.87,94.49934497127464,4,2022-11-01,2022,11,3505.34,3366.1075,3454.725,3562.954,3722.795,3442.0575000000003,3479.8534999999997,70.47532498151661,1.402716997495252,2.8883630390262702,-0.5000000000000004,0.8660254037844384,35,3592.08
Rice,Maharashtra,Pune,3592.08,3153.38,3971.76,111.8203347637032,4,2022-12-01,2022,12,3554.51,3505.34,3366.1075,3490.3425,3809.5825,3475.3191666666667,3478.446166666667,97.72314632206484,1.05696706437736,6.7131694397757595,-2.4492935982947064e-16,1.0,36,3637.554
Rice,Maharashtra,Pune,3637.554,3237.6,4059.17,101.95271369610512,5,2023-01-01,2023,1,3592.08,3554.51,3505.34,3499.6520000000005,3870.522,3550.6433333333334,3495.4024166666663,43.49908313210288,1.2659517605398587,3.7717881860247493,0.49999999999999994,0.8660254037844387,37,3640.84
Rice,Maharashtra,Pune,3640.84,3317.99,3989.1,37.27683284114504,4,2023-02-01,2023,2,3637.554,3592.08,3554.51,3454.725,4018.2725,3594.7146666666667,3518.3860833333333,41.584643623981336,0.0903354286974175,2.4287454529597587,0.8660254037844386,0.5000000000000001,38,3486.02
Rice,Maharashtra,Pune,3486.02,3149.72,3847.53,57.52703132731023,4,2023-03-01,2023,3,3640.84,3637.554,3592.08,3366.1075,3833.7,3623.4913333333334,3549.40525,27.252584195512483,-4.252315399742921,-2.9526068461726895,1.0,6.123233995736766e-17,39,3419.16
Rice,Maharashtra,Pune,3419.16,3053.89,3828.36,93.22832616753357,5,2023-04-01,2023,4,3486.02,3640.84,3637.554,3505.34,3694.11,3588.1380000000004,3569.3906666666667,88.45204289331168,-1.9179465407542162,-6.003869633275554,0.8660254037844387,-0.4999999999999998,40,3348.7200000000003
Rice,Maharashtra,Pune,3348.7200000000003,3016.25,3701.34,62.85706695882869,4,2023-05-01,2023,5,3419.16,3486.02,3640.84,3554.51,3562.954,3515.34,3555.0273333333334,113.7112676914668,-2.060155125820365,-8.02342316608255,0.49999999999999994,-0.8660254037844387,41,3286.155
Rice,Maharashtra,Pune,3286.155,2948.45,3618.48,64.61015425870244,4,2023-06-01,2023,6,3348.7200000000003,3419.16,3486.02,3592.08,3490.3425,3417.9666666666667,3520.729,68.65777838915209,-1.8683258080699507,-5.733329126052053,1.2246467991473532e-16,-1.0,42,3267.208
Rice,Maharashtra,Pune,3267.208,2919.72,3652.29,85.64712382794886,5,2023-07-01,2023,7,3286.155,3348.7200000000003,3419.16,3637.554,3499.6520000000005,3351.345,3469.7415,66.54134410275142,-0.576570490436395,-4.444132476982644,-0.4999999999999997,-0.8660254037844388,43,3193.8175
Rice,Maharashtra,Pune,3193.8175,2839.5,3555.32,89.55911730062255,4,2023-08-01,2023,8,3267.208,3286.155,3348.7200000000003,3640.84,3454.725,3300.6943333333334,3408.017166666667,42.65671924016543,-2.246275719207347,-4.625722664182139,-0.8660254037844385,-0.5000000000000004,44,3201.3275
Rice,Maharashtra,Pune,3201.3275,2885.78,3534.53,72.55613062771936,4,2023-09-01,2023,9,3193.8175,3267.208,3286.155,3486.02,3366.1075,3249.0601666666666,3333.5134166666667,48.770496897043024,0.23514180130830153,-2.5813602827620827,-1.0,-1.8369701987210297e-16,45,3283.858
Rice,Maharashtra,Pune,3283.858,2847.57,3607.58,105.63162769738996,5,2023-10-01,2023,10,3201.3275,3193.8175,3267.208,3419.16,3505.34,3220.784333333333,3286.0646666666667,40.37904958124421,2.5780086542223595,0.5096094279886707,-0.8660254037844386,0.5000000000000001,46,3390.865
Rice,Maharashtra,Pune,3390.865,3073.13,3707.83,44.68001977021351,4,2023-11-01,2023,11,3283.858,3201.3275,3193.8175,3348.7200000000003,3554.51,3226.3343333333337,3263.514333333334,49.95827454070607,3.258575736222443,6.169654339986542,-0.5000000000000004,0.8660254037844384,47,3511.786
Rice,Maharashtra,Pune,3511.786,3172.77,3849.43,42.228134341928985,5,2023-12-01,2023,12,3390.865,3283.858,3201.3275,3286.155,3592.08,3292.0168333333336,3270.5385,95.03178887921828,3.5660812211633397,9.697805051185803,-2.4492935982947064e-16,1.0,48,3690.465
Rice,Maharashtra,Pune,3690.465,3309.03,4060.49,68.89671375810805,4,2024-01-01,2024,1,3511.786,3390.865,3283.858,3267.208,3637.554,3395.503,3308.143666666667,114.03476039787438,5.087980873549815,12.38199093870685,0.49999999999999994,0.8660254037844387,49,3744.605
Rice,Maharashtra,Pune,3744.605,3376.84,4145.57,72.95849893375456,4,2024-02-01,2024,2,3690.465,3511.786,3390.865,3193.8175,3640.84,3531.038666666667,3378.6865,150.72504397190784,1.4670238032334644,10.432146369731624,0.8660254037844386,0.5000000000000001,50,3682.388
Rice,Maharashtra,Pune,3682.388,3293.91,4100.09,85.53610389771079,5,2024-03-01,2024,3,3744.605,3690.465,3511.786,3201.3275,3486.02,3648.9519999999998,3470.4844166666667,121.83459511567214,-1.6615103595706382,4.857983943212937,1.0,6.123233995736766e-17,51,3526.3375
Rice,Maharashtra,Pune,3526.3375,3107.04,3935.89,126.44773607436926,4,2024-04-01,2024,4,3682.388,3744.605,3690.465,3283.858,3419.16,3705.8193333333334,3550.6611666666663,33.83127896389541,-4.237752784334509,-4.447339291932048,0.8660254037844387,-0.4999999999999998,52,3497.06
Rice,Maharashtra,Pune,3497.06,3143.65,3877.26,72.01034509013273,4,2024-05-01,2024,5,3526.3375,3682.388,3744.605,3390.865,3348.7200000000003,3651.110166666667,3591.0744166666664,112.44510897581543,-0.8302523510582905,-6.610710608996144,0.49999999999999994,-0.8660254037844387,53,3483.686
Rice,Maharashtra,Pune,3483.686,3032.95,3910.09,118.07903044148024,5,2024-06-01,2024,6,3497.06,3526.3375,3682.388,3511.786,3286.155,3568.5951666666665,3608.7735833333336,99.62880953862285,-0.38243553156079096,-5.396009328729068,1.2246467991473532e-16,-1.0,54,3488.315
Rice,Maharashtra,Pune,3488.315,3106.66,3874.84,86.73143317160168,4,2024-07-01,2024,7,3483.686,3497.06,3526.3375,3690.465,3267.208,3502.361166666667,3604.0902499999997,21.814316149798557,0.132876499202279,-1.0782433615613944,-0.4999999999999997,-0.8660254037844388,55,3593.64
Rice,Maharashtra,Pune,3593.64,3176.59,4010.18,112.83961567936444,4,2024-08-01,2024,8,3488.315,3483.686,3497.06,3744.605,3193.8175,3489.687,3570.3985833333336,6.791741823719408,3.0193660836248966,2.761748440118269,-0.8660254037844385,-0.5000000000000004,56,3694.826
Rice,Maharashtra,Pune,3694.826,3274.45,4068.61,79.7068694028313,5,2024-09-01,2024,9,3593.64,3488.315,3483.686,3682.388,3201.3275,3521.880333333333,3545.2377500000002,62.18877897445262,2.8156966195834907,6.06082178474179,-1.0,-1.8369701987210297e-16,57,3728.8825
Rice,Maharashtra,Pune,3728.8825,3379.0,4073.16,43.80060987018331,4,2024-10-01,2024,10,3694.826,3593.64,3488.315,3526.3375,3283.858,3592.260333333333,3547.3107500000006,103.26241276637494,0.9217348800728408,6.89638120410571,-0.8660254037844386,0.5000000000000001,58,3779.2975
Rice,Maharashtra,Pune,3779.2975,3371.19,4168.31,87.98382744383564,4,2024-11-01,2024,11,3728.8825,3694.826,3593.64,3497.06,3390.865,3672.4495,3581.0682500000003,70.34318919234262,1.3520136394750963,5.166279872218705,-0.5000000000000004,0.8660254037844384,59,3730.422
Rice,Maharashtra,Pune,3730.422,3367.8,4102.13,54.6478185291966,5,2024-12-01,2024,12,3779.2975,3728.8825,3694.826,3483.686,3511.786,3734.335333333334,3628.107833333333,42.49892494620175,-1.2932429902647278,0.9634012535367026,-2.4492935982947064e-16,1.0,60,3846.165
Rice,Maharashtra,Pune,3846.165,3496.58,4254.52,63.26148617708348,4,2025-01-01,2025,1,3730.422,3779.2975,3728.8825,3488.315,3690.465,3746.200666666667,3669.2305,28.673032584343982,3.1026784637234055,3.1452452577950574,0.49999999999999994,0.8660254037844387,61,3794.52
Rice,Maharashtra,Pune,3794.52,3316.13,4231.04,146.90656826704523,4,2025-02-01,2025,2,3846.165,3730.422,3779.2975,3593.64,3744.605,3785.2948333333334,3728.8721666666665,58.10410069506921,-1.3427661059782923,0.4027864966968029,0.8660254037844386,0.5000000000000001,62,3749.088
Rice,Maharashtra,Pune,3749.088,3407.65,4137.84,50.00461898664963,5,2025-03-01,2025,3,3794.52,3846.165,3730.422,3694.826,3682.388,3790.369,3762.352166666666,57.9830459099847,-1.1973055880585632,0.500372343933211,1.0,6.123233995736766e-17,63,3734.325
Rice,Maharashtra,Pune,3734.325,3368.51,4216.17,114.02569374195186,4,2025-04-01,2025,4,3749.088,3794.52,3846.165,3728.8825,3526.3375,3796.591,3771.3958333333335,48.57162508089855,-0.3937757662663659,-2.9078315672884587,0.8660254037844387,-0.4999999999999998,64,3591.2275
Rice,Maharashtra,Pune,3591.2275,3265.48,3926.39,37.72857924262016,4,2025-05-01,2025,5,3734.325,3749.088,3794.52,3779.2975,3497.06,3759.311,3772.302916666666,31.372628245008713,-3.8319508880453594,-5.357528751989712,0.49999999999999994,-0.8660254037844387,65,3494.268
Rice,Maharashtra,Pune,3494.268,3146.36,3837.53,61.6513999841042,5,2025-06-01,2025,6,3591.2275,3734.325,3749.088,3730.422,3483.686,3691.5468333333333,3740.9579166666663,87.19210412980674,-2.6998985722848228,-6.796852994648303,1.2246467991473532e-16,-1.0,66,3348.915
Rice,Maharashtra,Pune,3348.915,2966.63,3684.82,86.13390215240442,4,2025-07-01,2025,7,3494.268,3591.2275,3734.325,3846.165,3488.315,3606.6068333333333,3701.5989166666664,120.76520083444261,-4.159755347901193,-10.320740696109736,-0.4999999999999997,-0.8660254037844388,67,3441.492
Rice,Maharashtra,Pune,3441.492,3043.29,3812.3,98.60436232743442,5,2025-08-01,2025,8,3348.915,3494.268,3591.2275,3794.52,3593.64,3478.1368333333335,3618.7239166666664,121.95900055995725,2.7643878689068018,-4.169479655633061,-0.8660254037844385,-0.5000000000000004,68,3615.0275
Rice,Maharashtra,Pune,3615.0275,3255.89,4014.1,74.61383534573217,4,2025-09-01,2025,9,3441.492,3348.915,3494.268,3749.088,3694.826,3428.2250000000004,3559.885916666666,73.57909770444645,5.04244961197062,3.455931256560748,-1.0,-1.8369701987210297e-16,69,3734.5225
Rice,Maharashtra,Pune,3734.5225,3343.41,4112.7,72.76495327422407,4,2025-10-01,2025,10,3615.0275,3441.492,3348.915,3734.325,3728.8825,3468.478166666667,3537.5424999999996,135.0931366042839,3.3055073578278416,11.514400932839445,-0.8660254037844386,0.5000000000000001,70,3843.484
Rice,Maharashtra,Pune,3843.484,3458.44,4253.66,75.3770301882478,5,2025-11-01,2025,11,3734.5225,3615.0275,3441.492,3591.2275,3779.2975,3597.0139999999997,3537.575416666667,147.3434189885995,2.9176822471949193,11.68074776870031,-0.5000000000000004,0.8660254037844384,71,3925.62
Rice,Maharashtra,Pune,3925.62,3530.16,4331.54,75.0629917691357,4,2025-12-01,2025,12,3843.484,3734.5225,3615.0275,3494.268,3730.422,3731.0113333333334,3579.618166666667,114.2687153886966,2.1370194334098946,8.591705042354441,-2.4492935982947064e-16,1.0,72,4161.9525
Rice,Maharashtra,Pune,4161.9525,3723.95,4610.19,107.98381587842997,4,2026-01-01,2026,1,3925.62,3843.484,3734.5225,3348.915,3846.165,3834.542166666666,3651.510166666667,95.862041049013,6.020259220199623,11.445372199524845,0.49999999999999994,0.8660254037844387,73,4121.6875
Rice,Maharashtra,Pune,4121.6875,3733.11,4535.97,58.70269350719808,4,2026-02-01,2026,2,4161.9525,3925.62,3843.484,3441.492,3794.52,3977.0188333333335,3787.016416666667,165.33882309996736,-0.967454578109681,7.238315549121581,0.8660254037844386,0.5000000000000001,74,4030.882
Rice,Maharashtra,Pune,4030.882,3499.8,4526.71,142.10436435943802,5,2026-03-01,2026,3,4121.6875,4161.9525,3925.62,3615.0275,3749.088,4069.7533333333336,3900.3823333333335,126.4362720487359,-2.203114622348248,2.681410834466917,1.0,6.123233995736766e-17,75,3931.2375
Rice,Maharashtra,Pune,3931.2375,3551.05,4336.35,63.91062268251381,4,2026-04-01,2026,4,4030.882,4121.6875,4161.9525,3734.5225,3734.325,4104.840666666666,3969.691416666667,67.13963685917447,-2.4720272138951196,-5.543431838782401,0.8660254037844387,-0.4999999999999998,76,3822.578
Rice,Maharashtra,Pune,3822.578,3389.02,4205.25,86.09188039530797,5,2026-05-01,2026,5,3931.2375,4030.882,4121.6875,3843.484,3591.2275,4027.9356666666667,4002.47725,95.25917953185416,-2.7640024292605117,-7.256966958315012,0.49999999999999994,-0.8660254037844387,77,3706.565
Rice,Maharashtra,Pune,3706.565,3347.86,4057.57,49.28462403901115,4,2026-06-01,2026,6,3822.578,3931.2375,4030.882,3925.62,3494.268,3928.2325,3998.9929166666675,104.18450759469454,-3.0349413406345125,-8.045807344397579,1.2246467991473532e-16,-1.0,78,3697.4125
Rice,Maharashtra,Pune,3697.4125,3377.27,4011.64,18.79642940383442,4,2026-07-01,2026,7,3706.565,3822.578,3931.2375,4161.9525,3348.915,3820.1268333333337,3962.48375,112.35630479676055,-0.2469267367495281,-5.947872648243721,-0.4999999999999997,-0.8660254037844388,79,3742.944
Tomato,Uttarakhand,Dehradun,908.554,455.69,1253.0,271.13444475020145,5,2021-01-01,2021,1,1368.3225,1849.28,1645.7075,963.41,1726.3975,1621.1033333333332,1534.2401666666667,241.42090415824362,-33.600887217742894,-44.7924980593453,0.49999999999999994,0.8660254037844387,13,482.61
Tomato,Uttarakhand,Dehradun,482.61,243.22,665.42,154.4130307541001,4,2021-02-01,2021,2,908.554,1368.3225,1849.28,1553.346,1064.6425,1375.3855,1525.0975,470.4027702360503,-46.881528230572975,-73.90281623118187,0.8660254037844386,0.5000000000000001,14,489.245
Tomato,Uttarakhand,Dehradun,489.245,206.35,905.43,294.64807103842827,4,2021-03-01,2021,3,482.61,908.554,1368.3225,1825.375,269.88,919.8288333333334,1346.6415,442.96388065403613,1.3748161041006175,-64.24490571484426,1.0,6.123233995736766e-17,15,286.27
Tomato,Uttarakhand,Dehradun,286.27,188.0,404.14,75.24894683648402,4,2021-04-01,2021,4,489.245,482.61,908.554,1645.7075,209.99,626.803,1123.9531666666667,244.02607505551444,-41.48739384153134,-68.49169119281848,0.8660254037844387,-0.4999999999999998,16,535.7059999999999
Tomato,Uttarakhand,Dehradun,535.7059999999999,184.0,911.42,247.7673870387303,5,2021-05-01,2021,5,286.27,489.245,482.61,1849.28,217.45,419.375,897.38025,115.3200397806009,87.13312606979423,11.00184413915996,0.49999999999999994,-0.8660254037844387,17,690.1524999999999
Tomato,Uttarakhand,Dehradun,690.1524999999999,353.76,1245.61,375.08696070600297,4,2021-06-01,2021,6,535.7059999999999,286.27,489.245,1368.3225,223.1375,437.07366666666667,678.45125,132.64978530074112,28.830459244436323,41.064803932589996,1.2246467991473532e-16,-1.0,18,1463.1725
Tomato,Uttarakhand,Dehradun,1463.1725,1121.19,1853.3,251.88386111791027,4,2021-07-01,2021,7,690.1524999999999,535.7059999999999,286.27,908.554,963.41,504.04283333333325,565.4229166666667,203.79446887509675,112.00712885920142,411.1162538861914,-0.4999999999999997,-0.8660254037844388,19,2021.73
Tomato,Uttarakhand,Dehradun,2021.73,1722.27,2381.01,128.10461954980386,5,2021-08-01,2021,8,1463.1725,690.1524999999999,535.7059999999999,482.61,1553.346,896.3436666666666,657.8593333333332,496.92517048755263,38.1744121079367,277.39543704942645,-0.8660254037844385,-0.5000000000000004,20,2403.4125
Tomato,Uttarakhand,Dehradun,2403.4125,1995.79,2813.51,190.35713582194217,4,2021-09-01,2021,9,2021.73,1463.1725,690.1524999999999,489.245,1825.375,1391.6849999999997,914.3793333333333,668.6609803321489,18.879004614859547,248.24368527245792,-1.0,-1.8369701987210297e-16,21,2663.108
Tomato,Uttarakhand,Dehradun,2663.108,2163.53,3256.56,299.2096913036073,5,2021-10-01,2021,10,2403.4125,2021.73,1463.1725,286.27,1645.7075,1962.7716666666668,1233.40725,472.8846351934942,10.80528207288596,82.00916159919629,-0.8660254037844386,0.5000000000000001,22,2099.275
Tomato,Uttarakhand,Dehradun,2099.275,1621.21,2515.14,242.3221429557493,4,2021-11-01,2021,11,2663.108,2403.4125,2021.73,535.7059999999999,1849.28,2362.7501666666667,1629.546916666667,322.6166513605343,-21.17199152268703,3.8355764617431642,-0.5000000000000004,0.8660254037844384,23,2252.9300000000003
Tomato,Uttarakhand,Dehradun,2252.9300000000003,1929.81,2544.8,124.29601629443589,4,2021-12-01,2021,12,2099.275,2663.108,2403.4125,690.1524999999999,1368.3225,2388.5985,1890.14175,282.20826337875224,7.319431708566062,-6.261201520754328,-2.4492935982947064e-16,1.0,24,2098.15
Tomato,Uttarakhand,Dehradun,2098.15,1573.95,2499.72,238.48352741856203,5,2022-01-01,2022,1,2252.9300000000003,2099.275,2663.108,1463.1725,908.554,2338.437666666667,2150.6046666666666,291.479988620719,-6.870164630059531,-21.214235397137482,0.49999999999999994,0.8660254037844387,25,1268.84
Tomato,Uttarakhand,Dehradun,1268.84,1070.81,1466.52,86.81663396684604,4,2022-02-01,2022,2,2098.15,2252.9300000000003,2099.275,2021.73,482.61,2150.118333333334,2256.43425,89.03929193526916,-39.52577270452542,-39.55818080051447,0.8660254037844386,0.5000000000000001,26,838.2825
Tomato,Uttarakhand,Dehradun,838.2825,468.91,1078.82,226.3027514010085,4,2022-03-01,2022,3,1268.84,2098.15,2252.9300000000003,2403.4125,489.245,1873.306666666667,2130.952583333333,529.173105357154,-33.93315942120361,-62.7914537957238,1.0,6.123233995736766e-17,27,351.54
Tomato,Uttarakhand,Dehradun,351.54,184.0,595.12,179.31146979487954,4,2022-04-01,2022,4,838.2825,1268.84,2098.15,2663.108,286.27,1401.7575000000004,1870.0975833333332,640.3646037561329,-58.06425638135116,-83.24523985415723,0.8660254037844387,-0.4999999999999998,28,200.0
Tomato,Uttarakhand,Dehradun,200.0,184.0,216.0,0.0,5,2022-05-01,2022,5,351.54,838.2825,1268.84,2099.275,535.7059999999999,819.5541666666668,1484.8362500000003,458.93668991711803,-43.10746998919042,-84.23757132498976,0.49999999999999994,-0.8660254037844387,29,555.715
Tomato,Uttarakhand,Dehradun,555.715,246.57,1039.19,308.35169417403887,4,2022-06-01,2022,6,200.0,351.54,838.2825,2252.9300000000003,690.1524999999999,463.2741666666668,1168.2904166666667,333.4884262640612,177.85750000000002,-33.70790873005222,1.2246467991473532e-16,-1.0,30,1135.336
Tomato,Uttarakhand,Dehradun,1135.336,856.94,1430.88,169.37571440439746,5,2022-07-01,2022,7,555.715,200.0,351.54,2098.15,1463.1725,369.0850000000002,885.42125,178.5053516704657,104.3018453703787,222.96068726176253,-0.4999999999999997,-0.8660254037844388,31,1545.0925
Tomato,Uttarakhand,Dehradun,1545.0925,1128.53,1878.86,221.31401482584275,4,2022-08-01,2022,8,1135.336,555.715,200.0,1268.84,2021.73,630.3503333333335,724.9522499999999,472.1135276184433,36.091210003029936,672.54625,-0.8660254037844385,-0.5000000000000004,32,2228.5
Tomato,Uttarakhand,Dehradun,2228.5,1668.96,2649.54,285.0459161842761,4,2022-09-01,2022,9,1545.0925,1135.336,555.715,838.2825,2403.4125,1078.7145000000003,770.9943333333334,497.1131210029045,44.23084702048583,301.014908721197,-1.0,-1.8369701987210297e-16,33,2003.766
Tomato,Uttarakhand,Dehradun,2003.766,1648.65,2564.25,221.4935644211813,5,2022-10-01,2022,10,2228.5,1545.0925,1135.336,351.54,2663.108,1636.3095,1002.69725,552.2610691880697,-10.08454117119138,76.49101235229043,-0.8660254037844386,0.5000000000000001,34,2299.9700000000003
Tomato,Uttarakhand,Dehradun,2299.9700000000003,1674.78,2821.62,344.9604901047848,4,2022-11-01,2022,11,2003.766,2228.5,1545.0925,200.0,2099.275,1925.7861666666668,1278.06825,348.31321187845276,14.7823648070683,48.856460050126465,-0.5000000000000004,0.8660254037844384,35,1631.17
Tomato,Uttarakhand,Dehradun,1631.17,1113.42,2370.72,471.1665533545437,4,2022-12-01,2022,12,2299.9700000000003,2003.766,2228.5,555.715,2252.9300000000003,2177.4120000000003,1628.0632500000002,154.5693702258025,-29.078640156175954,-26.80412833744671,-2.4492935982947064e-16,1.0,36,1061.716
Tomato,Uttarakhand,Dehradun,1061.716,659.07,1452.31,304.2394300218168,5,2023-01-01,2023,1,1631.17,2299.9700000000003,2003.766,1135.336,2098.15,1978.3020000000004,1807.3057500000002,335.12635150343044,-34.91076957030844,-47.01397268942582,0.49999999999999994,0.8660254037844387,37,716.06
Tomato,Uttarakhand,Dehradun,716.06,184.0,1305.66,420.8107492289933,4,2023-02-01,2023,2,1061.716,1631.17,2299.9700000000003,1545.0925,1268.84,1664.2853333333335,1795.0357500000002,619.790860779129,-32.55635216950672,-68.86655043326653,0.8660254037844386,0.5000000000000001,38,626.14
Tomato,Uttarakhand,Dehradun,626.14,339.07,1090.77,308.0965437434615,4,2023-03-01,2023,3,716.06,1061.716,1631.17,2228.5,838.2825,1136.3153333333335,1656.8636666666669,462.0934682781533,-12.557606904449342,-61.61405616827186,1.0,6.123233995736766e-17,39,942.948
Tomato,Uttarakhand,Dehradun,942.948,184.0,1598.82,546.607692655345,5,2023-04-01,2023,4,626.14,716.06,1061.716,2003.766,351.54,801.3053333333334,1389.8036666666667,229.96018804421792,50.59699108825503,-11.186418967030724,0.8660254037844387,-0.4999999999999998,40,1537.69
Tomato,Uttarakhand,Dehradun,1537.69,1229.3,1918.95,181.3054643412602,4,2023-05-01,2023,5,942.948,626.14,716.06,2299.9700000000003,200.0,761.716,1213.0006666666668,163.2641417090682,63.07261906276911,114.74317794598221,0.49999999999999994,-0.8660254037844387,41,2052.235
Tomato,Uttarakhand,Dehradun,2052.235,1780.86,2448.29,147.46705880749545,4,2023-06-01,2023,6,1537.69,942.948,626.14,1631.17,555.715,1035.5926666666667,1085.954,462.7830229398357,33.46220629645767,227.7597661864759,1.2246467991473532e-16,-1.0,42,2571.918
Tomato,Uttarakhand,Dehradun,2571.918,2132.14,2953.01,165.72872855965576,5,2023-07-01,2023,7,2052.235,1537.69,942.948,1061.716,1135.336,1510.9576666666671,1156.1315000000002,555.126449852944,25.322782234977957,172.75289835706744,-0.4999999999999997,-0.8660254037844388,43,2990.185
Tomato,Uttarakhand,Dehradun,2990.185,2372.62,3723.18,410.1557474504857,4,2023-08-01,2023,8,2571.918,2052.235,1537.69,716.06,1545.0925,2053.947666666667,1407.8318333333334,517.1161271091183,16.262843527670782,94.45954646255096,-0.8660254037844385,-0.5000000000000004,44,3269.735
Tomato,Uttarakhand,Dehradun,3269.735,2525.45,3996.71,393.9685906685116,4,2023-09-01,2023,9,2990.185,2571.918,2052.235,626.14,2228.5,2538.1126666666673,1786.852666666667,469.88791327968227,9.348919882883507,59.32556456741065,-1.0,-1.8369701987210297e-16,45,3065.936
Tomato,Uttarakhand,Dehradun,3065.936,2366.21,3854.98,376.20139185016313,5,2023-10-01,2023,10,3269.735,2990.185,2571.918,942.948,2003.766,2943.946,2227.451833333333,351.19891117855315,-6.232890433016742,19.208155158912533,-0.8660254037844386,0.5000000000000001,46,3528.4125
Tomato,Uttarakhand,Dehradun,3528.4125,3093.06,4267.43,282.8470709735801,4,2023-11-01,2023,11,3065.936,3269.735,2990.185,1537.69,2299.9700000000003,3108.618666666667,2581.2831666666666,144.58010980191798,15.08434944499819,17.99980603206825,-0.5000000000000004,0.8660254037844384,47,3038.594
Tomato,Uttarakhand,Dehradun,3038.594,2438.53,3839.07,418.5897315749635,5,2023-12-01,2023,12,3528.4125,3065.936,3269.735,2052.235,1631.17,3288.0278333333335,2913.07025,231.7802818977157,-13.8821212089006,-7.0691049886305795,-2.4492935982947064e-16,1.0,48,2480.635
Tomato,Uttarakhand,Dehradun,2480.635,2140.08,2864.18,133.4428702978668,4,2024-01-01,2024,1,3038.594,3528.4125,3065.936,2571.918,1061.716,3210.9808333333335,3077.463416666667,275.24360754263586,-18.362407086961923,-19.090450681292754,0.49999999999999994,0.8660254037844387,49,2093.34
Tomato,Uttarakhand,Dehradun,2093.34,1683.59,2509.54,202.4538945044031,4,2024-02-01,2024,2,2480.635,3038.594,3528.4125,2990.185,716.06,3015.8805000000007,3062.2495833333337,524.2579037918754,-15.612736255031475,-40.67190273246112,0.8660254037844386,0.5000000000000001,50,1851.58
Tomato,Uttarakhand,Dehradun,1851.58,1307.86,2382.17,295.0709744281874,5,2024-03-01,2024,3,2093.34,2480.635,3038.594,3269.735,626.14,2537.523,2912.775416666667,475.18782027425925,-11.549007805707635,-39.06458052638819,1.0,6.123233995736766e-17,51,1586.7625
Tomato,Uttarakhand,Dehradun,1586.7625,1124.07,2130.07,364.0131956742777,4,2024-04-01,2024,4,1851.58,2093.34,2480.635,3065.936,942.948,2141.851666666667,2676.41625,317.32094889612296,-14.302244569502797,-36.034019515164466,0.8660254037844387,-0.4999999999999998,52,1787.1925
Tomato,Uttarakhand,Dehradun,1787.1925,1585.39,2030.75,73.96600091708794,4,2024-05-01,2024,5,1586.7625,1851.58,2093.34,3528.4125,1537.69,1843.894166666667,2429.887333333333,253.3761924532105,12.631379932409548,-14.62483399734396,0.49999999999999994,-0.8660254037844387,53,2250.156
Tomato,Uttarakhand,Dehradun,2250.156,1783.61,2852.14,268.9974078499642,5,2024-06-01,2024,6,1787.1925,1586.7625,1851.58,3038.594,2052.235,1741.8450000000003,2139.684,138.11000649392935,25.904512244763772,21.52626405556336,1.2246467991473532e-16,-1.0,54,2551.0425
Tomato,Uttarakhand,Dehradun,2551.0425,1769.06,3018.19,419.4662258454189,4,2024-07-01,2024,7,2250.156,1787.1925,1586.7625,2480.635,2571.918,1874.703666666667,2008.2776666666668,340.2445990446964,13.371806221435317,60.77027910604138,-0.4999999999999997,-0.8660254037844388,55,3157.8050000000003
Tomato,Uttarakhand,Dehradun,3157.8050000000003,2478.33,3770.17,338.99817988695264,4,2024-08-01,2024,8,2551.0425,2250.156,1787.1925,2093.34,2990.185,2196.130333333334,2020.01225,384.7801776587322,23.78488402290437,76.69081534305903,-0.8660254037844385,-0.5000000000000004,56,4019.398
Tomato,Uttarakhand,Dehradun,4019.398,3496.35,4562.71,174.78344449632507,5,2024-09-01,2024,9,3157.8050000000003,2551.0425,2250.156,1851.58,3269.735,2653.001166666667,2197.4230833333336,462.334677567652,27.284553669400097,78.62752626928979,-1.0,-1.8369701987210297e-16,57,4651.2725
Tomato,Uttarakhand,Dehradun,4651.2725,3997.64,5284.84,253.7686587392799,4,2024-10-01,2024,10,4019.398,3157.8050000000003,2551.0425,1586.7625,3065.936,3242.7485,2558.7260833333335,737.8539945268647,15.72062532747441,82.3283030368957,-0.8660254037844386,0.5000000000000001,58,4485.4275
Tomato,Uttarakhand,Dehradun,4485.4275,3768.67,5234.8,322.1137182605958,4,2024-11-01,2024,11,4651.2725,4019.398,3157.8050000000003,1787.1925,3528.4125,3942.8251666666674,3069.4777500000005,749.6724901532555,-3.565583396801633,42.04257387647431,-0.5000000000000004,0.8660254037844384,59,4308.264
Tomato,Uttarakhand,Dehradun,4308.264,3794.19,4918.98,155.0432588989279,5,2024-12-01,2024,12,4485.4275,4651.2725,4019.398,2250.156,3038.594,4385.366000000001,3519.1835833333334,327.60582072705864,-3.9497572973813453,7.1867976249179595,-2.4492935982947064e-16,1.0,60,4138.24
Tomato,Uttarakhand,Dehradun,4138.24,3559.59,4793.6,299.981949679199,4,2025-01-01,2025,1,4308.264,4485.4275,4651.2725,2551.0425,2480.635,4481.654666666666,3862.2015833333335,171.53537090519586,-3.946461962405283,-11.02993858132372,0.49999999999999994,0.8660254037844387,61,3438.8025
Tomato,Uttarakhand,Dehradun,3438.8025,3057.36,3902.46,133.31489598565747,4,2025-02-01,2025,2,4138.24,4308.264,4485.4275,3157.8050000000003,2093.34,4310.643833333334,4126.7345000000005,173.6059841828136,-16.90181091478503,-23.33389626741264,0.8660254037844386,0.5000000000000001,62,3413.318
Tomato,Uttarakhand,Dehradun,3413.318,2889.08,3938.12,219.9716648116297,5,2025-03-01,2025,3,3438.8025,4138.24,4308.264,4019.398,1851.58,3961.768833333334,4173.567416666667,460.81165294953615,-0.7410864683272613,-20.772775298821053,1.0,6.123233995736766e-17,63,2959.33
Tomato,Uttarakhand,Dehradun,2959.33,2620.1,3266.29,76.96028932724545,4,2025-04-01,2025,4,3413.318,3438.8025,4138.24,4651.2725,1586.7625,3663.453500000001,4072.554083333334,411.3745621349848,-13.300489435792395,-28.48819788122487,0.8660254037844387,-0.4999999999999998,64,2933.075
Tomato,Uttarakhand,Dehradun,2933.075,2424.01,3844.27,427.42671921628863,4,2025-05-01,2025,5,2959.33,3413.318,3438.8025,4485.4275,1787.1925,3270.4835000000007,3790.563666666667,269.76793797030604,-0.887194060817824,-14.706500300613367,0.49999999999999994,-0.8660254037844387,65,3549.5620000000004
Tomato,Uttarakhand,Dehradun,3549.5620000000004,3069.27,4140.75,223.15205101006805,5,2025-06-01,2025,6,2933.075,2959.33,3413.318,4308.264,2250.156,3101.9076666666674,3531.8382500000002,270.00857030163775,21.01845332969667,3.9915413682522436,1.2246467991473532e-16,-1.0,66,3793.28
Tomato,Uttarakhand,Dehradun,3793.28,3371.51,4295.77,134.92580998459837,4,2025-07-01,2025,7,3549.5620000000004,2933.075,2959.33,4138.24,2551.0425,3147.322333333334,3405.3879166666666,348.59703575379774,6.866142921295637,28.18036515021982,-0.4999999999999997,-0.8660254037844388,67,4255.4800000000005
Tomato,Uttarakhand,Dehradun,4255.4800000000005,3476.7,5109.99,454.7400815300975,5,2025-08-01,2025,8,3793.28,3549.5620000000004,2933.075,3438.8025,3157.8050000000003,3425.305666666667,3347.8945833333332,443.3597724042342,12.184705584612795,45.08595927482252,-0.8660254037844385,-0.5000000000000004,68,4673.87
Tomato,Uttarakhand,Dehradun,4673.87,3755.8,5606.59,456.7727413787591,4,2025-09-01,2025,9,4255.4800000000005,3793.28,3549.5620000000004,3413.318,4019.398,3866.1073333333347,3484.0075,358.5497469547759,9.831793358211046,31.674555902953642,-1.0,-1.8369701987210297e-16,69,4804.865
Tomato,Uttarakhand,Dehradun,4804.865,3848.09,5727.91,464.951104275134,4,2025-10-01,2025,10,4673.87,4255.4800000000005,3793.28,2959.33,4651.2725,4240.876666666668,3694.0995,440.47659419466714,2.802709531929641,26.66781782520667,-0.8660254037844386,0.5000000000000001,70,4573.582
Tomato,Uttarakhand,Dehradun,4573.582,3934.34,5241.67,222.2874670781056,5,2025-11-01,2025,11,4804.865,4673.87,4255.4800000000005,2933.075,4485.4275,4578.071666666668,4001.688666666667,286.94766083439913,-4.813517133155655,7.4751144406741385,-0.5000000000000004,0.8660254037844384,71,4276.2475
Tomato,Uttarakhand,Dehradun,4276.2475,3722.56,4999.82,248.8048506192485,4,2025-12-01,2025,12,4573.582,4804.865,4673.87,3549.5620000000004,4308.264,4684.105666666667,4275.1065,115.98074485160674,-6.5011297490675775,-8.507350439785434,-2.4492935982947064e-16,1.0,72,4307.84
Tomato,Uttarakhand,Dehradun,4307.84,3803.44,5031.58,242.67175113721012,4,2026-01-01,2026,1,4276.2475,4573.582,4804.865,3793.28,4138.24,4551.564833333334,4396.22075,264.99562646878456,0.7387902594505987,-10.34420321902904,0.49999999999999994,0.8660254037844387,73,3611.73
Tomato,Uttarakhand,Dehradun,3611.73,3285.54,3971.15,47.79876079286285,4,2026-02-01,2026,2,4307.84,4276.2475,4573.582,4255.4800000000005,3438.8025,4385.8898333333345,4481.98075,163.3119211358555,-16.159142400831975,-21.030605770269347,0.8660254037844386,0.5000000000000001,74,3153.7200000000003
Tomato,Uttarakhand,Dehradun,3153.7200000000003,2624.13,3742.03,258.8366062789419,5,2026-03-01,2026,3,3611.73,4307.84,4276.2475,4673.87,3413.318,4065.272500000001,4374.689083333334,393.09683411819907,-12.681180486913469,-26.250293043141216,1.0,6.123233995736766e-17,75,3059.09
Tomato,Uttarakhand,Dehradun,3059.09,2701.35,3466.71,142.24007288149613,4,2026-04-01,2026,4,3153.7200000000003,3611.73,4307.84,4804.865,2959.33,3691.0966666666677,4121.33075,581.1390061193058,-3.0005834379716685,-28.987845416728568,0.8660254037844387,-0.4999999999999998,76,3059.96
Tomato,Uttarakhand,Dehradun,3059.96,2476.84,3862.43,359.8731959315672,5,2026-05-01,2026,5,3059.09,3153.7200000000003,3611.73,4573.582,2933.075,3274.8466666666677,3830.36825,295.56132093583403,0.028439830145562596,-15.277166344106563,0.49999999999999994,-0.8660254037844387,77,3386.005
Tomato,Uttarakhand,Dehradun,3386.005,2797.96,3911.43,254.2665439389669,4,2026-06-01,2026,6,3059.96,3059.09,3153.7200000000003,4276.2475,3549.5620000000004,3090.923333333334,3578.097916666667,54.38524830627668,10.655204643197951,7.365428763491997,1.2246467991473532e-16,-1.0,78,3980.97
Tomato,Uttarakhand,Dehradun,3980.97,3406.5,4701.02,271.71020015204925,4,2026-07-01,2026,7,3386.005,3059.96,3059.09,4307.84,3793.28,3168.3516666666674,3429.724166666667,188.49381782524145,17.571297148114066,30.135759327120144,-0.4999999999999997,-0.8660254037844388,79,4618.38
Tomato,Uttar Pradesh,Lucknow,2127.676,1771.99,2739.67,246.50983272478203,5,2021-01-01,2021,1,2175.6375,2641.214,2455.07,1327.535,1540.785,2423.9738333333335,2213.5277499999997,234.34077328558243,-2.2044802960051886,-13.335424244522567,0.49999999999999994,0.8660254037844387,13,936.44
Tomato,Uttar Pradesh,Lucknow,936.44,548.84,1274.22,264.14611423730366,4,2021-02-01,2021,2,2127.676,2175.6375,2641.214,2171.6800000000003,1302.235,2314.8425,2346.8845833333335,283.6614943550698,-55.98765977526653,-64.54509176462035,0.8660254037844386,0.5000000000000001,14,1134.46
Tomato,Uttar Pradesh,Lucknow,1134.46,705.04,1459.13,273.56509353351345,4,2021-03-01,2021,3,936.44,2127.676,2175.6375,2510.03,958.548,1746.5845000000002,2141.01125,702.0154268466974,21.14604245867327,-47.85620306691716,1.0,6.123233995736766e-17,15,1348.6425
Tomato,Uttar Pradesh,Lucknow,1348.6425,1045.29,1841.4,246.67163076649084,4,2021-04-01,2021,4,1134.46,936.44,2127.676,2455.07,753.185,1399.5253333333337,1911.7495833333332,638.3224303792981,18.879687252084683,-36.61429183766701,0.8660254037844387,-0.4999999999999998,16,1517.732
Tomato,Uttar Pradesh,Lucknow,1517.732,932.54,2098.66,341.05985159499505,5,2021-05-01,2021,5,1348.6425,1134.46,936.44,2641.214,865.1659999999999,1139.8475,1727.345,206.15405433498128,12.5377555579036,62.0746657554141,0.49999999999999994,-0.8660254037844387,17,2004.34
Tomato,Uttar Pradesh,Lucknow,2004.34,1576.93,2489.05,276.98877714930376,4,2021-06-01,2021,6,1517.732,1348.6425,1134.46,2175.6375,1416.2025,1333.6115000000002,1540.098,192.07760076789432,32.06152337830394,76.67789080267262,1.2246467991473532e-16,-1.0,18,2425.2525
Tomato,Uttar Pradesh,Lucknow,2425.2525,1838.87,2941.28,304.9775622757624,4,2021-07-01,2021,7,2004.34,1517.732,1348.6425,2127.676,1327.535,1623.5715,1511.5484166666665,340.4207730100366,21.000054880908436,79.8291615457766,-0.4999999999999997,-0.8660254037844388,19,3073.754
Tomato,Uttar Pradesh,Lucknow,3073.754,2346.16,3716.61,328.96802995124006,5,2021-08-01,2021,8,2425.2525,2004.34,1517.732,936.44,2171.6800000000003,1982.4415000000001,1561.1445,454.15638573816324,26.739545676171854,102.5228432951272,-0.8660254037844385,-0.5000000000000004,20,3484.9925
Tomato,Uttar Pradesh,Lucknow,3484.9925,2927.4,3998.7,221.4942619836158,4,2021-09-01,2021,9,3073.754,2425.2525,2004.34,1134.46,2510.03,2501.1155000000003,1917.3635000000002,538.7281057507134,13.379030982960899,73.87232206112735,-1.0,-1.8369701987210297e-16,21,3913.61
Tomato,Uttar Pradesh,Lucknow,3913.61,3205.03,4780.82,402.4681612873247,5,2021-10-01,2021,10,3484.9925,3073.754,2425.2525,1348.6425,2455.07,2994.666333333333,2309.118916666667,534.2783555077689,12.298950428157315,61.36917702383566,-0.8660254037844386,0.5000000000000001,22,3826.9925
Tomato,Uttar Pradesh,Lucknow,3826.9925,3311.25,4288.31,159.90280243010116,4,2021-11-01,2021,11,3913.61,3484.9925,3073.754,1517.732,2641.214,3490.7855000000004,2736.6135,419.9579673262003,-2.2132379056676648,24.505490680125995,-0.5000000000000004,0.8660254037844384,23,3263.5625
Tomato,Uttar Pradesh,Lucknow,3263.5625,2765.08,3742.01,191.14024735343773,4,2021-12-01,2021,12,3826.9925,3913.61,3484.9925,2004.34,2175.6375,3741.8650000000002,3121.4902500000003,226.6346371778916,-14.72252689285385,-6.353815682530159,-2.4492935982947064e-16,1.0,24,3129.09
Tomato,Uttar Pradesh,Lucknow,3129.09,2595.5,3636.62,236.0627021577108,5,2022-01-01,2022,1,3263.5625,3826.9925,3913.61,2425.2525,2127.676,3668.0550000000003,3331.360666666667,352.96782394965453,-4.120420552693563,-20.04594223747384,0.49999999999999994,0.8660254037844387,25,2604.2325
Tomato,Uttar Pradesh,Lucknow,2604.2325,1952.57,3084.54,330.81990623046454,4,2022-02-01,2022,2,3129.09,3263.5625,3826.9925,3073.754,936.44,3406.5483333333336,3448.666916666667,370.27109835509265,-16.773486860397114,-31.950937975446774,0.8660254037844386,0.5000000000000001,26,2291.58
Tomato,Uttar Pradesh,Lucknow,2291.58,1685.04,2811.11,330.7147684435436,4,2022-03-01,2022,3,2604.2325,3129.09,3263.5625,3484.9925,1134.46,2998.9616666666666,3370.4133333333334,348.3949620432038,-12.005552499632815,-29.782867648466976,1.0,6.123233995736766e-17,27,1817.44
Tomato,Uttar Pradesh,Lucknow,1817.44,1467.4,2394.53,274.26229598688906,4,2022-04-01,2022,4,2291.58,2604.2325,3129.09,3913.61,1348.6425,2674.9675,3171.51125,423.2119211385131,-20.690527932692724,-41.91793780300343,0.8660254037844387,-0.4999999999999998,28,2196.45
Tomato,Uttar Pradesh,Lucknow,2196.45,1913.8,2594.38,132.27375117535598,5,2022-05-01,2022,5,1817.44,2291.58,2604.2325,3826.9925,1517.732,2237.7508333333335,2822.1495833333333,396.1487017548873,20.854058455849973,-15.658452154329547,0.49999999999999994,-0.8660254037844387,29,2504.28
Tomato,Uttar Pradesh,Lucknow,2504.28,2089.96,3066.16,246.03310820565065,4,2022-06-01,2022,6,2196.45,1817.44,2291.58,3263.5625,2004.34,2101.8233333333333,2550.3925,250.83428679774255,14.014887659632608,9.28180556646507,1.2246467991473532e-16,-1.0,30,2608.402
Tomato,Uttar Pradesh,Lucknow,2608.402,1957.08,3421.91,381.4698255694675,5,2022-07-01,2022,7,2504.28,2196.45,1817.44,3129.09,2425.2525,2172.723333333334,2423.8454166666666,344.03417335103853,4.157761911607322,43.52066643190422,-0.4999999999999997,-0.8660254037844388,31,3098.885
Tomato,Uttar Pradesh,Lucknow,3098.885,2509.44,3631.8,293.9750298353019,4,2022-08-01,2022,8,2608.402,2504.28,2196.45,2604.2325,3073.754,2436.377333333334,2337.064083333333,214.20595622282102,18.803965032997223,41.086070705001276,-0.8660254037844385,-0.5000000000000004,32,3597.11
Tomato,Uttar Pradesh,Lucknow,3597.11,3094.56,4203.18,227.9581849082561,4,2022-09-01,2022,9,3098.885,2608.402,2504.28,2291.58,3484.9925,2737.1890000000003,2419.5061666666666,317.5347934211316,16.07755692773368,43.63849090357307,-1.0,-1.8369701987210297e-16,33,3621.774
Tomato,Uttar Pradesh,Lucknow,3621.774,3130.93,4092.0,159.6807368783098,5,2022-10-01,2022,10,3597.11,3098.885,2608.402,1817.44,3913.61,3101.465666666667,2637.0944999999997,494.3590519008784,0.685661544962477,38.85029991542714,-0.8660254037844386,0.5000000000000001,34,3407.005
Tomato,Uttar Pradesh,Lucknow,3407.005,2995.59,3937.04,168.8456143937411,4,2022-11-01,2022,11,3621.774,3597.11,3098.885,2196.45,3826.9925,3439.2563333333333,2937.8168333333338,295.0280692414476,-5.929939305986507,9.94293108650369,-0.5000000000000004,0.8660254037844384,35,3161.1175000000003
Tomato,Uttar Pradesh,Lucknow,3161.1175000000003,2688.22,3750.19,253.8138139627814,4,2022-12-01,2022,12,3407.005,3621.774,3597.11,2504.28,3263.5625,3541.963,3139.5760000000005,117.52584629350032,-7.217115912656419,-12.120632952564693,-2.4492935982947064e-16,1.0,36,2514.2380000000003
Tomato,Uttar Pradesh,Lucknow,2514.2380000000003,2178.06,3010.51,169.15340395629076,5,2023-01-01,2023,1,3161.1175000000003,3407.005,3621.774,2608.402,3129.09,3396.6321666666668,3249.0489166666666,230.5033611503014,-20.46363350935231,-30.579931271249933,0.49999999999999994,0.8660254037844387,37,2589.7625
Tomato,Uttar Pradesh,Lucknow,2589.7625,2035.71,3580.6,508.4414000567485,4,2023-02-01,2023,2,2514.2380000000003,3161.1175000000003,3407.005,3098.885,2604.2325,3027.453500000001,3233.354916666667,461.14832510186125,3.003872346213824,-23.987123588019397,0.8660254037844386,0.5000000000000001,38,2111.0575
Tomato,Uttar Pradesh,Lucknow,2111.0575,1677.4,2896.96,392.5077355819457,4,2023-03-01,2023,3,2589.7625,2514.2380000000003,3161.1175000000003,3597.11,2291.58,2755.039333333334,3148.501166666667,353.69562565514525,-18.484513541299634,-33.21799964727665,1.0,6.123233995736766e-17,39,2112.366
Tomato,Uttar Pradesh,Lucknow,2112.366,1709.67,2771.69,312.8606299616493,5,2023-04-01,2023,4,2111.0575,2589.7625,2514.2380000000003,3621.774,1817.44,2405.0193333333336,2900.82575,257.363861327856,0.061983152993231816,-15.983848784403076,0.8660254037844387,-0.4999999999999998,40,1908.995
Tomato,Uttar Pradesh,Lucknow,1908.995,1523.75,2329.12,240.06943960723817,4,2023-05-01,2023,5,2112.366,2111.0575,2589.7625,3407.005,2196.45,2271.0620000000004,2649.25775,276.00350463037654,-9.627640285821686,-26.286869934984384,0.49999999999999994,-0.8660254037844387,41,1984.9175
Tomato,Uttar Pradesh,Lucknow,1984.9175,1565.09,2573.92,333.0455076387209,4,2023-06-01,2023,6,1908.995,2112.366,2111.0575,3161.1175000000003,2504.28,2044.1395000000002,2399.5894166666667,117.04039880848873,3.9770926587026225,-5.975204370321504,1.2246467991473532e-16,-1.0,42,2740.496
Tomato,Uttar Pradesh,Lucknow,2740.496,2216.05,3299.66,274.46316616260185,5,2023-07-01,2023,7,1984.9175,1908.995,2112.366,2514.2380000000003,2608.402,2002.0928333333334,2203.5560833333334,102.76762606279948,38.06599014820515,29.735850700115424,-0.4999999999999997,-0.8660254037844388,43,3444.7825000000003
Tomato,Uttar Pradesh,Lucknow,3444.7825000000003,2641.66,4152.12,478.0261127717468,4,2023-08-01,2023,8,2740.496,1984.9175,1908.995,2589.7625,3098.885,2211.4695000000006,2241.26575,459.72038760343264,25.6992347370695,80.45005356221469,-0.8660254037844385,-0.5000000000000004,44,3793.465
Tomato,Uttar Pradesh,Lucknow,3793.465,3288.23,4293.42,183.5649041438297,4,2023-09-01,2023,9,3444.7825000000003,2740.496,1984.9175,2111.0575,3597.11,2723.3986666666674,2383.769083333333,730.0826622113309,10.122046892655773,91.11449216403201,-1.0,-1.8369701987210297e-16,45,4234.005999999999
Tomato,Uttar Pradesh,Lucknow,4234.005999999999,3405.95,4959.9,324.6640449449245,5,2023-10-01,2023,10,3793.465,3444.7825000000003,2740.496,2112.366,3621.774,3326.2478333333343,2664.1703333333335,536.3988992732784,11.61315578237836,54.49779893858627,-0.8660254037844386,0.5000000000000001,46,4196.7
Tomato,Uttar Pradesh,Lucknow,4196.7,3633.74,4858.83,229.6691774415248,4,2023-11-01,2023,11,4234.005999999999,3793.465,3444.7825000000003,1908.995,3407.005,3824.0845000000004,3017.777,395.5017048929769,-0.8811040891297648,21.827720618065133,-0.5000000000000004,0.8660254037844384,47,3579.7760000000003
Tomato,Uttar Pradesh,Lucknow,3579.7760000000003,2719.95,4185.57,366.5861360990076,5,2023-12-01,2023,12,4196.7,4234.005999999999,3793.465,1984.9175,3161.1175000000003,4074.723666666667,3399.0611666666664,244.29032438951668,-14.700216837038615,-5.6330821557599675,-2.4492935982947064e-16,1.0,48,2914.56
Tomato,Uttar Pradesh,Lucknow,2914.56,2366.51,3374.73,260.74281095874267,4,2024-01-01,2024,1,3579.7760000000003,4196.7,4234.005999999999,2740.496,2514.2380000000003,4003.4940000000006,3664.8709166666667,367.4243351385451,-18.58261522508672,-31.16306401077371,0.49999999999999994,0.8660254037844387,49,2331.9
Tomato,Uttar Pradesh,Lucknow,2331.9,1704.97,2822.68,345.96714747694386,4,2024-02-01,2024,2,2914.56,3579.7760000000003,4196.7,3444.7825000000003,2589.7625,3563.678666666667,3693.8815833333338,641.2215592175105,-19.991353754940707,-44.434913146043314,0.8660254037844386,0.5000000000000001,50,1701.1799999999998
Tomato,Uttar Pradesh,Lucknow,1701.1799999999998,1438.11,2025.78,115.69575208277956,5,2024-03-01,2024,3,2331.9,2914.56,3579.7760000000003,3793.465,2111.0575,2942.0786666666677,3508.4011666666665,624.3929736995248,-27.047472018525674,-52.478032145028074,1.0,6.123233995736766e-17,51,1631.635
Tomato,Uttar Pradesh,Lucknow,1631.635,1125.88,2058.51,325.664187622772,4,2024-04-01,2024,4,1701.1799999999998,2331.9,2914.56,4234.005999999999,2112.366,2315.8800000000006,3159.687,606.8486107753746,-4.088044768925091,-44.017793423364076,0.8660254037844387,-0.4999999999999998,52,1901.5775
Tomato,Uttar Pradesh,Lucknow,1901.5775,1561.09,2277.41,169.36769593107186,4,2024-05-01,2024,5,1631.635,1701.1799999999998,2331.9,4196.7,1908.995,1888.238333333334,2725.9584999999997,385.79253830049083,16.544294526655783,-18.453728719070284,0.49999999999999994,-0.8660254037844387,53,2338.25
Tomato,Uttar Pradesh,Lucknow,2338.25,1601.36,3277.41,485.9862370993647,5,2024-06-01,2024,6,1901.5775,1631.635,1701.1799999999998,3579.7760000000003,1984.9175,1744.7975000000006,2343.4380833333335,140.1574224087058,22.963697246102242,37.44871207044523,1.2246467991473532e-16,-1.0,54,2738.3175
Tomato,Uttar Pradesh,Lucknow,2738.3175,2091.76,3691.17,483.3848062275713,4,2024-07-01,2024,7,2338.25,1901.5775,1631.635,2914.56,2740.496,1957.1541666666672,2136.5170833333336,356.570840036851,17.10969742328665,67.82659724754619,-0.4999999999999997,-0.8660254037844388,55,3382.2025
Tomato,Uttar Pradesh,Lucknow,3382.2025,2948.99,3921.37,189.99220183558427,4,2024-08-01,2024,8,2738.3175,2338.25,1901.5775,2331.9,3444.7825000000003,2326.048333333334,2107.143333333333,418.5034257949214,23.513891285433473,77.86298481129482,-0.8660254037844385,-0.5000000000000004,56,3495.304
Tomato,Uttar Pradesh,Lucknow,3495.304,2768.82,4295.1,349.5036296378051,5,2024-09-01,2024,9,3382.2025,2738.3175,2338.25,1701.1799999999998,3793.465,2819.5900000000006,2282.19375,526.7002183465007,3.344019170939653,49.48375922164011,-1.0,-1.8369701987210297e-16,57,4008.935
Tomato,Uttar Pradesh,Lucknow,4008.935,3641.55,4373.42,38.069313539034844,4,2024-10-01,2024,10,3495.304,3382.2025,2738.3175,1631.635,4234.005999999999,3205.2746666666676,2581.2144166666662,408.33164701206385,14.69488776941862,46.40139428682028,-0.8660254037844386,0.5000000000000001,58,3648.59
Tomato,Uttar Pradesh,Lucknow,3648.59,3118.11,4320.95,262.01595078671585,4,2024-11-01,2024,11,4008.935,3495.304,3382.2025,1901.5775,4196.7,3628.8138333333336,2977.4310833333334,334.0165614705129,-8.988546833510641,7.876154665487956,-0.5000000000000004,0.8660254037844384,59,3316.388
Tomato,Uttar Pradesh,Lucknow,3316.388,2845.41,4151.02,308.7931421194455,5,2024-12-01,2024,12,3648.59,4008.935,3495.304,2338.25,3579.7760000000003,3717.609666666667,3268.599833333333,263.67970500274555,-9.104941909066248,-5.118753619141573,-2.4492935982947064e-16,1.0,60,2789.3825
Tomato,Uttar Pradesh,Lucknow,2789.3825,2128.75,3518.14,413.7468939963981,4,2025-01-01,2025,1,3316.388,3648.59,4008.935,2738.3175,2914.56,3657.971000000001,3431.6228333333333,346.3687907029177,-15.890948224393519,-30.42085990418901,0.49999999999999994,0.8660254037844387,61,2090.9325
Tomato,Uttar Pradesh,Lucknow,2090.9325,1600.45,2734.06,329.6295004369805,4,2025-02-01,2025,2,2789.3825,3316.388,3648.59,3382.2025,2331.9,3251.453500000001,3440.1336666666666,433.2686798993802,-25.039592096100133,-42.69203993871606,0.8660254037844386,0.5000000000000001,62,1717.254
Tomato,Uttar Pradesh,Lucknow,1717.254,1285.76,2363.36,292.0895091919599,5,2025-03-01,2025,3,2090.9325,2789.3825,3316.388,3495.304,1701.1799999999998,2732.234333333334,3224.922,614.723295747839,-17.871380353024307,-48.21914685495183,1.0,6.123233995736766e-17,63,1406.8075
Tomato,Uttar Pradesh,Lucknow,1406.8075,1148.88,1811.04,198.88193757017424,4,2025-04-01,2025,4,1717.254,2090.9325,2789.3825,4008.935,1631.635,2199.189666666667,2928.5803333333333,544.2008735100351,-18.078076976382064,-49.56562966893211,0.8660254037844387,-0.4999999999999998,64,1719.105
Tomato,Uttar Pradesh,Lucknow,1719.105,1167.08,2361.65,380.3630019249157,4,2025-05-01,2025,5,1406.8075,1717.254,2090.9325,3648.59,1901.5775,1738.3313333333338,2494.8924166666666,342.5491853611465,22.199021543459228,-17.782855257163963,0.49999999999999994,-0.8660254037844387,65,2218.068
Tomato,Uttar Pradesh,Lucknow,2218.068,1773.34,2592.78,199.97944524375487,5,2025-06-01,2025,6,1719.105,1406.8075,1717.254,3316.388,2338.25,1614.3888333333337,2173.311583333333,179.7730903433135,29.02457965045766,29.16365313459746,1.2246467991473532e-16,-1.0,66,2425.6275
Tomato,Uttar Pradesh,Lucknow,2425.6275,1866.09,2996.8,327.8567673415736,4,2025-07-01,2025,7,2218.068,1719.105,1406.8075,2789.3825,2738.3175,1781.3268333333338,1990.25825,409.19380142248656,9.357670729662022,72.42071143351171,-0.4999999999999997,-0.8660254037844388,67,2879.494
Tomato,Uttar Pradesh,Lucknow,2879.494,2472.16,3618.8,272.09544038811083,5,2025-08-01,2025,8,2425.6275,2218.068,1719.105,2090.9325,3382.2025,2120.9335000000005,1929.6324166666666,363.138877110744,18.71130253923985,67.49960008260113,-0.8660254037844385,-0.5000000000000004,68,3264.455
Tomato,Uttar Pradesh,Lucknow,3264.455,2846.48,3665.07,145.56692424219636,4,2025-09-01,2025,9,2879.494,2425.6275,2218.068,1717.254,3495.304,2507.729833333334,2061.059333333333,338.27013350735746,13.36905025674649,47.1756050761293,-1.0,-1.8369701987210297e-16,69,3398.6625
Tomato,Uttar Pradesh,Lucknow,3398.6625,2868.83,4235.17,360.47417802805234,4,2025-10-01,2025,10,3264.455,2879.494,2425.6275,1406.8075,4008.935,2856.525500000001,2318.9261666666666,419.8851720211758,4.111176291295178,40.11477442434998,-0.8660254037844386,0.5000000000000001,70,3201.282
Tomato,Uttar Pradesh,Lucknow,3201.282,2653.99,3674.91,223.82824748007127,5,2025-11-01,2025,11,3398.6625,3264.455,2879.494,1719.105,3648.59,3180.870500000001,2650.902,269.4879576683395,-5.807593428297154,11.175157857595813,-0.5000000000000004,0.8660254037844384,71,2424.6625
Tomato,Uttar Pradesh,Lucknow,2424.6625,2011.98,3032.16,268.60027368750025,4,2025-12-01,2025,12,3201.282,3398.6625,3264.455,2218.068,3316.388,3288.133166666667,2897.9315,100.79810081338971,-24.259640356582153,-25.725350785965805,-2.4492935982947064e-16,1.0,72,2024.2575
Tomato,Uttar Pradesh,Lucknow,2024.2575,1634.8,2487.18,216.50953348909752,4,2026-01-01,2026,1,2424.6625,3201.282,3398.6625,2425.6275,2789.3825,3008.202333333334,2932.3639166666667,514.906611202542,-16.513844710346284,-40.439584689565386,0.49999999999999994,0.8660254037844387,73,1330.4275
Tomato,Uttar Pradesh,Lucknow,1330.4275,941.91,1868.26,345.334233593582,4,2026-02-01,2026,2,2024.2575,2424.6625,3201.282,2879.494,2090.9325,2550.067333333334,2865.4689166666667,598.4492021613738,-34.27577766168582,-58.440790283392715,0.8660254037844386,0.5000000000000001,74,830.75
Tomato,Uttar Pradesh,Lucknow,830.75,558.87,1050.17,151.67938505281458,5,2026-03-01,2026,3,1330.4275,2024.2575,2424.6625,3264.455,1717.254,1926.4491666666672,2607.2911666666664,553.635630499278,-37.55766473558311,-65.73749954890629,1.0,6.123233995736766e-17,75,423.54
Tomato,Uttar Pradesh,Lucknow,423.54,184.0,697.17,197.92258941313395,4,2026-04-01,2026,4,830.75,1330.4275,2024.2575,3398.6625,1406.8075,1395.1450000000004,2201.673666666667,599.3799331340254,-49.01715317484201,-79.07677259439573,0.8660254037844387,-0.4999999999999998,76,855.124
Tomato,Uttar Pradesh,Lucknow,855.124,443.37,1437.46,310.89066611913586,5,2026-05-01,2026,5,423.54,830.75,1330.4275,3201.282,1719.105,861.5725000000007,1705.8199166666666,454.2287466615776,101.89923029702035,-35.72562202750619,0.49999999999999994,-0.8660254037844387,77,1485.1475
Tomato,Uttar Pradesh,Lucknow,1485.1475,1182.24,1993.2,249.6555904140742,4,2026-06-01,2026,6,855.124,423.54,830.75,2424.6625,2218.068,703.1380000000005,1314.7935833333333,242.44546638779877,73.67627385034217,78.77189286789047,1.2246467991473532e-16,-1.0,78,1672.285
Tomato,Uttar Pradesh,Lucknow,1672.285,1239.96,1959.84,218.9205404555117,4,2026-07-01,2026,7,1485.1475,855.124,423.54,2024.2575,2425.6275,921.2705000000005,1158.20775,533.8858872556455,12.60060027707686,294.8351985644803,-0.4999999999999997,-0.8660254037844388,79,2413.964
Tomato,Punjab,Ludhiana,1916.582,1570.74,2264.54,192.0015863736548,5,2021-01-01,2021,1,2235.9700000000003,2538.59,3018.3075,2060.3675,1695.445,2597.6225,2524.8459166666667,394.4953967015954,-14.284091468132404,-36.50143333639796,0.49999999999999994,0.8660254037844387,13,1616.24
Tomato,Punjab,Ludhiana,1616.24,1332.54,1989.22,177.10261225252043,4,2021-02-01,2021,2,1916.582,2235.9700000000003,2538.59,2270.008,867.5074999999999,2230.380666666667,2500.8816666666667,311.0416668250942,-15.670709627868785,-36.33316132183614,0.8660254037844386,0.5000000000000001,14,1168.13
Tomato,Punjab,Ludhiana,1168.13,742.05,1911.0,420.1626005092156,4,2021-03-01,2021,3,1616.24,1916.582,2235.9700000000003,3025.8325,819.4100000000001,1922.9306666666669,2391.9203333333335,309.91377413940967,-27.725461565114085,-47.75734915942522,1.0,6.123233995736766e-17,15,1036.8475
Tomato,Punjab,Ludhiana,1036.8475,454.54,1751.89,568.6592739285978,4,2021-04-01,2021,4,1168.13,1616.24,1916.582,3018.3075,879.6800000000001,1566.9840000000002,2082.3032500000004,376.64932527219486,-11.238689186991175,-45.90121894080191,0.8660254037844387,-0.4999999999999998,16,1104.308
Tomato,Punjab,Ludhiana,1104.308,711.88,1452.15,230.77994945401989,5,2021-05-01,2021,5,1036.8475,1168.13,1616.24,2538.59,1017.14,1273.7391666666665,1752.059916666667,303.7908644562621,6.506308786972038,-31.67425629856952,0.49999999999999994,-0.8660254037844387,17,1886.095
Tomato,Punjab,Ludhiana,1886.095,1510.79,2264.36,204.4952622923084,4,2021-06-01,2021,6,1104.308,1036.8475,1168.13,2235.9700000000003,1434.3175,1103.0951666666667,1513.0129166666668,65.64965289385032,70.79428927436912,61.46276527441293,1.2246467991473532e-16,-1.0,18,2514.3175
Tomato,Punjab,Ludhiana,2514.3175,2101.19,3092.29,252.96971325635025,4,2021-07-01,2021,7,1886.095,1104.308,1036.8475,1916.582,2060.3675,1342.4168333333334,1454.7004166666666,472.0457514347345,33.308104840954464,142.49636518388672,-0.4999999999999997,-0.8660254037844388,19,2976.4080000000004
Tomato,Punjab,Ludhiana,2976.4080000000004,2483.2,3480.47,233.88910293128225,5,2021-08-01,2021,8,2514.3175,1886.095,1104.308,1616.24,2270.008,1834.9068333333335,1554.323,706.3971042038489,18.378367091666036,169.5269797918697,-0.8660254037844385,-0.5000000000000004,20,3087.9425
Tomato,Punjab,Ludhiana,3087.9425,2525.37,3564.34,260.14040406096086,4,2021-09-01,2021,9,2976.4080000000004,2514.3175,1886.095,1168.13,3025.8325,2458.9401666666668,1781.0176666666666,547.261908301303,3.747285318410639,63.72147214217736,-1.0,-1.8369701987210297e-16,21,3164.564
Tomato,Punjab,Ludhiana,3164.564,2683.78,3613.73,156.15182797521135,5,2021-10-01,2021,10,3087.9425,2976.4080000000004,2514.3175,1036.8475,3018.3075,2859.5560000000005,2100.9864166666666,304.1417475195578,2.4813123949037177,25.861749759129456,-0.8660254037844386,0.5000000000000001,22,2848.96
Tomato,Punjab,Ludhiana,2848.96,2153.86,3792.86,554.9504763490163,4,2021-11-01,2021,11,3164.564,3087.9425,2976.4080000000004,1104.308,2538.59,3076.3048333333336,2455.6058333333335,94.61631227269281,-9.97306421990517,-4.2819398415808685,-0.5000000000000004,0.8660254037844384,23,2532.74
Tomato,Punjab,Ludhiana,2532.74,2094.48,3027.39,282.57431930968767,4,2021-12-01,2021,12,2848.96,3164.564,3087.9425,1886.095,2235.9700000000003,3033.822166666667,2746.3811666666666,164.61539740888082,-11.09948893631361,-17.979690360167012,-2.4492935982947064e-16,1.0,24,1856.142
Tomato,Punjab,Ludhiana,1856.142,1226.47,2299.72,318.5157802527216,5,2022-01-01,2022,1,2532.74,2848.96,3164.564,2514.3175,1916.582,2848.7546666666663,2854.1553333333336,315.91205004768955,-26.714072506455448,-41.346043246399816,0.49999999999999994,0.8660254037844387,25,1327.99
Tomato,Punjab,Ludhiana,1327.99,1124.22,1530.18,83.25327100680997,4,2022-02-01,2022,2,1856.142,2532.74,2848.96,2976.4080000000004,1616.24,2412.614,2744.4594166666666,507.1928500955046,-28.454288518874097,-53.386849938223065,0.8660254037844386,0.5000000000000001,26,707.605
Tomato,Punjab,Ludhiana,707.605,524.7,956.38,131.86680995105118,4,2022-03-01,2022,3,1327.99,1856.142,2532.74,3087.9425,1168.13,1905.6239999999998,2469.7230833333338,603.8973355364318,-46.71608972959134,-72.06168023563413,1.0,6.123233995736766e-17,27,634.3175
Tomato,Punjab,Ludhiana,634.3175,204.18,967.87,288.70776174475577,4,2022-04-01,2022,4,707.605,1327.99,1856.142,3164.564,1036.8475,1297.2456666666667,2073.0001666666667,574.8853978110211,-10.357120144713509,-65.82602516402302,0.8660254037844387,-0.4999999999999998,28,272.52
Tomato,Punjab,Ludhiana,272.52,184.0,592.6,154.51200940380008,5,2022-05-01,2022,5,634.3175,707.605,1327.99,2848.96,1104.308,889.9708333333333,1651.2924166666664,381.1015051001327,-57.03728810887293,-79.47876113524951,0.49999999999999994,-0.8660254037844387,29,594.0699999999999
Tomato,Punjab,Ludhiana,594.0699999999999,494.86,725.33,55.96965130020615,4,2022-06-01,2022,6,272.52,634.3175,707.605,2532.74,1886.095,538.1475,1221.8857500000001,232.94042367363724,117.99134008513137,-16.044968591233822,1.2246467991473532e-16,-1.0,30,1016.768
Tomato,Punjab,Ludhiana,1016.768,492.53,1416.59,341.36751657121687,5,2022-07-01,2022,7,594.0699999999999,272.52,634.3175,1856.142,2514.3175,500.30249999999995,898.7740833333334,198.28922258598337,71.15289444004918,60.29322854879457,-0.4999999999999997,-0.8660254037844388,31,1746.7625
Tomato,Punjab,Ludhiana,1746.7625,1269.72,2205.54,321.4621151732606,4,2022-08-01,2022,8,1016.768,594.0699999999999,272.52,1327.99,2976.4080000000004,627.786,758.8784166666666,373.2677964518283,71.79558168628438,540.966718039043,-0.8660254037844385,-0.5000000000000004,32,1939.2875
Tomato,Punjab,Ludhiana,1939.2875,1531.45,2203.91,183.43888998337655,4,2022-09-01,2022,9,1746.7625,1016.768,594.0699999999999,707.605,3087.9425,1119.2001666666667,828.6738333333333,583.1331421425868,11.021818936461015,226.44090763714715,-1.0,-1.8369701987210297e-16,33,1895.272
Tomato,Punjab,Ludhiana,1895.272,1427.16,2632.26,333.2208277854193,5,2022-10-01,2022,10,1939.2875,1746.7625,1016.768,634.3175,3164.564,1567.6059999999998,1033.95425,486.655263599658,-2.269673784830768,86.40161767482847,-0.8660254037844386,0.5000000000000001,34,1902.34
Tomato,Punjab,Ludhiana,1902.34,1353.77,3000.41,593.8525630154338,4,2022-11-01,2022,11,1895.272,1939.2875,1746.7625,272.52,2848.96,1860.4406666666666,1244.1133333333335,100.87807116804801,0.3729280018910206,8.90662010433587,-0.5000000000000004,0.8660254037844384,35,1633.045
Tomato,Punjab,Ludhiana,1633.045,1196.87,2232.27,362.5942343262875,4,2022-12-01,2022,12,1902.34,1895.272,1939.2875,594.0699999999999,2532.74,1912.2998333333333,1515.75,23.637676918126825,-14.155986837263573,-15.79149558794144,-2.4492935982947064e-16,1.0,36,1115.26
Tomato,Punjab,Ludhiana,1115.26,611.67,1540.39,282.44860789177204,5,2023-01-01,2023,1,1633.045,1902.34,1895.272,1016.768,1856.142,1810.219,1688.9125000000001,153.47787743841934,-31.70671965561268,-41.15567580801066,0.49999999999999994,0.8660254037844387,37,764.7475000000001
Tomato,Punjab,Ludhiana,764.7475000000001,184.0,1232.71,408.19163027308633,4,2023-02-01,2023,2,1115.26,1633.045,1902.34,1746.7625,1327.99,1550.2150000000001,1705.3278333333335,400.0241721133896,-31.428769972921106,-59.799641494159815,0.8660254037844386,0.5000000000000001,38,412.3675
Tomato,Punjab,Ludhiana,412.3675,248.68,783.52,211.2660930950981,4,2023-03-01,2023,3,764.7475000000001,1115.26,1633.045,1939.2875,707.605,1171.0175,1541.6586666666665,436.82583626801795,-46.077953834435554,-74.74855255060332,1.0,6.123233995736766e-17,39,615.42
Tomato,Punjab,Ludhiana,615.42,275.26,1057.16,301.98298884208697,5,2023-04-01,2023,4,412.3675,764.7475000000001,1115.26,1895.272,634.3175,764.125,1287.172,351.4466634764849,49.24066518336191,-44.818248659505414,0.8660254037844387,-0.4999999999999998,40,451.55
Tomato,Punjab,Ludhiana,451.55,184.0,827.06,294.9419095347421,4,2023-05-01,2023,5,615.42,412.3675,764.7475000000001,1902.34,272.52,597.5116666666667,1073.8633333333335,176.8712735355494,-26.62734392772415,-40.954367291164736,0.49999999999999994,-0.8660254037844387,41,602.3975
Tomato,Punjab,Ludhiana,602.3975,407.08,868.84,152.5656659442091,4,2023-06-01,2023,6,451.55,615.42,412.3675,1633.045,594.0699999999999,493.11249999999995,832.065,107.71796736735189,33.406599490643345,46.08268110362723,1.2246467991473532e-16,-1.0,42,954.3
Tomato,Punjab,Ludhiana,954.3,644.65,1239.71,212.40314792865004,5,2023-07-01,2023,7,602.3975,451.55,615.42,1115.26,1016.768,556.4558333333333,660.2904166666666,91.08414668364172,58.41699210239084,55.06483377205811,-0.4999999999999997,-0.8660254037844388,43,1244.7475
Tomato,Punjab,Ludhiana,1244.7475,845.81,1717.51,305.4899719439794,4,2023-08-01,2023,8,954.3,602.3975,451.55,764.7475000000001,1746.7625,669.4158333333334,633.46375,257.98833961457836,30.435659645813683,175.66105636142174,-0.8660254037844385,-0.5000000000000004,44,1792.0425
Tomato,Punjab,Ludhiana,1792.0425,1336.62,2175.17,238.8942362043645,4,2023-09-01,2023,9,1244.7475,954.3,602.3975,412.3675,1939.2875,933.8149999999999,713.46375,321.66458779877115,43.96835502782694,197.48504932374388,-1.0,-1.8369701987210297e-16,45,1800.514
Tomato,Punjab,Ludhiana,1800.514,1482.35,2301.07,202.4259223271565,5,2023-10-01,2023,10,1792.0425,1244.7475,954.3,615.42,1895.272,1330.3633333333335,943.4095833333332,425.38297716832335,0.47272874387744035,88.67379230849838,-0.8660254037844386,0.5000000000000001,46,1747.2975
Tomato,Punjab,Ludhiana,1747.2975,1272.16,2506.32,402.03027409844,4,2023-11-01,2023,11,1800.514,1792.0425,1244.7475,451.55,1902.34,1612.4346666666668,1140.92525,318.4545979831128,-2.955628226162085,40.37365007762618,-0.5000000000000004,0.8660254037844384,47,1809.198
Tomato,Punjab,Ludhiana,1809.198,1220.15,2649.15,406.9024274565096,5,2023-12-01,2023,12,1747.2975,1800.514,1792.0425,602.3975,1633.045,1779.9513333333334,1356.8831666666665,28.594513487482633,3.542642280435942,0.95731546545353,-2.4492935982947064e-16,1.0,48,1692.5
Tomato,Punjab,Ludhiana,1692.5,1271.53,2125.51,312.04012103146823,4,2024-01-01,2024,1,1809.198,1747.2975,1800.514,954.3,1115.26,1785.6698333333334,1558.0165833333333,33.51387679881014,-6.450261386537023,-5.99906471152126,0.49999999999999994,0.8660254037844387,49,693.655
Tomato,Punjab,Ludhiana,693.655,259.7,1258.15,417.2742631651274,4,2024-02-01,2024,2,1692.5,1809.198,1747.2975,1244.7475,764.7475000000001,1749.6651666666667,1681.0499166666666,58.38501678586601,-59.01595273264402,-60.301265239605726,0.8660254037844386,0.5000000000000001,50,718.658
Tomato,Punjab,Ludhiana,718.658,404.88,1095.25,220.16178862373,5,2024-03-01,2024,3,693.655,1692.5,1809.198,1792.0425,412.3675,1398.451,1589.2011666666667,613.1538607992311,3.604529629282575,-60.27753733974943,1.0,6.123233995736766e-17,51,1083.445
Tomato,Punjab,Ludhiana,1083.445,817.68,1374.39,169.7378202797872,4,2024-04-01,2024,4,718.658,693.655,1692.5,1800.514,615.42,1034.9376666666667,1410.30375,569.6028916414807,50.75947112534751,-35.98552437223043,0.8660254037844387,-0.4999999999999998,52,1118.9725
Tomato,Punjab,Ludhiana,1118.9725,631.38,1631.15,339.7625303428852,4,2024-05-01,2024,5,1083.445,718.658,693.655,1747.2975,451.55,831.9193333333333,1290.79225,218.18606336413086,3.279123536497021,61.31542337329078,0.49999999999999994,-0.8660254037844387,53,1657.2420000000002
Tomato,Punjab,Ludhiana,1657.2420000000002,999.28,2187.02,372.4315658211586,5,2024-06-01,2024,6,1118.9725,1083.445,718.658,1809.198,602.3975,973.6918333333333,1186.0714166666667,221.57897671617314,48.10390782615302,130.6023170965884,1.2246467991473532e-16,-1.0,54,2824.45
Tomato,Punjab,Ludhiana,2824.45,2546.25,3198.4,91.79821094843469,4,2024-07-01,2024,7,1657.2420000000002,1118.9725,1083.445,1692.5,954.3,1286.5531666666668,1160.7454166666666,321.5170433780862,70.4307518153655,160.69159025146638,-0.4999999999999997,-0.8660254037844388,55,2766.2925
Tomato,Punjab,Ludhiana,2766.2925,2350.41,3278.59,217.1815155386543,4,2024-08-01,2024,8,2824.45,1657.2420000000002,1118.9725,693.655,1244.7475,1866.8881666666666,1349.40375,871.8526321288969,-2.0590734479279083,147.21720149512163,-0.8660254037844385,-0.5000000000000004,56,3357.514
Tomato,Punjab,Ludhiana,3357.514,2769.26,4129.05,299.476804911499,5,2024-09-01,2024,9,2766.2925,2824.45,1657.2420000000002,718.658,1792.0425,2415.9948333333336,1694.8433333333332,657.7423281727314,21.37234222339106,102.59648258974849,-1.0,-1.8369701987210297e-16,57,3325.9675
Tomato,Punjab,Ludhiana,3325.9675,2598.81,4139.5,498.08314796996143,4,2024-10-01,2024,10,3357.514,2766.2925,2824.45,1083.445,1800.514,2982.7521666666667,2134.652666666667,325.8533373990286,-0.9395791052546593,17.75628883499444,-0.8660254037844386,0.5000000000000001,58,3082.3225
Tomato,Punjab,Ludhiana,3082.3225,2624.04,3669.94,229.86748173313543,4,2024-11-01,2024,11,3325.9675,3357.514,2766.2925,1118.9725,1747.2975,3149.9246666666672,2508.4064166666667,332.609417923764,-7.325537606726462,11.424316119860796,-0.5000000000000004,0.8660254037844384,59,2491.684
Tomato,Punjab,Ludhiana,2491.684,1370.4,3244.73,606.4646885268755,5,2024-12-01,2024,12,3082.3225,3325.9675,3357.514,1657.2420000000002,1809.198,3255.268,2835.6314166666666,150.60346906114643,-19.162125312974226,-25.787829924164125,-2.4492935982947064e-16,1.0,60,2354.5825
Tomato,Punjab,Ludhiana,2354.5825,1772.21,3175.54,470.42359531065193,4,2025-01-01,2025,1,2491.684,3082.3225,3325.9675,2824.45,1692.5,2966.658,2974.705083333333,428.99993824387843,-5.502363060484403,-29.20608815329675,0.49999999999999994,0.8660254037844387,61,2099.9925000000003
Tomato,Punjab,Ludhiana,2099.9925000000003,1673.86,2414.52,189.70742058496296,4,2025-02-01,2025,2,2354.5825,2491.684,3082.3225,2766.2925,693.655,2642.863,2896.3938333333335,386.7075050096019,-10.81253258274024,-31.86979947750438,0.8660254037844386,0.5000000000000001,62,1934.704
Tomato,Punjab,Ludhiana,1934.704,1282.99,2701.51,392.9236158975432,5,2025-03-01,2025,3,2099.9925000000003,2354.5825,2491.684,3357.514,718.658,2315.4196666666667,2785.343833333334,198.76079449701425,-7.870909062770477,-22.353556871577624,1.0,6.123233995736766e-17,63,2265.39
Tomato,Punjab,Ludhiana,2265.39,1670.01,2791.09,335.1414975797537,4,2025-04-01,2025,4,1934.704,2099.9925000000003,2354.5825,3325.9675,1083.445,2129.759666666667,2548.2088333333336,211.51607941025262,17.092330402997042,-3.788038856145415,0.8660254037844387,-0.4999999999999998,64,2561.1000000000004
Tomato,Punjab,Ludhiana,2561.1000000000004,1931.06,3007.54,312.0277581669084,4,2025-05-01,2025,5,2265.39,1934.704,2099.9925000000003,3082.3225,1118.9725,2100.0288333333333,2371.445916666667,165.3430029940315,13.053381536953923,21.95757841992293,0.49999999999999994,-0.8660254037844387,65,2949.484
Tomato,Punjab,Ludhiana,2949.484,2318.04,3852.84,456.6425960529745,5,2025-06-01,2025,6,2561.1000000000004,2265.39,1934.704,2491.684,1657.2420000000002,2253.731333333333,2284.5755,313.36070363932765,15.164733903400862,52.45143443131353,1.2246467991473532e-16,-1.0,66,4242.5425
Tomato,Punjab,Ludhiana,4242.5425,3635.99,5308.16,452.2855402195242,4,2025-07-01,2025,7,2949.484,2561.1000000000004,2265.39,2354.5825,2824.45,2591.9913333333334,2360.8755,343.09161468233896,43.840159838127605,87.27647336661678,-0.4999999999999997,-0.8660254037844388,67,4522.36
Tomato,Punjab,Ludhiana,4522.36,4047.12,4948.38,82.39399098235243,5,2025-08-01,2025,8,4242.5425,2949.484,2561.1000000000004,2099.9925000000003,2766.2925,3251.042166666666,2675.5355,880.3494852125965,6.595514364322812,76.57881379094917,-0.8660254037844385,-0.5000000000000004,68,5068.95
Tomato,Punjab,Ludhiana,5068.95,4442.72,5828.77,247.3075689635615,4,2025-09-01,2025,9,4522.36,4242.5425,2949.484,1934.704,3357.514,3904.7954999999997,3079.2634166666667,839.0706197041765,12.086388522806681,71.8588742980128,-1.0,-1.8369701987210297e-16,69,4839.7925
Tomato,Punjab,Ludhiana,4839.7925,4220.17,5464.87,196.9466833731064,4,2025-10-01,2025,10,5068.95,4522.36,4242.5425,2265.39,3325.9675,4611.284166666665,3601.6377500000003,420.3188903405176,-4.520808056895417,14.077643299978728,-0.8660254037844386,0.5000000000000001,70,5051.712
Tomato,Punjab,Ludhiana,5051.712,4186.78,5866.09,324.0295655800562,5,2025-11-01,2025,11,4839.7925,5068.95,4522.36,2561.1000000000004,3082.3225,4810.367499999999,4030.704833333333,274.48047288240866,4.3786897888700995,11.705215860745293,-0.5000000000000004,0.8660254037844384,71,4051.7775
Tomato,Punjab,Ludhiana,4051.7775,3386.89,4694.58,289.4240287622988,4,2025-12-01,2025,12,5051.712,4839.7925,5068.95,2949.484,2491.684,4986.818166666666,4445.806833333333,127.61934475260486,-19.793972815552436,-20.066729796111616,-2.4492935982947064e-16,1.0,72,3687.7925
Tomato,Punjab,Ludhiana,3687.7925,3296.27,4097.9,87.2146552573972,4,2026-01-01,2026,1,4051.7775,5051.712,4839.7925,4242.5425,2354.5825,4647.760666666666,4629.522416666667,526.9007684873725,-8.983341261952319,-23.802673358413603,0.49999999999999994,0.8660254037844387,73,3086.3
Tomato,Punjab,Ludhiana,3086.3,2668.63,3426.97,127.41763692676142,4,2026-02-01,2026,2,3687.7925,4051.7775,5051.712,4522.36,2099.9925000000003,4263.760666666666,4537.064083333334,706.2377417219953,-16.31036724544561,-38.90586003319271,0.8660254037844386,0.5000000000000001,74,2686.5
Tomato,Punjab,Ludhiana,2686.5,2117.28,3206.64,249.8759536249937,5,2026-03-01,2026,3,3086.3,3687.7925,4051.7775,5068.95,1934.704,3608.623333333333,4297.7207499999995,487.5833451468413,-12.95402261607751,-33.69576685787904,1.0,6.123233995736766e-17,75,2573.685
Tomato,Punjab,Ludhiana,2573.685,2047.67,3362.36,398.5217035076845,4,2026-04-01,2026,4,2686.5,3086.3,3687.7925,4839.7925,2265.39,3153.530833333333,3900.6457499999997,504.0204919961925,-4.199329983249584,-30.210688372515538,0.8660254037844387,-0.4999999999999998,76,3057.842
Tomato,Punjab,Ludhiana,3057.842,2443.95,3711.49,285.16501059912656,5,2026-05-01,2026,5,2573.685,2686.5,3086.3,5051.712,2561.1000000000004,2782.161666666667,3522.9611666666674,269.363881038892,18.81182040537207,-0.9220749765090913,0.49999999999999994,-0.8660254037844387,77,3562.8075
Tomato,Punjab,Ludhiana,3562.8075,3104.97,4032.63,166.89872505504655,4,2026-06-01,2026,6,3057.842,2573.685,2686.5,4051.7775,2949.484,2772.675666666666,3190.6495,253.3213064594731,16.513786520036017,32.61892797319933,1.2246467991473532e-16,-1.0,78,3530.5925
Tomato,Punjab,Ludhiana,3530.5925,3039.13,4196.74,256.6367981376273,4,2026-07-01,2026,7,3562.8075,3057.842,2573.685,3687.7925,4242.5425,3064.7781666666665,3109.1545,494.5977282677145,-0.9042026547883851,37.180443605180905,-0.4999999999999997,-0.8660254037844388,79,4284.11
Tomato,Maharashtra,Nashik,1619.932,1203.95,2011.77,228.41858926103188,5,2021-01-01,2021,1,1763.525,2507.3540000000003,3036.2975,2148.29,1550.5325,2435.7255,2445.1829166666666,639.4024090494578,-8.142385279482859,-46.64778401984655,0.49999999999999994,0.8660254037844387,13,1289.355
Tomato,Maharashtra,Nashik,1289.355,1088.0,1555.05,117.66207276207,4,2021-02-01,2021,2,1619.932,1763.525,2507.3540000000003,2474.096,1660.295,1963.6036666666669,2357.12325,476.34342250348516,-20.40684423790628,-48.577065703526515,0.8660254037844386,0.5000000000000001,14,886.0174999999999
Tomato,Maharashtra,Nashik,886.0174999999999,498.33,1345.0,296.81971378543346,4,2021-03-01,2021,3,1289.355,1619.932,1763.525,2741.535,1260.42,1557.604,2159.6664166666665,243.15197287499112,-31.28211392517965,-49.75872187805674,1.0,6.123233995736766e-17,15,614.98
Tomato,Maharashtra,Nashik,614.98,361.28,949.39,213.434352592704,4,2021-04-01,2021,4,886.0174999999999,1289.355,1619.932,3036.2975,1138.06,1265.1015,1850.4134999999999,367.55788322963565,-30.590535739982556,-62.03667808278372,0.8660254037844387,-0.4999999999999998,16,887.4960000000001
Tomato,Maharashtra,Nashik,887.4960000000001,219.13,1390.41,473.9722516456001,5,2021-05-01,2021,5,614.98,886.0174999999999,1289.355,2507.3540000000003,825.4739999999999,930.1175,1446.8605833333334,339.3435098189598,44.31298578815572,-31.167444187209874,0.49999999999999994,-0.8660254037844387,17,1658.9875
Tomato,Maharashtra,Nashik,1658.9875,1260.54,2135.82,268.6005709071867,4,2021-06-01,2021,6,887.4960000000001,614.98,886.0174999999999,1763.525,1795.76,796.1645,1176.88425,156.9121211721721,86.92901151103777,87.24094050061089,1.2246467991473532e-16,-1.0,18,2131.31
Tomato,Maharashtra,Nashik,2131.31,1861.74,2444.5,117.98389635878289,4,2021-07-01,2021,7,1658.9875,887.4960000000001,614.98,1619.932,2148.29,1053.8211666666666,1159.4613333333334,541.5126598834821,28.470527957564478,246.56574197534877,-0.4999999999999997,-0.8660254037844388,19,2927.704
Tomato,Maharashtra,Nashik,2927.704,2477.45,3410.72,201.6408882890571,5,2021-08-01,2021,8,2131.31,1658.9875,887.4960000000001,1289.355,2474.096,1559.2645,1244.691,627.8748475578158,37.36640845301717,229.88362764451895,-0.8660254037844385,-0.5000000000000004,20,3188.79
Tomato,Maharashtra,Nashik,3188.79,2621.9,3808.4,276.2850220334068,4,2021-09-01,2021,9,2927.704,2131.31,1658.9875,886.0174999999999,2741.535,2239.3338333333336,1517.7491666666667,641.2193468455894,8.917773108210385,92.21302149654534,-1.0,-1.8369701987210297e-16,21,3460.706
Tomato,Maharashtra,Nashik,3460.706,3023.61,3919.7,141.35828461749236,5,2021-10-01,2021,10,3188.79,2927.704,2131.31,614.98,3036.2975,2749.268,1901.5445833333333,550.8589131274915,8.527247012189582,62.37459590580442,-0.8660254037844386,0.5000000000000001,22,3136.065
Tomato,Maharashtra,Nashik,3136.065,2809.65,3511.53,83.71561602632245,4,2021-11-01,2021,11,3460.706,3188.79,2927.704,887.4960000000001,2507.3540000000003,3192.4,2375.83225,266.51933715211317,-9.380773749633747,7.1168738369725855,-0.5000000000000004,0.8660254037844384,23,2688.715
Tomato,Maharashtra,Nashik,2688.715,2279.27,3177.66,193.1174413839069,4,2021-12-01,2021,12,3136.065,3460.706,3188.79,1658.9875,1763.525,3261.8536666666673,2750.59375,174.21730470976536,-14.264691580053343,-15.682280739716315,-2.4492935982947064e-16,1.0,24,2422.088
Tomato,Maharashtra,Nashik,2422.088,2116.18,2809.45,113.4325108599826,5,2022-01-01,2022,1,2688.715,3136.065,3460.706,2131.31,1619.932,3095.1620000000003,2922.215,387.61748873986795,-9.916521460995305,-30.011737489402446,0.49999999999999994,0.8660254037844387,25,1803.85
Tomato,Maharashtra,Nashik,1803.85,1425.23,2255.98,282.0906919178061,4,2022-02-01,2022,2,2422.088,2688.715,3136.065,2927.704,1289.355,2748.956,2970.678,360.78043557404993,-25.525001568894286,-42.48046516892986,0.8660254037844386,0.5000000000000001,26,1454.5175
Tomato,Maharashtra,Nashik,1454.5175,1078.13,1811.81,242.6330258332529,4,2022-03-01,2022,3,1803.85,2422.088,2688.715,3188.79,886.0174999999999,2304.8843333333334,2783.369,453.92625135184034,-19.365939518252624,-45.902875537199,1.0,6.123233995736766e-17,27,1575.675
Tomato,Maharashtra,Nashik,1575.675,877.45,2027.0,432.5259222674791,4,2022-04-01,2022,4,1454.5175,1803.85,2422.088,3460.706,614.98,1893.4851666666666,2494.3235833333333,489.97348443062043,8.329738212156267,-34.94559239796408,0.8660254037844387,-0.4999999999999998,28,1757.2599999999998
Tomato,Maharashtra,Nashik,1757.2599999999998,1118.49,2789.76,552.9433142737147,5,2022-05-01,2022,5,1575.675,1454.5175,1803.85,3136.065,887.4960000000001,1611.3475,2180.15175,177.37726554226037,11.524267377473135,-2.5828089918784904,0.49999999999999994,-0.8660254037844387,29,2133.3075
Tomato,Maharashtra,Nashik,2133.3075,1328.34,2754.9,494.4125826591255,4,2022-06-01,2022,6,1757.2599999999998,1575.675,1454.5175,2688.715,1658.9875,1595.8175,1950.3509166666665,152.3730473418757,21.399650592399542,46.667709395039935,1.2246467991473532e-16,-1.0,30,2942.252
Tomato,Maharashtra,Nashik,2942.252,2473.4,3529.18,249.09731204892591,5,2022-07-01,2022,7,2133.3075,1757.2599999999998,1575.675,2422.088,2131.31,1822.0808333333334,1857.7830000000001,284.4113334408162,37.91973262176222,86.72962381201708,-0.4999999999999997,-0.8660254037844388,31,3234.3375
Tomato,Maharashtra,Nashik,3234.3375,2482.95,3827.14,392.406411124572,4,2022-08-01,2022,8,2942.252,2133.3075,1757.2599999999998,1803.85,2927.704,2277.6065,1944.4769999999999,605.5313047784982,9.927276793422186,84.0557174237165,-0.8660254037844385,-0.5000000000000004,32,3433.865
Tomato,Maharashtra,Nashik,3433.865,3040.37,3856.51,130.9901712597807,4,2022-09-01,2022,9,3234.3375,2942.252,2133.3075,1454.5175,3188.79,2769.965666666667,2182.8915833333335,570.3759292914494,6.1690377086497525,60.96437105293072,-1.0,-1.8369701987210297e-16,33,4081.254
Tomato,Maharashtra,Nashik,4081.254,3292.04,4978.4,484.3842225238143,5,2022-10-01,2022,10,3433.865,3234.3375,2942.252,1575.675,3460.706,3203.4848333333334,2512.782833333333,247.25442508190875,18.85307081087929,38.711911828082705,-0.8660254037844386,0.5000000000000001,34,4062.505
Tomato,Maharashtra,Nashik,4062.505,3546.01,4641.28,191.09518753752,4,2022-11-01,2022,11,4081.254,3433.865,3234.3375,1757.2599999999998,3136.065,3583.1521666666667,2930.379333333333,442.75487924085724,-0.4593931178995426,25.605475619040995,-0.5000000000000004,0.8660254037844384,35,3388.7075
Tomato,Maharashtra,Nashik,3388.7075,2760.07,4022.62,314.67112815075143,4,2022-12-01,2022,12,4062.505,4081.254,3433.865,2133.3075,2688.715,3859.208,3314.5868333333333,368.47711189028223,-16.585764202136367,-1.3150633469865531,-2.4492935982947064e-16,1.0,36,2867.288
Tomato,Maharashtra,Nashik,2867.288,2297.43,3651.62,349.1244833436922,5,2023-01-01,2023,1,3388.7075,4062.505,4081.254,2942.252,2422.088,3844.1555000000003,3523.820166666667,394.5409253528124,-15.386972761738804,-29.74492643682554,0.49999999999999994,0.8660254037844387,37,2797.965
Tomato,Maharashtra,Nashik,2797.965,2087.84,3452.18,386.15786879634254,4,2023-02-01,2023,2,2867.288,3388.7075,4062.505,3234.3375,1803.85,3439.500166666667,3511.326166666667,599.2252001648344,-2.4177201592585003,-31.12710015126135,0.8660254037844386,0.5000000000000001,38,2469.245
Tomato,Maharashtra,Nashik,2469.245,2140.31,2870.25,139.50733469367603,4,2023-03-01,2023,3,2797.965,2867.288,3388.7075,3433.865,1454.5175,3017.986833333334,3438.597416666666,322.9191525793796,-11.748538670069147,-27.13313261767208,1.0,6.123233995736766e-17,39,2268.584
Tomato,Maharashtra,Nashik,2268.584,1724.61,2831.73,271.45511006426096,5,2023-04-01,2023,4,2469.245,2797.965,2867.288,4081.254,1575.675,2711.4993333333337,3277.827416666667,212.64240192476615,-8.126411109468687,-20.88049752937271,0.8660254037844387,-0.4999999999999998,40,1908.8625
Tomato,Maharashtra,Nashik,1908.8625,1206.89,2451.38,425.1732974035412,4,2023-05-01,2023,5,2268.584,2469.245,2797.965,4062.505,1757.2599999999998,2511.9313333333334,2975.71575,267.2595238346677,-15.856653313256194,-31.776755606306732,0.49999999999999994,-0.8660254037844387,41,2417.0825
Tomato,Maharashtra,Nashik,2417.0825,1841.04,2970.5,347.7619285636848,4,2023-06-01,2023,6,1908.8625,2268.584,2469.245,3388.7075,2133.3075,2215.5638333333336,2616.775333333333,283.92867085164653,26.624233018355177,-2.112487825225926,1.2246467991473532e-16,-1.0,42,2755.706
Tomato,Maharashtra,Nashik,2755.706,2323.45,3261.11,181.9816670162137,5,2023-07-01,2023,7,2417.0825,1908.8625,2268.584,2867.288,2942.252,2198.1763333333333,2454.8378333333335,261.3232131749543,14.00959627981255,21.472513250556307,-0.4999999999999997,-0.8660254037844388,43,3335.91
Tomato,Maharashtra,Nashik,3335.91,2842.2,3946.72,234.44500421207533,4,2023-08-01,2023,8,2755.706,2417.0825,1908.8625,2797.965,3234.3375,2360.5503333333336,2436.2408333333333,426.2427627234072,21.05464080711076,74.7590515293794,-0.8660254037844385,-0.5000000000000004,44,3415.3825
Tomato,Maharashtra,Nashik,3415.3825,2934.29,3824.79,166.1501402095906,4,2023-09-01,2023,9,3335.91,2755.706,2417.0825,2469.245,3433.865,2836.2328333333335,2525.898333333333,464.6766852921318,2.382333456238337,41.301858749132485,-1.0,-1.8369701987210297e-16,45,4178.33
Tomato,Maharashtra,Nashik,4178.33,3455.03,5101.91,376.6820726421687,5,2023-10-01,2023,10,3415.3825,3335.91,2755.706,2268.584,4081.254,3168.9995000000004,2683.587916666667,360.12165641731394,22.33856676375193,51.62466533077185,-0.8660254037844386,0.5000000000000001,46,3906.6075
Tomato,Maharashtra,Nashik,3906.6075,3021.97,4651.34,437.17383783989953,4,2023-11-01,2023,11,4178.33,3415.3825,3335.91,1908.8625,4062.505,3643.2075000000004,3001.8789166666666,465.13012917757766,-6.503136420531644,17.107700747322326,-0.5000000000000004,0.8660254037844384,47,3578.134
Tomato,Maharashtra,Nashik,3578.134,2858.11,4094.62,278.6994891096861,5,2023-12-01,2023,12,3906.6075,4178.33,3415.3825,2417.0825,3388.7075,3833.4400000000005,3334.8364166666665,386.70057438701855,-8.408152085921097,4.765249573071239,-2.4492935982947064e-16,1.0,48,2927.99
Tomato,Maharashtra,Nashik,2927.99,2214.47,3626.56,395.6562973929097,4,2024-01-01,2024,1,3578.134,3906.6075,4178.33,2755.706,2867.288,3887.6905000000006,3528.345,300.54483737164765,-18.169917616277093,-29.924395631747615,0.49999999999999994,0.8660254037844387,49,2750.88
Tomato,Maharashtra,Nashik,2750.88,2255.1,3305.87,259.05250831958097,4,2024-02-01,2024,2,2927.99,3578.134,3906.6075,3335.91,2797.965,3470.9105000000004,3557.0589999999997,498.0418777981932,-6.048859456487204,-29.58391647996375,0.8660254037844386,0.5000000000000001,50,2148.55
Tomato,Maharashtra,Nashik,2148.55,1598.42,2574.9,255.18734559143,5,2024-03-01,2024,3,2750.88,2927.99,3578.134,3415.3825,2469.245,3085.668,3459.5539999999996,435.5847321612642,-21.8959024021404,-39.95333880732247,1.0,6.123233995736766e-17,51,1874.885
Tomato,Maharashtra,Nashik,1874.885,1364.41,2306.58,287.8120106944809,4,2024-04-01,2024,4,2148.55,2750.88,2927.99,4178.33,2268.584,2609.140000000001,3248.4152499999996,408.59435764582025,-12.737194852342284,-35.96682365718461,0.8660254037844387,-0.4999999999999998,52,1292.4325
Tomato,Maharashtra,Nashik,1292.4325,718.87,1816.88,397.5257415040357,4,2024-05-01,2024,5,1874.885,2148.55,2750.88,3906.6075,1908.8625,2258.105000000001,2864.50775,448.1557023234235,-31.066038717041316,-53.017488948990874,0.49999999999999994,-0.8660254037844387,53,1987.6120000000003
Tomato,Maharashtra,Nashik,1987.6120000000003,1327.64,2618.2,457.0769031246274,5,2024-06-01,2024,6,1292.4325,1874.885,2148.55,3578.134,2417.0825,1771.955833333334,2428.8119166666665,437.2414704309107,53.78845703740818,-7.490540131716733,1.2246467991473532e-16,-1.0,54,2387.6025
Tomato,Maharashtra,Nashik,2387.6025,1938.57,2887.54,273.22240700877126,4,2024-07-01,2024,7,1987.6120000000003,1292.4325,1874.885,2927.99,2755.706,1718.309833333334,2163.7249166666666,373.1024945207215,20.12417413458963,27.346610592116317,-0.4999999999999997,-0.8660254037844388,55,2941.63
Tomato,Maharashtra,Nashik,2941.63,2393.02,3490.59,263.5458855683389,4,2024-08-01,2024,8,2387.6025,1987.6120000000003,1292.4325,2750.88,3335.91,1889.2156666666672,2073.6603333333333,554.1757041183643,23.20434410669281,127.60414953972455,-0.8660254037844385,-0.5000000000000004,56,3527.612
Tomato,Maharashtra,Nashik,3527.612,2748.57,4313.99,407.9319781777348,5,2024-09-01,2024,9,2941.63,2387.6025,1987.6120000000003,2148.55,3415.3825,2438.9481666666675,2105.4519999999998,479.07710151403006,19.920316287228506,77.47991056604606,-1.0,-1.8369701987210297e-16,57,3676.7825
Tomato,Maharashtra,Nashik,3676.7825,3228.26,4160.21,176.74894235892904,4,2024-10-01,2024,10,3527.612,2941.63,2387.6025,1874.885,4178.33,2952.281500000001,2335.295666666667,570.079385578667,4.228653831543824,53.99474996361412,-0.8660254037844386,0.5000000000000001,58,3129.3875
Tomato,Maharashtra,Nashik,3129.3875,2474.62,3655.34,309.34146961731466,4,2024-11-01,2024,11,3676.7825,3527.612,2941.63,1292.4325,3906.6075,3382.008166666667,2635.6119166666667,388.6034698443685,-14.88788091218341,6.3827707767462165,-0.5000000000000004,0.8660254037844384,59,2660.704
Tomato,Maharashtra,Nashik,2660.704,2111.3,3160.23,285.0204084447288,5,2024-12-01,2024,12,3129.3875,3676.7825,3527.612,1987.6120000000003,3578.134,3444.5940000000005,2941.7710833333335,282.982884198408,-14.976844510307519,-24.574924906707423,-2.4492935982947064e-16,1.0,60,2046.5975
Tomato,Maharashtra,Nashik,2046.5975,1716.38,2513.67,204.9667965590198,4,2025-01-01,2025,1,2660.704,3129.3875,3676.7825,2387.6025,2927.99,3155.624666666667,3053.9530833333333,508.5471180004695,-23.08060197601838,-44.33727042597705,0.49999999999999994,0.8660254037844387,61,1536.0
Tomato,Maharashtra,Nashik,1536.0,1181.37,2098.81,285.06374971223545,4,2025-02-01,2025,2,2046.5975,2660.704,3129.3875,2941.63,2750.88,2612.2296666666675,2997.1189166666663,543.0201347731821,-24.94860371909963,-50.916912654632895,0.8660254037844386,0.5000000000000001,62,1292.494
Tomato,Maharashtra,Nashik,1292.494,953.11,1708.5,247.4142485387614,5,2025-03-01,2025,3,1536.0,2046.5975,2660.704,3527.612,2148.55,2081.1005000000005,2762.8472500000003,563.1452873466608,-15.853255208333339,-51.422856507149994,1.0,6.123233995736766e-17,63,1521.1
Tomato,Maharashtra,Nashik,1521.1,1059.26,2484.85,527.2480006600309,4,2025-04-01,2025,4,1292.494,1536.0,2046.5975,3676.7825,1874.885,1625.0305000000008,2390.327583333333,384.8543161064382,17.687200095319593,-25.676641352293267,0.8660254037844387,-0.4999999999999998,64,1736.5525
Tomato,Maharashtra,Nashik,1736.5525,1370.07,2148.77,218.79193836077835,4,2025-05-01,2025,5,1521.1,1292.494,1536.0,3129.3875,1292.4325,1449.8646666666673,2031.0471666666665,136.49046686614395,14.164256130431932,13.056803385416668,0.49999999999999994,-0.8660254037844387,65,1415.486
Tomato,Maharashtra,Nashik,1415.486,891.33,1910.56,343.80653692156585,5,2025-06-01,2025,6,1736.5525,1521.1,1292.494,2660.704,1987.6120000000003,1516.7155000000005,1798.9080000000001,222.0617160515392,-18.4887298253292,9.515866224524075,1.2246467991473532e-16,-1.0,66,2139.69
Tomato,Maharashtra,Nashik,2139.69,1512.05,2925.43,515.5296245609946,4,2025-07-01,2025,7,1415.486,1736.5525,1521.1,2046.5975,2387.6025,1557.712833333334,1591.3716666666667,163.63465106476568,51.16292213416451,40.66728025770825,-0.4999999999999997,-0.8660254037844388,67,2771.2740000000003
Tomato,Maharashtra,Nashik,2771.2740000000003,2078.18,3565.33,398.8595773326748,5,2025-08-01,2025,8,2139.69,1415.486,1736.5525,1536.0,2941.63,1763.9095000000007,1606.8870833333333,362.87623577571685,29.51754693436901,59.584809558017994,-0.8660254037844385,-0.5000000000000004,68,3309.0575
Tomato,Maharashtra,Nashik,3309.0575,2695.07,4132.87,399.1308909263559,4,2025-09-01,2025,9,2771.2740000000003,2139.69,1415.486,1292.494,3527.612,2108.8166666666675,1812.7660833333332,678.4210692993961,19.405641593000166,133.77536054754336,-1.0,-1.8369701987210297e-16,69,3601.2425
Tomato,Maharashtra,Nashik,3601.2425,3144.9,4249.79,234.77290749076363,4,2025-10-01,2025,10,3309.0575,2771.2740000000003,2139.69,1521.1,3676.7825,2740.0071666666677,2148.86,585.3104293142945,8.829855631097374,68.30674069608213,-0.8660254037844386,0.5000000000000001,70,3324.3659999999995
Tomato,Maharashtra,Nashik,3324.3659999999995,2638.76,4194.17,390.5312352808671,5,2025-11-01,2025,11,3601.2425,3309.0575,2771.2740000000003,1736.5525,3129.3875,3227.191333333334,2495.550416666667,420.9970067370816,-7.688360336744897,19.958040958779215,-0.5000000000000004,0.8660254037844384,71,3388.63
Tomato,Maharashtra,Nashik,3388.63,2816.7,4152.23,344.7177549822462,4,2025-12-01,2025,12,3324.3659999999995,3601.2425,3309.0575,1415.486,2660.704,3411.5553333333337,2760.1859999999997,164.45213115548904,1.933120480717243,2.4046877396358397,-2.4492935982947064e-16,1.0,72,2729.785
Tomato,Maharashtra,Nashik,2729.785,2304.4,3287.47,231.88672083584257,4,2026-01-01,2026,1,3388.63,3324.3659999999995,3601.2425,2139.69,2046.5975,3438.0795000000003,3089.0433333333335,144.91062366420476,-19.44281317228497,-24.19880083054668,0.49999999999999994,0.8660254037844387,73,2083.175
Tomato,Maharashtra,Nashik,2083.175,1502.33,2553.12,323.3296095833683,4,2026-02-01,2026,2,2729.785,3388.63,3324.3659999999995,2771.2740000000003,1536.0,3147.593666666667,3187.3924999999995,363.2568332190498,-23.687213461866033,-37.33617176929374,0.8660254037844386,0.5000000000000001,74,1683.9299999999998
Tomato,Maharashtra,Nashik,1683.9299999999998,1010.03,2385.93,431.1245612929053,5,2026-03-01,2026,3,2083.175,2729.785,3388.63,3309.0575,1292.494,2733.863333333334,3072.7093333333337,652.737055680412,-19.165216556458304,-50.30646603494628,1.0,6.123233995736766e-17,75,1727.5325
Tomato,Maharashtra,Nashik,1727.5325,1504.24,2064.2,124.51503185693414,4,2026-04-01,2026,4,1683.9299999999998,2083.175,2729.785,3601.2425,1521.1,2165.6300000000006,2801.85475,527.7805325369642,2.589329722731954,-36.71543729634384,0.8660254037844387,-0.4999999999999998,76,1415.3939999999998
Tomato,Maharashtra,Nashik,1415.3939999999998,1001.96,1673.0,188.27513107152524,5,2026-05-01,2026,5,1727.5325,1683.9299999999998,2083.175,3324.3659999999995,1736.5525,1831.5458333333338,2489.56975,219.00507446081247,-18.068458914665875,-32.05592425024303,0.49999999999999994,-0.8660254037844387,77,1569.675
Tomato,Maharashtra,Nashik,1569.675,1384.12,1814.29,82.76175707011875,4,2026-06-01,2026,6,1415.3939999999998,1727.5325,1683.9299999999998,3388.63,1415.486,1608.9521666666672,2171.40775,169.03806498563193,10.900215770308494,-6.785020755019501,1.2246467991473532e-16,-1.0,78,2011.0875
Tomato,Maharashtra,Nashik,2011.0875,1520.76,2862.42,438.3588055748395,4,2026-07-01,2026,7,1569.675,1415.3939999999998,1727.5325,2729.785,2139.69,1570.8671666666671,1868.2485833333333,156.07266494036313,28.12126714128722,16.41387354507079,-0.4999999999999997,-0.8660254037844388,79,2602.8540000000003
Tomato,Maharashtra,Pune,1706.5760000000002,1272.67,2490.04,391.75164917329965,5,2021-01-01,2021,1,1826.71,2004.088,1723.8425,919.4625,1245.9075,1851.5468333333336,1598.63525,141.76401618564282,-6.576522819714119,-1.0016286290655743,0.49999999999999994,0.8660254037844387,13,1081.685
Tomato,Maharashtra,Pune,1081.685,865.96,1348.55,129.28628014346052,4,2021-02-01,2021,2,1706.5760000000002,1826.71,2004.088,1257.036,829.4525,1845.7913333333333,1729.8208333333334,149.6710409442426,-36.61665229090297,-46.026072707386106,0.8660254037844386,0.5000000000000001,14,950.8425
Tomato,Maharashtra,Pune,950.8425,576.67,1315.72,244.8670083092725,4,2021-03-01,2021,3,1081.685,1706.5760000000002,1826.71,1860.6725,398.95,1538.323666666667,1700.5956666666668,399.9964979975862,-12.096174024785403,-47.94781328180171,1.0,6.123233995736766e-17,15,834.4675
Tomato,Maharashtra,Pune,834.4675,365.09,1356.76,374.33964046704966,4,2021-04-01,2021,4,950.8425,1081.685,1706.5760000000002,1723.8425,275.325,1246.3678333333335,1548.9573333333335,403.88563659974693,-12.239145810163093,-51.10282225930754,0.8660254037844387,-0.4999999999999998,16,1231.128
Tomato,Maharashtra,Pune,1231.128,726.72,1908.85,412.5339222051927,5,2021-05-01,2021,5,834.4675,950.8425,1081.685,2004.088,291.516,955.665,1400.7281666666668,123.67928466905529,47.534565456413816,13.815759671253645,0.49999999999999994,-0.8660254037844387,17,1688.2025
Tomato,Maharashtra,Pune,1688.2025,1444.89,2070.43,161.07452547915,4,2021-06-01,2021,6,1231.128,834.4675,950.8425,1826.71,737.2299999999999,1005.4793333333333,1271.9015000000002,203.89648288428756,37.12648075585968,77.54806921230384,1.2246467991473532e-16,-1.0,18,2384.8875
Tomato,Maharashtra,Pune,2384.8875,2050.56,2717.97,119.5278055168197,4,2021-07-01,2021,7,1688.2025,1231.128,834.4675,1706.5760000000002,919.4625,1251.266,1248.8169166666667,427.2236145618,41.267857380853286,185.79752956226574,-0.4999999999999997,-0.8660254037844388,19,2440.532
Tomato,Maharashtra,Pune,2440.532,2104.12,2936.83,181.60345170177808,5,2021-08-01,2021,8,2384.8875,1688.2025,1231.128,1081.685,1257.036,1768.0726666666667,1361.8688333333332,581.0117714836618,2.3332127825736158,98.23543936942384,-0.8660254037844385,-0.5000000000000004,20,3055.5125
Tomato,Maharashtra,Pune,3055.5125,2325.04,4050.23,569.3624464477789,4,2021-09-01,2021,9,2440.532,2384.8875,1688.2025,950.8425,1860.6725,2171.2073333333333,1588.3433333333332,419.2187130396056,25.198624726084297,80.99206108271962,-1.0,-1.8369701987210297e-16,21,3330.974
Tomato,Maharashtra,Pune,3330.974,2747.12,4296.51,433.7193769362858,5,2021-10-01,2021,10,3055.5125,2440.532,2384.8875,834.4675,1723.8425,2626.9773333333333,1939.1216666666667,372.16376690589203,9.015230669159441,39.67006829462608,-0.8660254037844386,0.5000000000000001,22,2912.9675
Tomato,Maharashtra,Pune,2912.9675,2303.41,3550.44,417.3590893044024,4,2021-11-01,2021,11,3330.974,3055.5125,2440.532,1231.128,2004.088,2942.3395,2355.2060833333335,455.88138236579675,-12.549077236868253,19.357890001032562,-0.5000000000000004,0.8660254037844384,23,2527.5375
Tomato,Maharashtra,Pune,2527.5375,2042.68,3064.57,275.05485627113245,4,2021-12-01,2021,12,2912.9675,3330.974,3055.5125,1688.2025,1826.71,3099.8179999999998,2635.512666666667,212.49609763063853,-13.231524210276985,-17.279425300992877,-2.4492935982947064e-16,1.0,24,1706.4119999999998
Tomato,Maharashtra,Pune,1706.4119999999998,866.63,2319.84,453.0116430843692,5,2022-01-01,2022,1,2527.5375,2912.9675,3330.974,2384.8875,1706.5760000000002,2923.826333333333,2775.4018333333333,401.8283067170397,-32.48717378080445,-48.771380383035115,0.49999999999999994,0.8660254037844387,25,1443.315
Tomato,Maharashtra,Pune,1443.315,988.01,1784.84,271.2361768520809,4,2022-02-01,2022,2,1706.4119999999998,2527.5375,2912.9675,2440.532,1081.685,2382.3056666666666,2662.322583333333,616.2493470220342,-15.418140519405618,-50.45207335818199,0.8660254037844386,0.5000000000000001,26,1043.795
Tomato,Maharashtra,Pune,1043.795,562.15,1599.26,356.04722069785447,4,2022-03-01,2022,3,1443.315,1706.4119999999998,2527.5375,3055.5125,950.8425,1892.4214999999997,2496.1197500000003,565.5389093106237,-27.680721117704728,-58.703085513073496,1.0,6.123233995736766e-17,27,747.285
Tomato,Maharashtra,Pune,747.285,473.81,1080.11,199.3779122671316,4,2022-04-01,2022,4,1043.795,1443.315,1706.4119999999998,3330.974,834.4675,1397.8406666666667,2160.8335,333.640912383858,-28.406918983133668,-56.207234829572215,0.8660254037844387,-0.4999999999999998,28,1437.052
Tomato,Maharashtra,Pune,1437.052,1211.96,1638.48,81.85680619227702,5,2022-05-01,2022,5,747.285,1043.795,1443.315,2912.9675,1231.128,1078.1316666666667,1730.2186666666666,349.28311615841585,92.30307044835638,-0.43393160883106924,0.49999999999999994,-0.8660254037844387,29,1644.2475
Tomato,Maharashtra,Pune,1644.2475,1304.01,2026.38,196.97665299471404,4,2022-06-01,2022,6,1437.052,747.285,1043.795,2527.5375,1688.2025,1076.044,1484.23275,346.01246664390584,14.418093430161194,57.52590307483748,1.2246467991473532e-16,-1.0,30,1944.658
Tomato,Maharashtra,Pune,1944.658,1327.76,2465.68,327.44676868156745,5,2022-07-01,2022,7,1644.2475,1437.052,747.285,1706.4119999999998,2384.8875,1276.1948333333332,1337.01775,469.6186779213358,18.270394207684667,160.22976508293357,-0.4999999999999997,-0.8660254037844388,31,2361.1575000000003
Tomato,Maharashtra,Pune,2361.1575000000003,2013.56,2765.35,164.03205202540963,4,2022-08-01,2022,8,1944.658,1644.2475,1437.052,1443.315,2440.532,1675.319166666667,1376.725416666667,255.22548689557442,21.417622018884575,64.30564099281031,-0.8660254037844385,-0.5000000000000004,32,2783.0225
Tomato,Maharashtra,Pune,2783.0225,2358.86,3315.94,215.56346542259905,4,2022-09-01,2022,9,2361.1575000000003,1944.658,1644.2475,1043.795,3055.5125,1983.3543333333334,1529.6991666666665,360.0181129958365,17.866872497916795,69.25812567755159,-1.0,-1.8369701987210297e-16,33,2783.85
Tomato,Maharashtra,Pune,2783.85,2364.88,3174.37,135.07553312869086,5,2022-10-01,2022,10,2783.0225,2361.1575000000003,1944.658,747.285,3330.974,2362.9460000000004,1819.5704166666667,419.18511157273844,0.029733859499873703,43.15370620438144,-0.8660254037844386,0.5000000000000001,34,2632.7825000000003
Tomato,Maharashtra,Pune,2632.7825000000003,2233.17,3302.79,295.3339188528808,4,2022-11-01,2022,11,2783.85,2783.0225,2361.1575000000003,1437.052,2912.9675,2642.6766666666667,2158.9979166666667,243.8031010663772,-5.426567523393849,11.50389162942328,-0.5000000000000004,0.8660254037844384,35,1808.545
Tomato,Maharashtra,Pune,1808.545,1460.51,2139.16,171.95218220966746,4,2022-12-01,2022,12,2632.7825000000003,2783.85,2783.0225,1644.2475,2527.5375,2733.2183333333337,2358.2863333333335,86.98096718295358,-31.306706877609532,-35.01507803116935,-2.4492935982947064e-16,1.0,36,1269.898
Tomato,Maharashtra,Pune,1269.898,909.91,1600.96,178.80184428579025,5,2023-01-01,2023,1,1808.545,2632.7825000000003,2783.85,1944.658,1706.4119999999998,2408.3925,2385.6692500000004,524.9458208532087,-29.78344470278595,-54.38338990965749,0.49999999999999994,0.8660254037844387,37,855.37
Tomato,Maharashtra,Pune,855.37,567.64,1317.77,280.11501911417275,4,2023-02-01,2023,2,1269.898,1808.545,2632.7825000000003,2361.1575000000003,1443.315,1903.7418333333333,2273.2092500000003,686.4112236062164,-32.642621690875956,-67.51079893610658,0.8660254037844386,0.5000000000000001,38,299.585
Tomato,Maharashtra,Pune,299.585,184.0,615.89,180.94115885189487,4,2023-03-01,2023,3,855.37,1269.898,1808.545,2783.0225,1043.795,1311.271,2022.2446666666667,477.93246280515433,-64.97597530893064,-83.4350264992024,1.0,6.123233995736766e-17,39,295.516
Tomato,Maharashtra,Pune,295.516,184.0,731.78,213.58026893886995,5,2023-04-01,2023,4,299.585,855.37,1269.898,2783.85,747.285,808.2843333333334,1608.3384166666667,486.8671528213153,-1.358212193534376,-76.72915462501712,0.8660254037844387,-0.4999999999999998,40,476.955
Tomato,Maharashtra,Pune,476.955,184.0,738.51,201.8326826028596,4,2023-05-01,2023,5,295.516,299.585,855.37,2632.7825000000003,1437.052,483.49033333333335,1193.6160833333336,322.06366459185415,61.39735242761811,-44.23991956697102,0.49999999999999994,-0.8660254037844387,41,886.075
Tomato,Maharashtra,Pune,886.075,587.86,1457.78,328.3451962493132,4,2023-06-01,2023,6,476.955,295.516,299.585,1808.545,1644.2475,357.35200000000003,834.3115000000001,103.59921523351946,85.77748424903818,195.767478345044,1.2246467991473532e-16,-1.0,42,1518.226
Tomato,Maharashtra,Pune,1518.226,978.29,1853.89,259.43787373858896,5,2023-07-01,2023,7,886.075,476.955,295.516,1269.898,1944.658,552.8486666666666,680.5665,302.50598275130733,71.34283215303445,413.75424680897146,-0.4999999999999997,-0.8660254037844388,43,1656.9275
Tomato,Maharashtra,Pune,1656.9275,1351.84,2149.59,229.15596193786155,4,2023-08-01,2023,8,1518.226,886.075,476.955,855.37,2361.1575000000003,960.4186666666668,721.9545000000002,524.6013338148637,9.135761079048828,247.39702906982842,-0.8660254037844385,-0.5000000000000004,44,1711.9825
Tomato,Maharashtra,Pune,1711.9825,1232.98,2185.7,308.3960563274656,4,2023-09-01,2023,9,1656.9275,1518.226,886.075,299.585,2783.0225,1353.7428333333335,855.5474166666667,410.9068364928766,3.32271629265614,93.20966058177919,-1.0,-1.8369701987210297e-16,45,1933.782
Tomato,Maharashtra,Pune,1933.782,1630.13,2262.64,132.4473983134436,5,2023-10-01,2023,10,1711.9825,1656.9275,1518.226,295.516,2783.85,1629.0453333333335,1090.947,99.84215911419051,12.955710703818518,27.37115554601224,-0.8660254037844386,0.5000000000000001,46,1799.9475
Tomato,Maharashtra,Pune,1799.9475,1411.1,2178.03,203.81812764897376,4,2023-11-01,2023,11,1933.782,1711.9825,1656.9275,476.955,2632.7825000000003,1767.564,1363.9913333333334,146.55743208466052,-6.920868019249323,8.631638982393616,-0.5000000000000004,0.8660254037844384,47,1515.812
Tomato,Maharashtra,Pune,1515.812,1040.71,2253.8,350.6496525308417,5,2023-12-01,2023,12,1799.9475,1933.782,1711.9825,886.075,1808.545,1815.2373333333335,1584.4900833333334,111.68746036410339,-15.785765973729795,-11.458674373131744,-2.4492935982947064e-16,1.0,48,1077.235
Tomato,Maharashtra,Pune,1077.235,621.61,1617.37,349.73758815241274,4,2024-01-01,2024,1,1515.812,1799.9475,1933.782,1518.226,1269.898,1749.8471666666667,1689.44625,213.4414738870665,-28.933469322053135,-44.293875938446014,0.49999999999999994,0.8660254037844387,49,862.865
Tomato,Maharashtra,Pune,862.865,607.91,1272.68,221.34784051352295,4,2024-02-01,2024,2,1077.235,1515.812,1799.9475,1656.9275,855.37,1464.3315,1615.94775,364.09616974674486,-19.900021815109973,-52.06165735389504,0.8660254037844386,0.5000000000000001,50,202.294
Tomato,Maharashtra,Pune,202.294,184.0,228.39,5.129539940384514,5,2024-03-01,2024,3,862.865,1077.235,1515.812,1711.9825,299.585,1151.9706666666664,1483.604,332.82729922038277,-76.55554461010703,-86.65441360802,1.0,6.123233995736766e-17,51,217.64
Tomato,Maharashtra,Pune,217.64,184.0,292.2,35.28,4,2024-04-01,2024,4,202.294,862.865,1077.235,1933.782,295.516,714.1313333333333,1231.9892499999999,456.0391606762897,7.585988709501999,-79.79642325026572,0.8660254037844387,-0.4999999999999998,52,494.02
Tomato,Maharashtra,Pune,494.02,243.8,706.4,176.39196826008452,4,2024-05-01,2024,5,217.64,202.294,862.865,1799.9475,476.955,427.5996666666667,945.9655833333333,377.0289216099147,126.98952398456167,-42.746547837726645,0.49999999999999994,-0.8660254037844387,53,887.11
Tomato,Maharashtra,Pune,887.11,721.8,1285.95,170.92370447073753,5,2024-06-01,2024,6,494.02,217.64,202.294,1515.812,886.075,304.6513333333333,728.311,164.17747672971257,79.5696530504838,338.52511690905317,1.2246467991473532e-16,-1.0,54,1481.83
Tomato,Maharashtra,Pune,1481.83,1159.34,1808.01,211.95346328852463,4,2024-07-01,2024,7,887.11,494.02,217.64,1077.235,1518.226,532.9233333333333,623.5273333333333,336.4262508089032,67.04016412846208,580.862892850579,-0.4999999999999997,-0.8660254037844388,55,1915.99
Tomato,Maharashtra,Pune,1915.99,1641.13,2256.95,127.19833672916754,4,2024-08-01,2024,8,1481.83,887.11,494.02,862.865,1656.9275,954.32,690.9598333333333,497.3228700753678,29.29890743202662,287.8365248370511,-0.8660254037844385,-0.5000000000000004,56,2205.418
Tomato,Maharashtra,Pune,2205.418,1889.11,2585.61,145.16933997921186,5,2024-09-01,2024,9,1915.99,1481.83,887.11,202.294,1711.9825,1428.3100000000002,866.4806666666667,516.5237713794019,15.105924352423559,148.60704985852936,-1.0,-1.8369701987210297e-16,57,2431.065
Tomato,Maharashtra,Pune,2431.065,1777.69,2986.07,407.104325163301,4,2024-10-01,2024,10,2205.418,1915.99,1481.83,217.64,1933.782,1867.746,1200.3346666666669,364.1984501449727,10.231484462355885,64.05829278662196,-0.8660254037844386,0.5000000000000001,58,2457.82
Tomato,Maharashtra,Pune,2457.82,1803.03,3072.37,367.3807864691167,4,2024-11-01,2024,11,2431.065,2205.418,1915.99,494.02,1799.9475,2184.1576666666665,1569.2388333333336,258.1948203127497,1.100546468317388,28.279375153315005,-0.5000000000000004,0.8660254037844384,59,1688.506
Tomato,Maharashtra,Pune,1688.506,1276.34,2316.04,317.8462537611541,5,2024-12-01,2024,12,2457.82,2431.065,2205.418,887.11,1515.812,2364.767666666667,1896.5388333333333,138.64773603031875,-31.300664816788863,-23.438277913756032,-2.4492935982947064e-16,1.0,60,1591.85
Tomato,Maharashtra,Pune,1591.85,1123.52,2194.76,334.5707234651592,4,2025-01-01,2025,1,1688.506,2457.82,2431.065,1481.83,1077.235,2192.463666666667,2030.1048333333335,436.6451131643787,-5.724350402071427,-34.5204673671827,0.49999999999999994,0.8660254037844387,61,823.285
Tomato,Maharashtra,Pune,823.285,468.37,1129.5,226.52732881486943,4,2025-02-01,2025,2,1591.85,1688.506,2457.82,1915.99,862.865,1912.7253333333335,2048.4415,474.53318356605297,-48.281245092188335,-66.50344614333028,0.8660254037844386,0.5000000000000001,62,565.2819999999999
Tomato,Maharashtra,Pune,565.2819999999999,307.18,941.31,219.5746113966731,5,2025-03-01,2025,3,823.285,1591.85,1688.506,2205.418,202.294,1367.8803333333333,1866.3239999999998,474.10299872531243,-31.338236455176528,-66.52176539497047,1.0,6.123233995736766e-17,63,338.9225
Tomato,Maharashtra,Pune,338.9225,184.0,614.04,159.57670472743402,4,2025-04-01,2025,4,565.2819999999999,823.285,1591.85,2431.065,217.64,993.4723333333332,1592.968,534.0255246487135,-40.04364193446809,-78.70889216948832,0.8660254037844387,-0.4999999999999998,64,468.465
Tomato,Maharashtra,Pune,468.465,184.0,865.4,313.5494409180153,4,2025-05-01,2025,5,338.9225,565.2819999999999,823.285,2457.82,494.02,575.8298333333333,1244.2775833333333,242.3534617920361,38.221864880614284,-43.09807660773608,0.49999999999999994,-0.8660254037844387,65,810.516
Tomato,Maharashtra,Pune,810.516,605.52,1136.09,150.87006058194584,5,2025-06-01,2025,6,468.465,338.9225,565.2819999999999,1688.506,887.11,457.55649999999997,912.7184166666666,113.57333463120038,73.01527328615799,43.3825948818466,1.2246467991473532e-16,-1.0,66,1055.91
Tomato,Maharashtra,Pune,1055.91,769.6,1339.59,168.19520762098617,4,2025-07-01,2025,7,810.516,468.465,338.9225,1591.85,1481.83,539.3011666666666,766.38675,243.64611466547933,30.276268451208878,211.54910045806932,-0.4999999999999997,-0.8660254037844388,67,1451.49
Tomato,Maharashtra,Pune,1451.49,964.72,2002.2,316.26707772071387,5,2025-08-01,2025,8,1055.91,810.516,468.465,823.285,1915.99,778.2969999999999,677.0634166666667,295.0448355369069,37.46342017785606,209.83958246613943,-0.8660254037844385,-0.5000000000000004,68,2044.7275
Tomato,Maharashtra,Pune,2044.7275,1672.75,2539.84,228.8991710156824,4,2025-09-01,2025,9,1451.49,1055.91,810.516,565.2819999999999,2205.418,1105.972,781.7642500000001,323.4061997735977,40.870932627851374,152.27478544532124,-1.0,-1.8369701987210297e-16,69,2314.62
Tomato,Maharashtra,Pune,2314.62,1811.43,2868.74,286.12342930979975,4,2025-10-01,2025,10,2044.7275,1451.49,1055.91,338.9225,2431.065,1517.3758333333335,1028.3385,497.6903850307772,13.199436110679782,119.2061823450862,-0.8660254037844386,0.5000000000000001,70,1993.448
Tomato,Maharashtra,Pune,1993.448,1438.6,2581.72,393.8599598461364,5,2025-11-01,2025,11,2314.62,2044.7275,1451.49,468.465,2457.82,1936.9458333333332,1357.6214166666666,441.54389926380253,-13.875798187175425,37.33804573231645,-0.5000000000000004,0.8660254037844384,71,1841.58
Tomato,Maharashtra,Pune,1841.58,1375.52,2150.49,232.49916544653087,4,2025-12-01,2025,12,1993.448,2314.62,2044.7275,810.516,1688.506,2117.5985,1611.78525,172.54130049570645,-7.618357739956104,-9.935186962565918,-2.4492935982947064e-16,1.0,72,998.545
Tomato,Maharashtra,Pune,998.545,337.41,1493.93,452.43241443704426,4,2026-01-01,2026,1,1841.58,1993.448,2314.62,1055.91,1591.85,2049.882666666667,1783.62925,241.51679879737776,-45.77781035849651,-56.859225272398916,0.49999999999999994,0.8660254037844387,73,802.5725000000001
Tomato,Maharashtra,Pune,802.5725000000001,456.83,1307.56,336.3552224831163,4,2026-02-01,2026,2,998.545,1841.58,1993.448,1451.49,823.285,1611.191,1774.0684166666667,535.9732393907369,-19.625805547070975,-59.73948154153006,0.8660254037844386,0.5000000000000001,74,578.33
Tomato,Maharashtra,Pune,578.33,270.15,1031.7,242.51404670657743,5,2026-03-01,2026,3,802.5725000000001,998.545,1841.58,2044.7275,565.2819999999999,1214.2325,1665.9155,552.0642802303463,-27.940466437611562,-68.5959882275003,1.0,6.123233995736766e-17,75,345.46500000000003
Tomato,Maharashtra,Pune,345.46500000000003,184.0,572.89,143.81022622423853,4,2026-04-01,2026,4,578.33,802.5725000000001,998.545,2314.62,338.9225,793.1491666666669,1421.5159166666665,210.26592915777897,-40.26507357391109,-65.40316160012819,0.8660254037844387,-0.4999999999999998,76,265.122
Tomato,Maharashtra,Pune,265.122,184.0,567.66,145.6172188307413,5,2026-05-01,2026,5,345.46500000000003,578.33,802.5725000000001,1993.448,468.465,575.4558333333335,1093.3234166666668,228.567303577271,-23.256480395988017,-66.96597503652319,0.49999999999999994,-0.8660254037844387,77,852.1025
Tomato,Maharashtra,Pune,852.1025,530.73,1234.64,258.5304504792424,4,2026-06-01,2026,6,265.122,345.46500000000003,578.33,1841.58,810.516,396.30566666666687,805.2690833333332,162.67572915568715,221.4001478564585,47.33845728217452,1.2246467991473532e-16,-1.0,78,1090.9425
Tomato,Maharashtra,Pune,1090.9425,735.64,1387.03,205.799324484638,4,2026-07-01,2026,7,852.1025,265.122,345.46500000000003,998.545,1055.91,487.5631666666668,640.3561666666666,318.2458853977289,28.029491757153647,215.78958794668054,-0.4999999999999997,-0.8660254037844388,79,2122.732
Wheat,Uttarakhand,Dehradun,1901.536,1693.18,2112.18,47.19605629711025,5,2021-01-01,2021,1,1753.7275,1849.152,1852.455,1934.9425,1815.725,1818.4448333333332,1866.3363333333334,56.07118134642281,8.428247832117595,2.649511054249638,0.49999999999999994,0.8660254037844387,13,1939.54
Wheat,Uttarakhand,Dehradun,1939.54,1723.43,2191.38,75.82878477201126,4,2021-02-01,2021,2,1901.536,1753.7275,1849.152,1933.846,1871.3275,1834.8051666666668,1860.7685833333335,74.94138968609694,1.9985948201874646,4.888078427300726,0.8660254037844386,0.5000000000000001,14,1993.5975
Wheat,Uttarakhand,Dehradun,1993.5975,1756.65,2250.64,86.3096485046718,4,2021-03-01,2021,3,1939.54,1901.536,1753.7275,1873.895,1844.684,1864.9345,1861.7175833333333,98.16477800489388,2.7871299380265486,13.677723591607027,1.0,6.123233995736766e-17,15,1996.4875
Wheat,Uttarakhand,Dehradun,1996.4875,1807.77,2202.32,36.24052002478267,4,2021-04-01,2021,4,1993.5975,1939.54,1901.536,1852.455,1941.105,1944.8911666666665,1881.668,46.263443279585424,0.1449640662169707,4.9934105901755155,0.8660254037844387,-0.4999999999999998,16,2116.4800000000005
Wheat,Uttarakhand,Dehradun,2116.4800000000005,1896.49,2345.79,46.43767812886434,5,2021-05-01,2021,5,1996.4875,1993.5975,1939.54,1849.152,1869.87,1976.5416666666667,1905.6734166666668,32.07694697260653,6.010180379291156,9.12278169050396,0.49999999999999994,-0.8660254037844387,17,2169.875
Wheat,Uttarakhand,Dehradun,2169.875,1911.44,2427.36,76.0815345533988,4,2021-06-01,2021,6,2116.4800000000005,1996.4875,1993.5975,1753.7275,1920.3625,2035.5216666666668,1950.2280833333334,70.12686237871654,2.522820910190482,8.842181032028778,1.2246467991473532e-16,-1.0,18,2162.7475000000004
Wheat,Uttarakhand,Dehradun,2162.7475000000004,1860.4,2445.28,109.78547942085358,4,2021-07-01,2021,7,2169.875,2116.4800000000005,1996.4875,1901.536,1934.9425,2094.2808333333337,2019.586,88.79982285783801,-0.32847514257731897,8.32762539209489,-0.4999999999999997,-0.8660254037844388,19,2074.752
Wheat,Uttarakhand,Dehradun,2074.752,1847.02,2338.66,61.92388569849272,5,2021-08-01,2021,8,2162.7475000000004,2169.875,2116.4800000000005,1939.54,1933.846,2149.700833333334,2063.12125,28.989966188033762,-4.068690404219653,-1.9715754460236106,-0.8660254037844385,-0.5000000000000004,20,2165.265
Wheat,Uttarakhand,Dehradun,2165.265,1983.87,2345.17,7.073992272166046,4,2021-09-01,2021,9,2074.752,2162.7475000000004,2169.875,1993.5975,1873.895,2135.7915,2085.6565833333334,52.981749067485886,4.362593697945582,-0.21245463448355908,-1.0,-1.8369701987210297e-16,21,2046.256
Wheat,Uttarakhand,Dehradun,2046.256,1830.08,2354.15,78.37148894846901,5,2021-10-01,2021,10,2165.265,2074.752,2162.7475000000004,1996.4875,1852.455,2134.2548333333334,2114.2678333333333,51.546336752318055,-5.496278746481368,-5.386273709714162,-0.8660254037844386,0.5000000000000001,22,1915.1425
Wheat,Uttarakhand,Dehradun,1915.1425,1729.68,2118.24,33.9377080104122,4,2021-11-01,2021,11,2046.256,2165.265,2074.752,2116.4800000000005,1849.152,2095.4243333333334,2122.5625833333334,62.13931560882656,-6.407482739207613,-7.692943542167933,-0.5000000000000004,0.8660254037844384,23,1807.89
Wheat,Uttarakhand,Dehradun,1807.89,1582.03,2004.14,61.57065697229484,4,2021-12-01,2021,12,1915.1425,2046.256,2165.265,2169.875,1753.7275,2042.221166666667,2089.0063333333333,125.11005619686775,-5.6002360137692015,-16.5049081752118,-2.4492935982947064e-16,1.0,24,1777.198
Wheat,Uttarakhand,Dehradun,1777.198,1597.93,1975.86,36.867997233372975,5,2022-01-01,2022,1,1807.89,1915.1425,2046.256,2162.7475000000004,1901.536,1923.096166666667,2028.6755,119.38187927438379,-1.6976696591053664,-13.148794676716891,0.49999999999999994,0.8660254037844387,25,1846.3475
Wheat,Uttarakhand,Dehradun,1846.3475,1554.04,2139.19,121.5055418146295,4,2022-02-01,2022,2,1777.198,1807.89,1915.1425,2074.752,1939.54,1833.4101666666666,1964.4172499999997,72.42672469526451,3.890928303993139,-3.592160896643453,0.8660254037844386,0.5000000000000001,26,1894.49
Wheat,Uttarakhand,Dehradun,1894.49,1713.58,2109.73,40.90728704440492,4,2022-03-01,2022,3,1846.3475,1777.198,1807.89,2165.265,1993.5975,1810.4785,1926.3498333333334,34.64734602751469,2.60744523985869,4.790114442803484,1.0,6.123233995736766e-17,27,1968.53
Wheat,Uttarakhand,Dehradun,1968.53,1783.2,2196.56,44.13317195338061,4,2022-04-01,2022,4,1894.49,1846.3475,1777.198,2046.256,1996.4875,1839.3451666666667,1881.2206666666664,58.95869588180902,3.908175815127024,10.76593604089133,0.8660254037844387,-0.4999999999999998,28,2020.608
Wheat,Uttarakhand,Dehradun,2020.608,1709.25,2272.99,103.96855760276748,5,2022-05-01,2022,5,1968.53,1894.49,1846.3475,1915.1425,2116.4800000000005,1903.1225000000002,1868.2663333333333,61.54698098810596,2.6455273732175772,9.438120397162498,0.49999999999999994,-0.8660254037844387,29,2040.935
Wheat,Uttarakhand,Dehradun,2040.935,1839.86,2309.64,65.61689543605878,4,2022-06-01,2022,6,2020.608,1968.53,1894.49,1807.89,2169.875,1961.2093333333332,1885.8439166666667,63.376901165437125,1.0059843373875585,7.730048720236049,1.2246467991473532e-16,-1.0,30,2064.054
Wheat,Uttarakhand,Dehradun,2064.054,1783.43,2344.71,86.99598513724652,5,2022-07-01,2022,7,2040.935,2020.608,1968.53,1777.198,2162.7475000000004,2010.0243333333335,1924.6847500000001,37.34476544756393,1.1327651297077146,4.852554952172439,-0.4999999999999997,-0.8660254037844388,31,2169.6525
Wheat,Uttarakhand,Dehradun,2169.6525,1954.09,2416.06,48.632212489939775,4,2022-08-01,2022,8,2064.054,2040.935,2020.608,1846.3475,2074.752,2041.8656666666666,1972.4940833333333,21.73794687484419,5.116072544613661,7.376220424743453,-0.8660254037844385,-0.5000000000000004,32,2087.69
Wheat,Uttarakhand,Dehradun,2087.69,1833.49,2345.37,73.24449057779016,4,2022-09-01,2022,9,2169.6525,2064.054,2040.935,1894.49,2165.265,2091.5471666666667,2026.37825,68.62182132225537,-3.777678683567995,2.290861786387127,-1.0,-1.8369701987210297e-16,33,2081.746
Wheat,Uttarakhand,Dehradun,2081.746,1831.38,2326.04,58.617912620631486,5,2022-10-01,2022,10,2087.69,2169.6525,2064.054,1968.53,2046.256,2107.1321666666668,2058.57825,55.4189424663042,-0.2847166006447298,0.8571481172488707,-0.8660254037844386,0.5000000000000001,34,2107.815
Wheat,Uttarakhand,Dehradun,2107.815,1898.54,2385.37,68.1308420125078,4,2022-11-01,2022,11,2081.746,2087.69,2169.6525,2020.608,1915.1425,2113.0295,2077.447583333333,49.126936407130046,1.2522661266071826,-2.8501107896310622,-0.5000000000000004,0.8660254037844384,35,2041.54
Wheat,Uttarakhand,Dehradun,2041.54,1843.0,2284.57,50.14191659679567,4,2022-12-01,2022,12,2107.815,2081.746,2087.69,2040.935,1807.89,2092.417,2091.9820833333333,13.662232138277863,-3.1442512744239934,-2.210577240873889,-2.4492935982947064e-16,1.0,36,2058.834
Wheat,Uttarakhand,Dehradun,2058.834,1869.66,2275.33,28.616661754998685,5,2023-01-01,2023,1,2041.54,2107.815,2081.746,2064.054,1777.198,2077.0336666666667,2092.0829166666667,33.38784914206854,0.8471056163484364,-1.100614580261005,0.49999999999999994,0.8660254037844387,37,2076.1
Wheat,Uttarakhand,Dehradun,2076.1,1868.71,2299.15,40.39704032063077,4,2023-02-01,2023,2,2058.834,2041.54,2107.815,2169.6525,1846.3475,2069.3963333333336,2091.212916666667,34.37682461097193,0.838630020681613,-1.504638689828099,0.8660254037844386,0.5000000000000001,38,2106.2650000000003
Wheat,Uttarakhand,Dehradun,2106.2650000000003,1894.29,2304.0,32.546105245738225,4,2023-03-01,2023,3,2076.1,2058.834,2041.54,2087.69,1894.49,2058.824666666667,2075.6208333333334,17.280001890437312,1.452964693415559,3.170400775884889,1.0,6.123233995736766e-17,39,2118.084
Wheat,Uttarakhand,Dehradun,2118.084,1908.7,2359.69,45.626061960244,5,2023-04-01,2023,4,2106.2650000000003,2076.1,2058.834,2081.746,1968.53,2080.3996666666667,2078.7166666666667,24.006046953497723,0.5611354696583528,2.8778425069723936,0.8660254037844387,-0.4999999999999998,40,2101.68
Wheat,Uttarakhand,Dehradun,2101.68,1860.03,2332.52,58.06146570661124,4,2023-05-01,2023,5,2118.084,2106.2650000000003,2076.1,2107.815,2020.608,2100.1496666666667,2084.773,21.649758435916336,-0.7744735336275614,1.232117913395305,0.49999999999999994,-0.8660254037844387,41,2220.525
Wheat,Uttarakhand,Dehradun,2220.525,1970.61,2481.08,64.45697298715386,4,2023-06-01,2023,6,2101.68,2118.084,2106.2650000000003,2041.54,2040.935,2108.6763333333333,2083.7505,8.463669436688095,5.6547619047619175,5.42476848829562,1.2246467991473532e-16,-1.0,42,2284.28
Wheat,Uttarakhand,Dehradun,2284.28,2048.44,2560.0,57.96759353293872,5,2023-07-01,2023,7,2220.525,2101.68,2118.084,2058.834,2064.054,2146.7630000000004,2113.581333333333,64.40417134782672,2.87116785444884,7.846525444694374,-0.4999999999999997,-0.8660254037844388,43,2327.315
Wheat,Uttarakhand,Dehradun,2327.315,2060.96,2588.36,78.30303421111257,4,2023-08-01,2023,8,2284.28,2220.525,2101.68,2076.1,2169.6525,2202.161666666667,2151.155666666667,92.67469454135559,1.8839634370567466,10.735935061474642,-0.8660254037844385,-0.5000000000000004,44,2306.44
Wheat,Uttarakhand,Dehradun,2306.44,2047.58,2569.45,67.62400707835414,4,2023-09-01,2023,9,2327.315,2284.28,2220.525,2106.2650000000003,2087.69,2277.3733333333334,2193.0248333333334,53.728973174010285,-0.8969563638785467,3.8691300480742146,-1.0,-1.8369701987210297e-16,45,2214.706
Wheat,Uttarakhand,Dehradun,2214.706,1955.26,2523.29,89.1698689580735,5,2023-10-01,2023,10,2306.44,2327.315,2284.28,2118.084,2081.746,2306.011666666667,2226.3873333333336,21.520697208350718,-3.9772983472364305,-3.0457737230111923,-0.8660254037844386,0.5000000000000001,46,2193.1275
Wheat,Uttarakhand,Dehradun,2193.1275,1972.38,2433.66,45.94999555676428,4,2023-11-01,2023,11,2214.706,2306.44,2327.315,2101.68,2107.815,2282.8203333333336,2242.491,59.905034933079875,-0.9743279694912135,-5.765764410919879,-0.5000000000000004,0.8660254037844384,47,2207.434
Wheat,Uttarakhand,Dehradun,2207.434,1949.95,2458.06,79.25474452674744,5,2023-12-01,2023,12,2193.1275,2214.706,2306.44,2220.525,2041.54,2238.0911666666666,2257.73225,60.167102133005784,0.6523332546785421,-4.292589445205592,-2.4492935982947064e-16,1.0,48,2225.79
Wheat,Uttarakhand,Dehradun,2225.79,1957.86,2482.89,84.94959250441802,4,2024-01-01,2024,1,2207.434,2193.1275,2214.706,2284.28,2058.834,2205.089166666667,2255.5504166666665,10.97868835897869,0.8315537406780797,0.5004727489788636,0.49999999999999994,0.8660254037844387,49,2276.1075
Wheat,Uttarakhand,Dehradun,2276.1075,2072.27,2504.37,30.241640580497787,4,2024-02-01,2024,2,2225.79,2207.434,2193.1275,2327.315,2076.1,2208.7838333333334,2245.8020833333335,16.37303466323715,2.2606580135592353,3.783637750199203,0.8660254037844386,0.5000000000000001,50,2348.596
Wheat,Uttarakhand,Dehradun,2348.596,2036.02,2714.16,111.03118134109906,5,2024-03-01,2024,3,2276.1075,2225.79,2207.434,2306.44,2106.2650000000003,2236.4438333333333,2237.2675000000004,35.554753888664614,3.184757310452161,6.394845780213577,1.0,6.123233995736766e-17,51,2437.115
Wheat,Uttarakhand,Dehradun,2437.115,2203.64,2686.91,39.37581533547371,4,2024-04-01,2024,4,2348.596,2276.1075,2225.79,2214.706,2118.084,2283.4978333333333,2244.2935,61.73565565443839,3.769017745069811,9.494381770068147,0.8660254037844387,-0.4999999999999998,52,2574.7725
Wheat,Uttarakhand,Dehradun,2574.7725,2340.83,2845.08,41.55426682865034,4,2024-05-01,2024,5,2437.115,2348.596,2276.1075,2193.1275,2101.68,2353.9395,2281.3616666666667,80.63664494663591,5.648379333761446,13.121744030104024,0.49999999999999994,-0.8660254037844387,53,2642.284
Wheat,Uttarakhand,Dehradun,2642.284,2344.32,2982.71,82.76228597616192,5,2024-06-01,2024,6,2574.7725,2437.115,2348.596,2207.434,2220.525,2453.4945000000002,2344.9691666666663,113.97441951266754,2.6220374809813323,12.504832674500003,1.2246467991473532e-16,-1.0,54,2624.71
Wheat,Uttarakhand,Dehradun,2624.71,2376.9,2891.77,39.13495709294519,4,2024-07-01,2024,7,2642.284,2574.7725,2437.115,2225.79,2284.28,2551.3905,2417.4441666666667,104.56394255788747,-0.6651064003718021,7.697420925971908,-0.4999999999999997,-0.8660254037844388,55,2630.405
Wheat,Uttarakhand,Dehradun,2630.405,2347.14,3033.29,119.82112070359982,4,2024-08-01,2024,8,2624.71,2642.284,2574.7725,2276.1075,2327.315,2613.9221666666667,2483.9308333333333,35.02475794466303,0.21697635167314344,2.1606763315982347,-0.8660254037844385,-0.5000000000000004,56,2561.102
Wheat,Uttarakhand,Dehradun,2561.102,2257.28,2856.03,73.12393226570897,5,2024-09-01,2024,9,2630.405,2624.71,2642.284,2348.596,2306.44,2632.4663333333338,2542.9804166666668,8.966503796472638,-2.6346893349123173,-3.0724176507900074,-1.0,-1.8369701987210297e-16,57,2527.1625
Wheat,Uttarakhand,Dehradun,2527.1625,2270.71,2792.4,53.659952400898455,4,2024-10-01,2024,10,2561.102,2630.405,2624.71,2437.115,2214.706,2605.405666666667,2578.3980833333335,38.473619745642104,-1.325191265322504,-3.7165058235005057,-0.8660254037844386,0.5000000000000001,58,2487.7225
Wheat,Uttarakhand,Dehradun,2487.7225,2159.32,2771.18,96.59350405177346,4,2024-11-01,2024,11,2527.1625,2561.102,2630.405,2574.7725,2193.1275,2572.889833333333,2593.406,52.62098642730273,-1.5606436072076906,-5.424354804678379,-0.5000000000000004,0.8660254037844384,59,2475.342
Wheat,Uttarakhand,Dehradun,2475.342,2213.41,2839.5,88.54765423205738,5,2024-12-01,2024,12,2487.7225,2527.1625,2561.102,2642.284,2207.434,2525.329,2578.8976666666663,36.72409354564371,-0.49766402804170307,-3.34855855018659,-2.4492935982947064e-16,1.0,60,2549.675
Wheat,Uttarakhand,Dehradun,2549.675,2277.8,2823.63,66.90975489418564,4,2025-01-01,2025,1,2475.342,2487.7225,2527.1625,2624.71,2225.79,2496.7423333333336,2551.074,27.062134063717703,3.0029385838401352,0.8908212273646935,0.49999999999999994,0.8660254037844387,61,2675.84
Wheat,Uttarakhand,Dehradun,2675.84,2346.55,2961.68,85.41882033057274,4,2025-02-01,2025,2,2549.675,2475.342,2487.7225,2630.405,2276.1075,2504.2464999999997,2538.5681666666665,39.82625584020256,4.948277721670407,7.561836177467556,0.8660254037844386,0.5000000000000001,62,2643.456
Wheat,Uttarakhand,Dehradun,2643.456,2374.14,2916.63,49.40600854147191,5,2025-03-01,2025,3,2675.84,2549.675,2475.342,2561.102,2348.596,2566.952333333333,2546.1406666666667,101.35946766993352,-1.210236785458025,6.79154638025776,1.0,6.123233995736766e-17,63,2679.98
Wheat,Uttarakhand,Dehradun,2679.98,2427.79,2960.91,44.89805637961024,4,2025-04-01,2025,4,2643.456,2675.84,2549.675,2527.1625,2437.115,2622.9903333333336,2559.8663333333334,65.52506726690203,1.3816761088514387,5.110651357525953,0.8660254037844387,-0.4999999999999998,64,2725.9275
Wheat,Uttarakhand,Dehradun,2725.9275,2465.36,2988.74,47.14680291387752,4,2025-05-01,2025,5,2679.98,2643.456,2675.84,2487.7225,2574.7725,2666.4253333333336,2585.335916666667,19.999440125459515,1.7144717497891686,1.871842113130816,0.49999999999999994,-0.8660254037844387,65,2828.754
Wheat,Uttarakhand,Dehradun,2828.754,2497.71,3178.16,86.94239978284452,5,2025-06-01,2025,6,2725.9275,2679.98,2643.456,2475.342,2642.284,2683.121166666667,2625.03675,41.32538292722461,3.7721656206924115,7.009687318419515,1.2246467991473532e-16,-1.0,66,2811.495
Wheat,Uttarakhand,Dehradun,2811.495,2544.58,3082.15,37.07427634717453,4,2025-07-01,2025,7,2828.754,2725.9275,2679.98,2549.675,2624.71,2744.887166666667,2683.93875,76.17760490512585,-0.6101272857236796,4.9073127411398545,-0.4999999999999997,-0.8660254037844388,67,2817.574
Wheat,Uttarakhand,Dehradun,2817.574,2509.51,3098.87,53.06278196627082,5,2025-08-01,2025,8,2811.495,2828.754,2725.9275,2675.84,2630.405,2788.7255000000005,2727.575416666667,55.06505128707251,0.21621948465141066,3.362029987958238,-0.8660254037844385,-0.5000000000000004,68,2682.8
Wheat,Uttarakhand,Dehradun,2682.8,2415.49,2949.64,44.27016226158045,4,2025-09-01,2025,9,2817.574,2811.495,2828.754,2643.456,2561.102,2819.2743333333333,2751.19775,8.754234422901387,-4.7833348831299505,-5.159656866592137,-1.0,-1.8369701987210297e-16,69,2641.19
Wheat,Uttarakhand,Dehradun,2641.19,2373.09,2917.42,60.71457375842053,4,2025-10-01,2025,10,2682.8,2817.574,2811.495,2679.98,2527.1625,2770.623,2757.7550833333335,76.11765929794453,-1.5509915014164353,-6.0574534189105735,-0.8660254037844386,0.5000000000000001,70,2645.394
Wheat,Uttarakhand,Dehradun,2645.394,2340.07,2919.53,60.054875155976944,5,2025-11-01,2025,11,2641.19,2682.8,2817.574,2725.9275,2487.7225,2713.854666666667,2751.2900833333333,92.20153526558835,0.15917067685398337,-6.110930893030681,-0.5000000000000004,0.8660254037844384,71,2581.7125
Wheat,Uttarakhand,Dehradun,2581.7125,2317.08,2878.28,70.64986170073756,4,2025-12-01,2025,12,2645.394,2641.19,2682.8,2828.754,2475.342,2656.461333333333,2737.8678333333332,22.906602221449965,-2.4072595613356533,-3.76798494110631,-2.4492935982947064e-16,1.0,72,2636.925
Wheat,Uttarakhand,Dehradun,2636.925,2326.25,2927.23,82.9675496805828,4,2026-01-01,2026,1,2581.7125,2645.394,2641.19,2811.495,2549.675,2622.7655,2696.69425,35.61502507016549,2.138599863462724,-0.16148024186067161,0.49999999999999994,0.8660254037844387,73,2750.4575
Wheat,Uttarakhand,Dehradun,2750.4575,2484.63,3032.86,45.684977381337646,4,2026-02-01,2026,2,2636.925,2581.7125,2645.394,2817.574,2675.84,2621.3438333333334,2667.5992499999998,34.58197401221996,4.305488400314752,3.9715634041658907,0.8660254037844386,0.5000000000000001,74,2773.34
Wheat,Uttarakhand,Dehradun,2773.34,2476.22,3101.55,68.85830269473682,5,2026-03-01,2026,3,2750.4575,2636.925,2581.7125,2682.8,2643.456,2656.3650000000002,2656.4131666666667,86.03577137591296,0.8319525024473261,7.422495727157847,1.0,6.123233995736766e-17,75,2695.15
Wheat,Uttarakhand,Dehradun,2695.15,2392.26,2970.59,67.27659176860841,4,2026-04-01,2026,4,2773.34,2750.4575,2636.925,2641.19,2679.98,2720.2408333333337,2671.503166666667,73.05510430203621,-2.8193441842687896,2.2080643173393217,0.8660254037844387,-0.4999999999999998,76,2785.552
Wheat,Uttarakhand,Dehradun,2785.552,2510.52,3037.77,34.90212199852611,5,2026-05-01,2026,5,2695.15,2773.34,2750.4575,2645.394,2725.9275,2739.6491666666666,2680.4964999999997,40.19992633178948,3.354247444483611,1.2759513644548282,0.49999999999999994,-0.8660254037844387,77,2910.405
Wheat,Uttarakhand,Dehradun,2910.405,2640.92,3185.23,42.067460504923964,4,2026-06-01,2026,6,2785.552,2695.15,2773.34,2581.7125,2828.754,2751.3473333333336,2703.8561666666665,49.04985669022131,4.4821636788686785,4.942235715779531,1.2246467991473532e-16,-1.0,78,2855.5175
Wheat,Uttarakhand,Dehradun,2855.5175,2549.48,3198.57,82.24136079248679,4,2026-07-01,2026,7,2910.405,2785.552,2695.15,2636.925,2811.495,2797.0356666666667,2758.63825,108.08600606152046,-1.8859059134381733,5.95022540489397,-0.4999999999999997,-0.8660254037844388,79,2805.74
Wheat,Uttar Pradesh,Lucknow,2223.106,1950.52,2470.86,72.44302885716478,5,2021-01-01,2021,1,2166.59,2062.774,2074.74,2302.0425,1916.58,2101.368,2187.789,56.799896584410845,2.6085230708163554,7.1510647117229365,0.49999999999999994,0.8660254037844387,13,2167.225
Wheat,Uttar Pradesh,Lucknow,2167.225,1933.28,2412.01,54.086861929061335,4,2021-02-01,2021,2,2223.106,2166.59,2062.774,2265.62,1955.8275,2150.8233333333333,2174.632916666667,81.3205287079051,-2.513645323254955,5.063618215083186,0.8660254037844386,0.5000000000000001,14,2275.9075000000003
Wheat,Uttar Pradesh,Lucknow,2275.9075000000003,2022.81,2510.75,54.33063124671626,4,2021-03-01,2021,3,2167.225,2223.106,2166.59,2254.9675,1957.926,2185.6403333333333,2158.23375,32.44777250187239,5.014823103277249,5.045601613595563,1.0,6.123233995736766e-17,15,2320.2725
Wheat,Uttar Pradesh,Lucknow,2320.2725,2089.6,2580.43,49.55974332392496,4,2021-04-01,2021,4,2275.9075000000003,2167.225,2223.106,2074.74,2041.245,2222.0795,2161.72375,54.34852093893648,1.9493322993135604,4.370754251034355,0.8660254037844387,-0.4999999999999998,16,2378.85
Wheat,Uttar Pradesh,Lucknow,2378.85,2115.79,2675.11,68.78045398221778,5,2021-05-01,2021,5,2320.2725,2275.9075000000003,2167.225,2062.774,2130.596,2254.4683333333337,2202.6458333333335,78.74396938549272,2.524595710202137,9.76479138068267,0.49999999999999994,-0.8660254037844387,17,2381.3175
Wheat,Uttar Pradesh,Lucknow,2381.3175,2132.27,2629.23,52.68183834744814,4,2021-06-01,2021,6,2378.85,2320.2725,2275.9075000000003,2166.59,2182.535,2325.0099999999998,2255.325166666667,51.63450887003944,0.1037265905794901,4.631559059408163,1.2246467991473532e-16,-1.0,18,2393.4575
Wheat,Uttar Pradesh,Lucknow,2393.4575,2148.4,2693.09,72.15368106802788,4,2021-07-01,2021,7,2381.3175,2378.85,2320.2725,2223.106,2302.0425,2360.1466666666665,2291.1130833333336,34.55407377696021,0.5098018218906077,3.1541553847662267,-0.4999999999999997,-0.8660254037844388,19,2318.766
Wheat,Uttar Pradesh,Lucknow,2318.766,2078.23,2547.37,43.66016754434187,5,2021-08-01,2021,8,2393.4575,2381.3175,2378.85,2167.225,2265.62,2384.5416666666665,2319.505,7.819283987914752,-3.120652863065248,-2.525758244529913,-0.8660254037844385,-0.5000000000000004,20,2308.045
Wheat,Uttar Pradesh,Lucknow,2308.045,2065.66,2610.3,80.649304398736,4,2021-09-01,2021,9,2318.766,2393.4575,2381.3175,2275.9075000000003,2254.9675,2364.5136666666667,2344.7618333333335,40.080938787453654,-0.4623579955890333,-3.0769731461680365,-1.0,-1.8369701987210297e-16,21,2197.814
Wheat,Uttar Pradesh,Lucknow,2197.814,1954.02,2557.59,100.19723264641596,5,2021-10-01,2021,10,2308.045,2318.766,2393.4575,2320.2725,2074.74,2340.0895,2350.1180833333333,46.52786829686273,-4.77594674280615,-8.17409542471509,-0.8660254037844386,0.5000000000000001,22,2127.835
Wheat,Uttar Pradesh,Lucknow,2127.835,1897.67,2417.68,77.67096518862986,4,2021-11-01,2021,11,2197.814,2308.045,2318.766,2378.85,2062.774,2274.875,2329.7083333333335,66.951723286261,-3.1840274017728447,-8.234164206306287,-0.5000000000000004,0.8660254037844384,23,2072.96
Wheat,Uttar Pradesh,Lucknow,2072.96,1835.69,2334.1,68.85531690920207,4,2021-12-01,2021,12,2127.835,2197.814,2308.045,2381.3175,2166.59,2211.231333333333,2287.8725,90.85114006072344,-2.5789123686752027,-10.185459988865036,-2.4492935982947064e-16,1.0,24,2108.914
Wheat,Uttar Pradesh,Lucknow,2108.914,1906.33,2332.35,36.2625665114867,5,2022-01-01,2022,1,2072.96,2127.835,2197.814,2393.4575,2223.106,2132.869666666667,2236.4795833333333,62.57907981372785,1.7344280642173595,-4.044928278735127,0.49999999999999994,0.8660254037844387,25,2127.95
Wheat,Uttar Pradesh,Lucknow,2127.95,1904.06,2352.25,46.11156037264416,4,2022-02-01,2022,2,2108.914,2072.96,2127.835,2318.766,2167.225,2103.2363333333333,2189.0556666666666,27.87460009278757,0.9026446787303608,0.0054045543944799155,0.8660254037844386,0.5000000000000001,26,2176.98
Wheat,Uttar Pradesh,Lucknow,2176.98,1982.71,2386.14,23.726911584387217,4,2022-03-01,2022,3,2127.95,2108.914,2072.96,2308.045,2275.9075000000003,2103.2746666666667,2157.253,27.925375294395327,2.3040954909654925,5.017945353504167,1.0,6.123233995736766e-17,27,2297.29
Wheat,Uttar Pradesh,Lucknow,2297.29,2088.58,2525.26,31.86503517441457,4,2022-04-01,2022,4,2176.98,2127.95,2108.914,2197.814,2320.2725,2137.948,2135.4088333333334,35.11716235688143,5.526463265624853,8.93236993068469,0.8660254037844387,-0.4999999999999998,28,2376.4260000000004
Wheat,Uttar Pradesh,Lucknow,2376.4260000000004,2137.42,2606.51,39.67176552663115,5,2022-05-01,2022,5,2297.29,2176.98,2127.95,2127.835,2378.85,2200.74,2151.9881666666665,87.13444841163387,3.4447544715730456,11.676778119786677,0.49999999999999994,-0.8660254037844387,29,2395.965
Wheat,Uttar Pradesh,Lucknow,2395.965,2150.41,2612.86,39.13970320105475,4,2022-06-01,2022,6,2376.4260000000004,2297.29,2176.98,2072.96,2381.3175,2283.5653333333335,2193.42,100.42883841473603,0.8222010700101647,10.059118595485494,1.2246467991473532e-16,-1.0,30,2464.866
Wheat,Uttar Pradesh,Lucknow,2464.866,2227.59,2760.85,58.2529624139408,5,2022-07-01,2022,7,2395.965,2376.4260000000004,2297.29,2108.914,2393.4575,2356.5603333333333,2247.254166666667,52.251052050013925,2.8757097870795207,7.294507876672079,-0.4999999999999997,-0.8660254037844388,31,2447.1725
Wheat,Uttar Pradesh,Lucknow,2447.1725,2156.91,2702.89,70.33124785612738,4,2022-08-01,2022,8,2464.866,2395.965,2376.4260000000004,2127.95,2318.766,2412.419,2306.5795000000003,46.459218536260444,-0.7178280685440854,2.9770125389976263,-0.8660254037844385,-0.5000000000000004,32,2398.86
Wheat,Uttar Pradesh,Lucknow,2398.86,2084.43,2701.65,107.71244527289625,4,2022-09-01,2022,9,2447.1725,2464.866,2395.965,2176.98,2308.045,2436.001166666667,2359.7832500000004,35.78317993951069,-1.974217183300319,0.1208281423142651,-1.0,-1.8369701987210297e-16,33,2331.3900000000003
Wheat,Uttar Pradesh,Lucknow,2331.3900000000003,2006.7,2606.3,93.58435098882734,5,2022-10-01,2022,10,2398.86,2447.1725,2464.866,2297.29,2197.814,2436.966166666667,2396.76325,34.166137315819114,-2.812585978339703,-5.415142243026585,-0.8660254037844386,0.5000000000000001,34,2218.6375
Wheat,Uttar Pradesh,Lucknow,2218.6375,2004.82,2464.12,48.80555116992325,4,2022-11-01,2022,11,2331.3900000000003,2398.86,2447.1725,2376.4260000000004,2127.835,2392.474166666667,2402.446583333334,58.15480184028938,-4.836277928617712,-9.338736848342334,-0.5000000000000004,0.8660254037844384,35,2198.245
Wheat,Uttar Pradesh,Lucknow,2198.245,1936.02,2458.16,74.07530515180723,4,2022-12-01,2022,12,2218.6375,2331.3900000000003,2398.86,2395.965,2072.96,2316.2958333333336,2376.1485,91.05444951831447,-0.9191451960944466,-8.36293072542792,-2.4492935982947064e-16,1.0,36,2243.48
Wheat,Uttar Pradesh,Lucknow,2243.48,1887.6,2502.97,110.61640452482634,5,2023-01-01,2023,1,2198.245,2218.6375,2331.3900000000003,2464.866,2108.914,2249.424166666666,2343.195166666667,71.71305243526604,2.057777909195751,-3.7707118929051036,0.49999999999999994,0.8660254037844387,37,2234.2275
Wheat,Uttar Pradesh,Lucknow,2234.2275,1990.87,2481.35,55.53616862009866,4,2023-02-01,2023,2,2243.48,2198.245,2218.6375,2447.1725,2127.95,2220.1208333333334,2306.2975,22.653951412129864,-0.4124173159555714,0.7026835163473143,0.8660254037844386,0.5000000000000001,38,2285.6125
Wheat,Uttar Pradesh,Lucknow,2285.6125,2074.42,2503.04,26.45600546189858,4,2023-03-01,2023,3,2234.2275,2243.48,2198.245,2398.86,2176.98,2225.3175,2270.806666666667,23.897539230008995,2.2999000773197995,3.9744205036290445,1.0,6.123233995736766e-17,39,2326.6220000000003
Wheat,Uttar Pradesh,Lucknow,2326.6220000000003,2080.08,2562.17,43.05099034865521,5,2023-04-01,2023,4,2285.6125,2234.2275,2243.48,2331.3900000000003,2297.29,2254.44,2251.9320833333336,27.389701645872158,1.7942455249960398,3.7059389876442084,0.8660254037844387,-0.4999999999999998,40,2422.4925000000003
Wheat,Uttar Pradesh,Lucknow,2422.4925000000003,2199.73,2657.66,31.073153873829405,4,2023-05-01,2023,5,2326.6220000000003,2285.6125,2234.2275,2218.6375,2376.4260000000004,2282.154,2251.1374166666665,46.29424180446184,4.120587701826939,8.426402414257291,0.49999999999999994,-0.8660254037844387,41,2561.635
Wheat,Uttar Pradesh,Lucknow,2561.635,2280.0,2892.59,84.75184737416238,4,2023-06-01,2023,6,2422.4925000000003,2326.6220000000003,2285.6125,2198.245,2395.965,2344.909,2285.1132500000003,70.2484475041989,5.74377423253116,12.076522157627332,1.2246467991473532e-16,-1.0,42,2538.302
Wheat,Uttar Pradesh,Lucknow,2538.302,2244.62,2930.34,104.96988339519108,5,2023-07-01,2023,7,2561.635,2422.4925000000003,2326.6220000000003,2243.48,2464.866,2436.9165000000003,2345.6782500000004,118.16859301121609,-0.9108635695561655,9.098168933329084,-0.4999999999999997,-0.8660254037844388,43,2518.985
Wheat,Uttar Pradesh,Lucknow,2518.985,2184.86,2818.04,100.72769513230551,4,2023-08-01,2023,8,2538.302,2561.635,2422.4925000000003,2234.2275,2447.1725,2507.4765,2394.81525,74.51722897592626,-0.7610205562616271,3.9831908664319835,-0.8660254037844385,-0.5000000000000004,44,2519.3925
Wheat,Uttar Pradesh,Lucknow,2519.3925,2212.66,2774.13,76.71379031829923,4,2023-09-01,2023,9,2518.985,2538.302,2561.635,2285.6125,2398.86,2539.6406666666667,2442.2748333333334,21.356489560179416,0.016177150717443727,-1.649044457934104,-1.0,-1.8369701987210297e-16,45,2410.592
Wheat,Uttar Pradesh,Lucknow,2410.592,2148.14,2655.78,48.12555786689642,5,2023-10-01,2023,10,2519.3925,2518.985,2538.302,2326.6220000000003,2331.3900000000003,2525.5598333333332,2481.2381666666665,11.036920883291051,-4.31852123081258,-5.031316210600631,-0.8660254037844386,0.5000000000000001,46,2451.3925
Wheat,Uttar Pradesh,Lucknow,2451.3925,2202.3,2802.4,95.8778943500535,4,2023-11-01,2023,11,2410.592,2519.3925,2518.985,2422.4925000000003,2218.6375,2482.9898333333335,2495.233166666667,62.69869390652383,1.69255104140393,-2.6833228463051664,-0.5000000000000004,0.8660254037844384,47,2273.6940000000004
Wheat,Uttar Pradesh,Lucknow,2273.6940000000004,2003.81,2599.43,92.77519108037453,5,2023-12-01,2023,12,2451.3925,2410.592,2519.3925,2561.635,2198.245,2460.4590000000003,2500.0498333333335,54.963972443325126,-7.248879973321267,-9.752291475028187,-2.4492935982947064e-16,1.0,48,2423.7675
Wheat,Uttar Pradesh,Lucknow,2423.7675,2190.39,2701.51,56.533169835651954,4,2024-01-01,2024,1,2273.6940000000004,2451.3925,2410.592,2538.302,2243.48,2378.5595,2452.059666666667,93.07926738941632,6.60042644260835,0.5465669843756151,0.49999999999999994,0.8660254037844387,49,2363.0475
Wheat,Uttar Pradesh,Lucknow,2363.0475,2084.01,2616.4,68.33376148239849,4,2024-02-01,2024,2,2423.7675,2273.6940000000004,2451.3925,2518.985,2234.2275,2382.951333333333,2432.9705833333333,95.62248073326582,-2.505190782531732,-3.6038700452905768,0.8660254037844386,0.5000000000000001,50,2538.206
Wheat,Uttar Pradesh,Lucknow,2538.206,2228.0,2797.59,75.87764347948625,5,2024-03-01,2024,3,2363.0475,2423.7675,2273.6940000000004,2519.3925,2285.6125,2353.503,2406.981,75.49064154417051,7.412398608153242,11.633579540606593,1.0,6.123233995736766e-17,51,2629.6475
Wheat,Uttar Pradesh,Lucknow,2629.6475,2343.95,2923.03,67.05728912653727,4,2024-04-01,2024,4,2538.206,2363.0475,2423.7675,2410.592,2326.6220000000003,2441.673666666667,2410.116583333333,88.94154335339559,3.602603571183738,8.494214069625082,0.8660254037844387,-0.4999999999999998,52,2729.785
Wheat,Uttar Pradesh,Lucknow,2729.785,2439.27,3038.0,71.71572328762116,4,2024-05-01,2024,5,2629.6475,2538.206,2363.0475,2451.3925,2422.4925000000003,2510.3003333333336,2446.6258333333335,135.4730034880899,3.8080198962028113,15.519683798146236,0.49999999999999994,-0.8660254037844387,53,2784.358
Wheat,Uttar Pradesh,Lucknow,2784.358,2485.79,3046.7,48.08790253275768,5,2024-06-01,2024,6,2729.785,2629.6475,2538.206,2273.6940000000004,2561.635,2632.5461666666665,2493.0245833333333,95.82238784117258,1.999168432678776,9.697873222268012,1.2246467991473532e-16,-1.0,54,2707.6875
Wheat,Uttar Pradesh,Lucknow,2707.6875,2445.48,2994.07,48.01294365411626,4,2024-07-01,2024,7,2784.358,2729.785,2629.6475,2423.7675,2538.302,2714.5968333333335,2578.13525,78.46556574437093,-2.7536150164598148,2.967698142051357,-0.4999999999999997,-0.8660254037844388,55,2660.92
Wheat,Uttar Pradesh,Lucknow,2660.92,2403.97,2962.27,59.28287161285838,4,2024-08-01,2024,8,2707.6875,2784.358,2729.785,2363.0475,2518.985,2740.610166666667,2625.45525,39.46491565408727,-1.7272118736006252,-2.5227261487626236,-0.8660254037844385,-0.5000000000000004,56,2598.052
Wheat,Uttar Pradesh,Lucknow,2598.052,2353.08,2878.84,43.14490839021447,5,2024-09-01,2024,9,2660.92,2707.6875,2784.358,2538.206,2519.3925,2717.655166666667,2675.1006666666667,62.319746028720296,-2.3626414924161545,-6.6911654320313705,-1.0,-1.8369701987210297e-16,57,2455.735
Wheat,Uttar Pradesh,Lucknow,2455.735,2166.08,2774.17,104.46781338447408,4,2024-10-01,2024,10,2598.052,2660.92,2707.6875,2629.6475,2410.592,2655.5531666666666,2685.0750000000003,55.014433470536936,-5.477834931710373,-9.305080442259303,-0.8660254037844386,0.5000000000000001,58,2424.0625
Wheat,Uttar Pradesh,Lucknow,2424.0625,2152.56,2727.5,86.59931076515562,4,2024-11-01,2024,11,2455.735,2598.052,2660.92,2729.785,2451.3925,2571.569,2656.0895833333334,105.12484493686907,-1.2897360667987436,-8.901338634757906,-0.5000000000000004,0.8660254037844384,59,2340.912
Wheat,Uttar Pradesh,Lucknow,2340.912,2063.85,2711.16,106.54678606133557,5,2024-12-01,2024,12,2424.0625,2455.735,2598.052,2784.358,2273.6940000000004,2492.6165,2605.1358333333333,92.67292112181838,-3.4302127110996596,-9.897415448189657,-2.4492935982947064e-16,1.0,60,2457.52
Wheat,Uttar Pradesh,Lucknow,2457.52,2185.65,2746.64,73.74833331450071,4,2025-01-01,2025,1,2340.912,2424.0625,2455.735,2707.6875,2423.7675,2406.903166666667,2531.2281666666668,59.30356121333817,4.981306430997842,0.07268699595029,0.49999999999999994,0.8660254037844387,61,2498.495
Wheat,Uttar Pradesh,Lucknow,2498.495,2267.92,2776.96,50.06415916934319,4,2025-02-01,2025,2,2457.52,2340.912,2424.0625,2660.92,2363.0475,2407.4981666666667,2489.5335833333334,60.04281197682322,1.667331293336368,3.070568518757247,0.8660254037844386,0.5000000000000001,62,2463.26
Wheat,Uttar Pradesh,Lucknow,2463.26,2214.52,2765.24,69.24631145411284,5,2025-03-01,2025,3,2498.495,2457.52,2340.912,2598.052,2538.206,2432.3089999999997,2462.46275,81.76060397893833,-1.4102489698798546,5.226510009773986,1.0,6.123233995736766e-17,63,2584.0225
Wheat,Uttar Pradesh,Lucknow,2584.0225,2203.8,2958.37,141.88996943054153,4,2025-04-01,2025,4,2463.26,2498.495,2457.52,2455.735,2629.6475,2473.0916666666667,2439.9974166666666,22.186345087329272,4.902547843102222,5.147567466388882,0.8660254037844387,-0.4999999999999998,64,2781.9975
Wheat,Uttar Pradesh,Lucknow,2781.9975,2507.32,3029.6,38.00551922637906,4,2025-05-01,2025,5,2584.0225,2463.26,2498.495,2424.0625,2729.785,2515.2591666666667,2461.378666666667,62.102120049029,7.661504495413639,11.34693085237313,0.49999999999999994,-0.8660254037844387,65,2892.712
Wheat,Uttar Pradesh,Lucknow,2892.712,2610.45,3204.95,57.31267721891893,5,2025-06-01,2025,6,2781.9975,2584.0225,2463.26,2340.912,2784.358,2609.76,2521.0345,160.91989515361539,3.979676473469155,17.43429439036073,1.2246467991473532e-16,-1.0,66,2956.4025
Wheat,Uttar Pradesh,Lucknow,2956.4025,2650.12,3252.53,55.20474398394887,4,2025-07-01,2025,7,2892.712,2781.9975,2584.0225,2457.52,2707.6875,2752.9106666666667,2613.0011666666664,156.38681132878148,2.201757382000011,14.410865230469167,-0.4999999999999997,-0.8660254037844388,67,2848.188
Wheat,Uttar Pradesh,Lucknow,2848.188,2533.11,3157.73,65.89422030800587,5,2025-08-01,2025,8,2956.4025,2892.712,2781.9975,2498.495,2660.92,2877.0373333333337,2696.14825,88.25274719567616,-3.660343948430569,2.3792436909091457,-0.8660254037844385,-0.5000000000000004,68,2819.625
Wheat,Uttar Pradesh,Lucknow,2819.625,2558.98,3072.95,27.033596998303143,4,2025-09-01,2025,9,2848.188,2956.4025,2892.712,2463.26,2598.052,2899.100833333334,2754.4304166666666,54.38940518229566,-1.0028481265983882,-2.526590963773787,-1.0,-1.8369701987210297e-16,69,2712.965
Wheat,Uttar Pradesh,Lucknow,2712.965,2459.07,3006.45,48.61917214432992,4,2025-10-01,2025,10,2819.625,2848.188,2956.4025,2584.0225,2455.735,2874.7385,2813.8245833333335,72.15066121838798,-3.7827725318083023,-8.234247535645094,-0.8660254037844386,0.5000000000000001,70,2644.266
Wheat,Uttar Pradesh,Lucknow,2644.266,2392.47,2914.69,41.0320037287968,5,2025-11-01,2025,11,2712.965,2819.625,2848.188,2781.9975,2424.0625,2793.592666666667,2835.315,71.27114925644116,-2.532247928004971,-7.159709962965928,-0.5000000000000004,0.8660254037844384,71,2555.5325000000003
Wheat,Uttar Pradesh,Lucknow,2555.5325000000003,2283.25,2797.08,50.13670802582328,4,2025-12-01,2025,12,2644.266,2712.965,2819.625,2892.712,2340.912,2725.6186666666667,2812.35975,88.36164994121555,-3.3556949263046842,-9.366227778516638,-2.4492935982947064e-16,1.0,72,2652.835
Wheat,Uttar Pradesh,Lucknow,2652.835,2394.7,2928.87,45.02633636736012,4,2026-01-01,2026,1,2555.5325000000003,2644.266,2712.965,2956.4025,2457.52,2637.5878333333335,2756.1631666666667,78.92842609975126,3.807523480918352,-2.2163942402500627,0.49999999999999994,0.8660254037844387,73,2538.4175
Wheat,Uttar Pradesh,Lucknow,2538.4175,2310.95,2771.22,30.13695005028439,4,2026-02-01,2026,2,2652.835,2555.5325000000003,2644.266,2848.188,2498.495,2617.5445,2705.568583333333,53.87460485470456,-4.313027383911929,-4.002944484405126,0.8660254037844386,0.5000000000000001,74,2632.556
Wheat,Uttar Pradesh,Lucknow,2632.556,2357.16,2924.02,64.01036580117314,5,2026-03-01,2026,3,2538.4175,2652.835,2555.5325000000003,2819.625,2463.26,2582.2616666666668,2653.9401666666668,61.714482413643665,3.7085507013720167,3.013990234911893,1.0,6.123233995736766e-17,75,2742.51
Wheat,Uttar Pradesh,Lucknow,2742.51,2445.08,3072.68,81.44100318635569,4,2026-04-01,2026,4,2632.556,2538.4175,2652.835,2712.965,2584.0225,2607.936166666667,2622.762,61.05279044879032,4.176701274350866,3.3803459318050377,0.8660254037844387,-0.4999999999999998,76,2829.634
Wheat,Uttar Pradesh,Lucknow,2829.634,2574.91,3114.12,33.5391544317981,5,2026-05-01,2026,5,2742.51,2632.556,2538.4175,2644.266,2781.9975,2637.8278333333333,2627.686166666667,102.1483299378108,3.1767978968171415,11.472364179651299,0.49999999999999994,-0.8660254037844387,77,2754.8
Wheat,Uttar Pradesh,Lucknow,2754.8,2452.71,3042.3,63.66828462167534,4,2026-06-01,2026,6,2829.634,2742.51,2632.556,2555.5325000000003,2892.712,2734.9,2658.5808333333334,98.75914436648522,-2.6446529833893653,4.643547943519535,1.2246467991473532e-16,-1.0,78,2867.91
Wheat,Uttar Pradesh,Lucknow,2867.91,2582.93,3161.9,59.01989777467709,4,2026-07-01,2026,7,2754.8,2829.634,2742.51,2652.835,2956.4025,2775.6479999999997,2691.7920833333333,47.155351467252885,4.105924205023946,4.572453701171541,-0.4999999999999997,-0.8660254037844388,79,2788.954
Wheat,Punjab,Ludhiana,1951.146,1773.46,2131.04,20.2592122255531,5,2021-01-01,2021,1,1895.1775,1913.168,1942.1875,2186.6125,1908.3975,1916.8443333333332,2044.6725833333333,23.719645762169513,2.9532062300233064,0.46125824617859795,0.49999999999999994,0.8660254037844387,13,2033.16
Wheat,Punjab,Ludhiana,2033.16,1822.39,2245.95,42.01837613870078,4,2021-02-01,2021,2,1951.146,1895.1775,1913.168,2204.78,1976.23,1919.8305,2005.4281666666666,28.5728879840572,4.203375862185614,6.2719008471812305,0.8660254037844386,0.5000000000000001,14,1988.38
Wheat,Punjab,Ludhiana,1988.38,1747.28,2208.37,62.52076295119875,4,2021-03-01,2021,3,2033.16,1951.146,1895.1775,2126.11,2050.514,1959.8278333333335,1976.8248333333333,69.3997352234352,-2.2024828346022924,4.917877085391742,1.0,6.123233995736766e-17,15,2035.725
Wheat,Punjab,Ludhiana,2035.725,1809.74,2277.99,65.3007179644043,4,2021-04-01,2021,4,1988.38,2033.16,1951.146,1942.1875,2101.83,1990.8953333333332,1953.8698333333334,41.06481736636585,2.381084098612931,4.334837064986421,0.8660254037844387,-0.4999999999999998,16,2161.358
Wheat,Punjab,Ludhiana,2161.358,1922.39,2433.28,69.71990870619383,5,2021-05-01,2021,5,2035.725,1988.38,2033.16,1913.168,2148.398,2019.0883333333334,1969.4594166666666,26.625102973191137,6.171413132913349,6.305357177988948,0.49999999999999994,-0.8660254037844387,17,2154.715
Wheat,Punjab,Ludhiana,2154.715,1916.45,2425.64,68.05254513976679,4,2021-06-01,2021,6,2161.358,2035.725,1988.38,1895.1775,2156.89,2061.821,2010.8244166666666,89.39294174038463,-0.30735306228769266,8.365352699182251,1.2246467991473532e-16,-1.0,18,2141.1975
Wheat,Punjab,Ludhiana,2141.1975,1947.53,2347.09,23.436668385246257,4,2021-07-01,2021,7,2154.715,2161.358,2035.725,1951.146,2186.6125,2117.266,2054.0806666666667,70.69464882860578,-0.6273451477341517,5.181077994326361,-0.4999999999999997,-0.8660254037844388,19,2058.484
Wheat,Punjab,Ludhiana,2058.484,1860.58,2323.3,52.61178936322168,5,2021-08-01,2021,8,2141.1975,2154.715,2161.358,2033.16,2204.78,2152.4235000000003,2085.7559166666665,10.273736868828456,-3.8629551921296508,-4.759692748725581,-0.8660254037844385,-0.5000000000000004,20,2103.4725
Wheat,Punjab,Ludhiana,2103.4725,1881.36,2320.67,51.02749610095852,4,2021-09-01,2021,9,2058.484,2141.1975,2154.715,1988.38,2126.11,2118.1321666666668,2089.9765833333336,52.097106844653254,2.185516137118381,-2.3781567399865082,-1.0,-1.8369701987210297e-16,21,1993.698
Wheat,Punjab,Ludhiana,1993.698,1763.06,2262.81,69.58412872200094,5,2021-10-01,2021,10,2103.4725,2058.484,2141.1975,2035.725,1942.1875,2101.0513333333333,2109.1586666666667,41.40986967599863,-5.218727603997665,-6.888645255750584,-0.8660254037844386,0.5000000000000001,22,2059.15
Wheat,Punjab,Ludhiana,2059.15,1812.68,2374.45,103.13622706563078,4,2021-11-01,2021,11,1993.698,2103.4725,2058.484,2161.358,1913.168,2051.8848333333335,2102.1541666666667,55.18398284903953,3.2829445583032135,0.032353907050050784,-0.5000000000000004,0.8660254037844384,23,2003.4225
Wheat,Punjab,Ludhiana,2003.4225,1792.41,2238.99,51.774158531710206,4,2021-12-01,2021,12,2059.15,1993.698,2103.4725,2154.715,1895.1775,2052.1068333333333,2085.1195000000002,55.22512888244888,-2.706335138285224,-4.756420633024675,-2.4492935982947064e-16,1.0,24,2075.47
Wheat,Punjab,Ludhiana,2075.47,1815.39,2348.07,80.07452559959371,5,2022-01-01,2022,1,2003.4225,2059.15,1993.698,2141.1975,1951.146,2018.7568333333331,2059.9040833333333,35.31780585035051,3.5962209668704377,4.101523901814603,0.49999999999999994,0.8660254037844387,25,2077.205
Wheat,Punjab,Ludhiana,2077.205,1855.02,2302.35,48.87130412283564,4,2022-02-01,2022,2,2075.47,2003.4225,2059.15,2058.484,2033.16,2046.0141666666666,2048.9495,37.77728354557921,0.08359552294179763,0.8768181045576978,0.8660254037844386,0.5000000000000001,26,2119.985
Wheat,Punjab,Ludhiana,2119.985,1912.58,2337.22,35.315692923496016,4,2022-03-01,2022,3,2077.205,2075.47,2003.4225,2103.4725,1988.38,2052.0325,2052.0696666666668,42.1064321838097,2.059498219963855,5.818168658882499,1.0,6.123233995736766e-17,27,2190.9975
Wheat,Punjab,Ludhiana,2190.9975,1943.03,2430.9,67.9263264500592,4,2022-04-01,2022,4,2119.985,2077.205,2075.47,1993.698,2035.725,2090.8866666666668,2054.82175,25.214823186632913,3.349669926909851,5.566329554269643,0.8660254037844387,-0.4999999999999998,28,2263.706
Wheat,Punjab,Ludhiana,2263.706,1990.92,2520.1,75.74077719432252,5,2022-05-01,2022,5,2190.9975,2119.985,2077.205,2059.15,2161.358,2129.3958333333335,2087.705,57.477004985326055,3.3185113173337797,8.978459035097654,0.49999999999999994,-0.8660254037844387,29,2293.7925
Wheat,Punjab,Ludhiana,2293.7925,1970.94,2556.2,103.34136066938548,4,2022-06-01,2022,6,2263.706,2190.9975,2119.985,2003.4225,2154.715,2191.5628333333334,2121.797666666667,71.86216780464713,1.3290816033530806,8.1985249895636,1.2246467991473532e-16,-1.0,30,2265.678
Wheat,Punjab,Ludhiana,2265.678,2006.12,2560.48,73.3925436948467,5,2022-07-01,2022,7,2293.7925,2263.706,2190.9975,2075.47,2141.1975,2249.4986666666664,2170.1926666666664,52.84968539720309,-1.2256775623775968,3.408515984157898,-0.4999999999999997,-0.8660254037844388,31,2180.6525
Wheat,Punjab,Ludhiana,2180.6525,1984.95,2402.26,30.39824926428056,4,2022-08-01,2022,8,2265.678,2293.7925,2263.706,2077.205,2058.484,2274.3921666666665,2201.894,16.83008900996526,-3.7527618664258444,-3.668917253388911,-0.8660254037844385,-0.5000000000000004,32,2110.7925
Wheat,Punjab,Ludhiana,2110.7925,1861.0,2435.04,100.10286688368797,4,2022-09-01,2022,9,2180.6525,2265.678,2293.7925,2119.985,2103.4725,2246.7076666666667,2219.13525,58.907300566935994,-3.203628271813144,-7.9780538126269045,-1.0,-1.8369701987210297e-16,33,2026.36
Wheat,Punjab,Ludhiana,2026.36,1802.27,2295.91,63.43585657969793,5,2022-10-01,2022,10,2110.7925,2180.6525,2265.678,2190.9975,1993.698,2185.7076666666667,2217.6031666666663,77.5663945280644,-4.0000379004568245,-10.562754283706687,-0.8660254037844386,0.5000000000000001,34,1956.2175
Wheat,Punjab,Ludhiana,1956.2175,1726.77,2236.05,92.15995239256584,4,2022-11-01,2022,11,2026.36,2110.7925,2180.6525,2263.706,2059.15,2105.935,2190.1635833333335,77.2608592286548,-3.461502398389227,-10.292102937079619,-0.5000000000000004,0.8660254037844384,35,1936.685
Wheat,Punjab,Ludhiana,1936.685,1695.6,2190.8,75.9923384296075,4,2022-12-01,2022,12,1956.2175,2026.36,2110.7925,2293.7925,2003.4225,2031.1233333333337,2138.9155,77.39751071309298,-0.9984830418907933,-8.24844223200528,-2.4492935982947064e-16,1.0,36,1995.896
Wheat,Punjab,Ludhiana,1995.896,1804.9,2179.78,21.98993019543269,5,2023-01-01,2023,1,1936.685,1956.2175,2026.36,2265.678,2075.47,1973.0874999999999,2079.3975833333334,47.157704367897615,3.0573376671993646,-1.5033853806826005,0.49999999999999994,0.8660254037844387,37,2026.8
Wheat,Punjab,Ludhiana,2026.8,1781.07,2273.56,69.53660474886597,4,2023-02-01,2023,2,1995.896,1936.685,1956.2175,2180.6525,2077.205,1962.9328333333333,2034.4339166666668,30.171301042271505,1.548377270158365,3.6081110612700265,0.8660254037844386,0.5000000000000001,38,2143.4675
Wheat,Punjab,Ludhiana,2143.4675,1919.43,2400.52,59.192003612537405,4,2023-03-01,2023,3,2026.8,1995.896,1936.685,2110.7925,2119.985,1986.4603333333332,2008.7918333333334,45.79249021764777,5.756241365699637,10.677136447073234,1.0,6.123233995736766e-17,39,2142.332
Wheat,Punjab,Ludhiana,2142.332,1921.19,2433.76,68.13092521021564,5,2023-04-01,2023,4,2143.4675,2026.8,1995.896,2026.36,2190.9975,2055.3878333333337,2014.2376666666669,77.82856200703792,-0.0529749109795376,7.336855226925648,0.8660254037844387,-0.4999999999999998,40,2253.195
Wheat,Punjab,Ludhiana,2253.195,1985.45,2500.8,67.46544127675064,4,2023-05-01,2023,5,2142.332,2143.4675,2026.8,1956.2175,2263.706,2104.1998333333336,2033.5663333333334,67.03262631050119,5.174874855998056,11.170071047957382,0.49999999999999994,-0.8660254037844387,41,2327.0525
Wheat,Punjab,Ludhiana,2327.0525,2046.86,2686.58,112.42098035953973,4,2023-06-01,2023,6,2253.195,2142.332,2143.4675,1936.685,2293.7925,2179.6648333333337,2083.0625833333334,63.6815232040129,3.277900936226098,8.564860442250678,1.2246467991473532e-16,-1.0,42,2376.072
Wheat,Punjab,Ludhiana,2376.072,2104.86,2628.13,56.91191632689933,5,2023-07-01,2023,7,2327.0525,2253.195,2142.332,1995.896,2265.678,2240.8598333333334,2148.1238333333336,92.97598094445239,2.1065059769816252,10.910540476452775,-0.4999999999999997,-0.8660254037844388,43,2272.3225
Wheat,Punjab,Ludhiana,2272.3225,1999.76,2553.38,79.79671896972546,4,2023-08-01,2023,8,2376.072,2327.0525,2253.195,2026.8,2180.6525,2318.7731666666664,2211.4865,61.85547512211945,-4.366429131777147,0.8489056650667187,-0.8660254037844385,-0.5000000000000004,44,2256.1325
Wheat,Punjab,Ludhiana,2256.1325,2011.62,2517.14,59.54512987362319,4,2023-09-01,2023,9,2272.3225,2376.072,2327.0525,2143.4675,2110.7925,2325.149,2252.406916666667,51.90093613558229,-0.7124868939158088,-3.0476321440964322,-1.0,-1.8369701987210297e-16,45,2149.594
Wheat,Punjab,Ludhiana,2149.594,1907.4,2451.0,90.12304605371472,5,2023-10-01,2023,10,2256.1325,2272.3225,2376.072,2142.332,2026.36,2301.5090000000005,2271.1844166666665,65.07887331346316,-4.722173897144787,-9.53161352012902,-0.8660254037844386,0.5000000000000001,46,2076.0375
Wheat,Punjab,Ludhiana,2076.0375,1802.0,2301.7,80.39821199297072,4,2023-11-01,2023,11,2149.594,2256.1325,2272.3225,2253.195,1956.2175,2226.0163333333335,2272.39475,66.67689854127224,-3.4218787361706506,-8.638078441770492,-0.5000000000000004,0.8660254037844384,47,2100.234
Wheat,Punjab,Ludhiana,2100.234,1830.36,2425.91,97.82959306876428,5,2023-12-01,2023,12,2076.0375,2149.594,2256.1325,2327.0525,1936.685,2160.588,2242.8685,90.5494521421848,1.1655136287278056,-6.9099886642296156,-2.4492935982947064e-16,1.0,48,2148.15
Wheat,Punjab,Ludhiana,2148.15,1947.66,2359.04,28.011703506451173,4,2024-01-01,2024,1,2100.234,2076.0375,2149.594,2376.072,1995.896,2108.621833333333,2205.065416666667,37.48875143403893,2.2814600658783815,-0.06717547592708019,0.49999999999999994,0.8660254037844387,49,2206.7975
Wheat,Punjab,Ludhiana,2206.7975,1951.7,2488.11,76.73750728946051,4,2024-02-01,2024,2,2148.15,2100.234,2076.0375,2272.3225,2026.8,2108.1405,2167.0784166666667,36.70065014069669,2.7301398878104433,6.2985374782488375,0.8660254037844386,0.5000000000000001,50,2294.444
Wheat,Punjab,Ludhiana,2294.444,1969.35,2628.63,110.3580691657842,5,2024-03-01,2024,3,2206.7975,2148.15,2100.234,2256.1325,2143.4675,2151.7271666666666,2156.157583333333,53.37173384932398,3.9716602905341256,9.247064850869,1.0,6.123233995736766e-17,51,2344.1525
Wheat,Punjab,Ludhiana,2344.1525,2115.46,2586.4,47.777936592113385,4,2024-04-01,2024,4,2294.444,2206.7975,2148.15,2149.594,2142.332,2216.4638333333332,2162.5428333333334,73.62446678301256,2.1664725746193927,9.124246444615135,0.8660254037844387,-0.4999999999999998,52,2335.88
Wheat,Punjab,Ludhiana,2335.88,2121.31,2556.67,30.295824794845867,4,2024-05-01,2024,5,2344.1525,2294.444,2206.7975,2076.0375,2253.195,2281.7980000000002,2194.96925,69.54523702777546,-0.35289939541049636,5.849313314882765,0.49999999999999994,-0.8660254037844387,53,2426.65
Wheat,Punjab,Ludhiana,2426.65,2106.83,2788.79,122.49437334016596,5,2024-06-01,2024,6,2335.88,2344.1525,2294.444,2100.234,2327.0525,2324.8255000000004,2238.2763333333337,26.634286563552095,3.885901673031148,5.76200595874208,1.2246467991473532e-16,-1.0,54,2510.0875
Wheat,Punjab,Ludhiana,2510.0875,2275.14,2779.18,47.289620689956976,4,2024-07-01,2024,7,2426.65,2335.88,2344.1525,2148.15,2376.072,2368.894166666667,2292.679,50.18875149954125,3.43838213174541,7.078677688418305,-0.4999999999999997,-0.8660254037844388,55,2429.655
Wheat,Punjab,Ludhiana,2429.655,2156.82,2678.07,58.87860986810077,4,2024-08-01,2024,8,2510.0875,2426.65,2335.88,2206.7975,2272.3225,2424.2058333333334,2353.0019166666666,87.12946532076671,-3.204370365574901,4.014546980153093,-0.8660254037844385,-0.5000000000000004,56,2401.296
Wheat,Punjab,Ludhiana,2401.296,2135.56,2649.52,53.63633964021027,5,2024-09-01,2024,9,2429.655,2510.0875,2426.65,2294.444,2256.1325,2455.4641666666666,2390.1448333333333,47.32904937332553,-1.1672027510078746,-1.0448148682339962,-1.0,-1.8369701987210297e-16,57,2284.975
Wheat,Punjab,Ludhiana,2284.975,1982.48,2594.53,105.3251038451898,4,2024-10-01,2024,10,2401.296,2429.655,2510.0875,2344.1525,2149.594,2447.0128333333337,2407.9535,56.43463831356321,-4.84409252337071,-8.968312857619512,-0.8660254037844386,0.5000000000000001,58,2310.5
Wheat,Punjab,Ludhiana,2310.5,2074.45,2542.93,41.80246005520098,4,2024-11-01,2024,11,2284.975,2401.296,2429.655,2335.88,2076.0375,2371.9753333333333,2398.090583333333,76.66714889920343,1.1170800555804807,-4.90419421687442,-0.5000000000000004,0.8660254037844384,59,2256.266
Wheat,Punjab,Ludhiana,2256.266,1996.83,2497.26,61.12539267767543,5,2024-12-01,2024,12,2310.5,2284.975,2401.296,2426.65,2100.234,2332.257,2393.860583333333,61.13647885672867,-2.3472841376325437,-6.039655252830128,-2.4492935982947064e-16,1.0,60,2390.935
Wheat,Punjab,Ludhiana,2390.935,2156.98,2622.65,41.54943280800187,4,2025-01-01,2025,1,2256.266,2310.5,2284.975,2510.0875,2148.15,2283.913666666667,2365.4632500000002,27.132572866068486,5.968666814994325,4.637249860501758,0.49999999999999994,0.8660254037844387,61,2321.205
Wheat,Punjab,Ludhiana,2321.205,2077.77,2573.12,52.14949823983617,4,2025-02-01,2025,2,2390.935,2256.266,2310.5,2429.655,2206.7975,2319.2336666666665,2345.6045,67.75797067749687,-2.9164322744031113,0.4633196277861903,0.8660254037844386,0.5000000000000001,62,2457.184
Wheat,Punjab,Ludhiana,2457.184,2228.87,2687.83,25.41602899746561,5,2025-03-01,2025,3,2321.205,2390.935,2256.266,2401.296,2294.444,2322.802,2327.5295,67.34870226663016,5.858121105201835,8.904889760338547,1.0,6.123233995736766e-17,63,2389.225
Wheat,Punjab,Ludhiana,2389.225,2161.83,2677.15,60.21887439443987,4,2025-04-01,2025,4,2457.184,2321.205,2390.935,2284.975,2344.1525,2389.7746666666667,2336.8441666666663,67.99692559471042,-2.765726945967428,-0.07152013751942383,0.8660254037844387,-0.4999999999999998,64,2525.13
Wheat,Punjab,Ludhiana,2525.13,2254.45,2790.79,62.01181177808004,4,2025-05-01,2025,5,2389.225,2457.184,2321.205,2310.5,2335.88,2389.2046666666665,2354.2191666666668,67.9895022803711,5.688246188617656,8.785307631165718,0.49999999999999994,-0.8660254037844387,65,2535.45
Wheat,Punjab,Ludhiana,2535.45,2244.37,2843.76,78.40590188244764,5,2025-06-01,2025,6,2525.13,2389.225,2457.184,2256.266,2426.65,2457.179666666667,2389.9908333333333,67.95250010362106,0.40869182972756685,3.1851908526182657,1.2246467991473532e-16,-1.0,66,2606.92
Wheat,Punjab,Ludhiana,2606.92,2317.92,2890.33,66.21400305071431,4,2025-07-01,2025,7,2535.45,2525.13,2389.225,2390.935,2510.0875,2483.2683333333334,2436.5215,81.60721174217771,2.8188290047131774,9.111531982128103,-0.4999999999999997,-0.8660254037844388,67,2651.146
Wheat,Punjab,Ludhiana,2651.146,2333.33,2940.69,84.64353980074326,5,2025-08-01,2025,8,2606.92,2535.45,2525.13,2321.205,2429.655,2555.8333333333335,2472.519,44.54224100034364,1.6964847406134484,4.990475737882805,-0.8660254037844385,-0.5000000000000004,68,2691.4725
Wheat,Punjab,Ludhiana,2691.4725,2426.16,2950.33,39.56593768634834,4,2025-09-01,2025,9,2651.146,2606.92,2535.45,2457.184,2401.296,2597.838666666667,2527.5091666666667,58.380168425011796,1.5210969143155324,6.153641365438089,-1.0,-1.8369701987210297e-16,69,2533.705
Wheat,Punjab,Ludhiana,2533.705,2222.69,2849.61,114.68513664231604,4,2025-10-01,2025,10,2691.4725,2651.146,2606.92,2389.225,2284.975,2649.8461666666667,2566.55725,42.291234187272565,-5.861754114151266,-2.8084866432418387,-0.8660254037844386,0.5000000000000001,70,2550.42
Wheat,Punjab,Ludhiana,2550.42,2286.7,2857.01,69.47691990870064,5,2025-11-01,2025,11,2533.705,2691.4725,2651.146,2525.13,2310.5,2625.441166666667,2590.63725,81.96462564169234,0.6597058457871041,-3.799338097562341,-0.5000000000000004,0.8660254037844384,71,2517.4375
Wheat,Punjab,Ludhiana,2517.4375,2258.79,2832.64,77.14646605645669,4,2025-12-01,2025,12,2550.42,2533.705,2691.4725,2535.45,2256.266,2591.8658333333333,2594.85225,86.66581701906922,-1.2932183718760075,-6.466163039005594,-2.4492935982947064e-16,1.0,72,2687.36
Wheat,Punjab,Ludhiana,2687.36,2434.28,2927.34,28.527650913923225,4,2026-01-01,2026,1,2517.4375,2550.42,2533.705,2606.92,2390.935,2533.8541666666665,2591.8501666666666,16.491755958141624,6.749820005461908,6.064439230297142,0.49999999999999994,0.8660254037844387,73,2648.0125
Wheat,Punjab,Ludhiana,2648.0125,2357.07,3006.96,95.53583145431186,4,2026-02-01,2026,2,2687.36,2517.4375,2550.42,2651.146,2321.205,2585.0725,2605.2568333333334,90.10555376196011,-1.464169296261026,3.826526611303226,0.8660254037844386,0.5000000000000001,74,2700.412
Wheat,Punjab,Ludhiana,2700.412,2452.24,2966.97,32.28996856610418,5,2026-03-01,2026,3,2648.0125,2687.36,2517.4375,2691.4725,2457.184,2617.603333333333,2604.7345833333334,88.94915437812065,1.978823740446844,7.268283721045698,1.0,6.123233995736766e-17,75,2819.54
Wheat,Punjab,Ludhiana,2819.54,2548.04,3100.08,46.54901789153741,4,2026-04-01,2026,4,2700.412,2648.0125,2687.36,2533.705,2389.225,2678.594833333333,2606.2245,27.27724344728859,4.411474989742312,4.918581805191706,0.8660254037844387,-0.4999999999999998,76,2834.512
Wheat,Punjab,Ludhiana,2834.512,2548.98,3119.54,42.42760740367047,5,2026-05-01,2026,5,2819.54,2700.412,2648.0125,2550.42,2525.13,2722.654833333333,2653.8636666666666,87.90038987446307,0.5310086042404153,7.042999230555005,0.49999999999999994,-0.8660254037844387,77,2847.4275
Wheat,Punjab,Ludhiana,2847.4275,2571.19,3117.04,40.87602832549499,4,2026-06-01,2026,6,2834.512,2819.54,2700.412,2517.4375,2535.45,2784.8213333333333,2701.2123333333334,73.48293585134267,0.45565162539441034,5.444187775791249,1.2246467991473532e-16,-1.0,78,2860.485
Wheat,Punjab,Ludhiana,2860.485,2607.12,3135.63,32.00301496213538,4,2026-07-01,2026,7,2847.4275,2834.512,2819.54,2687.36,2606.92,2833.8264999999997,2756.2106666666664,13.95638193620087,0.45857181613931686,1.4521872362158426,-0.4999999999999997,-0.8660254037844388,79,2863.748
Wheat,Maharashtra,Nashik,2068.79,1820.88,2326.86,79.7992738062196,5,2021-01-01,2021,1,1909.8925,1985.338,2060.6075,2124.1825,1953.0075,1985.2793333333332,2059.4948333333336,75.35751712724672,8.319709093574641,0.39709163438451484,0.49999999999999994,0.8660254037844387,13,2164.2
Wheat,Maharashtra,Nashik,2164.2,1946.36,2404.79,52.06078178437205,4,2021-02-01,2021,2,2068.79,1909.8925,1985.338,2180.5060000000003,1885.26,1988.0068333333331,2050.2627500000003,79.48236206909854,4.6118745740263565,9.009146049690273,0.8660254037844386,0.5000000000000001,14,2149.9
Wheat,Maharashtra,Nashik,2149.9,1942.5,2365.19,39.29038644079063,4,2021-03-01,2021,3,2164.2,2068.79,1909.8925,2096.4425,1911.688,2047.6274999999998,2047.5450833333332,128.4677574092034,-0.6607522410128328,12.566544975698903,1.0,6.123233995736766e-17,15,2273.1125
Wheat,Maharashtra,Nashik,2273.1125,2025.11,2516.56,53.74055351098129,4,2021-04-01,2021,4,2149.9,2164.2,2068.79,2060.6075,2042.22,2127.6299999999997,2056.4546666666665,51.45611431112873,5.731080515372812,9.876425350083876,0.8660254037844387,-0.4999999999999998,16,2371.486
Wheat,Maharashtra,Nashik,2371.486,2102.91,2710.21,89.1881989390971,5,2021-05-01,2021,5,2273.1125,2149.9,2164.2,1985.338,2041.12,2195.7374999999997,2091.8721666666665,67.3890975510871,4.327700454772902,9.577950281859351,0.49999999999999994,-0.8660254037844387,17,2359.82
Wheat,Maharashtra,Nashik,2359.82,2087.86,2600.08,65.0968135420877,4,2021-06-01,2021,6,2371.486,2273.1125,2149.9,1909.8925,2146.685,2264.8328333333334,2156.2301666666667,111.02478781372749,-0.49192784608467915,9.764175077910602,1.2246467991473532e-16,-1.0,18,2479.0975
Wheat,Maharashtra,Nashik,2479.0975,2191.87,2764.18,84.10570070849336,4,2021-07-01,2021,7,2359.82,2371.486,2273.1125,2068.79,2124.1825,2334.8061666666667,2231.218083333333,53.74574652084777,5.054516869930744,9.06180402421788,-0.4999999999999997,-0.8660254037844388,19,2398.892
Wheat,Maharashtra,Nashik,2398.892,2141.39,2693.12,68.41126749300892,5,2021-08-01,2021,8,2479.0975,2359.82,2371.486,2164.2,2180.5060000000003,2403.4678333333336,2299.6026666666667,65.75643503934185,-3.235270093249662,1.1556467126518963,-0.8660254037844385,-0.5000000000000004,20,2395.1275
Wheat,Maharashtra,Nashik,2395.1275,2138.73,2684.27,72.10395152139716,4,2021-09-01,2021,9,2398.892,2479.0975,2359.82,2149.9,2096.4425,2412.6031666666663,2338.7180000000003,60.8093542975353,-0.15692661445366324,1.4961946250137674,-1.0,-1.8369701987210297e-16,21,2395.028
Wheat,Maharashtra,Nashik,2395.028,2172.61,2620.46,27.123771308577208,5,2021-10-01,2021,10,2395.1275,2398.892,2479.0975,2273.1125,2060.6075,2424.3723333333332,2379.58925,47.430747043275225,-0.004154267361560582,-3.3911332652305957,-0.8660254037844386,0.5000000000000001,22,2330.7175
Wheat,Maharashtra,Nashik,2330.7175,2086.75,2607.52,62.41430091199714,4,2021-11-01,2021,11,2395.028,2395.1275,2398.892,2371.486,1985.338,2396.3491666666664,2399.9085,2.2027201554452143,-2.6851669375055156,-2.8419161846385594,-0.5000000000000004,0.8660254037844384,23,2337.37
Wheat,Maharashtra,Nashik,2337.37,2091.25,2600.1,61.30746229728756,4,2021-12-01,2021,12,2330.7175,2395.028,2395.1275,2359.82,1909.8925,2373.624333333333,2393.11375,37.15844096680072,0.2854271270542093,-2.411458262660345,-2.4492935982947064e-16,1.0,24,2328.858
Wheat,Maharashtra,Nashik,2328.858,2103.39,2542.25,29.264465995469667,5,2022-01-01,2022,1,2337.37,2330.7175,2395.028,2479.0975,2068.79,2354.371833333333,2389.372083333333,35.36604098684544,-0.36416998592433875,-2.762806948394742,0.49999999999999994,0.8660254037844387,25,2415.9275
Wheat,Maharashtra,Nashik,2415.9275,2115.91,2736.21,95.38608891412514,4,2022-02-01,2022,2,2328.858,2337.37,2330.7175,2398.892,2164.2,2332.3151666666668,2364.3321666666666,4.4752586610459675,3.738720866622164,3.655955730370565,0.8660254037844386,0.5000000000000001,26,2391.05
Wheat,Maharashtra,Nashik,2391.05,2107.24,2668.51,75.0288642234884,4,2022-03-01,2022,3,2415.9275,2328.858,2337.37,2395.1275,2149.9,2360.7184999999995,2367.1714166666666,48.00144577770432,-1.0297287480687896,2.296598313489105,1.0,6.123233995736766e-17,27,2482.6425
Wheat,Maharashtra,Nashik,2482.6425,2255.97,2739.05,38.456665113692125,4,2022-04-01,2022,4,2391.05,2415.9275,2328.858,2395.028,2273.1125,2378.611833333334,2366.491833333333,44.84758020320821,3.8306392589029814,6.603429663809461,0.8660254037844387,-0.4999999999999998,28,2601.612
Wheat,Maharashtra,Nashik,2601.612,2371.44,2848.64,24.2359726439853,5,2022-05-01,2022,5,2482.6425,2391.05,2415.9275,2330.7175,2371.486,2429.8733333333334,2381.0942499999996,47.362022914811746,4.792051211561881,7.685847360899708,0.49999999999999994,-0.8660254037844387,29,2689.515
Wheat,Maharashtra,Nashik,2689.515,2431.78,2941.46,36.798200590065214,4,2022-06-01,2022,6,2601.612,2482.6425,2391.05,2337.37,2359.82,2491.7681666666667,2426.2433333333333,105.57721015959403,3.3787897657298545,12.482591330168741,1.2246467991473532e-16,-1.0,30,2603.3540000000003
Wheat,Maharashtra,Nashik,2603.3540000000003,2318.47,2974.42,91.99374071098538,5,2022-07-01,2022,7,2689.515,2601.612,2482.6425,2328.858,2479.0975,2591.2565,2484.9341666666664,103.82429917533584,-3.2035887511316954,4.862218382227821,-0.4999999999999997,-0.8660254037844388,31,2573.9925000000003
Wheat,Maharashtra,Nashik,2573.9925000000003,2259.3,2845.32,82.82218035244752,4,2022-08-01,2022,8,2603.3540000000003,2689.515,2601.612,2415.9275,2398.892,2631.4936666666667,2530.6834999999996,50.255497035975154,-1.1278335562508968,-1.0616302507829678,-0.8660254037844385,-0.5000000000000004,32,2509.0975
Wheat,Maharashtra,Nashik,2509.0975,2226.93,2822.56,89.86483790485933,4,2022-09-01,2022,9,2573.9925000000003,2603.3540000000003,2689.515,2391.05,2395.1275,2622.287166666667,2557.027666666667,60.043405979199036,-2.5211806172706575,-6.7081797275717,-1.0,-1.8369701987210297e-16,33,2497.452
Wheat,Maharashtra,Nashik,2497.452,2235.99,2774.11,61.06243583415249,5,2022-10-01,2022,10,2509.0975,2573.9925000000003,2603.3540000000003,2482.6425,2395.028,2562.148,2576.7022500000003,48.23163985652712,-0.46413102719203336,-4.067906247095094,-0.8660254037844386,0.5000000000000001,34,2455.67
Wheat,Maharashtra,Nashik,2455.67,2199.79,2707.82,48.91041675008186,4,2022-11-01,2022,11,2497.452,2509.0975,2573.9925000000003,2601.612,2330.7175,2526.8473333333336,2579.1705,41.242023138821835,-1.6729851064204697,-4.596847115910408,-0.5000000000000004,0.8660254037844384,35,2489.235
Wheat,Maharashtra,Nashik,2489.235,2256.66,2749.47,40.335444710576986,4,2022-12-01,2022,12,2455.67,2497.452,2509.0975,2689.515,2337.37,2487.4065,2554.8468333333335,28.094634572277982,1.366836749237481,-0.7916192973768348,-2.4492935982947064e-16,1.0,36,2636.884
Wheat,Maharashtra,Nashik,2636.884,2349.59,2951.28,65.43348477652712,5,2023-01-01,2023,1,2489.235,2455.67,2497.452,2603.3540000000003,2328.858,2480.7856666666667,2521.4668333333334,22.13543101756063,5.931501043493277,5.582970163190314,0.49999999999999994,0.8660254037844387,37,2648.465
Wheat,Maharashtra,Nashik,2648.465,2339.8,2976.06,98.21390821399322,4,2023-02-01,2023,2,2636.884,2489.235,2455.67,2573.9925000000003,2415.9275,2527.2630000000004,2527.0551666666665,96.40656117194415,0.43919262280783417,7.851014183501857,0.8660254037844386,0.5000000000000001,38,2692.61
Wheat,Maharashtra,Nashik,2692.61,2378.85,2976.38,76.57324380399898,4,2023-03-01,2023,3,2648.465,2636.884,2489.235,2509.0975,2391.05,2591.5280000000002,2539.46725,88.77738043555789,1.6668145510701473,8.17018079851842,1.0,6.123233995736766e-17,39,2855.696
Wheat,Maharashtra,Nashik,2855.696,2504.2,3182.03,81.7322025275227,5,2023-04-01,2023,4,2692.61,2648.465,2636.884,2497.452,2482.6425,2659.3196666666668,2570.052666666667,29.40603016956054,6.056799907896048,8.298127638530929,0.8660254037844387,-0.4999999999999998,40,2880.71
Wheat,Maharashtra,Nashik,2880.71,2533.93,3233.12,98.79777730293333,4,2023-05-01,2023,5,2855.696,2692.61,2648.465,2455.67,2601.612,2732.257,2629.76,109.15624259289858,0.8759335727612507,8.769041690186576,0.49999999999999994,-0.8660254037844387,41,2977.0975
Wheat,Maharashtra,Nashik,2977.0975,2672.69,3308.82,70.01902426007747,4,2023-06-01,2023,6,2880.71,2855.696,2692.61,2489.235,2689.515,2809.672,2700.6,102.14724143117972,3.345963321542252,10.56549221758813,1.2246467991473532e-16,-1.0,42,2992.1
Wheat,Maharashtra,Nashik,2992.1,2680.75,3319.13,61.56157689663256,5,2023-07-01,2023,7,2977.0975,2880.71,2855.696,2636.884,2603.3540000000003,2904.5011666666664,2781.910416666667,64.10222897125396,0.503930422164543,4.776558849401337,-0.4999999999999997,-0.8660254037844388,43,3033.8050000000003
Wheat,Maharashtra,Nashik,3033.8050000000003,2729.74,3370.52,63.93811408958927,4,2023-08-01,2023,8,2992.1,2977.0975,2880.71,2648.465,2573.9925000000003,2949.9691666666663,2841.113083333333,60.44743896215209,1.3938371043748665,5.314488442085467,-0.8660254037844385,-0.5000000000000004,44,2957.1575000000003
Wheat,Maharashtra,Nashik,2957.1575000000003,2703.66,3211.8,16.591922482541452,4,2023-09-01,2023,9,3033.8050000000003,2992.1,2977.0975,2692.61,2509.0975,3001.0008333333335,2905.3364166666665,29.38288216943983,-2.5264478105876953,-0.6697798778844025,-1.0,-1.8369701987210297e-16,45,2877.466
Wheat,Maharashtra,Nashik,2877.466,2532.32,3213.88,105.4986849681076,5,2023-10-01,2023,10,2957.1575000000003,3033.8050000000003,2992.1,2855.696,2497.452,2994.3541666666665,2949.4276666666665,38.37343826897931,-2.6948682983574717,-3.8312222185087403,-0.8660254037844386,0.5000000000000001,46,2963.225
Wheat,Maharashtra,Nashik,2963.225,2644.61,3302.72,76.39452227308794,4,2023-11-01,2023,11,2877.466,2957.1575000000003,3033.8050000000003,2880.71,2455.67,2956.1428333333333,2953.056,78.1744388632446,2.9803653631354816,-2.3264514363975395,-0.5000000000000004,0.8660254037844384,47,2963.5260000000003
Wheat,Maharashtra,Nashik,2963.5260000000003,2671.63,3288.69,62.4502520411247,5,2023-12-01,2023,12,2963.225,2877.466,2957.1575000000003,2977.0975,2489.235,2932.6161666666667,2966.8084999999996,47.85769845681186,0.010157851665006391,0.21535883699126743,-2.4492935982947064e-16,1.0,48,3066.105
Wheat,Maharashtra,Nashik,3066.105,2763.65,3368.04,55.14785731709518,4,2024-01-01,2024,1,2963.5260000000003,2963.225,2877.466,2992.1,2636.884,2934.739,2964.5465833333333,49.60010128013653,3.461383500600289,6.555733412662396,0.49999999999999994,0.8660254037844387,49,3168.5725
Wheat,Maharashtra,Nashik,3168.5725,2834.02,3477.15,61.83501347672416,4,2024-02-01,2024,2,3066.105,2963.5260000000003,2963.225,3033.8050000000003,2648.465,2997.6186666666667,2976.8807500000003,59.31109542347972,3.341943605975666,6.929865265040634,0.8660254037844386,0.5000000000000001,50,3205.352
Wheat,Maharashtra,Nashik,3205.352,2851.24,3578.16,78.70073964074284,5,2024-03-01,2024,3,3168.5725,3066.105,2963.5260000000003,2957.1575000000003,2692.61,3066.067833333333,2999.342,102.5232550526129,1.160759300915464,8.160076881390598,1.0,6.123233995736766e-17,51,3280.98
Wheat,Maharashtra,Nashik,3280.98,2887.91,3710.94,143.37592754713046,4,2024-04-01,2024,4,3205.352,3168.5725,3066.105,2877.466,2855.696,3146.6765,3040.70775,72.15959994518957,2.3594288552396168,7.008077022802546,0.8660254037844387,-0.4999999999999998,52,3381.565
Wheat,Maharashtra,Nashik,3381.565,2940.53,3764.99,136.7770810479592,4,2024-05-01,2024,5,3280.98,3205.352,3168.5725,2963.225,2880.71,3218.3015,3107.9600833333334,57.31168010754701,3.065699882352225,6.722033344668612,0.49999999999999994,-0.8660254037844387,53,3441.554
Wheat,Maharashtra,Nashik,3441.554,3130.58,3753.53,26.819836502111635,5,2024-06-01,2024,6,3381.565,3280.98,3205.352,2963.5260000000003,2977.0975,3289.2990000000004,3177.6834166666667,88.40056370295275,1.7740010912107271,7.368987867791127,1.2246467991473532e-16,-1.0,54,3376.77
Wheat,Maharashtra,Nashik,3376.77,3041.9,3762.46,83.1832326854398,4,2024-07-01,2024,7,3441.554,3381.565,3280.98,3066.105,2992.1,3368.033,3257.35475,81.13777564735062,-1.8824054482364683,2.919554523343634,-0.4999999999999997,-0.8660254037844388,55,3335.585
Wheat,Maharashtra,Nashik,3335.585,3013.79,3707.07,69.21813273991141,4,2024-08-01,2024,8,3376.77,3441.554,3381.565,3168.5725,3033.8050000000003,3399.9629999999997,3309.13225,36.09856599644664,-1.2196566541399012,-1.3597254525641238,-0.8660254037844385,-0.5000000000000004,56,3303.564
Wheat,Maharashtra,Nashik,3303.564,2984.24,3628.4,41.89348195125355,5,2024-09-01,2024,9,3335.585,3376.77,3441.554,3205.352,2957.1575000000003,3384.6363333333334,3336.967666666666,53.42065743074606,-0.9599815324748188,-4.00952592927498,-1.0,-1.8369701987210297e-16,57,3213.895
Wheat,Maharashtra,Nashik,3213.895,2891.39,3536.21,55.60166094641422,4,2024-10-01,2024,10,3303.564,3335.585,3376.77,3280.98,2877.466,3338.6396666666665,3353.336333333333,36.69847204357504,-2.714310968396552,-4.8233963225212255,-0.8660254037844386,0.5000000000000001,58,3070.7675
Wheat,Maharashtra,Nashik,3070.7675,2772.36,3371.17,50.557767866735006,4,2024-11-01,2024,11,3213.895,3303.564,3335.585,3381.565,2963.225,3284.348,3342.1555000000003,63.07975124395779,-4.4533968906887145,-7.939162096004153,-0.5000000000000004,0.8660254037844384,59,2975.96
Wheat,Maharashtra,Nashik,2975.96,2696.39,3343.57,69.0456649616757,5,2024-12-01,2024,12,3070.7675,3213.895,3303.564,3441.554,2963.5260000000003,3196.0755000000004,3290.355916666667,117.41679410650482,-3.087420327328588,-9.916683920759514,-2.4492935982947064e-16,1.0,60,3097.8975
Wheat,Maharashtra,Nashik,3097.8975,2692.01,3439.82,119.57533591143844,4,2025-01-01,2025,1,2975.96,3070.7675,3213.895,3376.77,3066.105,3086.8741666666665,3212.7569166666667,119.7824469176613,4.097417303996021,-3.6092498354800004,0.49999999999999994,0.8660254037844387,61,3051.6075
Wheat,Maharashtra,Nashik,3051.6075,2739.23,3424.57,83.88765001476689,4,2025-02-01,2025,2,3097.8975,2975.96,3070.7675,3335.585,3168.5725,3048.2083333333335,3166.2781666666665,64.02246072342287,-1.4942392380638791,-0.6239482474658161,0.8660254037844386,0.5000000000000001,62,3053.576
Wheat,Maharashtra,Nashik,3053.576,2749.94,3405.58,66.33423422336338,5,2025-03-01,2025,3,3051.6075,3097.8975,2975.96,3303.564,3205.352,3041.8216666666667,3118.9485833333333,61.55493787733209,0.06450698525285277,2.6080995712307953,1.0,6.123233995736766e-17,63,3166.0475
Wheat,Maharashtra,Nashik,3166.0475,2832.04,3476.42,61.36714124839108,4,2025-04-01,2025,4,3053.576,3051.6075,3097.8975,3213.895,3280.98,3067.6936666666666,3077.2839166666668,26.175798155591053,3.6832716788447413,2.1998791115587295,0.8660254037844387,-0.4999999999999998,64,3238.7525
Wheat,Maharashtra,Nashik,3238.7525,2929.34,3609.56,70.43005342181726,4,2025-05-01,2025,5,3166.0475,3053.576,3051.6075,3070.7675,3381.565,3090.4103333333333,3069.309333333333,65.51110199105389,2.296396374343718,6.132669420952727,0.49999999999999994,-0.8660254037844387,65,3360.202
Wheat,Maharashtra,Nashik,3360.202,3031.04,3684.3,43.06573777378016,5,2025-06-01,2025,6,3238.7525,3166.0475,3053.576,2975.96,3441.554,3152.792,3097.3068333333335,93.29718778317468,3.749885179556023,10.041538183428225,1.2246467991473532e-16,-1.0,66,3405.305
Wheat,Maharashtra,Nashik,3405.305,3056.76,3768.27,68.04454545859389,4,2025-07-01,2025,7,3360.202,3238.7525,3166.0475,3097.8975,3376.77,3255.000666666667,3161.3471666666665,98.09176651270174,1.342270494452405,7.556977587986273,-0.4999999999999997,-0.8660254037844388,67,3352.922
Wheat,Maharashtra,Nashik,3352.922,2934.84,3784.71,113.71564632890248,5,2025-08-01,2025,8,3405.305,3360.202,3238.7525,3051.6075,3335.585,3334.753166666667,3212.58175,86.14328849412746,-1.5382763071149226,3.5251072751005195,-0.8660254037844385,-0.5000000000000004,68,3295.3
Wheat,Maharashtra,Nashik,3295.3,2983.87,3631.13,60.63795895861478,4,2025-09-01,2025,9,3352.922,3405.305,3360.202,3053.576,3303.564,3372.8096666666665,3262.8008333333332,28.376215680257708,-1.7185607061542096,-1.931491023456329,-1.0,-1.8369701987210297e-16,69,3282.54
Wheat,Maharashtra,Nashik,3282.54,2970.5,3579.93,38.30819494572898,4,2025-10-01,2025,10,3295.3,3352.922,3405.305,3166.0475,3213.895,3351.1756666666665,3303.0881666666664,55.023288399844645,-0.38721815919643787,-3.6051102617827153,-0.8660254037844386,0.5000000000000001,70,3168.796
Wheat,Maharashtra,Nashik,3168.796,2867.23,3462.55,36.67356377555913,5,2025-11-01,2025,11,3282.54,3295.3,3352.922,3238.7525,3070.7675,3310.2539999999995,3322.5035833333336,37.498307535129435,-3.4651215217484066,-5.491508600557967,-0.5000000000000004,0.8660254037844384,71,3092.7675
Wheat,Maharashtra,Nashik,3092.7675,2746.84,3439.02,82.20954420463197,4,2025-12-01,2025,12,3168.796,3282.54,3295.3,3360.202,2975.96,3248.878666666667,3310.8441666666663,69.64646096775117,-2.399286669132374,-6.1461020240949304,-2.4492935982947064e-16,1.0,72,3178.5825
Wheat,Maharashtra,Nashik,3178.5825,2887.28,3527.18,59.005074004981694,4,2026-01-01,2026,1,3092.7675,3168.796,3282.54,3405.305,3097.8975,3181.3678333333332,3266.27175,95.5088408686989,2.774699359069185,-3.166983494489023,0.49999999999999994,0.8660254037844387,73,3187.76
Wheat,Maharashtra,Nashik,3187.76,2855.08,3522.03,66.59795842716697,4,2026-02-01,2026,2,3178.5825,3092.7675,3168.796,3352.922,3051.6075,3146.7153333333335,3228.4846666666667,46.97574306578283,0.28872933139222395,0.5984607402938024,0.8660254037844386,0.5000000000000001,74,3114.034
Wheat,Maharashtra,Nashik,3114.034,2745.06,3473.59,98.76620287325004,5,2026-03-01,2026,3,3187.76,3178.5825,3092.7675,3295.3,3053.576,3153.036666666667,3200.9576666666667,52.39595370429338,-2.312783898411427,0.6876203917688666,1.0,6.123233995736766e-17,75,3190.46
Wheat,Maharashtra,Nashik,3190.46,2877.31,3485.81,43.51340100091755,4,2026-04-01,2026,4,3114.034,3187.76,3178.5825,3282.54,3166.0475,3160.1255,3170.7466666666664,40.17930320138844,2.4542442375388296,0.37367285574623454,0.8660254037844387,-0.4999999999999998,76,3250.3
Wheat,Maharashtra,Nashik,3250.3,2892.5,3661.91,90.11158360610472,5,2026-05-01,2026,5,3190.46,3114.034,3187.76,3168.796,3238.7525,3164.084666666667,3155.3999999999996,43.36616682775226,1.8755916074798036,1.9618791878936919,0.49999999999999994,-0.8660254037844387,77,3358.9425
Wheat,Maharashtra,Nashik,3358.9425,3027.29,3704.22,62.68056869291056,4,2026-06-01,2026,6,3250.3,3190.46,3114.034,3092.7675,3360.202,3184.9313333333334,3168.9840000000004,68.30102711769749,3.3425376119127446,7.864670071039686,1.2246467991473532e-16,-1.0,78,3429.2525
Wheat,Maharashtra,Nashik,3429.2525,3106.77,3811.4,68.91777050708093,4,2026-07-01,2026,7,3358.9425,3250.3,3190.46,3178.5825,3405.305,3266.5675000000006,3213.3465,85.41113433709397,2.0932183268990148,7.484579026221924,-0.4999999999999997,-0.8660254037844388,79,3428.924
Wheat,Maharashtra,Pune,1979.812,1791.01,2161.61,21.54889138679759,5,2021-01-01,2021,1,1933.5825,2055.966,2142.4475,2187.1725,1966.3675,2043.998666666667,2124.856166666667,104.94550898720402,2.3908729004322242,-7.5911078334475075,0.49999999999999994,0.8660254037844387,13,2042.3875
Wheat,Maharashtra,Pune,2042.3875,1808.21,2269.56,60.24438583801812,4,2021-02-01,2021,2,1979.812,1933.5825,2055.966,2227.596,1871.2475,1989.7868333333333,2090.296083333333,61.798489003236966,3.160678892743359,-0.6604438011134351,0.8660254037844386,0.5000000000000001,14,2137.2025
Wheat,Maharashtra,Pune,2137.2025,1914.03,2359.5,44.66423877107952,4,2021-03-01,2021,3,2042.3875,1979.812,1933.5825,2202.3725,2008.862,1985.2606666666668,2059.428,54.60675766407669,4.642360962354099,10.530711774646278,1.0,6.123233995736766e-17,15,2148.66
Wheat,Maharashtra,Pune,2148.66,1938.2,2375.71,38.68173126080762,4,2021-04-01,2021,4,2137.2025,2042.3875,1979.812,2142.4475,2067.0375,2053.134,2048.566333333333,79.24366106667432,0.5360980066231432,8.528486543166723,0.8660254037844387,-0.4999999999999998,16,2327.3300000000004
Wheat,Maharashtra,Pune,2327.3300000000004,2041.68,2684.73,97.55452475410874,5,2021-05-01,2021,5,2148.66,2137.2025,2042.3875,2055.966,2131.706,2109.4166666666665,2049.60175,58.330956314665045,8.315415189001541,13.951441633872138,0.49999999999999994,-0.8660254037844387,17,2404.175
Wheat,Maharashtra,Pune,2404.175,2122.2,2653.05,66.94713461630263,4,2021-06-01,2021,6,2327.3300000000004,2148.66,2137.2025,1933.5825,2192.6975,2204.3975,2094.829083333333,106.61668839234427,3.3018523372276296,12.491680128579315,1.2246467991473532e-16,-1.0,18,2390.755
Wheat,Maharashtra,Pune,2390.755,2138.01,2713.47,83.94090321966594,4,2021-07-01,2021,7,2404.175,2327.3300000000004,2148.66,1979.812,2187.1725,2293.3883333333333,2173.2611666666667,131.09540937170033,-0.5581956388366102,11.267254940288378,-0.4999999999999997,-0.8660254037844388,19,2426.612
Wheat,Maharashtra,Pune,2426.612,2146.36,2703.83,71.5259370438446,5,2021-08-01,2021,8,2390.755,2404.175,2327.3300000000004,2042.3875,2227.596,2374.0866666666666,2241.7516666666666,41.04465261558143,1.4998190948047778,4.265918455912986,-0.8660254037844385,-0.5000000000000004,20,2418.265
Wheat,Maharashtra,Pune,2418.265,2202.84,2637.46,21.95194524410088,4,2021-09-01,2021,9,2426.612,2390.755,2404.175,2137.2025,2202.3725,2407.1806666666666,2305.7890833333336,18.11647416948986,-0.34397752916412705,0.5860638264685262,-1.0,-1.8369701987210297e-16,21,2307.636
Wheat,Maharashtra,Pune,2307.636,2079.68,2537.82,37.92812452521216,5,2021-10-01,2021,10,2418.265,2426.612,2390.755,2148.66,2142.4475,2411.8773333333334,2352.6328333333336,18.76253784363385,-4.574726094948234,-3.476684143711929,-0.8660254037844386,0.5000000000000001,22,2268.435
Wheat,Maharashtra,Pune,2268.435,2021.33,2551.25,70.16362044060531,4,2021-11-01,2021,11,2307.636,2418.265,2426.612,2327.3300000000004,2055.966,2384.171,2379.1288333333337,66.4125196856774,-1.6987514495353697,-6.5184298107814564,-0.5000000000000004,0.8660254037844384,23,2264.7
Wheat,Maharashtra,Pune,2264.7,2017.44,2490.5,53.24488645244124,4,2021-12-01,2021,12,2268.435,2307.636,2418.265,2404.175,1933.5825,2331.445333333333,2369.313,77.70083970160077,-0.16465095980268898,-6.350213893018345,-2.4492935982947064e-16,1.0,24,2350.158
Wheat,Maharashtra,Pune,2350.158,2065.1,2621.34,67.54770107116902,5,2022-01-01,2022,1,2264.7,2268.435,2307.636,2390.755,1979.812,2280.2569999999996,2346.0671666666663,23.78433911212544,3.7734799311167087,1.842664961025046,0.49999999999999994,0.8660254037844387,25,2331.02
Wheat,Maharashtra,Pune,2331.02,2125.75,2542.83,18.04244624951584,4,2022-02-01,2022,2,2350.158,2264.7,2268.435,2426.612,2042.3875,2294.4309999999996,2339.301,48.29711640461129,-0.8143282281446576,2.758950554016317,0.8660254037844386,0.5000000000000001,26,2406.39
Wheat,Maharashtra,Pune,2406.39,2132.38,2776.3,114.86425379551284,4,2022-03-01,2022,3,2331.02,2350.158,2264.7,2418.265,2137.2025,2315.2926666666663,2323.369,44.84728755826712,3.2333484912184316,6.256457808981325,1.0,6.123233995736766e-17,27,2542.44
Wheat,Maharashtra,Pune,2542.44,2256.82,2814.13,67.26362811108723,4,2022-04-01,2022,4,2406.39,2331.02,2350.158,2307.636,2148.66,2362.5226666666663,2321.389833333333,39.17681663093469,5.653697031653231,8.181662679700691,0.8660254037844387,-0.4999999999999998,28,2665.378
Wheat,Maharashtra,Pune,2665.378,2314.92,2978.43,104.59194863850666,5,2022-05-01,2022,5,2542.44,2406.39,2331.02,2268.435,2327.3300000000004,2426.616666666667,2360.523833333333,107.15149384555438,4.835433677884241,14.343849473620999,0.49999999999999994,-0.8660254037844387,29,2688.95
Wheat,Maharashtra,Pune,2688.95,2372.22,3023.06,117.67489310242296,4,2022-06-01,2022,6,2665.378,2542.44,2406.39,2264.7,2404.175,2538.0693333333334,2426.681,129.5493075293492,0.8843773753666332,11.74207007176725,1.2246467991473532e-16,-1.0,30,2662.054
Wheat,Maharashtra,Pune,2662.054,2324.87,3020.74,105.03221186855,5,2022-07-01,2022,7,2688.95,2665.378,2542.44,2350.158,2390.755,2632.256,2497.389333333333,78.67080263986455,-1.0002417300433155,4.704693129434717,-0.4999999999999997,-0.8660254037844388,31,2663.1725
Wheat,Maharashtra,Pune,2663.1725,2419.55,2905.18,29.37518723344596,4,2022-08-01,2022,8,2662.054,2688.95,2665.378,2331.02,2426.612,2672.1273333333334,2549.372,14.663349867403314,0.04201642791618953,-0.08274623711908888,-0.8660254037844385,-0.5000000000000004,32,2583.8775
Wheat,Maharashtra,Pune,2583.8775,2345.29,2887.31,59.89536007349251,4,2022-09-01,2022,9,2663.1725,2662.054,2688.95,2406.39,2418.265,2671.3921666666665,2604.73075,15.215810661409922,-2.977463908177186,-3.907566150356078,-1.0,-1.8369701987210297e-16,33,2518.706
Wheat,Maharashtra,Pune,2518.706,2257.22,2799.01,60.37518430613692,5,2022-10-01,2022,10,2583.8775,2663.1725,2662.054,2542.44,2307.636,2636.368,2634.312,45.46154642387932,-2.522236445032705,-5.384864469315797,-0.8660254037844386,0.5000000000000001,34,2381.0150000000003
Wheat,Maharashtra,Pune,2381.0150000000003,2125.64,2650.83,58.81208974352123,4,2022-11-01,2022,11,2518.706,2583.8775,2663.1725,2665.378,2268.435,2588.585333333333,2630.3563333333336,72.34822165460473,-5.46673569682209,-10.59478873411316,-0.5000000000000004,0.8660254037844384,35,2388.8
Wheat,Maharashtra,Pune,2388.8,2173.8,2599.82,19.18454238877398,4,2022-12-01,2022,12,2381.0150000000003,2518.706,2583.8775,2688.95,2264.7,2494.532833333333,2582.9625,103.56908306335279,0.3269614009151498,-7.5497967686161545,-2.4492935982947064e-16,1.0,36,2407.914
Wheat,Maharashtra,Pune,2407.914,2153.26,2701.52,75.98037332100968,5,2023-01-01,2023,1,2388.8,2381.0150000000003,2518.706,2662.054,2350.158,2429.507,2532.9375,77.34660792174598,0.8001507032819839,-4.398766668281249,0.49999999999999994,0.8660254037844387,37,2474.665
Wheat,Maharashtra,Pune,2474.665,2245.17,2717.77,37.123940613392165,4,2023-02-01,2023,2,2407.914,2388.8,2381.0150000000003,2663.1725,2331.02,2392.576333333334,2490.5808333333334,13.841407816173703,2.7721505003916147,3.933196556930537,0.8660254037844386,0.5000000000000001,38,2500.7325
Wheat,Maharashtra,Pune,2500.7325,2258.03,2767.51,50.35705536466567,4,2023-03-01,2023,3,2474.665,2407.914,2388.8,2583.8775,2406.39,2423.7929999999997,2459.1629166666667,45.081110645150474,1.0533749012492644,4.685720864032145,1.0,6.123233995736766e-17,39,2537.906
Wheat,Maharashtra,Pune,2537.906,2285.95,2819.91,50.72242235934712,5,2023-04-01,2023,4,2500.7325,2474.665,2407.914,2518.706,2542.44,2461.103833333333,2445.3054166666666,47.87219878576346,1.4865044541949157,5.398531675134565,0.8660254037844387,-0.4999999999999998,40,2577.895
Wheat,Maharashtra,Pune,2577.895,2312.42,2839.0,48.117834185119584,4,2023-05-01,2023,5,2537.906,2500.7325,2474.665,2381.0150000000003,2665.378,2504.4345,2448.505416666667,31.782615110314048,1.575669075213977,4.171473714624,0.49999999999999994,-0.8660254037844387,41,2761.5225
Wheat,Maharashtra,Pune,2761.5225,2483.95,3032.87,47.45860749116026,4,2023-06-01,2023,6,2577.895,2537.906,2500.7325,2388.8,2688.95,2538.8444999999997,2481.31875,38.589810031281424,7.123156684038724,10.42854443648011,1.2246467991473532e-16,-1.0,42,2660.532
Wheat,Maharashtra,Pune,2660.532,2369.31,2950.89,76.25061947289349,5,2023-07-01,2023,7,2761.5225,2577.895,2537.906,2407.914,2662.054,2625.7745,2543.4391666666666,119.24940108130703,-3.6570587420526137,4.83177863955561,-0.4999999999999997,-0.8660254037844388,43,2673.3925
Wheat,Maharashtra,Pune,2673.3925,2399.98,2981.13,63.383824106260334,4,2023-08-01,2023,8,2660.532,2761.5225,2577.895,2474.665,2663.1725,2666.6498333333334,2585.5421666666666,91.96649173793554,0.48338076745552294,3.7044759387019233,-0.8660254037844385,-0.5000000000000004,44,2599.61
Wheat,Maharashtra,Pune,2599.61,2327.93,2869.34,54.99121263135294,4,2023-09-01,2023,9,2673.3925,2660.532,2761.5225,2500.7325,2583.8775,2698.4823333333334,2618.6634166666668,54.97176616303829,-2.7598828080799884,-5.863160629688873,-1.0,-1.8369701987210297e-16,45,2545.916
Wheat,Maharashtra,Pune,2545.916,2241.23,2848.27,72.44896086211313,5,2023-10-01,2023,10,2599.61,2673.3925,2660.532,2537.906,2518.706,2644.5115,2635.143,39.41391431652564,-2.0654636657037,-4.30801057833546,-0.8660254037844386,0.5000000000000001,46,2523.135
Wheat,Maharashtra,Pune,2523.135,2230.18,2790.82,69.54214573431932,4,2023-11-01,2023,11,2545.916,2599.61,2673.3925,2577.895,2381.0150000000003,2606.3061666666667,2636.478,64.00151169373858,-0.8948056416629593,-5.620480344730514,-0.5000000000000004,0.8660254037844384,47,2436.038
Wheat,Maharashtra,Pune,2436.038,2191.5,2686.22,47.668605706481415,5,2023-12-01,2023,12,2523.135,2545.916,2599.61,2761.5225,2388.8,2556.220333333333,2627.3513333333335,39.265008217670726,-3.451935786234197,-6.292174595420086,-2.4492935982947064e-16,1.0,48,2464.3
Wheat,Maharashtra,Pune,2464.3,2145.97,2758.64,95.42007720251188,4,2024-01-01,2024,1,2436.038,2523.135,2545.916,2660.532,2407.914,2501.6963333333333,2573.103916666667,57.99143076639619,1.1601625262003372,-3.205761698343542,0.49999999999999994,0.8660254037844387,49,2475.3225
Wheat,Maharashtra,Pune,2475.3225,2198.82,2762.66,79.72435026389358,4,2024-02-01,2024,2,2464.3,2436.038,2523.135,2673.3925,2474.665,2474.491,2540.398583333333,44.43381834819481,0.4472872621028298,-1.894964003115172,0.8660254037844386,0.5000000000000001,50,2571.518
Wheat,Maharashtra,Pune,2571.518,2344.41,2794.04,15.630154189898525,5,2024-03-01,2024,3,2475.3225,2464.3,2436.038,2599.61,2500.7325,2458.5535,2507.386916666667,20.26288927449298,3.8861804875930233,5.561489599094925,1.0,6.123233995736766e-17,51,2587.57
Wheat,Maharashtra,Pune,2587.57,2281.82,2842.2,71.81428734358283,4,2024-04-01,2024,4,2571.518,2475.3225,2464.3,2545.916,2537.906,2503.7135,2502.704916666667,58.978483718644256,0.6242227353648753,5.002231871119587,0.8660254037844387,-0.4999999999999998,52,2715.6525
Wheat,Maharashtra,Pune,2715.6525,2414.5,3017.06,74.30561547868798,4,2024-05-01,2024,5,2587.57,2571.518,2475.3225,2523.135,2577.895,2544.8035,2509.64725,60.70521968291048,4.949914398451055,9.709037913241604,0.49999999999999994,-0.8660254037844387,53,2771.746
Wheat,Maharashtra,Pune,2771.746,2438.31,3106.48,82.54835025607703,5,2024-06-01,2024,6,2715.6525,2587.57,2571.518,2436.038,2761.5225,2624.9135,2541.7335000000003,78.99108346358126,2.065562512140266,7.786373651671894,1.2246467991473532e-16,-1.0,54,2757.27
Wheat,Maharashtra,Pune,2757.27,2466.81,3046.2,57.41164574079602,4,2024-07-01,2024,7,2771.746,2715.6525,2587.57,2464.3,2660.532,2691.656166666667,2597.6848333333332,94.4037486230489,-0.522270078138477,6.558276684302252,-0.4999999999999997,-0.8660254037844388,55,2796.62
Wheat,Maharashtra,Pune,2796.62,2524.61,3062.5,44.63589362833454,4,2024-08-01,2024,8,2757.27,2771.746,2715.6525,2475.3225,2673.3925,2748.2228333333333,2646.513166666667,29.12058728947357,1.4271362615920788,2.9815118097768307,-0.8660254037844385,-0.5000000000000004,56,2779.786
Wheat,Maharashtra,Pune,2779.786,2476.73,3092.04,76.54833590614506,5,2024-09-01,2024,9,2796.62,2757.27,2771.746,2571.518,2599.61,2775.2119999999995,2700.06275,19.902650376282207,-0.6019409143895071,0.29006986931702844,-1.0,-1.8369701987210297e-16,57,2635.4175
Wheat,Maharashtra,Pune,2635.4175,2399.96,2888.57,30.14348837919493,4,2024-10-01,2024,10,2779.786,2796.62,2757.27,2587.57,2545.916,2777.892,2734.7740833333337,19.743253328682382,-5.193511299071225,-4.419316933053345,-0.8660254037844386,0.5000000000000001,58,2524.2875
Wheat,Maharashtra,Pune,2524.2875,2303.28,2750.36,18.909402202784328,4,2024-11-01,2024,11,2635.4175,2779.786,2796.62,2715.6525,2523.135,2737.2744999999995,2742.748666666667,88.6114113743285,-4.216789180461923,-9.737915769750627,-0.5000000000000004,0.8660254037844384,59,2476.236
Wheat,Maharashtra,Pune,2476.236,2216.72,2810.64,74.43115127418072,5,2024-12-01,2024,12,2524.2875,2635.4175,2779.786,2771.746,2436.038,2646.497,2710.8545,128.10908385337225,-1.9035668480709917,-10.919905345231617,-2.4492935982947064e-16,1.0,60,2516.045
Wheat,Maharashtra,Pune,2516.045,2203.76,2796.85,84.0538456387729,4,2025-01-01,2025,1,2476.236,2524.2875,2635.4175,2757.27,2464.3,2545.3136666666664,2661.6028333333334,81.64718151340867,1.6076415979737069,-4.529547974846488,0.49999999999999994,0.8660254037844387,61,2578.9675
Wheat,Maharashtra,Pune,2578.9675,2284.69,2859.47,73.81039555283957,4,2025-02-01,2025,2,2516.045,2476.236,2524.2875,2796.62,2475.3225,2505.522833333333,2621.3986666666665,25.695790639390975,2.5008495476034858,2.16615579643762,0.8660254037844386,0.5000000000000001,62,2656.716
Wheat,Maharashtra,Pune,2656.716,2331.38,3021.78,102.82416364843412,5,2025-03-01,2025,3,2578.9675,2516.045,2476.236,2779.786,2571.518,2523.7495,2585.12325,51.797294941436384,3.014714221873664,7.288481388688317,1.0,6.123233995736766e-17,63,2693.335
Wheat,Maharashtra,Pune,2693.335,2436.88,2968.81,46.92684555063686,4,2025-04-01,2025,4,2656.716,2578.9675,2516.045,2635.4175,2587.57,2583.9095,2564.6115833333333,70.46559503225897,1.3783558347975524,7.046376356543702,0.8660254037844387,-0.4999999999999998,64,2687.705
Wheat,Maharashtra,Pune,2687.705,2337.7,3010.44,114.4220254146902,4,2025-05-01,2025,5,2693.335,2656.716,2578.9675,2524.2875,2715.6525,2643.0061666666666,2574.2645,58.403346749855565,-0.20903452411230347,4.216319127712921,0.49999999999999994,-0.8660254037844387,65,2756.714
Wheat,Maharashtra,Pune,2756.714,2514.98,3004.78,19.015786336620547,5,2025-06-01,2025,6,2687.705,2693.335,2656.716,2476.236,2771.746,2679.252,2601.50075,19.718714385087594,2.5675808915040905,3.7639702550065586,1.2246467991473532e-16,-1.0,66,2770.785
Wheat,Maharashtra,Pune,2770.785,2491.04,3052.61,48.93439792211608,4,2025-07-01,2025,7,2756.714,2687.705,2693.335,2516.045,2757.27,2712.584666666666,2648.247083333333,38.32065722732428,0.510426544066592,2.875617032415196,-0.4999999999999997,-0.8660254037844388,67,2732.522
Wheat,Maharashtra,Pune,2732.522,2445.37,3012.84,50.97661885609898,5,2025-08-01,2025,8,2770.785,2756.714,2687.705,2578.9675,2796.62,2738.4013333333332,2690.70375,44.46444557547244,-1.3809443894058875,1.6674821083415035,-0.8660254037844385,-0.5000000000000004,68,2744.205
Wheat,Maharashtra,Pune,2744.205,2443.94,3034.97,67.2438896852346,4,2025-09-01,2025,9,2732.522,2770.785,2756.714,2656.716,2779.786,2753.3403333333335,2716.2961666666665,19.353307529572042,0.4275537397320128,-0.4537648809415853,-1.0,-1.8369701987210297e-16,69,2626.0675
Wheat,Maharashtra,Pune,2626.0675,2251.81,3001.43,139.09771849914245,4,2025-10-01,2025,10,2744.205,2732.522,2770.785,2693.335,2635.4175,2749.1706666666664,2730.8776666666668,19.60886728840239,-4.30498085966609,-5.22297832563695,-0.8660254037844386,0.5000000000000001,70,2582.2200000000003
Wheat,Maharashtra,Pune,2582.2200000000003,2295.33,2881.56,63.76692755653194,5,2025-11-01,2025,11,2626.0675,2744.205,2732.522,2687.705,2524.2875,2700.9315,2719.6664166666665,65.0967510268424,-1.6697019402585749,-5.500486363879218,-0.5000000000000004,0.8660254037844384,71,2537.4300000000003
Wheat,Maharashtra,Pune,2537.4300000000003,2310.95,2781.41,28.31622267652718,4,2025-12-01,2025,12,2582.2200000000003,2626.0675,2744.205,2756.714,2476.236,2650.830833333333,2702.085583333333,83.7836622772238,-1.73455398842856,-7.534969144069034,-2.4492935982947064e-16,1.0,72,2591.13
Wheat,Maharashtra,Pune,2591.13,2283.42,2885.81,79.34654497834171,4,2026-01-01,2026,1,2537.4300000000003,2582.2200000000003,2626.0675,2770.785,2516.045,2581.9058333333337,2665.53825,44.31958514115097,2.116314538726184,-1.330411347004599,0.49999999999999994,0.8660254037844387,73,2579.75
Wheat,Maharashtra,Pune,2579.75,2333.67,2839.55,48.724423718158725,4,2026-02-01,2026,2,2591.13,2537.4300000000003,2582.2200000000003,2732.522,2578.9675,2570.2599999999998,2635.59575,28.77852845439414,-0.4391906233959743,-0.09565412706896602,0.8660254037844386,0.5000000000000001,74,2692.244
Wheat,Maharashtra,Pune,2692.244,2455.54,2948.24,23.543295861030032,5,2026-03-01,2026,3,2579.75,2591.13,2537.4300000000003,2744.205,2656.716,2569.4366666666665,2610.1337500000004,28.29657458657674,4.360655102238595,6.101212644289688,1.0,6.123233995736766e-17,75,2685.32
Wheat,Maharashtra,Pune,2685.32,2416.49,2952.71,45.1560619776937,4,2026-04-01,2026,4,2692.244,2579.75,2591.13,2626.0675,2693.335,2621.041333333333,2601.473583333334,61.92528486275896,-0.2571832270774855,3.6350935692149777,0.8660254037844387,-0.4999999999999998,76,2808.5080000000003
Wheat,Maharashtra,Pune,2808.5080000000003,2524.83,3078.29,39.84064281609931,5,2026-05-01,2026,5,2685.32,2692.244,2579.75,2582.2200000000003,2687.705,2652.438,2611.349,63.044781322490046,4.587460712317344,8.867448396162429,0.49999999999999994,-0.8660254037844387,77,2855.0525
Wheat,Maharashtra,Pune,2855.0525,2599.46,3120.66,28.76224072750014,4,2026-06-01,2026,6,2808.5080000000003,2685.32,2692.244,2537.4300000000003,2756.714,2728.690666666667,2649.063666666667,69.21047947626234,1.65726784470614,6.04731591935945,1.2246467991473532e-16,-1.0,78,2877.035
Wheat,Maharashtra,Pune,2877.035,2609.13,3170.91,43.96788562879373,4,2026-07-01,2026,7,2855.0525,2808.5080000000003,2685.32,2591.13,2770.785,2782.9601666666663,2702.00075,87.70290320214174,0.769950815265221,7.13937258874174,-0.4999999999999997,-0.8660254037844388,79,2860.69
