crop,state,market,avg_price,min_price,max_price,price_std,record_count,date,year,month
Onion,Uttarakhand,Dehradun,2335.8025,1967.59,2732.94,195.5412976628381,4,2020-01-01,2020,1
Onion,Uttarakhand,Dehradun,2009.4625,1791.66,2295.19,79.26064234536582,4,2020-02-01,2020,2
Onion,Uttarakhand,Dehradun,1396.346,993.07,1988.7,304.93209207953174,5,2020-03-01,2020,3
Onion,Uttarakhand,Dehradun,770.9325,401.15,1162.89,334.11592143795446,4,2020-04-01,2020,4
Onion,Uttarakhand,Dehradun,278.538,184.0,464.17,89.54161557622244,5,2020-05-01,2020,5
Onion,Uttarakhand,Dehradun,268.3375,184.0,369.57,79.03772532784582,4,2020-06-01,2020,6
Onion,Uttarakhand,Dehradun,549.305,393.11,782.65,125.73965974716702,4,2020-07-01,2020,7
Onion,Uttarakhand,Dehradun,602.8199999999999,184.0,963.48,253.32560668041438,5,2020-08-01,2020,8
Onion,Uttarakhand,Dehradun,922.99,715.97,1133.83,126.15708752715135,4,2020-09-01,2020,9
Onion,Uttarakhand,Dehradun,1505.83,1095.39,1877.61,244.32883729378582,4,2020-10-01,2020,10
Onion,Uttarakhand,Dehradun,1970.61,1408.99,2513.98,367.4604257603804,5,2020-11-01,2020,11
Onion,Uttarakhand,Dehradun,2302.325,1953.1,2679.78,148.59821656623834,4,2020-12-01,2020,12
Onion,Uttarakhand,Dehradun,2424.528,2009.37,2876.63,205.41351554851505,5,2021-01-01,2021,1
Onion,Uttarakhand,Dehradun,2062.1425,1837.94,2308.63,58.56740297867618,4,2021-02-01,2021,2
Onion,Uttarakhand,Dehradun,1414.1399999999999,1090.01,1879.51,263.1934635713179,4,2021-03-01,2021,3
Onion,Uttarakhand,Dehradun,526.035,184.0,999.61,310.3832886931898,4,2021-04-01,2021,4
Onion,Uttarakhand,Dehradun,565.9399999999999,248.16,892.61,207.18271561595094,5,2021-05-01,2021,5
Onion,Uttarakhand,Dehradun,471.8425,184.0,932.15,328.69097121511163,4,2021-06-01,2021,6
Onion,Uttarakhand,Dehradun,825.7225,438.74,1129.09,270.67244858869543,4,2021-07-01,2021,7
Onion,Uttarakhand,Dehradun,968.7760000000001,672.18,1367.65,252.83970155021143,5,2021-08-01,2021,8
Onion,Uttarakhand,Dehradun,1253.9,1003.04,1619.54,179.18398496145417,4,2021-09-01,2021,9
Onion,Uttarakhand,Dehradun,1989.404,1474.51,2525.03,300.4800473908374,5,2021-10-01,2021,10
Onion,Uttarakhand,Dehradun,2183.9275000000002,1808.63,2562.67,211.29243832107835,4,2021-11-01,2021,11
Onion,Uttarakhand,Dehradun,2290.9625,1744.9,2893.05,356.3724347154252,4,2021-12-01,2021,12
Onion,Uttarakhand,Dehradun,2474.766,1888.54,3170.64,383.5612596835087,5,2022-01-01,2022,1
Onion,Uttarakhand,Dehradun,2195.3775,1790.27,2660.9,214.36602737296462,4,2022-02-01,2022,2
Onion,Uttarakhand,Dehradun,1540.925,1223.21,2000.58,226.31619746128055,4,2022-03-01,2022,3
Onion,Uttarakhand,Dehradun,1176.3125,840.51,1638.53,289.74365651669876,4,2022-04-01,2022,4
Onion,Uttarakhand,Dehradun,730.9,426.3,1228.76,255.7099318563907,5,2022-05-01,2022,5
Onion,Uttarakhand,Dehradun,804.375,491.25,1489.04,391.60478482776483,4,2022-06-01,2022,6
Onion,Uttarakhand,Dehradun,643.976,389.61,1003.37,191.3216673040458,5,2022-07-01,2022,7
Onion,Uttarakhand,Dehradun,1182.845,961.7,1375.74,108.98471590090055,4,2022-08-01,2022,8
Onion,Uttarakhand,Dehradun,1279.325,784.19,1749.31,319.3311546028668,4,2022-09-01,2022,9
Onion,Uttarakhand,Dehradun,1808.756,1436.8,2255.51,214.01167545253227,5,2022-10-01,2022,10
Onion,Uttarakhand,Dehradun,2220.3825,1864.81,2585.04,180.22653733103058,4,2022-11-01,2022,11
Onion,Uttarakhand,Dehradun,2549.15,1914.69,3048.82,325.2845112615519,4,2022-12-01,2022,12
Onion,Uttarakhand,Dehradun,2335.7439999999997,2003.84,2721.87,147.45470568957768,5,2023-01-01,2023,1
Onion,Uttarakhand,Dehradun,1778.9975,1527.52,2053.78,109.99110126884507,4,2023-02-01,2023,2
Onion,Uttarakhand,Dehradun,1154.5225,979.92,1477.68,143.04618377176888,4,2023-03-01,2023,3
Onion,Uttarakhand,Dehradun,744.406,337.46,1408.37,341.70672107817836,5,2023-04-01,2023,4
Onion,Uttarakhand,Dehradun,489.37,208.91,1023.98,316.9697160087485,4,2023-05-01,2023,5
Onion,Uttarakhand,Dehradun,325.13,184.0,569.46,157.57985108086206,4,2023-06-01,2023,6
Onion,Uttarakhand,Dehradun,620.2180000000001,184.0,1277.45,387.0193360414955,5,2023-07-01,2023,7
Onion,Uttarakhand,Dehradun,994.28,713.75,1531.61,292.85684090809065,4,2023-08-01,2023,8
Onion,Uttarakhand,Dehradun,1490.82,1272.45,1918.11,190.66516636938871,4,2023-09-01,2023,9
Onion,Uttarakhand,Dehradun,2027.8559999999998,1420.97,2629.75,359.47045133084305,5,2023-10-01,2023,10
Onion,Uttarakhand,Dehradun,2078.5575,1607.82,2483.11,235.04623763208798,4,2023-11-01,2023,11
Onion,Uttarakhand,Dehradun,2319.6240000000003,1498.87,2928.9,459.04653155208564,5,2023-12-01,2023,12
Onion,Uttarakhand,Dehradun,2328.78,1647.5,3135.56,488.9589695124396,4,2024-01-01,2024,1
Onion,Uttarakhand,Dehradun,1889.7375,1402.51,2499.5,331.37754333237484,4,2024-02-01,2024,2
Onion,Uttarakhand,Dehradun,1467.362,980.48,2067.17,374.33595074478217,5,2024-03-01,2024,3
Onion,Uttarakhand,Dehradun,996.9375,778.3,1241.67,136.68498536781573,4,2024-04-01,2024,4
Onion,Uttarakhand,Dehradun,519.4125,228.58,778.18,199.63285373822282,4,2024-05-01,2024,5
Onion,Uttarakhand,Dehradun,537.566,184.0,740.05,208.19365535481623,5,2024-06-01,2024,6
Onion,Uttarakhand,Dehradun,454.115,184.0,1146.96,411.7459405588192,4,2024-07-01,2024,7
Onion,Uttarakhand,Dehradun,1063.8975,651.91,1414.01,274.9052611810112,4,2024-08-01,2024,8
Onion,Uttarakhand,Dehradun,1443.766,1226.96,1834.98,146.55849115626148,5,2024-09-01,2024,9
Onion,Uttarakhand,Dehradun,1648.505,1374.5,1975.23,151.91238670145805,4,2024-10-01,2024,10
Onion,Uttarakhand,Dehradun,2365.5625,1991.54,2767.29,203.83456844133846,4,2024-11-01,2024,11
Onion,Uttarakhand,Dehradun,2367.27,1912.3,2758.58,190.58605628429362,5,2024-12-01,2024,12
Onion,Uttarakhand,Dehradun,2137.9075000000003,1826.25,2695.3,243.0039215561485,4,2025-01-01,2025,1
Onion,Uttarakhand,Dehradun,1839.88,1415.08,2304.22,285.8000598320441,4,2025-02-01,2025,2
Onion,Uttarakhand,Dehradun,1206.0939999999998,924.41,1439.1,146.67522312919797,5,2025-03-01,2025,3
Onion,Uttarakhand,Dehradun,827.855,551.02,1211.36,223.22701755537273,4,2025-04-01,2025,4
Onion,Uttarakhand,Dehradun,556.515,372.64,887.4,197.97271806994013,4,2025-05-01,2025,5
Onion,Uttarakhand,Dehradun,833.51,322.97,1466.98,421.5287129010312,5,2025-06-01,2025,6
Onion,Uttarakhand,Dehradun,806.9749999999999,453.81,1503.73,399.1969599500143,4,2025-07-01,2025,7
Onion,Uttarakhand,Dehradun,958.36,669.61,1401.97,253.60462446493358,5,2025-08-01,2025,8
Onion,Uttarakhand,Dehradun,1383.52,875.17,2089.54,418.5941662278632,4,2025-09-01,2025,9
Onion,Uttarakhand,Dehradun,2068.8575,1601.49,2486.38,237.9786785092311,4,2025-10-01,2025,10
Onion,Uttarakhand,Dehradun,2274.542,1855.42,2749.78,200.39375569113926,5,2025-11-01,2025,11
Onion,Uttarakhand,Dehradun,2061.6075,1586.34,2674.31,360.55528123298933,4,2025-12-01,2025,12
Onion,Uttarakhand,Dehradun,2283.835,1748.27,2756.59,318.69284883724646,4,2026-01-01,2026,1
Onion,Uttarakhand,Dehradun,1757.44,1491.01,2165.83,169.90081479106178,4,2026-02-01,2026,2
Onion,Uttarakhand,Dehradun,1431.968,1052.89,2126.25,342.193804692604,5,2026-03-01,2026,3
Onion,Uttarakhand,Dehradun,1082.5175,570.33,1679.04,426.66772125195195,4,2026-04-01,2026,4
Onion,Uttarakhand,Dehradun,556.028,268.14,1008.3,245.77468862761273,5,2026-05-01,2026,5
Onion,Uttarakhand,Dehradun,429.2525,184.0,957.13,309.9470542286214,4,2026-06-01,2026,6
Onion,Uttarakhand,Dehradun,871.74,465.34,1448.52,377.46082472224845,4,2026-07-01,2026,7
Onion,Uttarakhand,Dehradun,1054.966,620.64,1617.5,333.9179765750864,5,2026-08-01,2026,8
Onion,Uttar Pradesh,Lucknow,2996.025,2522.82,3503.83,209.14777383467435,4,2020-01-01,2020,1
Onion,Uttar Pradesh,Lucknow,2342.175,1878.37,2910.63,332.08968733360774,4,2020-02-01,2020,2
Onion,Uttar Pradesh,Lucknow,2216.23,1971.04,2504.42,78.5617495986437,5,2020-03-01,2020,3
Onion,Uttar Pradesh,Lucknow,1472.7549999999999,952.51,2060.17,427.3917025009572,4,2020-04-01,2020,4
Onion,Uttar Pradesh,Lucknow,1034.3439999999998,468.19,1526.69,344.02471398142313,5,2020-05-01,2020,5
Onion,Uttar Pradesh,Lucknow,696.45,291.36,1071.45,294.191191461154,4,2020-06-01,2020,6
Onion,Uttar Pradesh,Lucknow,1175.4025,837.35,1562.87,290.04379558668944,4,2020-07-01,2020,7
Onion,Uttar Pradesh,Lucknow,1508.828,1178.24,2068.57,257.21309408737346,5,2020-08-01,2020,8
Onion,Uttar Pradesh,Lucknow,1956.11,1554.63,2382.01,217.545908718137,4,2020-09-01,2020,9
Onion,Uttar Pradesh,Lucknow,2164.98,1808.0,2742.28,255.51842895050342,4,2020-10-01,2020,10
Onion,Uttar Pradesh,Lucknow,2397.868,1961.59,2750.78,183.60097309110324,5,2020-11-01,2020,11
Onion,Uttar Pradesh,Lucknow,2587.0225,2197.83,3224.2,270.712284338311,4,2020-12-01,2020,12
Onion,Uttar Pradesh,Lucknow,2213.986,1660.21,3132.75,409.0050606410634,5,2021-01-01,2021,1
Onion,Uttar Pradesh,Lucknow,2252.73,1604.83,2882.12,398.58371977122516,4,2021-02-01,2021,2
Onion,Uttar Pradesh,Lucknow,1715.14,1470.35,2095.5,159.5888811916419,4,2021-03-01,2021,3
Onion,Uttar Pradesh,Lucknow,1152.34,777.68,1454.52,215.1403890486396,4,2021-04-01,2021,4
Onion,Uttar Pradesh,Lucknow,1265.2379999999998,832.01,1718.32,308.72922929324324,5,2021-05-01,2021,5
Onion,Uttar Pradesh,Lucknow,1001.0550000000001,361.68,1445.48,435.550934602755,4,2021-06-01,2021,6
Onion,Uttar Pradesh,Lucknow,991.4875,604.59,1363.93,278.34856581571717,4,2021-07-01,2021,7
Onion,Uttar Pradesh,Lucknow,1587.46,1374.68,1821.73,75.08269341199738,5,2021-08-01,2021,8
Onion,Uttar Pradesh,Lucknow,2108.1475,1657.46,2566.08,305.0519244735231,4,2021-09-01,2021,9
Onion,Uttar Pradesh,Lucknow,2733.644,2436.27,3086.44,100.44726740932288,5,2021-10-01,2021,10
Onion,Uttar Pradesh,Lucknow,3230.98,2674.09,3828.38,311.4344473561009,4,2021-11-01,2021,11
Onion,Uttar Pradesh,Lucknow,2986.01,2466.06,3517.18,257.8236010660517,4,2021-12-01,2021,12
Onion,Uttar Pradesh,Lucknow,3116.656,2549.53,4026.25,363.44699603931247,5,2022-01-01,2022,1
Onion,Uttar Pradesh,Lucknow,2795.4225,2129.27,3762.08,580.2710378995318,4,2022-02-01,2022,2
Onion,Uttar Pradesh,Lucknow,2626.5175,2345.02,2925.85,87.20264765666995,4,2022-03-01,2022,3
Onion,Uttar Pradesh,Lucknow,2180.8125,1780.16,2673.75,222.68174710035524,4,2022-04-01,2022,4
Onion,Uttar Pradesh,Lucknow,1918.97,1304.88,2537.02,356.7983024062756,5,2022-05-01,2022,5
Onion,Uttar Pradesh,Lucknow,1842.155,1602.69,2217.08,143.58239365140378,4,2022-06-01,2022,6
Onion,Uttar Pradesh,Lucknow,1708.9080000000001,1224.66,2473.12,397.42815290313797,5,2022-07-01,2022,7
Onion,Uttar Pradesh,Lucknow,2366.6400000000003,1956.42,2786.29,192.43871249482703,4,2022-08-01,2022,8
Onion,Uttar Pradesh,Lucknow,2841.165,2228.23,3373.12,299.6555712258105,4,2022-09-01,2022,9
Onion,Uttar Pradesh,Lucknow,3547.1440000000002,2952.86,4470.26,358.811853176564,5,2022-10-01,2022,10
Onion,Uttar Pradesh,Lucknow,3747.9375,2991.8,4370.33,351.2524432536615,4,2022-11-01,2022,11
Onion,Uttar Pradesh,Lucknow,4095.62,3623.63,4561.87,140.7584576499758,4,2022-12-01,2022,12
Onion,Uttar Pradesh,Lucknow,3795.65,3176.75,4364.14,241.77494080239182,5,2023-01-01,2023,1
Onion,Uttar Pradesh,Lucknow,3704.88,3224.17,4282.43,191.25536558922096,4,2023-02-01,2023,2
Onion,Uttar Pradesh,Lucknow,2850.7775,2315.86,3752.06,428.2049269820079,4,2023-03-01,2023,3
Onion,Uttar Pradesh,Lucknow,2614.1420000000003,1993.42,3181.41,293.40993067720103,5,2023-04-01,2023,4
Onion,Uttar Pradesh,Lucknow,1969.1225,1369.49,2447.04,364.60346920775913,4,2023-05-01,2023,5
Onion,Uttar Pradesh,Lucknow,1871.6775,1178.74,2587.36,456.61574314916777,4,2023-06-01,2023,6
Onion,Uttar Pradesh,Lucknow,2099.188,1619.87,2482.61,217.58432714697074,5,2023-07-01,2023,7
Onion,Uttar Pradesh,Lucknow,2609.63,2017.87,3124.86,329.69219210247206,4,2023-08-01,2023,8
Onion,Uttar Pradesh,Lucknow,3140.3325,2510.56,3825.97,349.345581564063,4,2023-09-01,2023,9
Onion,Uttar Pradesh,Lucknow,3805.022,3124.47,4612.92,358.7939203358941,5,2023-10-01,2023,10
Onion,Uttar Pradesh,Lucknow,4248.03,3691.85,4968.87,283.53450560146405,4,2023-11-01,2023,11
Onion,Uttar Pradesh,Lucknow,4254.612,3688.3,4877.61,206.17926234226366,5,2023-12-01,2023,12
Onion,Uttar Pradesh,Lucknow,4032.46,3402.25,4516.15,224.64852562762712,4,2024-01-01,2024,1
Onion,Uttar Pradesh,Lucknow,4240.8825,3699.11,4710.42,150.55753548616104,4,2024-02-01,2024,2
Onion,Uttar Pradesh,Lucknow,3568.9979999999996,2819.01,4445.68,377.56171465073095,5,2024-03-01,2024,3
Onion,Uttar Pradesh,Lucknow,3187.995,2638.9,3656.45,235.6081583901544,4,2024-04-01,2024,4
Onion,Uttar Pradesh,Lucknow,3018.9849999999997,2333.75,3666.77,414.98849433849773,4,2024-05-01,2024,5
Onion,Uttar Pradesh,Lucknow,2911.868,2473.44,3309.57,166.61236409702613,5,2024-06-01,2024,6
Onion,Uttar Pradesh,Lucknow,3318.0425,2749.72,3863.68,294.07501371532175,4,2024-07-01,2024,7
Onion,Uttar Pradesh,Lucknow,3403.34,2688.91,4123.5,377.4672088186382,4,2024-08-01,2024,8
Onion,Uttar Pradesh,Lucknow,3844.5660000000003,3236.8,4397.68,211.36737704764167,5,2024-09-01,2024,9
Onion,Uttar Pradesh,Lucknow,4275.6825,3566.71,5015.72,314.0101563511384,4,2024-10-01,2024,10
Onion,Uttar Pradesh,Lucknow,4669.655,4037.86,5316.11,260.80038209327887,4,2024-11-01,2024,11
Onion,Uttar Pradesh,Lucknow,4646.210000000001,3883.21,5668.29,404.2596943797391,5,2024-12-01,2024,12
Onion,Uttar Pradesh,Lucknow,4583.5650000000005,4065.35,5200.77,186.59318181541397,4,2025-01-01,2025,1
Onion,Uttar Pradesh,Lucknow,4275.395,3648.52,5051.27,302.0446236899444,4,2025-02-01,2025,2
Onion,Uttar Pradesh,Lucknow,3248.6099999999997,2577.24,3905.75,333.83919265119255,5,2025-03-01,2025,3
Onion,Uttar Pradesh,Lucknow,2734.8625,2240.36,3193.06,255.9958231918377,4,2025-04-01,2025,4
Onion,Uttar Pradesh,Lucknow,2585.62,2312.76,2911.83,78.26898023269929,4,2025-05-01,2025,5
Onion,Uttar Pradesh,Lucknow,2505.182,2098.95,3077.73,232.07348614178235,5,2025-06-01,2025,6
Onion,Uttar Pradesh,Lucknow,2709.2975,2097.9,3321.14,341.20832066593397,4,2025-07-01,2025,7
Onion,Uttar Pradesh,Lucknow,2876.936,2420.61,3400.21,183.28271857979422,5,2025-08-01,2025,8
Onion,Uttar Pradesh,Lucknow,3497.425,3115.4,4059.83,176.73444646323662,4,2025-09-01,2025,9
Onion,Uttar Pradesh,Lucknow,4008.8825,3414.74,4980.58,418.20380927445694,4,2025-10-01,2025,10
Onion,Uttar Pradesh,Lucknow,4168.838000000001,3522.9,4856.32,286.1324124771608,5,2025-11-01,2025,11
Onion,Uttar Pradesh,Lucknow,4440.1275000000005,4029.9,4851.2,46.17301764378592,4,2025-12-01,2025,12
Onion,Uttar Pradesh,Lucknow,4341.8025,3059.81,5709.99,812.0673954533161,4,2026-01-01,2026,1
Onion,Uttar Pradesh,Lucknow,3730.215,3404.35,4086.25,36.69984968179937,4,2026-02-01,2026,2
Onion,Uttar Pradesh,Lucknow,3156.2120000000004,2764.38,3675.29,158.47451836178567,5,2026-03-01,2026,3
Onion,Uttar Pradesh,Lucknow,2956.0125,2486.75,3515.8,240.5728125918083,4,2026-04-01,2026,4
Onion,Uttar Pradesh,Lucknow,2508.91,1999.8,3201.07,334.42817151071483,5,2026-05-01,2026,5
Onion,Uttar Pradesh,Lucknow,2499.6075,1887.53,3145.66,352.99962496438997,4,2026-06-01,2026,6
Onion,Uttar Pradesh,Lucknow,2300.9825,1829.63,2908.46,291.74624194951787,4,2026-07-01,2026,7
Onion,Uttar Pradesh,Lucknow,2914.352,2507.45,3546.69,226.09835552254702,5,2026-08-01,2026,8
Onion,Punjab,Ludhiana,3091.255,2709.16,3579.16,168.1541502114454,4,2020-01-01,2020,1
Onion,Punjab,Ludhiana,2836.4275,2116.94,3493.21,410.85843201561937,4,2020-02-01,2020,2
Onion,Punjab,Ludhiana,2584.226,1992.39,3320.2,347.2011493788581,5,2020-03-01,2020,3
Onion,Punjab,Ludhiana,2017.3075000000001,1686.83,2424.54,200.94615354616772,4,2020-04-01,2020,4
Onion,Punjab,Ludhiana,1452.52,1018.83,1751.63,211.20942249341056,5,2020-05-01,2020,5
Onion,Punjab,Ludhiana,1669.0325,1260.74,2111.96,238.99020389617093,4,2020-06-01,2020,6
Onion,Punjab,Ludhiana,1757.4825,1352.16,2217.6,245.12077300451975,4,2020-07-01,2020,7
Onion,Punjab,Ludhiana,2016.148,1602.89,2358.03,166.34309083938547,5,2020-08-01,2020,8
Onion,Punjab,Ludhiana,2554.2525,2288.61,2890.38,86.43779704697091,4,2020-09-01,2020,9
Onion,Punjab,Ludhiana,2889.3050000000003,2127.25,3576.26,418.00637710446466,4,2020-10-01,2020,10
Onion,Punjab,Ludhiana,3051.0099999999998,2470.42,3892.98,340.759399943714,5,2020-11-01,2020,11
Onion,Punjab,Ludhiana,2948.7125,2471.0,3770.09,371.1645307564647,4,2020-12-01,2020,12
Onion,Punjab,Ludhiana,3253.4139999999998,2803.03,3734.85,164.11716616490787,5,2021-01-01,2021,1
Onion,Punjab,Ludhiana,2649.6875,2313.98,3084.51,145.76201525660483,4,2021-02-01,2021,2
Onion,Punjab,Ludhiana,2066.375,1714.01,2534.04,221.7848208662321,4,2021-03-01,2021,3
Onion,Punjab,Ludhiana,1624.7350000000001,1351.42,1989.39,158.87131910238963,4,2021-04-01,2021,4
Onion,Punjab,Ludhiana,1422.2779999999998,1093.03,2193.68,354.5357029552877,5,2021-05-01,2021,5
Onion,Punjab,Ludhiana,1433.2675000000002,990.54,1991.66,330.4394305945745,4,2021-06-01,2021,6
Onion,Punjab,Ludhiana,1595.4425,915.68,2296.52,468.92135107250846,4,2021-07-01,2021,7
Onion,Punjab,Ludhiana,1935.884,1354.97,2493.21,311.2205757658064,5,2021-08-01,2021,8
Onion,Punjab,Ludhiana,2372.8325,1577.27,2886.13,442.7753221349025,4,2021-09-01,2021,9
Onion,Punjab,Ludhiana,2688.678,2318.73,3151.42,167.63938251496856,5,2021-10-01,2021,10
Onion,Punjab,Ludhiana,3286.7375,2517.8,3831.74,371.6686956035801,4,2021-11-01,2021,11
Onion,Punjab,Ludhiana,3554.1875,3052.78,4081.56,229.49927804897345,4,2021-12-01,2021,12
Onion,Punjab,Ludhiana,3386.5619999999994,2906.63,3862.07,157.6128635930455,5,2022-01-01,2022,1
Onion,Punjab,Ludhiana,3294.865,2882.5,3678.05,123.22183640356391,4,2022-02-01,2022,2
Onion,Punjab,Ludhiana,2808.14,2494.05,3113.21,71.33589325624689,4,2022-03-01,2022,3
Onion,Punjab,Ludhiana,2539.2574999999997,2229.29,2911.74,125.81335418653562,4,2022-04-01,2022,4
Onion,Punjab,Ludhiana,2202.6580000000004,1921.09,2558.99,111.99263980280156,5,2022-05-01,2022,5
Onion,Punjab,Ludhiana,2129.815,1547.31,2615.24,345.4364289320589,4,2022-06-01,2022,6
Onion,Punjab,Ludhiana,2120.266,1608.36,2548.99,225.90960466522887,5,2022-07-01,2022,7
Onion,Punjab,Ludhiana,1984.625,1638.85,2373.17,193.48637273289646,4,2022-08-01,2022,8
Onion,Punjab,Ludhiana,2705.455,2232.99,3091.09,203.1809371799759,4,2022-09-01,2022,9
Onion,Punjab,Ludhiana,2926.566,2558.69,3335.98,147.03865896423287,5,2022-10-01,2022,10
Onion,Punjab,Ludhiana,3251.1825,2613.45,4000.92,398.3609315160478,4,2022-11-01,2022,11
Onion,Punjab,Ludhiana,3171.04,2678.39,3668.26,202.5829425198479,4,2022-12-01,2022,12
Onion,Punjab,Ludhiana,3372.986,2876.0,3972.65,197.74078115047493,5,2023-01-01,2023,1
Onion,Punjab,Ludhiana,2717.0825,2383.12,3189.98,161.77208028066326,4,2023-02-01,2023,2
Onion,Punjab,Ludhiana,2346.8125,1863.3,2777.63,230.00713704506367,4,2023-03-01,2023,3
Onion,Punjab,Ludhiana,1944.764,1609.8,2321.0,160.67800107668748,5,2023-04-01,2023,4
Onion,Punjab,Ludhiana,1763.045,1559.87,2007.77,75.15196094137086,4,2023-05-01,2023,5
Onion,Punjab,Ludhiana,1669.9025,1219.97,2410.19,419.10828086744664,4,2023-06-01,2023,6
Onion,Punjab,Ludhiana,1757.97,1440.19,2219.83,215.82618295749012,5,2023-07-01,2023,7
Onion,Punjab,Ludhiana,1996.12,1654.11,2297.26,147.45954880350527,4,2023-08-01,2023,8
Onion,Punjab,Ludhiana,2144.5825,1615.25,2569.6,271.8091920661747,4,2023-09-01,2023,9
Onion,Punjab,Ludhiana,2886.1279999999997,2165.78,3334.87,301.7194490250834,5,2023-10-01,2023,10
Onion,Punjab,Ludhiana,2845.3775,2390.51,3554.57,325.9065639489329,4,2023-11-01,2023,11
Onion,Punjab,Ludhiana,3515.6220000000003,2841.48,4288.56,406.0324039654963,5,2023-12-01,2023,12
Onion,Punjab,Ludhiana,3239.9125,2723.13,3863.61,261.1677359316551,4,2024-01-01,2024,1
Onion,Punjab,Ludhiana,2742.1475,2355.85,3313.95,229.21732109870445,4,2024-02-01,2024,2
Onion,Punjab,Ludhiana,2334.276,1740.89,2914.88,310.3159779643967,5,2024-03-01,2024,3
Onion,Punjab,Ludhiana,2120.6949999999997,1637.25,2784.65,335.7281543650062,4,2024-04-01,2024,4
Onion,Punjab,Ludhiana,1630.44,1194.39,2091.87,261.4791801782059,4,2024-05-01,2024,5
Onion,Punjab,Ludhiana,1308.4959999999999,701.38,1738.09,324.8347291777774,5,2024-06-01,2024,6
Onion,Punjab,Ludhiana,1283.135,1013.47,1626.77,180.8377846763963,4,2024-07-01,2024,7
Onion,Punjab,Ludhiana,1973.66,1572.41,2377.74,206.91405446062225,4,2024-08-01,2024,8
Onion,Punjab,Ludhiana,2253.75,1890.95,2683.83,153.2036726061095,5,2024-09-01,2024,9
Onion,Punjab,Ludhiana,2660.7275,2271.99,3336.08,288.2821344186974,4,2024-10-01,2024,10
Onion,Punjab,Ludhiana,2446.8900000000003,1958.1,2924.11,255.79290946649286,4,2024-11-01,2024,11
Onion,Punjab,Ludhiana,3080.98,2433.24,3771.16,360.31013814490444,5,2024-12-01,2024,12
Onion,Punjab,Ludhiana,2817.6324999999997,2279.54,3516.0,331.24200089712855,4,2025-01-01,2025,1
Onion,Punjab,Ludhiana,2368.9925,2078.74,2630.54,77.32131805006935,4,2025-02-01,2025,2
Onion,Punjab,Ludhiana,2216.338,1767.7,2669.01,248.5493748131343,5,2025-03-01,2025,3
Onion,Punjab,Ludhiana,1683.8225,1101.44,2021.74,324.934330839838,4,2025-04-01,2025,4
Onion,Punjab,Ludhiana,1454.6875,1175.95,1873.54,196.70375447611573,4,2025-05-01,2025,5
Onion,Punjab,Ludhiana,1115.768,630.79,1695.05,424.52328324839857,5,2025-06-01,2025,6
Onion,Punjab,Ludhiana,1084.43,597.83,1600.06,341.4822169113154,4,2025-07-01,2025,7
Onion,Punjab,Ludhiana,1485.8200000000002,1214.49,1934.01,196.59027353864684,5,2025-08-01,2025,8
Onion,Punjab,Ludhiana,2284.4475,1863.32,2849.0,257.6205661271373,4,2025-09-01,2025,9
Onion,Punjab,Ludhiana,2550.9775,2227.08,3034.01,180.50359301594705,4,2025-10-01,2025,10
Onion,Punjab,Ludhiana,2830.614,2411.88,3235.09,147.26535804458538,5,2025-11-01,2025,11
Onion,Punjab,Ludhiana,2872.815,2415.26,3424.58,287.2566228421316,4,2025-12-01,2025,12
Onion,Punjab,Ludhiana,2974.7225,2530.9,3500.46,203.1893250763928,4,2026-01-01,2026,1
Onion,Punjab,Ludhiana,2690.3725,2154.91,3143.42,253.3133529017634,4,2026-02-01,2026,2
Onion,Punjab,Ludhiana,2067.16,1738.41,2450.08,161.39325528038648,5,2026-03-01,2026,3
Onion,Punjab,Ludhiana,1458.3600000000001,1142.54,1721.77,164.2424466046053,4,2026-04-01,2026,4
Onion,Punjab,Ludhiana,980.632,749.0,1377.67,192.87486272192126,5,2026-05-01,2026,5
Onion,Punjab,Ludhiana,855.3399999999999,579.04,1165.18,192.1002583722017,4,2026-06-01,2026,6
Onion,Punjab,Ludhiana,683.13,374.31,1256.23,355.22332308938655,4,2026-07-01,2026,7
Onion,Punjab,Ludhiana,1001.202,564.55,1385.36,254.07706738310722,5,2026-08-01,2026,8
Onion,Maharashtra,Nashik,2658.8825,2262.25,3121.22,198.11953300554032,4,2020-01-01,2020,1
Onion,Maharashtra,Nashik,2549.7875,1991.71,3083.14,337.78077332050754,4,2020-02-01,2020,2
Onion,Maharashtra,Nashik,2090.71,1750.76,2612.41,218.80483324186426,5,2020-03-01,2020,3
Onion,Maharashtra,Nashik,1814.635,1264.49,2246.32,315.4613828981291,4,2020-04-01,2020,4
Onion,Maharashtra,Nashik,1284.232,919.74,1925.04,318.6951469194346,5,2020-05-01,2020,5
Onion,Maharashtra,Nashik,1340.295,916.31,1659.21,237.41895747110564,4,2020-06-01,2020,6
Onion,Maharashtra,Nashik,1923.78,1678.08,2130.49,69.65390489173357,4,2020-07-01,2020,7
Onion,Maharashtra,Nashik,2337.988,1796.59,2939.07,282.70404546097325,5,2020-08-01,2020,8
Onion,Maharashtra,Nashik,2904.285,2139.36,3688.88,447.80593873537094,4,2020-09-01,2020,9
Onion,Maharashtra,Nashik,3359.0175,2772.08,4157.77,352.3300641325782,4,2020-10-01,2020,10
Onion,Maharashtra,Nashik,3926.9840000000004,3485.1,4473.0,155.84815423995244,5,2020-11-01,2020,11
Onion,Maharashtra,Nashik,4356.11,3675.31,5234.43,368.23933005587526,4,2020-12-01,2020,12
Onion,Maharashtra,Nashik,4097.878,3550.46,4771.82,274.9159683794305,5,2021-01-01,2021,1
Onion,Maharashtra,Nashik,3347.4925,2882.1,3831.44,170.53866626564985,4,2021-02-01,2021,2
Onion,Maharashtra,Nashik,3141.2,2466.62,3815.33,350.43511115944597,4,2021-03-01,2021,3
Onion,Maharashtra,Nashik,2801.0125,2327.77,3255.96,202.0953344958762,4,2021-04-01,2021,4
Onion,Maharashtra,Nashik,2521.954,2017.73,3032.21,238.34850425375032,5,2021-05-01,2021,5
Onion,Maharashtra,Nashik,2351.895,2037.17,2670.78,106.61097707709702,4,2021-06-01,2021,6
Onion,Maharashtra,Nashik,2720.225,2268.87,3418.24,314.7643428026751,4,2021-07-01,2021,7
Onion,Maharashtra,Nashik,2970.208,2527.57,3576.38,220.0988609011868,5,2021-08-01,2021,8
Onion,Maharashtra,Nashik,3198.52,2709.83,3684.98,221.02409205031657,4,2021-09-01,2021,9
Onion,Maharashtra,Nashik,3995.6240000000007,3457.84,4626.36,214.24637693552728,5,2021-10-01,2021,10
Onion,Maharashtra,Nashik,4478.51,3950.22,4968.61,140.16911476260833,4,2021-11-01,2021,11
Onion,Maharashtra,Nashik,4666.3225,3902.89,5439.11,326.50587553416756,4,2021-12-01,2021,12
Onion,Maharashtra,Nashik,4298.606,3701.02,4885.01,178.7737196290326,5,2022-01-01,2022,1
Onion,Maharashtra,Nashik,4065.465,3414.83,4751.82,281.83234431129466,4,2022-02-01,2022,2
Onion,Maharashtra,Nashik,3777.395,3289.25,4231.45,160.73894643178414,4,2022-03-01,2022,3
Onion,Maharashtra,Nashik,3453.38,3053.65,3904.48,149.44100664364743,4,2022-04-01,2022,4
Onion,Maharashtra,Nashik,2929.348,2201.79,3463.31,340.45865368646446,5,2022-05-01,2022,5
Onion,Maharashtra,Nashik,2688.8375,2279.87,3419.97,320.61266915859704,4,2022-06-01,2022,6
Onion,Maharashtra,Nashik,2552.642,1996.37,3057.62,316.1747778840053,5,2022-07-01,2022,7
Onion,Maharashtra,Nashik,3344.8375,2654.64,3848.86,317.60402646219717,4,2022-08-01,2022,8
Onion,Maharashtra,Nashik,3392.87,2902.01,3925.98,223.74099803120575,4,2022-09-01,2022,9
Onion,Maharashtra,Nashik,3810.4980000000005,3059.74,4409.38,301.915798394188,5,2022-10-01,2022,10
Onion,Maharashtra,Nashik,4065.8925000000004,3523.24,4911.22,326.8012440179302,4,2022-11-01,2022,11
Onion,Maharashtra,Nashik,4594.8875,3967.74,5390.74,313.21242199450916,4,2022-12-01,2022,12
Onion,Maharashtra,Nashik,4602.602,3815.42,5472.97,355.70446626377947,5,2023-01-01,2023,1
Onion,Maharashtra,Nashik,4435.305,3863.35,5050.85,209.09265258891034,4,2023-02-01,2023,2
Onion,Maharashtra,Nashik,3795.5475,3196.61,4439.08,355.8950295967433,4,2023-03-01,2023,3
Onion,Maharashtra,Nashik,2768.112,2392.29,3185.83,126.47303712649594,5,2023-04-01,2023,4
Onion,Maharashtra,Nashik,2489.21,1654.16,3065.92,478.3811660869046,4,2023-05-01,2023,5
Onion,Maharashtra,Nashik,2028.5175,1611.7,2383.21,208.82588079945148,4,2023-06-01,2023,6
Onion,Maharashtra,Nashik,1775.9,1428.83,2139.63,173.4105860378772,5,2023-07-01,2023,7
Onion,Maharashtra,Nashik,2087.9475,1725.94,2483.3,192.81492704577278,4,2023-08-01,2023,8
Onion,Maharashtra,Nashik,2561.2725,2132.79,2986.34,231.594196008881,4,2023-09-01,2023,9
Onion,Maharashtra,Nashik,3041.112,2628.08,3453.45,136.84186081020664,5,2023-10-01,2023,10
Onion,Maharashtra,Nashik,2845.115,2468.9,3253.85,169.09388959983178,4,2023-11-01,2023,11
Onion,Maharashtra,Nashik,3036.472,2397.57,3851.98,393.06371445352215,5,2023-12-01,2023,12
Onion,Maharashtra,Nashik,2475.425,1907.43,3052.17,396.9303606847593,4,2024-01-01,2024,1
Onion,Maharashtra,Nashik,1919.97,1624.31,2248.87,159.26607569305745,4,2024-02-01,2024,2
Onion,Maharashtra,Nashik,1552.394,1191.99,2009.05,214.0502350617723,5,2024-03-01,2024,3
Onion,Maharashtra,Nashik,1365.375,985.6,1860.96,269.7348649445723,4,2024-04-01,2024,4
Onion,Maharashtra,Nashik,533.11,260.37,933.62,279.5169942358902,4,2024-05-01,2024,5
Onion,Maharashtra,Nashik,416.258,184.0,946.23,264.8813606503863,5,2024-06-01,2024,6
Onion,Maharashtra,Nashik,578.3299999999999,345.63,989.54,235.03252342317788,4,2024-07-01,2024,7
Onion,Maharashtra,Nashik,1262.3825,900.88,1876.55,338.74324479119383,4,2024-08-01,2024,8
Onion,Maharashtra,Nashik,1629.444,1127.38,2096.56,270.92414940348147,5,2024-09-01,2024,9
Onion,Maharashtra,Nashik,1773.3825,1309.61,2157.23,245.93188750478586,4,2024-10-01,2024,10
Onion,Maharashtra,Nashik,2357.1825,1977.68,2735.49,175.18595574893178,4,2024-11-01,2024,11
Onion,Maharashtra,Nashik,2484.48,1880.33,3236.69,401.7440727005189,5,2024-12-01,2024,12
Onion,Maharashtra,Nashik,2067.975,1663.3,2554.59,274.0031349577349,4,2025-01-01,2025,1
Onion,Maharashtra,Nashik,1659.085,1219.42,2146.64,300.6405240482394,4,2025-02-01,2025,2
Onion,Maharashtra,Nashik,1407.72,774.4,2106.4,404.1357283759999,5,2025-03-01,2025,3
Onion,Maharashtra,Nashik,826.2700000000001,601.38,1197.05,203.91152542217915,4,2025-04-01,2025,4
Onion,Maharashtra,Nashik,721.1375,324.48,1226.47,328.5706151778234,4,2025-05-01,2025,5
Onion,Maharashtra,Nashik,789.274,376.68,1167.4,299.4728216883796,5,2025-06-01,2025,6
Onion,Maharashtra,Nashik,911.8824999999999,543.93,1406.98,299.89689810277576,4,2025-07-01,2025,7
Onion,Maharashtra,Nashik,943.686,655.72,1289.94,220.61075501887936,5,2025-08-01,2025,8
Onion,Maharashtra,Nashik,1433.7725,583.54,1873.48,533.6531593569616,4,2025-09-01,2025,9
Onion,Maharashtra,Nashik,1794.5575000000001,1144.37,2536.16,498.2010451865792,4,2025-10-01,2025,10
Onion,Maharashtra,Nashik,2540.62,2162.38,2956.44,150.71368766638295,5,2025-11-01,2025,11
Onion,Maharashtra,Nashik,2696.3675,2180.97,3251.08,279.7668774027168,4,2025-12-01,2025,12
Onion,Maharashtra,Nashik,2599.745,1941.51,3292.97,383.92907595891546,4,2026-01-01,2026,1
Onion,Maharashtra,Nashik,2051.4325,1360.05,2631.44,465.89053545334025,4,2026-02-01,2026,2
Onion,Maharashtra,Nashik,1640.6260000000002,1342.13,1966.06,155.96706120203723,5,2026-03-01,2026,3
Onion,Maharashtra,Nashik,949.9575,656.46,1181.1,168.81527959577593,4,2026-04-01,2026,4
Onion,Maharashtra,Nashik,894.6020000000001,516.13,1274.53,221.93231731769035,5,2026-05-01,2026,5
Onion,Maharashtra,Nashik,771.8575,513.48,1146.08,239.54894967765293,4,2026-06-01,2026,6
Onion,Maharashtra,Nashik,964.6475,645.46,1222.44,185.51810664101407,4,2026-07-01,2026,7
Onion,Maharashtra,Nashik,1112.408,669.34,1500.07,262.91918334347537,5,2026-08-01,2026,8
Onion,Maharashtra,Pune,2904.1425,2454.07,3361.74,207.2633880476722,4,2020-01-01,2020,1
Onion,Maharashtra,Pune,2260.585,1905.07,2644.47,186.37366489573233,4,2020-02-01,2020,2
Onion,Maharashtra,Pune,2125.8,1649.74,2634.64,284.96181156428673,5,2020-03-01,2020,3
Onion,Maharashtra,Pune,1659.3875,1399.41,2085.95,188.23290916220438,4,2020-04-01,2020,4
Onion,Maharashtra,Pune,1607.01,817.69,2128.3,440.734875009909,5,2020-05-01,2020,5
Onion,Maharashtra,Pune,1868.1000000000001,1342.0,2439.76,382.55806234696803,4,2020-06-01,2020,6
Onion,Maharashtra,Pune,1893.995,1480.3,2444.38,271.6914289532643,4,2020-07-01,2020,7
Onion,Maharashtra,Pune,2081.2120000000004,1409.77,2502.59,322.85059062978354,5,2020-08-01,2020,8
Onion,Maharashtra,Pune,2468.665,1868.22,2929.19,302.63812829846813,4,2020-09-01,2020,9
Onion,Maharashtra,Pune,2911.255,2343.79,3416.94,263.54497585801175,4,2020-10-01,2020,10
Onion,Maharashtra,Pune,3096.084,2499.05,3780.04,293.68323833681745,5,2020-11-01,2020,11
Onion,Maharashtra,Pune,3252.7349999999997,2623.26,3824.59,316.65281950426396,4,2020-12-01,2020,12
Onion,Maharashtra,Pune,2725.674,2345.13,3284.24,197.55881321773543,5,2021-01-01,2021,1
Onion,Maharashtra,Pune,2545.45,2013.43,3451.39,451.3418769255369,4,2021-02-01,2021,2
Onion,Maharashtra,Pune,1731.805,1109.89,2167.95,366.22712574757924,4,2021-03-01,2021,3
Onion,Maharashtra,Pune,1193.7350000000001,757.39,1640.54,350.1277946217162,4,2021-04-01,2021,4
Onion,Maharashtra,Pune,674.2940000000001,260.58,1057.47,262.8768724707444,5,2021-05-01,2021,5
Onion,Maharashtra,Pune,617.18,268.28,838.27,221.05380868316496,4,2021-06-01,2021,6
Onion,Maharashtra,Pune,633.925,188.85,1089.36,329.69695585491843,4,2021-07-01,2021,7
Onion,Maharashtra,Pune,1114.682,816.39,1517.42,194.35492808261895,5,2021-08-01,2021,8
Onion,Maharashtra,Pune,1086.6925,743.63,1537.3,253.7737050175478,4,2021-09-01,2021,9
Onion,Maharashtra,Pune,1556.042,926.83,2135.39,433.79211261847536,5,2021-10-01,2021,10
Onion,Maharashtra,Pune,1875.03,1500.63,2248.89,187.0160119704549,4,2021-11-01,2021,11
Onion,Maharashtra,Pune,2064.94,1666.34,2766.05,337.4612032021855,4,2021-12-01,2021,12
Onion,Maharashtra,Pune,2463.468,1962.29,3037.67,250.56020128903143,5,2022-01-01,2022,1
Onion,Maharashtra,Pune,2158.33,1563.86,2800.36,424.5826305915022,4,2022-02-01,2022,2
Onion,Maharashtra,Pune,1651.91,1013.52,2451.85,514.1905537833226,4,2022-03-01,2022,3
Onion,Maharashtra,Pune,1236.07,979.88,1612.69,182.63046021953735,4,2022-04-01,2022,4
Onion,Maharashtra,Pune,1000.268,664.52,1312.07,212.15263319129474,5,2022-05-01,2022,5
Onion,Maharashtra,Pune,829.3900000000001,552.46,1278.38,249.58887608759068,4,2022-06-01,2022,6
Onion,Maharashtra,Pune,1091.656,731.83,1385.86,203.12214066910582,5,2022-07-01,2022,7
Onion,Maharashtra,Pune,1497.7975000000001,1211.71,1829.2,154.2237634899369,4,2022-08-01,2022,8
Onion,Maharashtra,Pune,2240.2725,1780.77,2606.95,212.58788165133046,4,2022-09-01,2022,9
Onion,Maharashtra,Pune,2927.058,2044.6,3768.85,465.5481173520091,5,2022-10-01,2022,10
Onion,Maharashtra,Pune,3281.8075,2786.1,3907.09,247.22988834618408,4,2022-11-01,2022,11
Onion,Maharashtra,Pune,3722.3325,3340.05,4222.99,127.99361478214449,4,2022-12-01,2022,12
Onion,Maharashtra,Pune,3117.06,2667.3,3571.04,164.71243350154265,5,2023-01-01,2023,1
Onion,Maharashtra,Pune,2838.3725,2315.53,3448.78,307.9270053519177,4,2023-02-01,2023,2
Onion,Maharashtra,Pune,2470.8525,1991.65,2927.55,234.79078990667412,4,2023-03-01,2023,3
Onion,Maharashtra,Pune,2073.034,1783.63,2387.64,126.62725034525553,5,2023-04-01,2023,4
Onion,Maharashtra,Pune,2139.16,1338.02,2834.76,493.09596800893314,4,2023-05-01,2023,5
Onion,Maharashtra,Pune,1983.135,1650.03,2334.8,151.7335187096113,4,2023-06-01,2023,6
Onion,Maharashtra,Pune,1973.5520000000001,1559.09,2503.65,236.72242124479905,5,2023-07-01,2023,7
Onion,Maharashtra,Pune,2631.62,2167.15,3122.41,259.74728384848726,4,2023-08-01,2023,8
Onion,Maharashtra,Pune,3145.2475,2434.5,3648.31,336.86568039056766,4,2023-09-01,2023,9
Onion,Maharashtra,Pune,3559.62,2822.99,4245.05,325.1076384830111,5,2023-10-01,2023,10
Onion,Maharashtra,Pune,4375.200000000001,3763.43,5069.47,261.9330144648947,4,2023-11-01,2023,11
Onion,Maharashtra,Pune,4486.49,3653.55,5124.24,313.5003570970853,5,2023-12-01,2023,12
Onion,Maharashtra,Pune,4394.327499999999,3893.38,5041.29,189.61161170051415,4,2024-01-01,2024,1
Onion,Maharashtra,Pune,4241.6575,3296.6,5250.53,575.0682130770803,4,2024-02-01,2024,2
Onion,Maharashtra,Pune,3739.7120000000004,3314.45,4211.88,112.48099781740915,5,2024-03-01,2024,3
Onion,Maharashtra,Pune,3038.9525000000003,2574.24,3602.42,224.9325197142468,4,2024-04-01,2024,4
Onion,Maharashtra,Pune,3398.5325,2933.37,3811.0,147.3896951112933,4,2024-05-01,2024,5
Onion,Maharashtra,Pune,2958.886,2517.29,3439.76,203.6825697746373,5,2024-06-01,2024,6
Onion,Maharashtra,Pune,2830.425,2269.7,3610.34,433.73325523874684,4,2024-07-01,2024,7
Onion,Maharashtra,Pune,3194.5,2595.4,3732.19,273.9104113878599,4,2024-08-01,2024,8
Onion,Maharashtra,Pune,3754.7799999999997,3007.13,4468.97,365.40600193483397,5,2024-09-01,2024,9
Onion,Maharashtra,Pune,4140.4675,3481.85,4858.75,316.1669674264956,4,2024-10-01,2024,10
Onion,Maharashtra,Pune,4361.265,3547.83,5125.64,371.8062278929711,4,2024-11-01,2024,11
Onion,Maharashtra,Pune,4925.32,4051.61,5806.04,357.9717063540076,5,2024-12-01,2024,12
Onion,Maharashtra,Pune,4807.48,3969.91,5599.59,406.69621299769517,4,2025-01-01,2025,1
Onion,Maharashtra,Pune,4231.01,3665.54,4679.62,165.10039632498328,4,2025-02-01,2025,2
Onion,Maharashtra,Pune,3876.1400000000003,3170.92,4479.89,277.5634861612747,5,2025-03-01,2025,3
Onion,Maharashtra,Pune,3306.9700000000003,2796.81,3939.41,296.0591011943391,4,2025-04-01,2025,4
Onion,Maharashtra,Pune,3088.7275,2511.74,3562.28,251.81751731164363,4,2025-05-01,2025,5
Onion,Maharashtra,Pune,3010.192,2558.5,3578.82,266.59429208068207,5,2025-06-01,2025,6
Onion,Maharashtra,Pune,3017.1749999999997,2360.41,3531.32,310.1875064645038,4,2025-07-01,2025,7
Onion,Maharashtra,Pune,2854.05,2274.55,3319.78,233.15452268828057,5,2025-08-01,2025,8
Onion,Maharashtra,Pune,3439.4474999999998,3036.45,3892.61,149.39926781949106,4,2025-09-01,2025,9
Onion,Maharashtra,Pune,4024.4325,3518.04,4473.82,150.90304953291482,4,2025-10-01,2025,10
Onion,Maharashtra,Pune,4066.442,3487.5,4922.71,297.2901111204339,5,2025-11-01,2025,11
Onion,Maharashtra,Pune,4186.16,3689.79,4737.84,192.4922836548694,4,2025-12-01,2025,12
Onion,Maharashtra,Pune,4022.57,3336.49,4747.86,329.3966282968505,4,2026-01-01,2026,1
Onion,Maharashtra,Pune,3572.855,3075.12,4141.85,202.16232792816103,4,2026-02-01,2026,2
Onion,Maharashtra,Pune,3384.798,2847.06,4094.34,363.80713272282054,5,2026-03-01,2026,3
Onion,Maharashtra,Pune,2860.115,2338.57,3551.95,326.0422223680036,4,2026-04-01,2026,4
Onion,Maharashtra,Pune,2231.176,1740.72,3176.61,431.8698123624759,5,2026-05-01,2026,5
Onion,Maharashtra,Pune,2251.385,1864.7,2609.91,182.0592353237448,4,2026-06-01,2026,6
Onion,Maharashtra,Pune,2026.585,1648.54,2639.29,286.2545372566171,4,2026-07-01,2026,7
Onion,Maharashtra,Pune,2036.068,1598.34,2519.22,258.5748991491634,5,2026-08-01,2026,8
Potato,Uttarakhand,Dehradun,1586.5825,1294.82,1892.05,155.92095740577443,4,2020-01-01,2020,1
Potato,Uttarakhand,Dehradun,1644.5625,1413.91,1973.83,126.43922502530613,4,2020-02-01,2020,2
Potato,Uttarakhand,Dehradun,1440.384,1238.87,1692.31,88.66094703983272,5,2020-03-01,2020,3
Potato,Uttarakhand,Dehradun,1140.055,939.29,1532.24,189.16446327644803,4,2020-04-01,2020,4
Potato,Uttarakhand,Dehradun,1066.288,802.36,1336.45,137.08776721502178,5,2020-05-01,2020,5
Potato,Uttarakhand,Dehradun,990.9449999999999,827.14,1279.05,130.63185586474168,4,2020-06-01,2020,6
Potato,Uttarakhand,Dehradun,913.2725,693.41,1185.42,141.12512423968545,4,2020-07-01,2020,7
Potato,Uttarakhand,Dehradun,784.366,661.86,975.09,70.15027248699754,5,2020-08-01,2020,8
Potato,Uttarakhand,Dehradun,842.7475,645.79,1060.57,134.60191959379083,4,2020-09-01,2020,9
Potato,Uttarakhand,Dehradun,965.1175000000001,738.56,1264.1,166.77333847171138,4,2020-10-01,2020,10
Potato,Uttarakhand,Dehradun,1239.086,934.66,1716.3,220.47482901682915,5,2020-11-01,2020,11
Potato,Uttarakhand,Dehradun,1487.05,1270.06,1737.54,101.10649138408475,4,2020-12-01,2020,12
Potato,Uttarakhand,Dehradun,1739.752,1499.96,1964.96,77.41851471062985,5,2021-01-01,2021,1
Potato,Uttarakhand,Dehradun,1684.7450000000001,1365.41,1983.63,146.66292249008725,4,2021-02-01,2021,2
Potato,Uttarakhand,Dehradun,1704.77,1457.87,1951.05,92.78736336376843,4,2021-03-01,2021,3
Potato,Uttarakhand,Dehradun,1543.295,1369.27,1748.93,65.72858966994514,4,2021-04-01,2021,4
Potato,Uttarakhand,Dehradun,1344.938,1086.68,1637.98,120.82092645729874,5,2021-05-01,2021,5
Potato,Uttarakhand,Dehradun,1107.4650000000001,942.04,1382.07,116.50164934454787,4,2021-06-01,2021,6
Potato,Uttarakhand,Dehradun,1032.2125,832.4,1192.74,90.94205311625645,4,2021-07-01,2021,7
Potato,Uttarakhand,Dehradun,1037.75,762.84,1353.54,189.04974966923388,5,2021-08-01,2021,8
Potato,Uttarakhand,Dehradun,1041.0025,919.03,1164.1,33.706100708922115,4,2021-09-01,2021,9
Potato,Uttarakhand,Dehradun,1364.184,1070.59,1720.57,200.56695124072652,5,2021-10-01,2021,10
Potato,Uttarakhand,Dehradun,1587.895,1372.86,1890.6,116.07577424538964,4,2021-11-01,2021,11
Potato,Uttarakhand,Dehradun,1777.685,1474.28,2070.65,159.3021415424161,4,2021-12-01,2021,12
Potato,Uttarakhand,Dehradun,2058.114,1728.04,2357.2,127.9019355991144,5,2022-01-01,2022,1
Potato,Uttarakhand,Dehradun,2118.5475,1871.2,2452.59,106.78510425928626,4,2022-02-01,2022,2
Potato,Uttarakhand,Dehradun,2180.015,1906.64,2435.64,86.69902325478256,4,2022-03-01,2022,3
Potato,Uttarakhand,Dehradun,1922.5674999999999,1695.68,2237.75,101.94203005466711,4,2022-04-01,2022,4
Potato,Uttarakhand,Dehradun,1618.4560000000001,1249.32,1909.84,158.07169079250087,5,2022-05-01,2022,5
Potato,Uttarakhand,Dehradun,1494.355,1317.54,1732.68,78.87012721345558,4,2022-06-01,2022,6
Potato,Uttarakhand,Dehradun,1344.3899999999999,1117.84,1583.97,97.15033170298501,5,2022-07-01,2022,7
Potato,Uttarakhand,Dehradun,1198.9625,1039.33,1370.83,69.72965957897681,4,2022-08-01,2022,8
Potato,Uttarakhand,Dehradun,1252.6575,966.56,1455.62,136.67874045244446,4,2022-09-01,2022,9
Potato,Uttarakhand,Dehradun,1429.066,1193.37,1725.64,138.31897476485284,5,2022-10-01,2022,10
Potato,Uttarakhand,Dehradun,1719.2825,1547.15,1882.28,28.200204934243494,4,2022-11-01,2022,11
Potato,Uttarakhand,Dehradun,1720.1675,1426.77,1997.69,124.54146200496182,4,2022-12-01,2022,12
Potato,Uttarakhand,Dehradun,1797.39,1494.34,2092.2,122.48147308879014,5,2023-01-01,2023,1
Potato,Uttarakhand,Dehradun,1935.9575,1655.38,2326.57,152.36916844186905,4,2023-02-01,2023,2
Potato,Uttarakhand,Dehradun,1880.315,1656.22,2206.49,111.12628266976263,4,2023-03-01,2023,3
Potato,Uttarakhand,Dehradun,1825.0400000000002,1622.4,2046.03,52.17806196094294,5,2023-04-01,2023,4
Potato,Uttarakhand,Dehradun,1485.0925,1259.61,1704.85,89.09297853927652,4,2023-05-01,2023,5
Potato,Uttarakhand,Dehradun,1391.38,1204.79,1615.92,78.50029681472554,4,2023-06-01,2023,6
Potato,Uttarakhand,Dehradun,1080.7220000000002,882.43,1460.63,160.77966575409963,5,2023-07-01,2023,7
Potato,Uttarakhand,Dehradun,1033.815,851.83,1228.44,116.77512591872186,4,2023-08-01,2023,8
Potato,Uttarakhand,Dehradun,1007.1500000000001,881.7,1148.02,46.441723338681925,4,2023-09-01,2023,9
Potato,Uttarakhand,Dehradun,1337.4360000000001,1038.01,1650.46,152.1007198536549,5,2023-10-01,2023,10
Potato,Uttarakhand,Dehradun,1401.3925,1197.7,1800.11,177.142207162306,4,2023-11-01,2023,11
Potato,Uttarakhand,Dehradun,1613.9180000000001,1385.67,1825.61,76.6887708207662,5,2023-12-01,2023,12
Potato,Uttarakhand,Dehradun,1955.935,1689.21,2217.51,90.29152064285994,4,2024-01-01,2024,1
Potato,Uttarakhand,Dehradun,1998.9499999999998,1706.47,2334.64,127.2750370915941,4,2024-02-01,2024,2
Potato,Uttarakhand,Dehradun,2014.39,1765.25,2290.38,83.17125735492993,5,2024-03-01,2024,3
Potato,Uttarakhand,Dehradun,1886.7675,1676.64,2188.11,93.8002400050234,4,2024-04-01,2024,4
Potato,Uttarakhand,Dehradun,1682.8075,1431.63,1971.06,135.89754998404743,4,2024-05-01,2024,5
Potato,Uttarakhand,Dehradun,1670.0919999999999,1362.31,2096.03,196.64273548748238,5,2024-06-01,2024,6
Potato,Uttarakhand,Dehradun,1663.31,1398.1,1890.9,100.01587040731744,4,2024-07-01,2024,7
Potato,Uttarakhand,Dehradun,1596.3975,1416.82,1747.12,37.714459981108824,4,2024-08-01,2024,8
Potato,Uttarakhand,Dehradun,1506.714,1187.49,1802.38,147.73275340966197,5,2024-09-01,2024,9
Potato,Uttarakhand,Dehradun,1624.125,1335.45,2014.54,178.35670429413827,4,2024-10-01,2024,10
Potato,Uttarakhand,Dehradun,1995.1225,1742.92,2305.26,104.02524897831296,4,2024-11-01,2024,11
Potato,Uttarakhand,Dehradun,2342.98,2042.53,2699.93,114.02938371314652,5,2024-12-01,2024,12
Potato,Uttarakhand,Dehradun,2485.1549999999997,2072.52,2872.5,171.33783168543573,4,2025-01-01,2025,1
Potato,Uttarakhand,Dehradun,2731.165,2292.94,3178.02,194.0397588983591,4,2025-02-01,2025,2
Potato,Uttarakhand,Dehradun,2746.134,2322.03,3098.36,130.62906387936798,5,2025-03-01,2025,3
Potato,Uttarakhand,Dehradun,2626.1525,2276.37,2984.23,143.43157936219376,4,2025-04-01,2025,4
Potato,Uttarakhand,Dehradun,2454.785,2102.09,2894.79,178.13148261887886,4,2025-05-01,2025,5
Potato,Uttarakhand,Dehradun,2137.3540000000003,1799.25,2421.82,112.95645501696656,5,2025-06-01,2025,6
Potato,Uttarakhand,Dehradun,2196.5975,1815.28,2577.73,180.2014009148282,4,2025-07-01,2025,7
Potato,Uttarakhand,Dehradun,2012.7279999999998,1697.4,2325.06,125.09160051738094,5,2025-08-01,2025,8
Potato,Uttarakhand,Dehradun,2065.23,1833.82,2298.38,55.69813222481828,4,2025-09-01,2025,9
Potato,Uttarakhand,Dehradun,2224.9075,1922.54,2492.2,98.11501460870647,4,2025-10-01,2025,10
Potato,Uttarakhand,Dehradun,2476.298,2205.68,2755.75,62.92277981780539,5,2025-11-01,2025,11
Potato,Uttarakhand,Dehradun,2558.49,2293.31,2940.69,110.63357929067786,4,2025-12-01,2025,12
Potato,Uttarakhand,Dehradun,2744.9275,2415.03,3077.19,94.19556124538619,4,2026-01-01,2026,1
Potato,Uttarakhand,Dehradun,3020.1775,2571.81,3545.17,220.95289563992307,4,2026-02-01,2026,2
Potato,Uttarakhand,Dehradun,2745.826,2436.01,3058.78,65.5048573008139,5,2026-03-01,2026,3
Potato,Uttarakhand,Dehradun,2328.9275,1977.4,2641.75,126.72135609938304,4,2026-04-01,2026,4
Potato,Uttarakhand,Dehradun,2072.4260000000004,1799.32,2425.46,111.7651085088723,5,2026-05-01,2026,5
Potato,Uttarakhand,Dehradun,1882.405,1606.41,2210.15,125.05853949251126,4,2026-06-01,2026,6
Potato,Uttarakhand,Dehradun,1819.0975,1509.34,2192.57,165.54956385223937,4,2026-07-01,2026,7
Potato,Uttarakhand,Dehradun,1600.028,1289.73,1931.55,149.13727944414165,5,2026-08-01,2026,8
Potato,Uttar Pradesh,Lucknow,1507.84,1213.51,1832.35,156.01653480747905,4,2020-01-01,2020,1
Potato,Uttar Pradesh,Lucknow,1571.0075000000002,1353.52,1800.27,104.8134509100175,4,2020-02-01,2020,2
Potato,Uttar Pradesh,Lucknow,1597.016,1304.82,1966.07,149.22019343909196,5,2020-03-01,2020,3
Potato,Uttar Pradesh,Lucknow,1420.15,1232.9,1623.85,85.5511694835318,4,2020-04-01,2020,4
Potato,Uttar Pradesh,Lucknow,1357.956,1163.8,1555.47,75.34657676364587,5,2020-05-01,2020,5
Potato,Uttar Pradesh,Lucknow,1139.1325,986.58,1328.01,65.65262796212615,4,2020-06-01,2020,6
Potato,Uttar Pradesh,Lucknow,1024.945,899.14,1172.62,46.634481162904855,4,2020-07-01,2020,7
Potato,Uttar Pradesh,Lucknow,1078.76,864.44,1312.21,101.47948708975626,5,2020-08-01,2020,8
Potato,Uttar Pradesh,Lucknow,1140.85,923.07,1399.71,154.22537166973098,4,2020-09-01,2020,9
Potato,Uttar Pradesh,Lucknow,1054.2825,879.65,1265.14,113.77548838978166,4,2020-10-01,2020,10
Potato,Uttar Pradesh,Lucknow,1316.2779999999998,1108.67,1596.33,111.35046236994256,5,2020-11-01,2020,11
Potato,Uttar Pradesh,Lucknow,1687.1875,1332.26,2055.88,205.73339323422115,4,2020-12-01,2020,12
Potato,Uttar Pradesh,Lucknow,1875.7779999999998,1660.45,2176.73,83.85693841299002,5,2021-01-01,2021,1
Potato,Uttar Pradesh,Lucknow,1827.9025,1633.79,2009.87,36.48441984829511,4,2021-02-01,2021,2
Potato,Uttar Pradesh,Lucknow,1866.73,1601.86,2165.72,126.6965106070408,4,2021-03-01,2021,3
Potato,Uttar Pradesh,Lucknow,1591.1875,1345.13,1829.53,97.79664765045213,4,2021-04-01,2021,4
Potato,Uttar Pradesh,Lucknow,1208.8020000000001,1016.53,1502.6,109.39377299462703,5,2021-05-01,2021,5
Potato,Uttar Pradesh,Lucknow,951.745,579.15,1389.99,290.76243607683125,4,2021-06-01,2021,6
Potato,Uttar Pradesh,Lucknow,849.25,624.31,1175.48,193.30060234429345,4,2021-07-01,2021,7
Potato,Uttar Pradesh,Lucknow,944.894,805.01,1064.07,48.653451367811535,5,2021-08-01,2021,8
Potato,Uttar Pradesh,Lucknow,949.9775,751.13,1179.0,115.31072901079065,4,2021-09-01,2021,9
Potato,Uttar Pradesh,Lucknow,1109.84,954.94,1257.31,56.95096092253412,5,2021-10-01,2021,10
Potato,Uttar Pradesh,Lucknow,1195.6875,1009.57,1420.98,105.20260306506997,4,2021-11-01,2021,11
Potato,Uttar Pradesh,Lucknow,1357.82,1070.21,1819.74,231.09979071099715,4,2021-12-01,2021,12
Potato,Uttar Pradesh,Lucknow,1476.934,1277.1,1735.71,83.4496934086639,5,2022-01-01,2022,1
Potato,Uttar Pradesh,Lucknow,1424.1200000000001,1150.67,1698.03,132.6111164269421,4,2022-02-01,2022,2
Potato,Uttar Pradesh,Lucknow,1489.955,1303.39,1744.27,86.93858004361459,4,2022-03-01,2022,3
Potato,Uttar Pradesh,Lucknow,1138.6475,943.85,1385.2,110.95284354926036,4,2022-04-01,2022,4
Potato,Uttar Pradesh,Lucknow,1006.4100000000001,774.1,1246.89,121.9266855532455,5,2022-05-01,2022,5
Potato,Uttar Pradesh,Lucknow,943.1575,839.49,1085.31,42.30749135791434,4,2022-06-01,2022,6
Potato,Uttar Pradesh,Lucknow,632.528,367.6,875.08,147.80800035857328,5,2022-07-01,2022,7
Potato,Uttar Pradesh,Lucknow,697.0425,480.52,949.37,146.2072737303677,4,2022-08-01,2022,8
Potato,Uttar Pradesh,Lucknow,685.2925,503.25,885.13,126.22899359893509,4,2022-09-01,2022,9
Potato,Uttar Pradesh,Lucknow,848.8040000000001,689.84,1065.13,96.69100283894048,5,2022-10-01,2022,10
Potato,Uttar Pradesh,Lucknow,960.8525,734.06,1152.47,118.12428408954129,4,2022-11-01,2022,11
Potato,Uttar Pradesh,Lucknow,1275.8675,1121.39,1431.99,51.52586947349846,4,2022-12-01,2022,12
Potato,Uttar Pradesh,Lucknow,1491.072,1246.94,1738.38,107.29182690214569,5,2023-01-01,2023,1
Potato,Uttar Pradesh,Lucknow,1387.8575,1085.83,1696.57,181.82050789629508,4,2023-02-01,2023,2
Potato,Uttar Pradesh,Lucknow,1517.7425,1326.58,1704.06,56.302190824750845,4,2023-03-01,2023,3
Potato,Uttar Pradesh,Lucknow,1458.394,1175.01,1702.17,122.78709512811187,5,2023-04-01,2023,4
Potato,Uttar Pradesh,Lucknow,1244.83,1013.42,1466.36,107.74234852956691,4,2023-05-01,2023,5
Potato,Uttar Pradesh,Lucknow,1074.9775,955.94,1200.66,36.34439560188988,4,2023-06-01,2023,6
Potato,Uttar Pradesh,Lucknow,836.208,614.07,1220.16,174.55477512803822,5,2023-07-01,2023,7
Potato,Uttar Pradesh,Lucknow,738.4125,575.26,910.83,117.86800339786872,4,2023-08-01,2023,8
Potato,Uttar Pradesh,Lucknow,764.15,582.47,1114.07,181.13751074805018,4,2023-09-01,2023,9
Potato,Uttar Pradesh,Lucknow,908.068,780.95,1143.79,85.57822398250619,5,2023-10-01,2023,10
Potato,Uttar Pradesh,Lucknow,1141.5125,879.84,1370.14,138.07939367745405,4,2023-11-01,2023,11
Potato,Uttar Pradesh,Lucknow,1446.46,1189.58,1726.67,127.39369097408245,5,2023-12-01,2023,12
Potato,Uttar Pradesh,Lucknow,1578.05,1212.91,1877.37,186.20060418806364,4,2024-01-01,2024,1
Potato,Uttar Pradesh,Lucknow,1524.3725,1382.4,1687.67,27.578470316535064,4,2024-02-01,2024,2
Potato,Uttar Pradesh,Lucknow,1494.866,1251.36,1794.36,109.52089563183824,5,2024-03-01,2024,3
Potato,Uttar Pradesh,Lucknow,1427.6325,1175.38,1739.44,139.25060607288808,4,2024-04-01,2024,4
Potato,Uttar Pradesh,Lucknow,1413.3025,1183.31,1648.35,101.06933243241173,4,2024-05-01,2024,5
Potato,Uttar Pradesh,Lucknow,1094.008,876.71,1384.63,129.7787481446789,5,2024-06-01,2024,6
Potato,Uttar Pradesh,Lucknow,986.0525,853.98,1192.59,81.28113449626547,4,2024-07-01,2024,7
Potato,Uttar Pradesh,Lucknow,920.085,734.42,1244.97,159.06941723662658,4,2024-08-01,2024,8
Potato,Uttar Pradesh,Lucknow,997.216,785.06,1202.04,120.56487871681371,5,2024-09-01,2024,9
Potato,Uttar Pradesh,Lucknow,1085.5225,836.97,1379.1,178.44909925522185,4,2024-10-01,2024,10
Potato,Uttar Pradesh,Lucknow,1342.415,1077.04,1590.75,126.10627541879107,4,2024-11-01,2024,11
Potato,Uttar Pradesh,Lucknow,1594.9560000000001,1291.83,1863.85,166.29427735192812,5,2024-12-01,2024,12
Potato,Uttar Pradesh,Lucknow,1709.6950000000002,1322.67,2160.47,230.5890135428543,4,2025-01-01,2025,1
Potato,Uttar Pradesh,Lucknow,1833.195,1615.49,2085.64,72.99661476169062,4,2025-02-01,2025,2
Potato,Uttar Pradesh,Lucknow,1926.15,1658.35,2238.87,123.49594730192564,5,2025-03-01,2025,3
Potato,Uttar Pradesh,Lucknow,1727.995,1424.2,2049.18,180.3769435561726,4,2025-04-01,2025,4
Potato,Uttar Pradesh,Lucknow,1512.0275000000001,1281.77,1725.84,89.84108576629446,4,2025-05-01,2025,5
Potato,Uttar Pradesh,Lucknow,1456.176,1240.14,1710.7,86.20720462931159,5,2025-06-01,2025,6
Potato,Uttar Pradesh,Lucknow,1160.74,954.92,1531.27,175.95423590619617,4,2025-07-01,2025,7
Potato,Uttar Pradesh,Lucknow,1174.888,918.21,1422.76,127.00550586490337,5,2025-08-01,2025,8
Potato,Uttar Pradesh,Lucknow,1309.7325,1077.0,1535.35,103.65422691976097,4,2025-09-01,2025,9
Potato,Uttar Pradesh,Lucknow,1424.1375,1189.29,1762.62,151.56543699559822,4,2025-10-01,2025,10
Potato,Uttar Pradesh,Lucknow,1638.078,1386.2,1905.91,93.89401775406144,5,2025-11-01,2025,11
Potato,Uttar Pradesh,Lucknow,1735.2025,1497.24,2013.8,98.7347002071714,4,2025-12-01,2025,12
Potato,Uttar Pradesh,Lucknow,1900.875,1709.41,2122.36,46.072101826014745,4,2026-01-01,2026,1
Potato,Uttar Pradesh,Lucknow,1935.315,1656.16,2243.12,115.86443702304287,4,2026-02-01,2026,2
Potato,Uttar Pradesh,Lucknow,1787.6799999999998,1471.07,2082.29,149.85404115338358,5,2026-03-01,2026,3
Potato,Uttar Pradesh,Lucknow,1502.0225,1223.32,1718.03,117.86143683014659,4,2026-04-01,2026,4
Potato,Uttar Pradesh,Lucknow,1425.0459999999998,1138.44,1715.13,171.6057698039317,5,2026-05-01,2026,5
Potato,Uttar Pradesh,Lucknow,1215.4375,1091.92,1365.29,34.32468633020075,4,2026-06-01,2026,6
Potato,Uttar Pradesh,Lucknow,1202.175,982.58,1457.23,120.78909291267425,4,2026-07-01,2026,7
Potato,Uttar Pradesh,Lucknow,1206.512,994.82,1446.76,109.45526858036574,5,2026-08-01,2026,8
Potato,Punjab,Ludhiana,1619.5375,1346.93,1962.61,151.56635452830557,4,2020-01-01,2020,1
Potato,Punjab,Ludhiana,1683.2150000000001,1460.7,2010.12,124.30390648192298,4,2020-02-01,2020,2
Potato,Punjab,Ludhiana,1586.576,1399.55,1860.56,80.84355806123338,5,2020-03-01,2020,3
Potato,Punjab,Ludhiana,1634.835,1279.53,1997.18,208.15528954765148,4,2020-04-01,2020,4
Potato,Punjab,Ludhiana,1356.3619999999999,1191.01,1523.3,41.297701752034534,5,2020-05-01,2020,5
Potato,Punjab,Ludhiana,1248.42,998.17,1523.83,158.7240966793217,4,2020-06-01,2020,6
Potato,Punjab,Ludhiana,1079.0025,915.09,1254.23,92.6656111600558,4,2020-07-01,2020,7
Potato,Punjab,Ludhiana,885.1540000000001,554.86,1129.96,174.92028493002175,5,2020-08-01,2020,8
Potato,Punjab,Ludhiana,1001.81,810.41,1253.22,137.0772762592935,4,2020-09-01,2020,9
Potato,Punjab,Ludhiana,1110.6325,979.56,1275.61,50.190889860611094,4,2020-10-01,2020,10
Potato,Punjab,Ludhiana,1321.78,1102.3,1565.85,96.53595314700104,5,2020-11-01,2020,11
Potato,Punjab,Ludhiana,1677.1375,1402.28,2074.17,173.41452503082508,4,2020-12-01,2020,12
Potato,Punjab,Ludhiana,1898.312,1580.66,2402.19,205.48745501854862,5,2021-01-01,2021,1
Potato,Punjab,Ludhiana,1973.5975,1685.87,2334.9,141.00678668655158,4,2021-02-01,2021,2
Potato,Punjab,Ludhiana,1996.5149999999999,1796.78,2200.42,41.70057193852388,4,2021-03-01,2021,3
Potato,Punjab,Ludhiana,1736.4375,1452.67,2048.28,136.24179421773135,4,2021-04-01,2021,4
Potato,Punjab,Ludhiana,1598.882,1250.64,1893.91,146.0469214670408,5,2021-05-01,2021,5
Potato,Punjab,Ludhiana,1498.675,1150.67,1781.94,183.66479729841174,4,2021-06-01,2021,6
Potato,Punjab,Ludhiana,1310.8225,922.85,1629.59,216.4514517353334,4,2021-07-01,2021,7
Potato,Punjab,Ludhiana,1351.994,1062.58,1624.68,150.53450544642573,5,2021-08-01,2021,8
Potato,Punjab,Ludhiana,1395.73,1219.35,1712.09,126.46176049172594,4,2021-09-01,2021,9
Potato,Punjab,Ludhiana,1540.438,1290.19,1895.05,150.85205175933143,5,2021-10-01,2021,10
Potato,Punjab,Ludhiana,1738.755,1449.18,1993.03,131.04714126349091,4,2021-11-01,2021,11
Potato,Punjab,Ludhiana,1706.9425,1418.08,1965.63,117.77186007276937,4,2021-12-01,2021,12
Potato,Punjab,Ludhiana,1939.386,1667.06,2279.26,115.725594964986,5,2022-01-01,2022,1
Potato,Punjab,Ludhiana,2050.545,1726.58,2346.53,127.09221284825695,4,2022-02-01,2022,2
Potato,Punjab,Ludhiana,2037.8375,1811.19,2334.22,85.32631300874698,4,2022-03-01,2022,3
Potato,Punjab,Ludhiana,1755.9825,1384.18,2157.74,203.3269241681158,4,2022-04-01,2022,4
Potato,Punjab,Ludhiana,1604.384,1217.41,1869.12,161.41625825795856,5,2022-05-01,2022,5
Potato,Punjab,Ludhiana,1228.48,978.37,1501.9,140.4585571144267,4,2022-06-01,2022,6
Potato,Punjab,Ludhiana,1006.3860000000001,709.99,1273.93,148.5898924220621,5,2022-07-01,2022,7
Potato,Punjab,Ludhiana,1070.8125,913.2,1277.24,79.96638809524914,4,2022-08-01,2022,8
Potato,Punjab,Ludhiana,972.7950000000001,679.4,1182.49,160.42105898748667,4,2022-09-01,2022,9
Potato,Punjab,Ludhiana,1163.338,1001.53,1293.12,43.409294742025004,5,2022-10-01,2022,10
Potato,Punjab,Ludhiana,1501.87,1337.23,1737.14,71.64102223354061,4,2022-11-01,2022,11
Potato,Punjab,Ludhiana,1656.11,1491.51,1832.6,31.24329474729999,4,2022-12-01,2022,12
Potato,Punjab,Ludhiana,1837.444,1581.88,2116.81,87.14675972174753,5,2023-01-01,2023,1
Potato,Punjab,Ludhiana,1788.415,1485.1,2108.26,179.472520923585,4,2023-02-01,2023,2
Potato,Punjab,Ludhiana,1721.3575,1387.34,2062.91,170.65175306746784,4,2023-03-01,2023,3
Potato,Punjab,Ludhiana,1472.16,1116.45,1743.03,160.77493165913654,5,2023-04-01,2023,4
Potato,Punjab,Ludhiana,1344.295,1095.42,1618.52,127.67411862498469,4,2023-05-01,2023,5
Potato,Punjab,Ludhiana,1164.6325,853.17,1400.61,162.80299288301387,4,2023-06-01,2023,6
Potato,Punjab,Ludhiana,949.7939999999999,693.79,1247.15,158.58256061118448,5,2023-07-01,2023,7
Potato,Punjab,Ludhiana,1029.8925,834.35,1263.46,108.68040987991657,4,2023-08-01,2023,8
Potato,Punjab,Ludhiana,1069.5925,826.81,1378.44,160.37317385294415,4,2023-09-01,2023,9
Potato,Punjab,Ludhiana,1280.274,1058.42,1500.6,111.69732910862285,5,2023-10-01,2023,10
Potato,Punjab,Ludhiana,1465.9075,1192.24,1699.79,125.51131406504088,4,2023-11-01,2023,11
Potato,Punjab,Ludhiana,1626.298,1349.7,1830.47,92.86138767001061,5,2023-12-01,2023,12
Potato,Punjab,Ludhiana,1870.8425,1476.83,2245.31,217.33649814285667,4,2024-01-01,2024,1
Potato,Punjab,Ludhiana,1868.1875,1555.48,2228.66,177.80477465936255,4,2024-02-01,2024,2
Potato,Punjab,Ludhiana,1643.346,1329.34,1956.01,179.54873385796955,5,2024-03-01,2024,3
Potato,Punjab,Ludhiana,1477.885,1193.56,1764.31,158.22266683380101,4,2024-04-01,2024,4
Potato,Punjab,Ludhiana,1228.065,1022.93,1415.31,85.98157496425233,4,2024-05-01,2024,5
Potato,Punjab,Ludhiana,1154.8200000000002,992.86,1402.0,86.28409934628753,5,2024-06-01,2024,6
Potato,Punjab,Ludhiana,1036.9675,862.43,1298.62,115.93959184995151,4,2024-07-01,2024,7
Potato,Punjab,Ludhiana,920.87,500.06,1259.76,265.6032632831657,4,2024-08-01,2024,8
Potato,Punjab,Ludhiana,885.034,643.24,1236.52,195.79775734159983,5,2024-09-01,2024,9
Potato,Punjab,Ludhiana,1000.7625,848.81,1142.14,60.67054879978146,4,2024-10-01,2024,10
Potato,Punjab,Ludhiana,1278.9424999999999,1035.1,1479.73,107.96926611309351,4,2024-11-01,2024,11
Potato,Punjab,Ludhiana,1603.7959999999998,1308.6,2035.11,177.78165563409513,5,2024-12-01,2024,12
Potato,Punjab,Ludhiana,1802.1975,1578.81,2048.11,75.49193880806091,4,2025-01-01,2025,1
Potato,Punjab,Ludhiana,1953.4425,1763.79,2151.6,41.01085740386317,4,2025-02-01,2025,2
Potato,Punjab,Ludhiana,2046.768,1732.47,2353.61,106.0020283768193,5,2025-03-01,2025,3
Potato,Punjab,Ludhiana,2051.3725,1706.56,2342.94,150.0430452403576,4,2025-04-01,2025,4
Potato,Punjab,Ludhiana,1882.59,1605.78,2107.64,93.37406242278057,4,2025-05-01,2025,5
Potato,Punjab,Ludhiana,1548.5720000000001,1319.0,1793.6,84.99639180577022,5,2025-06-01,2025,6
Potato,Punjab,Ludhiana,1327.635,1189.03,1451.4,23.917465724166213,4,2025-07-01,2025,7
Potato,Punjab,Ludhiana,1299.6380000000001,1008.58,1527.54,136.95546820043373,5,2025-08-01,2025,8
Potato,Punjab,Ludhiana,1458.26,1245.95,1677.89,97.12063460803095,4,2025-09-01,2025,9
Potato,Punjab,Ludhiana,1607.6575,1316.45,1886.16,135.93531362992715,4,2025-10-01,2025,10
Potato,Punjab,Ludhiana,1875.506,1631.05,2160.76,93.52629619524129,5,2025-11-01,2025,11
Potato,Punjab,Ludhiana,2016.2424999999998,1666.4,2296.15,145.37584127013682,4,2025-12-01,2025,12
Potato,Punjab,Ludhiana,2103.475,1873.55,2332.63,59.80860055209451,4,2026-01-01,2026,1
Potato,Punjab,Ludhiana,2160.925,1918.16,2383.11,56.62476166248596,4,2026-02-01,2026,2
Potato,Punjab,Ludhiana,2289.514,1985.13,2605.81,118.43768120830457,5,2026-03-01,2026,3
Potato,Punjab,Ludhiana,2111.19,1859.15,2399.12,99.53399854656014,4,2026-04-01,2026,4
Potato,Punjab,Ludhiana,1985.716,1711.75,2324.91,110.07599388604214,5,2026-05-01,2026,5
Potato,Punjab,Ludhiana,1569.9425,1312.82,1873.65,148.4195783075804,4,2026-06-01,2026,6
Potato,Punjab,Ludhiana,1579.77,1395.75,1823.65,77.52488847675512,4,2026-07-01,2026,7
Potato,Punjab,Ludhiana,1571.834,1289.52,1886.07,134.8010898694814,5,2026-08-01,2026,8
Potato,Maharashtra,Nashik,1622.1425,1343.07,1891.04,132.0945321540601,4,2020-01-01,2020,1
Potato,Maharashtra,Nashik,1566.03,1175.58,1889.71,205.1353493021945,4,2020-02-01,2020,2
Potato,Maharashtra,Nashik,1604.752,1267.08,2006.16,181.7146953881276,5,2020-03-01,2020,3
Potato,Maharashtra,Nashik,1311.9,1083.8,1649.91,151.61739697893069,4,2020-04-01,2020,4
Potato,Maharashtra,Nashik,1166.482,861.2,1423.32,150.6253581572505,5,2020-05-01,2020,5
Potato,Maharashtra,Nashik,1041.22,821.29,1280.02,119.78264370656262,4,2020-06-01,2020,6
Potato,Maharashtra,Nashik,932.5525,730.86,1061.53,92.2733321442333,4,2020-07-01,2020,7
Potato,Maharashtra,Nashik,832.086,633.04,1196.91,171.9128786042512,5,2020-08-01,2020,8
Potato,Maharashtra,Nashik,905.2725,747.25,1111.33,91.32711586197533,4,2020-09-01,2020,9
Potato,Maharashtra,Nashik,1146.2975000000001,1004.31,1339.92,65.1894635530416,4,2020-10-01,2020,10
Potato,Maharashtra,Nashik,1330.47,1064.3,1531.85,108.2643914221108,5,2020-11-01,2020,11
Potato,Maharashtra,Nashik,1413.67,1282.31,1576.41,30.814103913630195,4,2020-12-01,2020,12
Potato,Maharashtra,Nashik,1617.6100000000001,1364.94,1912.59,125.74874293606284,5,2021-01-01,2021,1
Potato,Maharashtra,Nashik,1757.525,1550.02,2029.21,84.10225066350289,4,2021-02-01,2021,2
Potato,Maharashtra,Nashik,1657.215,1450.88,1918.26,85.4109026998311,4,2021-03-01,2021,3
Potato,Maharashtra,Nashik,1584.725,1361.55,1781.05,78.42119207629185,4,2021-04-01,2021,4
Potato,Maharashtra,Nashik,1357.33,1104.5,1593.61,117.38514429006767,5,2021-05-01,2021,5
Potato,Maharashtra,Nashik,1210.315,1052.38,1361.31,49.297925243698934,4,2021-06-01,2021,6
Potato,Maharashtra,Nashik,1132.99,923.03,1387.9,130.46317207038422,4,2021-07-01,2021,7
Potato,Maharashtra,Nashik,1144.008,985.92,1307.74,62.63081765393125,5,2021-08-01,2021,8
Potato,Maharashtra,Nashik,1281.4525,1027.79,1521.74,122.42006899061388,4,2021-09-01,2021,9
Potato,Maharashtra,Nashik,1334.854,1107.56,1602.24,111.85240556197257,5,2021-10-01,2021,10
Potato,Maharashtra,Nashik,1605.58,1407.06,1813.92,69.32854775150945,4,2021-11-01,2021,11
Potato,Maharashtra,Nashik,1756.3125,1442.68,2041.87,148.1137118061659,4,2021-12-01,2021,12
Potato,Maharashtra,Nashik,2122.362,1749.72,2591.09,204.82822930445897,5,2022-01-01,2022,1
Potato,Maharashtra,Nashik,2198.515,1938.21,2496.41,84.49591962534835,4,2022-02-01,2022,2
Potato,Maharashtra,Nashik,2277.63,2013.35,2638.75,113.95508618164727,4,2022-03-01,2022,3
Potato,Maharashtra,Nashik,2060.4125,1742.39,2431.53,150.1268488923062,4,2022-04-01,2022,4
Potato,Maharashtra,Nashik,1924.036,1708.18,2180.85,63.44699977146277,5,2022-05-01,2022,5
Potato,Maharashtra,Nashik,1781.83,1627.18,1938.78,12.629571119664613,4,2022-06-01,2022,6
Potato,Maharashtra,Nashik,1755.6439999999998,1515.7,2133.88,128.10921016851202,5,2022-07-01,2022,7
Potato,Maharashtra,Nashik,1713.44,1430.07,2030.46,133.24849292456054,4,2022-08-01,2022,8
Potato,Maharashtra,Nashik,1642.83,1413.47,1906.48,108.21486619992035,4,2022-09-01,2022,9
Potato,Maharashtra,Nashik,1824.872,1554.44,2160.83,112.85337885947413,5,2022-10-01,2022,10
Potato,Maharashtra,Nashik,1973.925,1729.75,2292.03,105.57896270880221,4,2022-11-01,2022,11
Potato,Maharashtra,Nashik,2305.9325,2008.45,2543.93,82.14366779206618,4,2022-12-01,2022,12
Potato,Maharashtra,Nashik,2380.214,2116.53,2751.61,102.75978264866075,5,2023-01-01,2023,1
Potato,Maharashtra,Nashik,2535.5724999999998,2088.97,2915.57,184.98008025640664,4,2023-02-01,2023,2
Potato,Maharashtra,Nashik,2244.9700000000003,2009.78,2552.68,83.25898870392317,4,2023-03-01,2023,3
Potato,Maharashtra,Nashik,2177.116,1932.19,2454.97,67.0966238345864,5,2023-04-01,2023,4
Potato,Maharashtra,Nashik,1830.9775,1523.38,2198.18,160.08929745093312,4,2023-05-01,2023,5
Potato,Maharashtra,Nashik,1879.06,1649.06,2133.54,90.67551525448685,4,2023-06-01,2023,6
Potato,Maharashtra,Nashik,1715.628,1424.88,2050.21,135.95973437014354,5,2023-07-01,2023,7
Potato,Maharashtra,Nashik,1489.8775,1328.56,1669.52,50.70350505635683,4,2023-08-01,2023,8
Potato,Maharashtra,Nashik,1357.7375,1045.87,1688.43,182.85002021237688,4,2023-09-01,2023,9
Potato,Maharashtra,Nashik,1595.032,1320.03,2073.94,200.40226825063627,5,2023-10-01,2023,10
Potato,Maharashtra,Nashik,1907.5275000000001,1709.78,2159.69,63.88811385278694,4,2023-11-01,2023,11
Potato,Maharashtra,Nashik,2138.9,1891.71,2534.85,123.07623633342045,5,2023-12-01,2023,12
Potato,Maharashtra,Nashik,2194.6075,1923.97,2505.61,105.95914947909569,4,2024-01-01,2024,1
Potato,Maharashtra,Nashik,2410.7225,2111.78,2719.44,95.8205327248116,4,2024-02-01,2024,2
Potato,Maharashtra,Nashik,2148.522,1899.31,2417.56,61.84417773727773,5,2024-03-01,2024,3
Potato,Maharashtra,Nashik,2054.4175,1823.77,2275.94,52.92852688610684,4,2024-04-01,2024,4
Potato,Maharashtra,Nashik,1682.36,1376.34,1964.88,146.3888035336037,4,2024-05-01,2024,5
Potato,Maharashtra,Nashik,1367.026,1054.66,1707.26,169.47079049204908,5,2024-06-01,2024,6
Potato,Maharashtra,Nashik,1209.82,920.95,1518.98,188.38986296153703,4,2024-07-01,2024,7
Potato,Maharashtra,Nashik,1133.44,838.18,1387.67,161.63156766754037,4,2024-08-01,2024,8
Potato,Maharashtra,Nashik,1320.566,1069.39,1568.05,124.26753671011586,5,2024-09-01,2024,9
Potato,Maharashtra,Nashik,1531.195,1396.6,1682.48,18.027017686424607,4,2024-10-01,2024,10
Potato,Maharashtra,Nashik,1870.1575,1604.65,2206.0,146.87107279856025,4,2024-11-01,2024,11
Potato,Maharashtra,Nashik,2039.432,1714.76,2353.15,121.30884312365681,5,2024-12-01,2024,12
Potato,Maharashtra,Nashik,2200.6875,1986.13,2442.3,44.59967591436811,4,2025-01-01,2025,1
Potato,Maharashtra,Nashik,2504.175,2200.85,2887.48,119.92291482448238,4,2025-02-01,2025,2
Potato,Maharashtra,Nashik,2309.6940000000004,2032.51,2620.76,104.40841790775293,5,2025-03-01,2025,3
Potato,Maharashtra,Nashik,2231.1949999999997,1869.47,2575.99,154.8002951116912,4,2025-04-01,2025,4
Potato,Maharashtra,Nashik,2100.7075,1768.56,2445.67,171.736224168539,4,2025-05-01,2025,5
Potato,Maharashtra,Nashik,1788.2580000000003,1430.2,2162.32,199.45278707002322,5,2025-06-01,2025,6
Potato,Maharashtra,Nashik,1727.8400000000001,1410.27,2077.74,184.2028112344289,4,2025-07-01,2025,7
Potato,Maharashtra,Nashik,1671.3739999999998,1455.21,1940.29,109.1480692912156,5,2025-08-01,2025,8
Potato,Maharashtra,Nashik,1493.66,1268.65,1714.87,99.57116349626516,4,2025-09-01,2025,9
Potato,Maharashtra,Nashik,1545.3325,1334.67,1879.98,132.45623336911464,4,2025-10-01,2025,10
Potato,Maharashtra,Nashik,1791.566,1410.66,2132.48,162.6250430591795,5,2025-11-01,2025,11
Potato,Maharashtra,Nashik,2025.2800000000002,1756.23,2359.38,118.19898843334775,4,2025-12-01,2025,12
Potato,Maharashtra,Nashik,2158.31,1936.33,2412.67,54.28054347553989,4,2026-01-01,2026,1
Potato,Maharashtra,Nashik,2354.6975,2011.81,2677.29,122.06584626749628,4,2026-02-01,2026,2
Potato,Maharashtra,Nashik,2060.036,1807.69,2275.19,59.16763329726797,5,2026-03-01,2026,3
Potato,Maharashtra,Nashik,1871.795,1615.63,2148.37,98.51733333107768,4,2026-04-01,2026,4
Potato,Maharashtra,Nashik,1637.97,1409.46,1960.26,108.7650766560664,5,2026-05-01,2026,5
Potato,Maharashtra,Nashik,1410.655,1152.13,1678.4,154.37918350606725,4,2026-06-01,2026,6
Potato,Maharashtra,Nashik,1319.54,1172.72,1487.76,42.685276930888776,4,2026-07-01,2026,7
Potato,Maharashtra,Nashik,1171.896,1009.12,1399.6,83.860717442674,5,2026-08-01,2026,8
Potato,Maharashtra,Pune,1438.2275,1248.31,1621.47,59.954273339493234,4,2020-01-01,2020,1
Potato,Maharashtra,Pune,1584.5475,1363.55,1855.44,107.56847722110174,4,2020-02-01,2020,2
Potato,Maharashtra,Pune,1582.4180000000001,1409.91,1772.51,40.63442961332174,5,2020-03-01,2020,3
Potato,Maharashtra,Pune,1341.6399999999999,1120.54,1610.26,116.49537530162583,4,2020-04-01,2020,4
Potato,Maharashtra,Pune,955.2639999999999,791.51,1101.01,67.28920589515081,5,2020-05-01,2020,5
Potato,Maharashtra,Pune,608.9200000000001,443.0,792.65,104.026039047923,4,2020-06-01,2020,6
Potato,Maharashtra,Pune,486.81000000000006,353.9,640.52,86.72986260029859,4,2020-07-01,2020,7
Potato,Maharashtra,Pune,416.206,186.36,606.13,146.93527343697977,5,2020-08-01,2020,8
Potato,Maharashtra,Pune,344.4,219.0,545.48,126.805587416328,4,2020-09-01,2020,9
Potato,Maharashtra,Pune,601.7025,480.1,756.78,84.85204628253423,4,2020-10-01,2020,10
Potato,Maharashtra,Pune,642.498,461.02,796.32,91.6859360534646,5,2020-11-01,2020,11
Potato,Maharashtra,Pune,803.075,627.76,1020.24,112.96160099786121,4,2020-12-01,2020,12
Potato,Maharashtra,Pune,1104.3700000000001,954.71,1281.86,69.7274562134602,5,2021-01-01,2021,1
Potato,Maharashtra,Pune,1118.0349999999999,998.54,1274.23,42.33408437653985,4,2021-02-01,2021,2
Potato,Maharashtra,Pune,1010.47,895.68,1184.76,58.44830707556891,4,2021-03-01,2021,3
Potato,Maharashtra,Pune,799.825,666.64,943.54,81.15782710250438,4,2021-04-01,2021,4
Potato,Maharashtra,Pune,718.604,536.54,887.0,86.93389603601112,5,2021-05-01,2021,5
Potato,Maharashtra,Pune,622.5575,492.79,777.83,77.3259690638706,4,2021-06-01,2021,6
Potato,Maharashtra,Pune,434.66999999999996,203.91,660.0,186.64685960390548,4,2021-07-01,2021,7
Potato,Maharashtra,Pune,365.31,220.91,561.77,114.727372496715,5,2021-08-01,2021,8
Potato,Maharashtra,Pune,298.0225,184.0,487.5,121.87395138010417,4,2021-09-01,2021,9
Potato,Maharashtra,Pune,500.158,301.33,748.74,171.7686088026564,5,2021-10-01,2021,10
Potato,Maharashtra,Pune,622.885,459.98,817.76,105.37312639694554,4,2021-11-01,2021,11
Potato,Maharashtra,Pune,1078.405,889.9,1247.51,87.37707346133004,4,2021-12-01,2021,12
Potato,Maharashtra,Pune,1114.03,831.85,1380.27,158.22212771922895,5,2022-01-01,2022,1
Potato,Maharashtra,Pune,1283.85,1047.41,1474.75,99.71112007527874,4,2022-02-01,2022,2
Potato,Maharashtra,Pune,1228.9125,999.07,1428.07,102.64605833477803,4,2022-03-01,2022,3
Potato,Maharashtra,Pune,1217.03,1000.68,1407.04,91.41448572299689,4,2022-04-01,2022,4
Potato,Maharashtra,Pune,1141.602,1009.67,1357.61,66.03088042726677,5,2022-05-01,2022,5
Potato,Maharashtra,Pune,786.4075,557.77,973.68,137.0129649278977,4,2022-06-01,2022,6
Potato,Maharashtra,Pune,717.174,561.02,859.86,77.22581388370084,5,2022-07-01,2022,7
Potato,Maharashtra,Pune,450.8375,315.1,606.25,94.95225480032936,4,2022-08-01,2022,8
Potato,Maharashtra,Pune,440.0875,270.63,569.44,107.0098111934913,4,2022-09-01,2022,9
Potato,Maharashtra,Pune,466.538,331.14,678.44,109.03831285378551,5,2022-10-01,2022,10
Potato,Maharashtra,Pune,740.1725,553.82,919.28,103.20356336709827,4,2022-11-01,2022,11
Potato,Maharashtra,Pune,922.7225000000001,661.35,1219.75,168.10118111324107,4,2022-12-01,2022,12
Potato,Maharashtra,Pune,1120.886,937.05,1273.64,63.16308360110362,5,2023-01-01,2023,1
Potato,Maharashtra,Pune,1260.1125,1001.34,1526.58,176.57791526216783,4,2023-02-01,2023,2
Potato,Maharashtra,Pune,1304.72,1031.45,1566.8,156.87458876440112,4,2023-03-01,2023,3
Potato,Maharashtra,Pune,1233.382,1004.53,1459.82,93.81263251822753,5,2023-04-01,2023,4
Potato,Maharashtra,Pune,1015.505,856.64,1199.63,82.53415232496181,4,2023-05-01,2023,5
Potato,Maharashtra,Pune,841.0525,586.01,1002.66,137.18167185038482,4,2023-06-01,2023,6
Potato,Maharashtra,Pune,842.324,549.28,1119.22,165.907276000783,5,2023-07-01,2023,7
Potato,Maharashtra,Pune,864.49,609.23,1067.53,140.78640014812035,4,2023-08-01,2023,8
Potato,Maharashtra,Pune,957.05,817.56,1149.14,75.26845598699806,4,2023-09-01,2023,9
Potato,Maharashtra,Pune,1108.002,846.75,1327.42,128.97102841336113,5,2023-10-01,2023,10
Potato,Maharashtra,Pune,1287.4975,1144.81,1424.82,37.555972782856664,4,2023-11-01,2023,11
Potato,Maharashtra,Pune,1385.762,1187.78,1581.52,65.62669936847354,5,2023-12-01,2023,12
Potato,Maharashtra,Pune,1721.5974999999999,1508.26,1975.17,86.74515101721819,4,2024-01-01,2024,1
Potato,Maharashtra,Pune,1752.3675,1471.64,2045.27,122.75532693804644,4,2024-02-01,2024,2
Potato,Maharashtra,Pune,1630.79,1380.56,1822.18,76.59580634734512,5,2024-03-01,2024,3
Potato,Maharashtra,Pune,1521.325,1323.78,1799.21,99.7705596188909,4,2024-04-01,2024,4
Potato,Maharashtra,Pune,1379.8825,993.18,1667.71,208.1766519689468,4,2024-05-01,2024,5
Potato,Maharashtra,Pune,1015.5219999999999,798.47,1273.75,138.78494972438486,5,2024-06-01,2024,6
Potato,Maharashtra,Pune,801.4875000000001,581.98,1122.34,192.442501780835,4,2024-07-01,2024,7
Potato,Maharashtra,Pune,939.865,775.91,1135.08,86.42070334512827,4,2024-08-01,2024,8
Potato,Maharashtra,Pune,883.534,724.79,1028.02,71.39928031850181,5,2024-09-01,2024,9
Potato,Maharashtra,Pune,909.6925,662.78,1172.11,165.95133952959418,4,2024-10-01,2024,10
Potato,Maharashtra,Pune,1228.5725,1065.16,1399.22,68.41349349117218,4,2024-11-01,2024,11
Potato,Maharashtra,Pune,1244.566,1054.38,1433.83,78.23441141850562,5,2024-12-01,2024,12
Potato,Maharashtra,Pune,1476.3325,1262.04,1779.75,124.35672113587862,4,2025-01-01,2025,1
Potato,Maharashtra,Pune,1464.7375,1239.06,1653.8,81.0116108447837,4,2025-02-01,2025,2
Potato,Maharashtra,Pune,1396.33,1084.3,1738.09,191.83043645365555,5,2025-03-01,2025,3
Potato,Maharashtra,Pune,1099.4575,999.03,1209.23,14.438389510837649,4,2025-04-01,2025,4
Potato,Maharashtra,Pune,1008.2425,809.39,1285.76,145.5761863252366,4,2025-05-01,2025,5
Potato,Maharashtra,Pune,691.598,475.93,945.82,166.9515347937838,5,2025-06-01,2025,6
Potato,Maharashtra,Pune,661.6175000000001,457.12,948.54,166.84748632109103,4,2025-07-01,2025,7
Potato,Maharashtra,Pune,600.12,424.88,817.36,132.11890061607386,5,2025-08-01,2025,8
Potato,Maharashtra,Pune,650.5425,458.62,985.74,181.99700883531028,4,2025-09-01,2025,9
Potato,Maharashtra,Pune,866.7075,618.03,1204.35,192.50336938609675,4,2025-10-01,2025,10
Potato,Maharashtra,Pune,1087.736,827.7,1258.47,106.85831778574848,5,2025-11-01,2025,11
Potato,Maharashtra,Pune,1308.325,1074.07,1474.22,94.87340213849892,4,2025-12-01,2025,12
Potato,Maharashtra,Pune,1461.4875,1222.87,1693.94,103.62241886612489,4,2026-01-01,2026,1
Potato,Maharashtra,Pune,1679.67,1515.82,1886.64,45.56471953898833,4,2026-02-01,2026,2
Potato,Maharashtra,Pune,1515.33,1285.77,1771.48,95.1245441513388,5,2026-03-01,2026,3
Potato,Maharashtra,Pune,1320.5149999999999,1127.33,1568.87,100.0261440824348,4,2026-04-01,2026,4
Potato,Maharashtra,Pune,1006.0,755.55,1268.58,129.20628893362738,5,2026-05-01,2026,5
Potato,Maharashtra,Pune,801.2850000000001,621.59,989.66,101.08211859671323,4,2026-06-01,2026,6
Potato,Maharashtra,Pune,582.2975,439.61,818.26,133.05483089689002,4,2026-07-01,2026,7
Potato,Maharashtra,Pune,546.7360000000001,383.57,673.86,77.59170625782119,5,2026-08-01,2026,8
Rice,Uttarakhand,Dehradun,2839.34,2544.18,3151.15,63.07425782361614,4,2020-01-01,2020,1
Rice,Uttarakhand,Dehradun,2842.5724999999998,2552.26,3151.22,58.885093968394685,4,2020-02-01,2020,2
Rice,Uttarakhand,Dehradun,2652.486,2341.7,3008.08,99.4422622932524,5,2020-03-01,2020,3
Rice,Uttarakhand,Dehradun,2566.42,2319.99,2825.78,45.5688497404386,4,2020-04-01,2020,4
Rice,Uttarakhand,Dehradun,2506.156,2231.29,2834.88,75.20437041821451,5,2020-05-01,2020,5
Rice,Uttarakhand,Dehradun,2402.8025,2126.04,2666.04,75.6699400356576,4,2020-06-01,2020,6
Rice,Uttarakhand,Dehradun,2439.7250000000004,2228.84,2658.02,19.35755063706833,4,2020-07-01,2020,7
Rice,Uttarakhand,Dehradun,2461.568,2175.46,2766.5,70.0465132608326,5,2020-08-01,2020,8
Rice,Uttarakhand,Dehradun,2486.4575,2213.79,2803.72,79.68173122910075,4,2020-09-01,2020,9
Rice,Uttarakhand,Dehradun,2649.4275,2263.38,3003.5,136.66873511646097,4,2020-10-01,2020,10
Rice,Uttarakhand,Dehradun,2705.498,2328.84,3059.33,122.63924808151768,5,2020-11-01,2020,11
Rice,Uttarakhand,Dehradun,2813.3774999999996,2536.83,3083.02,41.69998511190786,4,2020-12-01,2020,12
Rice,Uttarakhand,Dehradun,2998.66,2659.65,3371.38,109.22171647616601,5,2021-01-01,2021,1
Rice,Uttarakhand,Dehradun,2855.375,2568.79,3202.4,79.50148950386625,4,2021-02-01,2021,2
Rice,Uttarakhand,Dehradun,2903.21,2634.47,3211.57,48.39832297370088,4,2021-03-01,2021,3
Rice,Uttarakhand,Dehradun,2743.3575,2452.66,3039.85,60.94438468800873,4,2021-04-01,2021,4
Rice,Uttarakhand,Dehradun,2608.638,2304.97,2914.85,71.21974389170454,5,2021-05-01,2021,5
Rice,Uttarakhand,Dehradun,2404.29,2114.14,2694.12,88.50051788925683,4,2021-06-01,2021,6
Rice,Uttarakhand,Dehradun,2421.6025,2187.18,2678.78,44.51375770478156,4,2021-07-01,2021,7
Rice,Uttarakhand,Dehradun,2330.75,2058.22,2590.25,59.03036591450206,5,2021-08-01,2021,8
Rice,Uttarakhand,Dehradun,2266.685,1987.97,2568.59,90.9362643100467,4,2021-09-01,2021,9
Rice,Uttarakhand,Dehradun,2330.682,2087.5,2606.64,70.978172489858,5,2021-10-01,2021,10
Rice,Uttarakhand,Dehradun,2355.92,2050.66,2629.36,96.58982520603995,4,2021-11-01,2021,11
Rice,Uttarakhand,Dehradun,2457.545,2137.33,2914.67,168.3401757355226,4,2021-12-01,2021,12
Rice,Uttarakhand,Dehradun,2687.808,2353.96,2978.11,80.3559526108677,5,2022-01-01,2022,1
Rice,Uttarakhand,Dehradun,2598.0699999999997,2352.12,2891.06,56.14637833378034,4,2022-02-01,2022,2
Rice,Uttarakhand,Dehradun,2701.3175,2411.06,2965.89,57.712624485462634,4,2022-03-01,2022,3
Rice,Uttarakhand,Dehradun,2539.625,2291.7,2813.25,50.69241725018319,4,2022-04-01,2022,4
Rice,Uttarakhand,Dehradun,2438.972,2170.56,2678.34,49.80784195284915,5,2022-05-01,2022,5
Rice,Uttarakhand,Dehradun,2415.4325,2085.36,2713.35,105.59387588776156,4,2022-06-01,2022,6
Rice,Uttarakhand,Dehradun,2226.824,1939.59,2494.57,80.96993472888553,5,2022-07-01,2022,7
Rice,Uttarakhand,Dehradun,2293.09,1998.62,2575.24,106.55623022611115,4,2022-08-01,2022,8
Rice,Uttarakhand,Dehradun,2473.1675,2230.41,2695.43,32.93280469380044,4,2022-09-01,2022,9
Rice,Uttarakhand,Dehradun,2534.656,2201.85,2872.13,105.78487193356132,5,2022-10-01,2022,10
Rice,Uttarakhand,Dehradun,2560.3225,2302.5,2880.0,75.71717831289449,4,2022-11-01,2022,11
Rice,Uttarakhand,Dehradun,2744.8925,2449.2,3012.29,56.4365976856626,4,2022-12-01,2022,12
Rice,Uttarakhand,Dehradun,2899.7980000000002,2581.32,3242.3,88.3724253938975,5,2023-01-01,2023,1
Rice,Uttarakhand,Dehradun,2762.1275,2440.42,3059.1,77.19342259329268,4,2023-02-01,2023,2
Rice,Uttarakhand,Dehradun,2808.6475,2472.6,3147.01,97.47318173904729,4,2023-03-01,2023,3
Rice,Uttarakhand,Dehradun,2520.626,2152.4,2854.87,111.39830712358244,5,2023-04-01,2023,4
Rice,Uttarakhand,Dehradun,2361.425,2109.35,2638.67,74.25774819280922,4,2023-05-01,2023,5
Rice,Uttarakhand,Dehradun,2242.6,1985.95,2578.29,107.25570567573558,4,2023-06-01,2023,6
Rice,Uttarakhand,Dehradun,2207.856,1930.79,2499.66,77.9425829056236,5,2023-07-01,2023,7
Rice,Uttarakhand,Dehradun,2249.2075,1968.02,2547.18,99.58095513199333,4,2023-08-01,2023,8
Rice,Uttarakhand,Dehradun,2194.0875,1894.88,2490.58,102.07975064461442,4,2023-09-01,2023,9
Rice,Uttarakhand,Dehradun,2351.3959999999997,2113.44,2647.39,62.67873108160374,5,2023-10-01,2023,10
Rice,Uttarakhand,Dehradun,2460.9975,2198.89,2692.29,47.76293079714981,4,2023-11-01,2023,11
Rice,Uttarakhand,Dehradun,2498.16,2231.15,2846.52,89.54569420134055,5,2023-12-01,2023,12
Rice,Uttarakhand,Dehradun,2570.0625,2307.17,2882.49,73.42339653225872,4,2024-01-01,2024,1
Rice,Uttarakhand,Dehradun,2662.625,2377.83,2987.03,88.0479204751594,4,2024-02-01,2024,2
Rice,Uttarakhand,Dehradun,2611.334,2247.49,2953.99,115.24459718355556,5,2024-03-01,2024,3
Rice,Uttarakhand,Dehradun,2561.255,2264.29,2854.34,94.17228626299783,4,2024-04-01,2024,4
Rice,Uttarakhand,Dehradun,2461.285,2191.43,2703.22,55.79260972566156,4,2024-05-01,2024,5
Rice,Uttarakhand,Dehradun,2332.3559999999998,2086.45,2591.72,58.62777780199399,5,2024-06-01,2024,6
Rice,Uttarakhand,Dehradun,2251.495,1905.33,2539.08,125.81129374318229,4,2024-07-01,2024,7
Rice,Uttarakhand,Dehradun,2407.6525,2174.07,2729.24,79.70434090018772,4,2024-08-01,2024,8
Rice,Uttarakhand,Dehradun,2454.352,2159.52,2704.46,63.07014800997372,5,2024-09-01,2024,9
Rice,Uttarakhand,Dehradun,2568.8125,2343.0,2798.88,18.342499602471655,4,2024-10-01,2024,10
Rice,Uttarakhand,Dehradun,2685.86,2427.91,2985.32,54.330604634956764,4,2024-11-01,2024,11
Rice,Uttarakhand,Dehradun,2856.614,2508.27,3202.92,110.61277697445263,5,2024-12-01,2024,12
Rice,Uttarakhand,Dehradun,2871.63,2500.88,3264.46,125.65771630372193,4,2025-01-01,2025,1
Rice,Uttarakhand,Dehradun,2664.4275,2374.86,2991.92,84.42000646568721,4,2025-02-01,2025,2
Rice,Uttarakhand,Dehradun,2680.368,2379.91,3063.71,97.5719740499288,5,2025-03-01,2025,3
Rice,Uttarakhand,Dehradun,2486.635,2236.24,2731.29,41.354784084391916,4,2025-04-01,2025,4
Rice,Uttarakhand,Dehradun,2373.435,2119.86,2610.01,49.224266034819465,4,2025-05-01,2025,5
Rice,Uttarakhand,Dehradun,2443.7400000000002,2163.35,2700.12,60.02452290522635,5,2025-06-01,2025,6
Rice,Uttarakhand,Dehradun,2547.135,2253.48,2821.46,73.18279146538941,4,2025-07-01,2025,7
Rice,Uttarakhand,Dehradun,2523.292,2222.81,2807.38,78.89764045901504,5,2025-08-01,2025,8
Rice,Uttarakhand,Dehradun,2478.2425,2219.34,2741.51,52.8171912512078,4,2025-09-01,2025,9
Rice,Uttarakhand,Dehradun,2648.8375,2365.74,2974.73,77.43636285148389,4,2025-10-01,2025,10
Rice,Uttarakhand,Dehradun,2714.8059999999996,2346.3,3249.36,176.16946111627843,5,2025-11-01,2025,11
Rice,Uttarakhand,Dehradun,2704.39,2385.73,2987.77,77.40237550187545,4,2025-12-01,2025,12
Rice,Uttarakhand,Dehradun,2830.94,2534.87,3120.59,57.52406221168098,4,2026-01-01,2026,1
Rice,Uttarakhand,Dehradun,2775.7325,2439.6,3183.21,125.09936780415809,4,2026-02-01,2026,2
Rice,Uttarakhand,Dehradun,2618.388,2353.74,2937.83,69.37033818571159,5,2026-03-01,2026,3
Rice,Uttarakhand,Dehradun,2559.82,2293.8,2826.68,51.61172799535648,4,2026-04-01,2026,4
Rice,Uttarakhand,Dehradun,2547.87,2284.09,2813.58,50.522794360565776,5,2026-05-01,2026,5
Rice,Uttarakhand,Dehradun,2288.885,1938.88,2608.51,150.0307214095388,4,2026-06-01,2026,6
Rice,Uttarakhand,Dehradun,2337.2725,2121.33,2579.48,38.447956490993484,4,2026-07-01,2026,7
Rice,Uttarakhand,Dehradun,2395.94,2136.99,2670.96,60.2151982476186,5,2026-08-01,2026,8
Rice,Uttar Pradesh,Lucknow,2876.2675,2558.72,3177.36,77.44568994893575,4,2020-01-01,2020,1
Rice,Uttar Pradesh,Lucknow,2736.065,2444.81,3060.68,73.26564747547116,4,2020-02-01,2020,2
Rice,Uttar Pradesh,Lucknow,2586.9480000000003,2308.11,2892.52,81.40742760952469,5,2020-03-01,2020,3
Rice,Uttar Pradesh,Lucknow,2481.15,2199.61,2800.21,91.12487293086716,4,2020-04-01,2020,4
Rice,Uttar Pradesh,Lucknow,2479.682,2176.24,2815.13,101.87293099739509,5,2020-05-01,2020,5
Rice,Uttar Pradesh,Lucknow,2353.505,2047.57,2629.38,89.66848145623231,4,2020-06-01,2020,6
Rice,Uttar Pradesh,Lucknow,2450.51,2131.83,2717.11,93.12069336797977,4,2020-07-01,2020,7
Rice,Uttar Pradesh,Lucknow,2481.7760000000003,2200.46,2818.71,88.84652514308034,5,2020-08-01,2020,8
Rice,Uttar Pradesh,Lucknow,2631.0275,2286.1,2900.56,97.52947806518135,4,2020-09-01,2020,9
Rice,Uttar Pradesh,Lucknow,2674.13,2392.76,2956.63,61.62508039210435,4,2020-10-01,2020,10
Rice,Uttar Pradesh,Lucknow,2727.3419999999996,2368.54,3087.32,133.6620687405369,5,2020-11-01,2020,11
Rice,Uttar Pradesh,Lucknow,2785.975,2432.35,3104.68,100.19143958775443,4,2020-12-01,2020,12
Rice,Uttar Pradesh,Lucknow,3026.996,2715.42,3413.52,96.07109518476406,5,2021-01-01,2021,1
Rice,Uttar Pradesh,Lucknow,2918.54,2601.41,3391.18,148.14416402050182,4,2021-02-01,2021,2
Rice,Uttar Pradesh,Lucknow,2765.7425,2466.67,3084.04,73.3300685826308,4,2021-03-01,2021,3
Rice,Uttar Pradesh,Lucknow,2766.815,2479.91,3085.61,74.63401972291189,4,2021-04-01,2021,4
Rice,Uttar Pradesh,Lucknow,2542.5240000000003,2253.01,2832.69,64.70689244585918,5,2021-05-01,2021,5
Rice,Uttar Pradesh,Lucknow,2652.495,2369.11,3002.76,90.32372205941627,4,2021-06-01,2021,6
Rice,Uttar Pradesh,Lucknow,2584.4075000000003,2317.32,2895.04,70.15502090608581,4,2021-07-01,2021,7
Rice,Uttar Pradesh,Lucknow,2704.388,2438.2,3017.86,58.22816904213985,5,2021-08-01,2021,8
Rice,Uttar Pradesh,Lucknow,2749.55,2443.21,3072.07,78.8728356279906,4,2021-09-01,2021,9
Rice,Uttar Pradesh,Lucknow,2859.6400000000003,2516.63,3242.9,98.29205054326627,5,2021-10-01,2021,10
Rice,Uttar Pradesh,Lucknow,2981.48,2596.36,3338.79,118.15875253234488,4,2021-11-01,2021,11
Rice,Uttar Pradesh,Lucknow,3068.8424999999997,2693.57,3495.94,129.28772212266188,4,2021-12-01,2021,12
Rice,Uttar Pradesh,Lucknow,3107.8959999999997,2784.4,3503.94,83.52079878688895,5,2022-01-01,2022,1
Rice,Uttar Pradesh,Lucknow,3117.56,2833.92,3394.11,27.67893302375175,4,2022-02-01,2022,2
Rice,Uttar Pradesh,Lucknow,3017.6425,2630.84,3447.22,136.32622378569232,4,2022-03-01,2022,3
Rice,Uttar Pradesh,Lucknow,2883.6925,2580.64,3180.69,61.655539018539734,4,2022-04-01,2022,4
Rice,Uttar Pradesh,Lucknow,2751.574,2479.52,3057.8,50.3088369970923,5,2022-05-01,2022,5
Rice,Uttar Pradesh,Lucknow,2680.9275,2388.79,2954.02,65.60890202556344,4,2022-06-01,2022,6
Rice,Uttar Pradesh,Lucknow,2653.844,2394.24,2918.78,37.11433119429752,5,2022-07-01,2022,7
Rice,Uttar Pradesh,Lucknow,2791.1175000000003,2472.76,3239.04,141.00827195002893,4,2022-08-01,2022,8
Rice,Uttar Pradesh,Lucknow,2785.0325000000003,2442.74,3163.23,119.38104159231743,4,2022-09-01,2022,9
Rice,Uttar Pradesh,Lucknow,2892.94,2590.69,3323.88,112.0819911939469,5,2022-10-01,2022,10
Rice,Uttar Pradesh,Lucknow,2952.44,2610.86,3263.46,80.62564811109016,4,2022-11-01,2022,11
Rice,Uttar Pradesh,Lucknow,3066.6575000000003,2691.97,3459.53,115.867433841438,4,2022-12-01,2022,12
Rice,Uttar Pradesh,Lucknow,3146.966,2853.41,3488.92,50.64612255642086,5,2023-01-01,2023,1
Rice,Uttar Pradesh,Lucknow,3198.7625,2914.65,3510.93,36.01682049172773,4,2023-02-01,2023,2
Rice,Uttar Pradesh,Lucknow,3102.9875,2781.76,3414.17,62.43820218157024,4,2023-03-01,2023,3
Rice,Uttar Pradesh,Lucknow,3026.7400000000002,2679.58,3402.76,89.83466341006698,5,2023-04-01,2023,4
Rice,Uttar Pradesh,Lucknow,3122.4825,2786.0,3489.84,83.38961381171305,4,2023-05-01,2023,5
Rice,Uttar Pradesh,Lucknow,2994.915,2649.94,3294.2,77.31383597606154,4,2023-06-01,2023,6
Rice,Uttar Pradesh,Lucknow,2902.712,2587.61,3249.61,86.66179302322327,5,2023-07-01,2023,7
Rice,Uttar Pradesh,Lucknow,2909.7625,2620.28,3306.83,101.840140538984,4,2023-08-01,2023,8
Rice,Uttar Pradesh,Lucknow,3026.75,2727.68,3335.38,51.3074023249408,4,2023-09-01,2023,9
Rice,Uttar Pradesh,Lucknow,3159.392,2738.22,3647.59,150.53172313502552,5,2023-10-01,2023,10
Rice,Uttar Pradesh,Lucknow,3242.6225,2945.89,3561.0,41.0159719905957,4,2023-11-01,2023,11
Rice,Uttar Pradesh,Lucknow,3280.94,2912.24,3609.02,70.9293084697715,5,2023-12-01,2023,12
Rice,Uttar Pradesh,Lucknow,3473.1725,3130.54,3817.87,56.57026331622196,4,2024-01-01,2024,1
Rice,Uttar Pradesh,Lucknow,3382.6975,3047.76,3771.1,78.30165020610997,4,2024-02-01,2024,2
Rice,Uttar Pradesh,Lucknow,3236.828,2888.9,3548.63,59.7288495619997,5,2024-03-01,2024,3
Rice,Uttar Pradesh,Lucknow,3128.255,2783.27,3432.61,71.01413685551158,4,2024-04-01,2024,4
Rice,Uttar Pradesh,Lucknow,3055.64,2728.01,3418.37,89.35935802514862,4,2024-05-01,2024,5
Rice,Uttar Pradesh,Lucknow,2861.3900000000003,2466.54,3254.62,130.38446993411438,5,2024-06-01,2024,6
Rice,Uttar Pradesh,Lucknow,2822.3925,2463.49,3138.56,100.6374553782039,4,2024-07-01,2024,7
Rice,Uttar Pradesh,Lucknow,2679.385,2396.41,2962.87,61.09995881067905,4,2024-08-01,2024,8
Rice,Uttar Pradesh,Lucknow,2814.594,2483.97,3196.03,96.92023075705089,5,2024-09-01,2024,9
Rice,Uttar Pradesh,Lucknow,2904.3925,2533.34,3306.68,126.10848382113967,4,2024-10-01,2024,10
Rice,Uttar Pradesh,Lucknow,2972.2125,2630.31,3286.89,87.1111777653514,4,2024-11-01,2024,11
Rice,Uttar Pradesh,Lucknow,3077.1400000000003,2722.86,3382.78,74.0072067436678,5,2024-12-01,2024,12
Rice,Uttar Pradesh,Lucknow,3158.265,2874.38,3436.38,25.70891609280073,4,2025-01-01,2025,1
Rice,Uttar Pradesh,Lucknow,2993.625,2601.04,3341.86,118.1066502502436,4,2025-02-01,2025,2
Rice,Uttar Pradesh,Lucknow,2892.718,2581.96,3218.87,81.34255233271206,5,2025-03-01,2025,3
Rice,Uttar Pradesh,Lucknow,2752.575,2466.68,3009.54,48.8582579168218,4,2025-04-01,2025,4
Rice,Uttar Pradesh,Lucknow,2723.9625,2445.42,3057.43,78.82429463686947,4,2025-05-01,2025,5
Rice,Uttar Pradesh,Lucknow,2616.7,2304.8,2984.97,96.54399748301282,5,2025-06-01,2025,6
Rice,Uttar Pradesh,Lucknow,2660.9925,2386.45,2992.22,79.04162716569043,4,2025-07-01,2025,7
Rice,Uttar Pradesh,Lucknow,2633.304,2393.44,2898.99,32.358697130755885,5,2025-08-01,2025,8
Rice,Uttar Pradesh,Lucknow,2753.9525,2460.05,3077.12,79.44063333710277,4,2025-09-01,2025,9
Rice,Uttar Pradesh,Lucknow,2851.5625,2599.62,3112.74,23.22393790180027,4,2025-10-01,2025,10
Rice,Uttar Pradesh,Lucknow,2874.764,2535.12,3268.95,110.36931629760149,5,2025-11-01,2025,11
Rice,Uttar Pradesh,Lucknow,2923.16,2560.53,3252.69,98.18341034343148,4,2025-12-01,2025,12
Rice,Uttar Pradesh,Lucknow,2965.415,2563.79,3302.95,123.35068179787271,4,2026-01-01,2026,1
Rice,Uttar Pradesh,Lucknow,2941.515,2641.99,3328.38,95.99918558682324,4,2026-02-01,2026,2
Rice,Uttar Pradesh,Lucknow,2894.4900000000002,2623.83,3167.27,32.6307102282497,5,2026-03-01,2026,3
Rice,Uttar Pradesh,Lucknow,2938.1725,2605.81,3346.69,113.26956383630451,4,2026-04-01,2026,4
Rice,Uttar Pradesh,Lucknow,2837.662,2442.49,3181.38,118.0142310062646,5,2026-05-01,2026,5
Rice,Uttar Pradesh,Lucknow,2746.3675,2399.93,3046.14,94.17748611885261,4,2026-06-01,2026,6
Rice,Uttar Pradesh,Lucknow,2723.34,2462.21,2991.58,38.27595677010138,4,2026-07-01,2026,7
Rice,Uttar Pradesh,Lucknow,2661.554,2324.67,2997.95,90.15910896853426,5,2026-08-01,2026,8
Rice,Punjab,Ludhiana,3104.76,2732.02,3530.36,142.9539238123016,4,2020-01-01,2020,1
Rice,Punjab,Ludhiana,3121.025,2829.7,3420.06,39.346912204135975,4,2020-02-01,2020,2
Rice,Punjab,Ludhiana,2981.798,2674.13,3280.03,54.19943283836113,5,2020-03-01,2020,3
Rice,Punjab,Ludhiana,2913.3500000000004,2583.62,3226.18,80.3536611901825,4,2020-04-01,2020,4
Rice,Punjab,Ludhiana,2808.112,2488.4,3163.19,82.87268470370682,5,2020-05-01,2020,5
Rice,Punjab,Ludhiana,2791.1525,2459.02,3158.1,108.75696280392039,4,2020-06-01,2020,6
Rice,Punjab,Ludhiana,2801.315,2494.82,3144.36,83.63198610579569,4,2020-07-01,2020,7
Rice,Punjab,Ludhiana,2922.1,2582.26,3239.53,70.54287455158045,5,2020-08-01,2020,8
Rice,Punjab,Ludhiana,2952.1275,2616.71,3359.22,115.33126097608275,4,2020-09-01,2020,9
Rice,Punjab,Ludhiana,3101.6875,2823.29,3398.46,33.96270442215491,4,2020-10-01,2020,10
Rice,Punjab,Ludhiana,3108.038,2698.45,3451.0,105.95027357208674,5,2020-11-01,2020,11
Rice,Punjab,Ludhiana,3221.71,2734.01,3683.38,182.80354391167216,4,2020-12-01,2020,12
Rice,Punjab,Ludhiana,3340.3520000000003,2959.2,3721.7,96.76831180711997,5,2021-01-01,2021,1
Rice,Punjab,Ludhiana,3310.195,2964.71,3730.65,101.83740291922848,4,2021-02-01,2021,2
Rice,Punjab,Ludhiana,3195.87,2920.76,3473.29,16.864864857646143,4,2021-03-01,2021,3
Rice,Punjab,Ludhiana,3121.8475,2820.03,3447.98,54.27997628039272,4,2021-04-01,2021,4
Rice,Punjab,Ludhiana,3023.912,2743.5,3287.22,25.448277348378543,5,2021-05-01,2021,5
Rice,Punjab,Ludhiana,2887.7799999999997,2577.58,3223.71,81.55566892211297,4,2021-06-01,2021,6
Rice,Punjab,Ludhiana,2753.99,2439.53,3077.77,84.82884415103135,4,2021-07-01,2021,7
Rice,Punjab,Ludhiana,2917.134,2589.73,3282.51,82.78911812551216,5,2021-08-01,2021,8
Rice,Punjab,Ludhiana,2987.165,2672.01,3319.83,69.58930976330579,4,2021-09-01,2021,9
Rice,Punjab,Ludhiana,2945.192,2671.14,3269.9,50.028266709931195,5,2021-10-01,2021,10
Rice,Punjab,Ludhiana,3054.515,2654.43,3455.34,152.5832534498242,4,2021-11-01,2021,11
Rice,Punjab,Ludhiana,2940.885,2589.07,3284.25,97.26480024482969,4,2021-12-01,2021,12
Rice,Punjab,Ludhiana,3071.374,2748.58,3461.15,81.75273285951968,5,2022-01-01,2022,1
Rice,Punjab,Ludhiana,3197.0725,2893.98,3491.49,42.80512225968606,4,2022-02-01,2022,2
Rice,Punjab,Ludhiana,3074.5775000000003,2711.36,3506.53,143.56351378977425,4,2022-03-01,2022,3
Rice,Punjab,Ludhiana,2999.8275,2674.66,3320.85,69.85781911616395,4,2022-04-01,2022,4
Rice,Punjab,Ludhiana,2889.816,2550.41,3249.05,88.67157199463644,5,2022-05-01,2022,5
Rice,Punjab,Ludhiana,2906.59,2531.39,3288.14,121.12480423100784,4,2022-06-01,2022,6
Rice,Punjab,Ludhiana,2814.404,2516.57,3199.46,99.79647027826188,5,2022-07-01,2022,7
Rice,Punjab,Ludhiana,2676.2225,2270.85,3056.29,161.378544913298,4,2022-08-01,2022,8
Rice,Punjab,Ludhiana,2708.535,2438.01,3029.61,68.12768477890118,4,2022-09-01,2022,9
Rice,Punjab,Ludhiana,2760.406,2453.32,3134.04,105.54228550680533,5,2022-10-01,2022,10
Rice,Punjab,Ludhiana,2812.9175,2560.5,3112.36,46.24734902312412,4,2022-11-01,2022,11
Rice,Punjab,Ludhiana,2817.5025,2531.28,3123.4,74.9253741509956,4,2022-12-01,2022,12
Rice,Punjab,Ludhiana,3077.41,2742.91,3461.18,81.0935743447037,5,2023-01-01,2023,1
Rice,Punjab,Ludhiana,2970.955,2681.3,3316.91,69.91235298572067,4,2023-02-01,2023,2
Rice,Punjab,Ludhiana,2823.3525,2502.06,3094.45,69.36513070940849,4,2023-03-01,2023,3
Rice,Punjab,Ludhiana,2733.5919999999996,2417.54,3136.73,113.6546183399513,5,2023-04-01,2023,4
Rice,Punjab,Ludhiana,2683.9825,2407.99,2987.95,74.20510152049286,4,2023-05-01,2023,5
Rice,Punjab,Ludhiana,2774.6375,2493.08,3060.28,52.621305808579244,4,2023-06-01,2023,6
Rice,Punjab,Ludhiana,2683.69,2370.41,3029.71,85.74915655561854,5,2023-07-01,2023,7
Rice,Punjab,Ludhiana,2704.535,2452.11,2974.17,36.97047876346745,4,2023-08-01,2023,8
Rice,Punjab,Ludhiana,2954.3075,2635.39,3290.13,102.48309303652645,4,2023-09-01,2023,9
Rice,Punjab,Ludhiana,3060.054,2699.88,3469.24,101.5273238098984,5,2023-10-01,2023,10
Rice,Punjab,Ludhiana,3207.71,2840.84,3566.17,98.98191046852958,4,2023-11-01,2023,11
Rice,Punjab,Ludhiana,3268.6879999999996,2911.65,3648.28,95.55641564018609,5,2023-12-01,2023,12
Rice,Punjab,Ludhiana,3337.3825,2981.09,3714.53,111.34968833214874,4,2024-01-01,2024,1
Rice,Punjab,Ludhiana,3252.7275,2915.93,3651.93,90.4373368231655,4,2024-02-01,2024,2
Rice,Punjab,Ludhiana,3205.954,2866.9,3589.97,76.75700606459316,5,2024-03-01,2024,3
Rice,Punjab,Ludhiana,2956.2625,2620.07,3282.83,81.61660630655979,4,2024-04-01,2024,4
Rice,Punjab,Ludhiana,2914.8225,2568.64,3303.09,112.41901866825444,4,2024-05-01,2024,5
Rice,Punjab,Ludhiana,2875.48,2560.51,3226.95,80.10992572709065,5,2024-06-01,2024,6
Rice,Punjab,Ludhiana,2781.8025,2451.59,3094.07,87.63391633190119,4,2024-07-01,2024,7
Rice,Punjab,Ludhiana,3055.815,2754.34,3409.34,75.64799424527624,4,2024-08-01,2024,8
Rice,Punjab,Ludhiana,3100.21,2731.78,3449.69,86.27531947202515,5,2024-09-01,2024,9
Rice,Punjab,Ludhiana,3171.185,2842.82,3507.2,79.37598818282504,4,2024-10-01,2024,10
Rice,Punjab,Ludhiana,3234.3,2896.01,3637.83,98.30061817370924,4,2024-11-01,2024,11
Rice,Punjab,Ludhiana,3346.8900000000003,3010.12,3820.1,112.17078518937092,5,2024-12-01,2024,12
Rice,Punjab,Ludhiana,3410.58,3079.63,3728.53,46.88902927835749,4,2025-01-01,2025,1
Rice,Punjab,Ludhiana,3462.475,3142.31,3797.03,43.86053997235635,4,2025-02-01,2025,2
Rice,Punjab,Ludhiana,3258.868,2905.44,3658.23,94.97737188404402,5,2025-03-01,2025,3
Rice,Punjab,Ludhiana,3190.365,2853.95,3538.92,73.59620347998043,4,2025-04-01,2025,4
Rice,Punjab,Ludhiana,2916.4275,2605.94,3235.8,79.77907677873108,4,2025-05-01,2025,5
Rice,Punjab,Ludhiana,2820.142,2461.49,3229.87,124.74604731212916,5,2025-06-01,2025,6
Rice,Punjab,Ludhiana,2737.61,2481.82,3047.74,58.39259028335693,4,2025-07-01,2025,7
Rice,Punjab,Ludhiana,2609.8239999999996,2282.15,2989.32,137.73603170557797,5,2025-08-01,2025,8
Rice,Punjab,Ludhiana,2750.46,2446.25,3070.1,88.55585431428776,4,2025-09-01,2025,9
Rice,Punjab,Ludhiana,2867.2425000000003,2596.2,3150.57,46.051216686786226,4,2025-10-01,2025,10
Rice,Punjab,Ludhiana,2824.216,2500.26,3186.58,89.1106008284088,5,2025-11-01,2025,11
Rice,Punjab,Ludhiana,2948.715,2666.05,3249.66,59.130291447503204,4,2025-12-01,2025,12
Rice,Punjab,Ludhiana,3131.4225,2817.06,3485.63,73.92126098085727,4,2026-01-01,2026,1
Rice,Punjab,Ludhiana,3073.3725,2638.19,3443.05,145.85932432198712,4,2026-02-01,2026,2
Rice,Punjab,Ludhiana,2960.974,2607.03,3335.68,95.16911200594451,5,2026-03-01,2026,3
Rice,Punjab,Ludhiana,2982.195,2675.16,3286.73,62.390100977639015,4,2026-04-01,2026,4
Rice,Punjab,Ludhiana,2897.74,2580.94,3285.82,96.57665815299266,5,2026-05-01,2026,5
Rice,Punjab,Ludhiana,2684.26,2425.55,2981.67,54.90729095484497,4,2026-06-01,2026,6
Rice,Punjab,Ludhiana,2746.545,2453.86,3026.59,61.618350892138494,4,2026-07-01,2026,7
Rice,Punjab,Ludhiana,2804.648,2520.9,3112.7,56.752007189173554,5,2026-08-01,2026,8
Rice,Maharashtra,Nashik,3038.11,2749.11,3311.68,36.32444631374299,4,2020-01-01,2020,1
Rice,Maharashtra,Nashik,2878.9475,2537.37,3194.47,86.29275070943096,4,2020-02-01,2020,2
Rice,Maharashtra,Nashik,2738.036,2477.65,2987.44,33.202198421188946,5,2020-03-01,2020,3
Rice,Maharashtra,Nashik,2696.055,2297.03,3136.24,170.55545051390177,4,2020-04-01,2020,4
Rice,Maharashtra,Nashik,2635.3959999999997,2322.45,3043.71,114.39560625303749,5,2020-05-01,2020,5
Rice,Maharashtra,Nashik,2586.8199999999997,2229.42,2925.13,143.1241826759779,4,2020-06-01,2020,6
Rice,Maharashtra,Nashik,2522.9975,2304.5,2748.47,18.38705047037183,4,2020-07-01,2020,7
Rice,Maharashtra,Nashik,2513.3239999999996,2207.75,2812.12,73.12201946062494,5,2020-08-01,2020,8
Rice,Maharashtra,Nashik,2491.9075000000003,2222.27,2791.8,85.80297717251241,4,2020-09-01,2020,9
Rice,Maharashtra,Nashik,2509.4375,2241.0,2775.46,56.20174456070439,4,2020-10-01,2020,10
Rice,Maharashtra,Nashik,2633.208,2269.03,3044.81,128.60378754142508,5,2020-11-01,2020,11
Rice,Maharashtra,Nashik,2772.83,2493.37,3079.32,69.31291702609731,4,2020-12-01,2020,12
Rice,Maharashtra,Nashik,2857.7879999999996,2547.73,3312.89,119.83310548425241,5,2021-01-01,2021,1
Rice,Maharashtra,Nashik,2810.8650000000002,2531.21,3105.68,64.69599807303916,4,2021-02-01,2021,2
Rice,Maharashtra,Nashik,2770.2375,2490.5,3038.26,51.42783447057969,4,2021-03-01,2021,3
Rice,Maharashtra,Nashik,2717.185,2366.31,3064.91,115.39137359438978,4,2021-04-01,2021,4
Rice,Maharashtra,Nashik,2697.248,2327.81,3039.65,144.54852531243608,5,2021-05-01,2021,5
Rice,Maharashtra,Nashik,2595.5299999999997,2279.39,3057.45,163.85216955129604,4,2021-06-01,2021,6
Rice,Maharashtra,Nashik,2523.7225,2298.02,2761.52,24.53856471624479,4,2021-07-01,2021,7
Rice,Maharashtra,Nashik,2577.5919999999996,2236.92,2894.39,91.46139797750742,5,2021-08-01,2021,8
Rice,Maharashtra,Nashik,2702.2425000000003,2365.65,3036.24,105.25324646616217,4,2021-09-01,2021,9
Rice,Maharashtra,Nashik,2831.9900000000002,2547.89,3158.54,60.32442996000884,5,2021-10-01,2021,10
Rice,Maharashtra,Nashik,2992.515,2738.63,3245.55,11.751670803194962,4,2021-11-01,2021,11
Rice,Maharashtra,Nashik,3021.8075,2721.23,3386.24,83.56507339592696,4,2021-12-01,2021,12
Rice,Maharashtra,Nashik,3188.0739999999996,2870.75,3598.12,83.82095996825619,5,2022-01-01,2022,1
Rice,Maharashtra,Nashik,3123.245,2785.35,3476.41,78.32563245834663,4,2022-02-01,2022,2
Rice,Maharashtra,Nashik,3020.81,2700.4,3366.51,84.11017655432663,4,2022-03-01,2022,3
Rice,Maharashtra,Nashik,2912.9325,2625.59,3198.82,45.52198251028465,4,2022-04-01,2022,4
Rice,Maharashtra,Nashik,2712.318,2411.56,3105.26,107.739977352884,5,2022-05-01,2022,5
Rice,Maharashtra,Nashik,2655.105,2418.82,2936.67,42.8378473626612,4,2022-06-01,2022,6
Rice,Maharashtra,Nashik,2718.31,2325.61,3032.29,110.39575739130552,5,2022-07-01,2022,7
Rice,Maharashtra,Nashik,2724.025,2437.76,3067.12,83.67647439194981,4,2022-08-01,2022,8
Rice,Maharashtra,Nashik,2850.735,2530.27,3141.48,69.51740909057719,4,2022-09-01,2022,9
Rice,Maharashtra,Nashik,2942.116,2683.33,3232.12,31.57000126702558,5,2022-10-01,2022,10
Rice,Maharashtra,Nashik,3115.0275,2749.64,3475.91,95.92369306728503,4,2022-11-01,2022,11
Rice,Maharashtra,Nashik,3054.125,2757.87,3415.28,76.14273460635191,4,2022-12-01,2022,12
Rice,Maharashtra,Nashik,3317.4379999999996,3004.91,3637.92,45.690300611836435,5,2023-01-01,2023,1
Rice,Maharashtra,Nashik,3265.7875,2972.86,3582.85,38.2369597597228,4,2023-02-01,2023,2
Rice,Maharashtra,Nashik,3299.8475,2876.6,3706.22,126.78134914752502,4,2023-03-01,2023,3
Rice,Maharashtra,Nashik,3309.5080000000003,3008.0,3663.27,52.27388564092022,5,2023-04-01,2023,4
Rice,Maharashtra,Nashik,3094.4575,2755.26,3432.12,76.5279092336035,4,2023-05-01,2023,5
Rice,Maharashtra,Nashik,3132.8225,2823.3,3416.59,43.439484630920695,4,2023-06-01,2023,6
Rice,Maharashtra,Nashik,3042.346,2723.58,3430.32,83.02747996898364,5,2023-07-01,2023,7
Rice,Maharashtra,Nashik,3159.6925,2832.12,3485.29,61.39532358684431,4,2023-08-01,2023,8
Rice,Maharashtra,Nashik,3175.0874999999996,2874.92,3547.68,74.38619333137933,4,2023-09-01,2023,9
Rice,Maharashtra,Nashik,3261.704,2968.22,3554.4,32.20407939997654,5,2023-10-01,2023,10
Rice,Maharashtra,Nashik,3398.285,3069.13,3740.5,52.05603807436731,4,2023-11-01,2023,11
Rice,Maharashtra,Nashik,3561.718,3242.55,3925.55,43.65159470168296,5,2023-12-01,2023,12
Rice,Maharashtra,Nashik,3784.82,3398.37,4236.28,109.95822631041918,4,2024-01-01,2024,1
Rice,Maharashtra,Nashik,3714.505,3324.86,4115.12,84.64650357024013,4,2024-02-01,2024,2
Rice,Maharashtra,Nashik,3573.5339999999997,3231.13,3932.64,51.63991653750049,5,2024-03-01,2024,3
Rice,Maharashtra,Nashik,3566.1825,3195.65,3972.91,97.46069647982874,4,2024-04-01,2024,4
Rice,Maharashtra,Nashik,3398.0475,3087.87,3728.2,46.88040626601539,4,2024-05-01,2024,5
Rice,Maharashtra,Nashik,3417.486,2996.12,3885.59,130.562780607645,5,2024-06-01,2024,6
Rice,Maharashtra,Nashik,3415.5675,3081.49,3806.25,75.70208468067449,4,2024-07-01,2024,7
Rice,Maharashtra,Nashik,3300.6575000000003,2895.54,3690.26,125.10598583467791,4,2024-08-01,2024,8
Rice,Maharashtra,Nashik,3420.632,3043.68,3818.4,81.38287055640153,5,2024-09-01,2024,9
Rice,Maharashtra,Nashik,3416.46,3060.82,3879.53,124.54590693127295,4,2024-10-01,2024,10
Rice,Maharashtra,Nashik,3534.76,3213.14,3851.24,31.143289271794405,4,2024-11-01,2024,11
Rice,Maharashtra,Nashik,3638.218,3255.34,4002.72,65.09119886743508,5,2024-12-01,2024,12
Rice,Maharashtra,Nashik,3745.855,3342.82,4170.73,101.6967916570298,4,2025-01-01,2025,1
Rice,Maharashtra,Nashik,3776.3875,3392.49,4195.79,86.4946304210075,4,2025-02-01,2025,2
Rice,Maharashtra,Nashik,3663.6839999999997,3259.15,4085.7,98.94209533863733,5,2025-03-01,2025,3
Rice,Maharashtra,Nashik,3481.39,3174.15,3830.46,44.4789710612403,4,2025-04-01,2025,4
Rice,Maharashtra,Nashik,3397.0024999999996,3044.21,3837.07,106.99605144583607,4,2025-05-01,2025,5
Rice,Maharashtra,Nashik,3291.1800000000003,3006.44,3586.77,25.39284249547498,5,2025-06-01,2025,6
Rice,Maharashtra,Nashik,3369.7725,3027.32,3745.44,80.68008485163273,4,2025-07-01,2025,7
Rice,Maharashtra,Nashik,3440.282,3052.76,3783.19,73.99572771451055,5,2025-08-01,2025,8
Rice,Maharashtra,Nashik,3462.0575,3039.42,3866.45,115.28407562047187,4,2025-09-01,2025,9
Rice,Maharashtra,Nashik,3507.9625,3145.5,3955.02,107.36086790974319,4,2025-10-01,2025,10
Rice,Maharashtra,Nashik,3563.636,3140.58,4058.96,130.93392963628645,5,2025-11-01,2025,11
Rice,Maharashtra,Nashik,3674.06,3323.78,4071.11,67.05986827703519,4,2025-12-01,2025,12
Rice,Maharashtra,Nashik,3816.89,3497.38,4138.87,17.37717084759957,4,2026-01-01,2026,1
Rice,Maharashtra,Nashik,3707.045,3308.27,4119.88,89.33299371825984,4,2026-02-01,2026,2
Rice,Maharashtra,Nashik,3628.082,3185.36,4050.74,118.08063715105872,5,2026-03-01,2026,3
Rice,Maharashtra,Nashik,3499.065,3138.34,3892.31,88.82880782719067,4,2026-04-01,2026,4
Rice,Maharashtra,Nashik,3399.762,3005.53,3766.79,81.00985415367684,5,2026-05-01,2026,5
Rice,Maharashtra,Nashik,3284.6925,2946.06,3633.73,82.0771910561436,4,2026-06-01,2026,6
Rice,Maharashtra,Nashik,3224.0924999999997,2892.92,3584.38,81.35861780823645,4,2026-07-01,2026,7
Rice,Maharashtra,Nashik,3216.3540000000003,2869.65,3584.44,71.76178600062862,5,2026-08-01,2026,8
Rice,Maharashtra,Pune,3203.2625,2884.11,3528.51,54.12039749484476,4,2020-01-01,2020,1
Rice,Maharashtra,Pune,3199.56,2917.55,3484.53,22.5486599749665,4,2020-02-01,2020,2
Rice,Maharashtra,Pune,3222.668,2825.54,3664.64,141.03966275484342,5,2020-03-01,2020,3
Rice,Maharashtra,Pune,3159.9975,2762.04,3575.22,159.83041166081836,4,2020-04-01,2020,4
Rice,Maharashtra,Pune,3093.352,2687.85,3482.53,127.87649733238729,5,2020-05-01,2020,5
Rice,Maharashtra,Pune,3093.305,2724.25,3484.98,109.69326582186638,4,2020-06-01,2020,6
Rice,Maharashtra,Pune,3044.5699999999997,2671.44,3515.56,149.48309224345985,4,2020-07-01,2020,7
Rice,Maharashtra,Pune,3024.734,2694.46,3357.44,74.88477401982306,5,2020-08-01,2020,8
Rice,Maharashtra,Pune,3144.41,2842.84,3456.07,50.9850167532908,4,2020-09-01,2020,9
Rice,Maharashtra,Pune,3134.915,2792.07,3552.99,109.58182620002884,4,2020-10-01,2020,10
Rice,Maharashtra,Pune,3296.736,2961.94,3693.1,79.39910849625454,5,2020-11-01,2020,11
Rice,Maharashtra,Pune,3537.7725,3159.79,3918.32,88.37242495069756,4,2020-12-01,2020,12
Rice,Maharashtra,Pune,3675.7479999999996,3327.25,4078.46,61.82265822495832,5,2021-01-01,2021,1
Rice,Maharashtra,Pune,3665.7625,3302.57,4016.39,57.49139841460345,4,2021-02-01,2021,2
Rice,Maharashtra,Pune,3521.7,3177.94,3863.22,59.2361483105262,4,2021-03-01,2021,3
Rice,Maharashtra,Pune,3379.5775,3055.18,3721.24,60.72553958865506,4,2021-04-01,2021,4
Rice,Maharashtra,Pune,3252.62,2880.11,3586.14,76.940719713296,5,2021-05-01,2021,5
Rice,Maharashtra,Pune,3169.8275,2878.97,3492.42,46.85943332635023,4,2021-06-01,2021,6
Rice,Maharashtra,Pune,3170.5275,2760.51,3634.97,154.8881519839396,4,2021-07-01,2021,7
Rice,Maharashtra,Pune,3260.23,2880.88,3619.2,83.67102246297704,5,2021-08-01,2021,8
Rice,Maharashtra,Pune,3343.285,3045.05,3662.42,35.05774427046538,4,2021-09-01,2021,9
Rice,Maharashtra,Pune,3470.124,3102.73,3814.59,80.85864041647004,5,2021-10-01,2021,10
Rice,Maharashtra,Pune,3722.795,3384.12,4073.43,38.22266387018749,4,2021-11-01,2021,11
Rice,Maharashtra,Pune,3809.5825,3422.97,4250.92,92.38973260956375,4,2021-12-01,2021,12
Rice,Maharashtra,Pune,3870.522,3418.17,4348.67,124.16098831758717,5,2022-01-01,2022,1
Rice,Maharashtra,Pune,4018.2725,3499.84,4502.37,169.52110633094227,4,2022-02-01,2022,2
Rice,Maharashtra,Pune,3833.7,3360.84,4285.15,139.3325343677254,4,2022-03-01,2022,3
Rice,Maharashtra,Pune,3694.11,3315.93,4029.03,60.36850558583241,4,2022-04-01,2022,4
Rice,Maharashtra,Pune,3562.954,3164.66,3934.75,79.83378470296896,5,2022-05-01,2022,5
Rice,Maharashtra,Pune,3490.3424999999997,3058.48,3957.08,139.36583186587254,4,2022-06-01,2022,6
Rice,Maharashtra,Pune,3499.6520000000005,3190.03,3834.93,37.997211345044825,5,2022-07-01,2022,7
Rice,Maharashtra,Pune,3454.725,3152.5,3764.26,26.967279556282076,4,2022-08-01,2022,8
Rice,Maharashtra,Pune,3366.1075,3028.68,3686.41,52.50063642471389,4,2022-09-01,2022,9
Rice,Maharashtra,Pune,3505.34,3160.96,3914.17,73.52292703640146,5,2022-10-01,2022,10
Rice,Maharashtra,Pune,3554.51,3162.61,3941.87,94.49934497127465,4,2022-11-01,2022,11
Rice,Maharashtra,Pune,3592.08,3153.38,3971.76,111.82033476370319,4,2022-12-01,2022,12
Rice,Maharashtra,Pune,3637.554,3237.6,4059.17,101.95271369610512,5,2023-01-01,2023,1
Rice,Maharashtra,Pune,3640.84,3317.99,3989.1,37.276832841145044,4,2023-02-01,2023,2
Rice,Maharashtra,Pune,3486.02,3149.72,3847.53,57.527031327310226,4,2023-03-01,2023,3
Rice,Maharashtra,Pune,3419.16,3053.89,3828.36,93.22832616753357,5,2023-04-01,2023,4
Rice,Maharashtra,Pune,3348.7200000000003,3016.25,3701.34,62.85706695882869,4,2023-05-01,2023,5
Rice,Maharashtra,Pune,3286.1549999999997,2948.45,3618.48,64.61015425870244,4,2023-06-01,2023,6
Rice,Maharashtra,Pune,3267.208,2919.72,3652.29,85.64712382794886,5,2023-07-01,2023,7
Rice,Maharashtra,Pune,3193.8175,2839.5,3555.32,89.55911730062255,4,2023-08-01,2023,8
Rice,Maharashtra,Pune,3201.3275,2885.78,3534.53,72.55613062771936,4,2023-09-01,2023,9
Rice,Maharashtra,Pune,3283.858,2847.57,3607.58,105.63162769738997,5,2023-10-01,2023,10
Rice,Maharashtra,Pune,3390.8650000000002,3073.13,3707.83,44.680019770213505,4,2023-11-01,2023,11
Rice,Maharashtra,Pune,3511.786,3172.77,3849.43,42.228134341928985,5,2023-12-01,2023,12
Rice,Maharashtra,Pune,3690.465,3309.03,4060.49,68.89671375810805,4,2024-01-01,2024,1
Rice,Maharashtra,Pune,3744.605,3376.84,4145.57,72.95849893375456,4,2024-02-01,2024,2
Rice,Maharashtra,Pune,3682.388,3293.91,4100.09,85.53610389771079,5,2024-03-01,2024,3
Rice,Maharashtra,Pune,3526.3375,3107.04,3935.89,126.44773607436926,4,2024-04-01,2024,4
Rice,Maharashtra,Pune,3497.06,3143.65,3877.26,72.01034509013273,4,2024-05-01,2024,5
Rice,Maharashtra,Pune,3483.686,3032.95,3910.09,118.07903044148024,5,2024-06-01,2024,6
Rice,Maharashtra,Pune,3488.315,3106.66,3874.84,86.73143317160168,4,2024-07-01,2024,7
Rice,Maharashtra,Pune,3593.64,3176.59,4010.18,112.83961567936443,4,2024-08-01,2024,8
Rice,Maharashtra,Pune,3694.826,3274.45,4068.61,79.7068694028313,5,2024-09-01,2024,9
Rice,Maharashtra,Pune,3728.8824999999997,3379.0,4073.16,43.80060987018331,4,2024-10-01,2024,10
Rice,Maharashtra,Pune,3779.2975,3371.19,4168.31,87.98382744383564,4,2024-11-01,2024,11
Rice,Maharashtra,Pune,3730.422,3367.8,4102.13,54.6478185291966,5,2024-12-01,2024,12
Rice,Maharashtra,Pune,3846.165,3496.58,4254.52,63.261486177083476,4,2025-01-01,2025,1
Rice,Maharashtra,Pune,3794.52,3316.13,4231.04,146.90656826704523,4,2025-02-01,2025,2
Rice,Maharashtra,Pune,3749.0879999999997,3407.65,4137.84,50.00461898664963,5,2025-03-01,2025,3
Rice,Maharashtra,Pune,3734.325,3368.51,4216.17,114.02569374195186,4,2025-04-01,2025,4
Rice,Maharashtra,Pune,3591.2275,3265.48,3926.39,37.728579242620164,4,2025-05-01,2025,5
Rice,Maharashtra,Pune,3494.268,3146.36,3837.53,61.651399984104195,5,2025-06-01,2025,6
Rice,Maharashtra,Pune,3348.915,2966.63,3684.82,86.13390215240442,4,2025-07-01,2025,7
Rice,Maharashtra,Pune,3441.4919999999997,3043.29,3812.3,98.60436232743442,5,2025-08-01,2025,8
Rice,Maharashtra,Pune,3615.0275,3255.89,4014.1,74.61383534573217,4,2025-09-01,2025,9
Rice,Maharashtra,Pune,3734.5225,3343.41,4112.7,72.76495327422407,4,2025-10-01,2025,10
Rice,Maharashtra,Pune,3843.4839999999995,3458.44,4253.66,75.3770301882478,5,2025-11-01,2025,11
Rice,Maharashtra,Pune,3925.62,3530.16,4331.54,75.0629917691357,4,2025-12-01,2025,12
Rice,Maharashtra,Pune,4161.9525,3723.95,4610.19,107.98381587842995,4,2026-01-01,2026,1
Rice,Maharashtra,Pune,4121.6875,3733.11,4535.97,58.70269350719808,4,2026-02-01,2026,2
Rice,Maharashtra,Pune,4030.882,3499.8,4526.71,142.10436435943802,5,2026-03-01,2026,3
Rice,Maharashtra,Pune,3931.2375,3551.05,4336.35,63.91062268251381,4,2026-04-01,2026,4
Rice,Maharashtra,Pune,3822.578,3389.02,4205.25,86.09188039530797,5,2026-05-01,2026,5
Rice,Maharashtra,Pune,3706.565,3347.86,4057.57,49.28462403901115,4,2026-06-01,2026,6
Rice,Maharashtra,Pune,3697.4125,3377.27,4011.64,18.79642940383442,4,2026-07-01,2026,7
Rice,Maharashtra,Pune,3742.9440000000004,3332.26,4120.87,73.68434860945703,5,2026-08-01,2026,8
Tomato,Uttarakhand,Dehradun,1726.3975,1401.87,2219.2,245.17971617774586,4,2020-01-01,2020,1
Tomato,Uttarakhand,Dehradun,1064.6425,544.8,1704.33,466.958918705204,4,2020-02-01,2020,2
Tomato,Uttarakhand,Dehradun,269.88,184.0,415.62,91.20301173755173,5,2020-03-01,2020,3
Tomato,Uttarakhand,Dehradun,209.99,184.0,259.16,19.980000000000008,4,2020-04-01,2020,4
Tomato,Uttarakhand,Dehradun,217.45,184.0,297.43,32.79889479845318,5,2020-05-01,2020,5
Tomato,Uttarakhand,Dehradun,223.1375,184.0,312.56,44.2064553166918,4,2020-06-01,2020,6
Tomato,Uttarakhand,Dehradun,963.4100000000001,555.7,1421.79,297.3306051070648,4,2020-07-01,2020,7
Tomato,Uttarakhand,Dehradun,1553.346,1133.2,1987.95,253.17121900010673,5,2020-08-01,2020,8
Tomato,Uttarakhand,Dehradun,1825.375,1431.23,2396.15,284.4067050897358,4,2020-09-01,2020,9
Tomato,Uttarakhand,Dehradun,1645.7075,1331.8,2001.32,167.24784211363288,4,2020-10-01,2020,10
Tomato,Uttarakhand,Dehradun,1849.28,1195.2,2249.73,321.13770504255643,5,2020-11-01,2020,11
Tomato,Uttarakhand,Dehradun,1368.3225,1073.56,1744.1,185.32310404174288,4,2020-12-01,2020,12
Tomato,Uttarakhand,Dehradun,908.5540000000001,455.69,1253.0,271.13444475020145,5,2021-01-01,2021,1
Tomato,Uttarakhand,Dehradun,482.61,243.22,665.42,154.4130307541001,4,2021-02-01,2021,2
Tomato,Uttarakhand,Dehradun,489.245,206.35,905.43,294.64807103842827,4,2021-03-01,2021,3
Tomato,Uttarakhand,Dehradun,286.27,188.0,404.14,75.24894683648402,4,2021-04-01,2021,4
Tomato,Uttarakhand,Dehradun,535.7059999999999,184.0,911.42,247.7673870387303,5,2021-05-01,2021,5
Tomato,Uttarakhand,Dehradun,690.1524999999999,353.76,1245.61,375.08696070600297,4,2021-06-01,2021,6
Tomato,Uttarakhand,Dehradun,1463.1725000000001,1121.19,1853.3,251.88386111791027,4,2021-07-01,2021,7
Tomato,Uttarakhand,Dehradun,2021.73,1722.27,2381.01,128.10461954980386,5,2021-08-01,2021,8
Tomato,Uttarakhand,Dehradun,2403.4125,1995.79,2813.51,190.35713582194217,4,2021-09-01,2021,9
Tomato,Uttarakhand,Dehradun,2663.108,2163.53,3256.56,299.2096913036073,5,2021-10-01,2021,10
Tomato,Uttarakhand,Dehradun,2099.275,1621.21,2515.14,242.3221429557493,4,2021-11-01,2021,11
Tomato,Uttarakhand,Dehradun,2252.9300000000003,1929.81,2544.8,124.29601629443589,4,2021-12-01,2021,12
Tomato,Uttarakhand,Dehradun,2098.15,1573.95,2499.72,238.48352741856203,5,2022-01-01,2022,1
Tomato,Uttarakhand,Dehradun,1268.8400000000001,1070.81,1466.52,86.81663396684604,4,2022-02-01,2022,2
Tomato,Uttarakhand,Dehradun,838.2825,468.91,1078.82,226.3027514010085,4,2022-03-01,2022,3
Tomato,Uttarakhand,Dehradun,351.53999999999996,184.0,595.12,179.31146979487954,4,2022-04-01,2022,4
Tomato,Uttarakhand,Dehradun,200.0,184.0,216.0,0.0,5,2022-05-01,2022,5
Tomato,Uttarakhand,Dehradun,555.715,246.57,1039.19,308.35169417403887,4,2022-06-01,2022,6
Tomato,Uttarakhand,Dehradun,1135.336,856.94,1430.88,169.37571440439746,5,2022-07-01,2022,7
Tomato,Uttarakhand,Dehradun,1545.0925,1128.53,1878.86,221.31401482584275,4,2022-08-01,2022,8
Tomato,Uttarakhand,Dehradun,2228.5,1668.96,2649.54,285.0459161842761,4,2022-09-01,2022,9
Tomato,Uttarakhand,Dehradun,2003.766,1648.65,2564.25,221.4935644211813,5,2022-10-01,2022,10
Tomato,Uttarakhand,Dehradun,2299.9700000000003,1674.78,2821.62,344.9604901047848,4,2022-11-01,2022,11
Tomato,Uttarakhand,Dehradun,1631.17,1113.42,2370.72,471.1665533545437,4,2022-12-01,2022,12
Tomato,Uttarakhand,Dehradun,1061.716,659.07,1452.31,304.2394300218168,5,2023-01-01,2023,1
Tomato,Uttarakhand,Dehradun,716.06,184.0,1305.66,420.8107492289933,4,2023-02-01,2023,2
Tomato,Uttarakhand,Dehradun,626.14,339.07,1090.77,308.0965437434615,4,2023-03-01,2023,3
Tomato,Uttarakhand,Dehradun,942.948,184.0,1598.82,546.607692655345,5,2023-04-01,2023,4
Tomato,Uttarakhand,Dehradun,1537.69,1229.3,1918.95,181.3054643412602,4,2023-05-01,2023,5
Tomato,Uttarakhand,Dehradun,2052.235,1780.86,2448.29,147.46705880749545,4,2023-06-01,2023,6
Tomato,Uttarakhand,Dehradun,2571.918,2132.14,2953.01,165.72872855965576,5,2023-07-01,2023,7
Tomato,Uttarakhand,Dehradun,2990.185,2372.62,3723.18,410.1557474504857,4,2023-08-01,2023,8
Tomato,Uttarakhand,Dehradun,3269.7349999999997,2525.45,3996.71,393.9685906685116,4,2023-09-01,2023,9
Tomato,Uttarakhand,Dehradun,3065.936,2366.21,3854.98,376.20139185016313,5,2023-10-01,2023,10
Tomato,Uttarakhand,Dehradun,3528.4125,3093.06,4267.43,282.8470709735801,4,2023-11-01,2023,11
Tomato,Uttarakhand,Dehradun,3038.594,2438.53,3839.07,418.5897315749635,5,2023-12-01,2023,12
Tomato,Uttarakhand,Dehradun,2480.635,2140.08,2864.18,133.4428702978668,4,2024-01-01,2024,1
Tomato,Uttarakhand,Dehradun,2093.34,1683.59,2509.54,202.4538945044031,4,2024-02-01,2024,2
Tomato,Uttarakhand,Dehradun,1851.58,1307.86,2382.17,295.0709744281874,5,2024-03-01,2024,3
Tomato,Uttarakhand,Dehradun,1586.7625,1124.07,2130.07,364.0131956742777,4,2024-04-01,2024,4
Tomato,Uttarakhand,Dehradun,1787.1925,1585.39,2030.75,73.96600091708794,4,2024-05-01,2024,5
Tomato,Uttarakhand,Dehradun,2250.156,1783.61,2852.14,268.9974078499642,5,2024-06-01,2024,6
Tomato,Uttarakhand,Dehradun,2551.0425,1769.06,3018.19,419.4662258454189,4,2024-07-01,2024,7
Tomato,Uttarakhand,Dehradun,3157.8050000000003,2478.33,3770.17,338.99817988695264,4,2024-08-01,2024,8
Tomato,Uttarakhand,Dehradun,4019.3979999999997,3496.35,4562.71,174.78344449632507,5,2024-09-01,2024,9
Tomato,Uttarakhand,Dehradun,4651.2725,3997.64,5284.84,253.7686587392799,4,2024-10-01,2024,10
Tomato,Uttarakhand,Dehradun,4485.4275,3768.67,5234.8,322.1137182605958,4,2024-11-01,2024,11
Tomato,Uttarakhand,Dehradun,4308.264,3794.19,4918.98,155.0432588989279,5,2024-12-01,2024,12
Tomato,Uttarakhand,Dehradun,4138.24,3559.59,4793.6,299.981949679199,4,2025-01-01,2025,1
Tomato,Uttarakhand,Dehradun,3438.8025,3057.36,3902.46,133.31489598565747,4,2025-02-01,2025,2
Tomato,Uttarakhand,Dehradun,3413.318,2889.08,3938.12,219.97166481162972,5,2025-03-01,2025,3
Tomato,Uttarakhand,Dehradun,2959.33,2620.1,3266.29,76.96028932724545,4,2025-04-01,2025,4
Tomato,Uttarakhand,Dehradun,2933.075,2424.01,3844.27,427.42671921628863,4,2025-05-01,2025,5
Tomato,Uttarakhand,Dehradun,3549.5620000000004,3069.27,4140.75,223.15205101006805,5,2025-06-01,2025,6
Tomato,Uttarakhand,Dehradun,3793.28,3371.51,4295.77,134.92580998459835,4,2025-07-01,2025,7
Tomato,Uttarakhand,Dehradun,4255.4800000000005,3476.7,5109.99,454.7400815300975,5,2025-08-01,2025,8
Tomato,Uttarakhand,Dehradun,4673.87,3755.8,5606.59,456.77274137875906,4,2025-09-01,2025,9
Tomato,Uttarakhand,Dehradun,4804.865,3848.09,5727.91,464.951104275134,4,2025-10-01,2025,10
Tomato,Uttarakhand,Dehradun,4573.582,3934.34,5241.67,222.2874670781056,5,2025-11-01,2025,11
Tomato,Uttarakhand,Dehradun,4276.2474999999995,3722.56,4999.82,248.8048506192485,4,2025-12-01,2025,12
Tomato,Uttarakhand,Dehradun,4307.84,3803.44,5031.58,242.67175113721015,4,2026-01-01,2026,1
Tomato,Uttarakhand,Dehradun,3611.73,3285.54,3971.15,47.79876079286285,4,2026-02-01,2026,2
Tomato,Uttarakhand,Dehradun,3153.7200000000003,2624.13,3742.03,258.8366062789419,5,2026-03-01,2026,3
Tomato,Uttarakhand,Dehradun,3059.09,2701.35,3466.71,142.24007288149613,4,2026-04-01,2026,4
Tomato,Uttarakhand,Dehradun,3059.96,2476.84,3862.43,359.8731959315672,5,2026-05-01,2026,5
Tomato,Uttarakhand,Dehradun,3386.005,2797.96,3911.43,254.26654393896692,4,2026-06-01,2026,6
Tomato,Uttarakhand,Dehradun,3980.97,3406.5,4701.02,271.71020015204925,4,2026-07-01,2026,7
Tomato,Uttarakhand,Dehradun,4618.38,3730.2,5508.07,457.06157265733896,5,2026-08-01,2026,8
Tomato,Uttar Pradesh,Lucknow,1540.7849999999999,1256.95,1853.37,178.9636708944025,4,2020-01-01,2020,1
Tomato,Uttar Pradesh,Lucknow,1302.235,885.02,1966.27,383.743919691244,4,2020-02-01,2020,2
Tomato,Uttar Pradesh,Lucknow,958.548,580.82,1342.29,239.1959858985932,5,2020-03-01,2020,3
Tomato,Uttar Pradesh,Lucknow,753.185,523.45,1042.7,213.5303504578838,4,2020-04-01,2020,4
Tomato,Uttar Pradesh,Lucknow,865.1659999999999,224.77,1552.02,528.9376638886665,5,2020-05-01,2020,5
Tomato,Uttar Pradesh,Lucknow,1416.2025,993.28,1914.45,292.50405448756896,4,2020-06-01,2020,6
Tomato,Uttar Pradesh,Lucknow,1327.5349999999999,949.25,1660.09,218.17906246933964,4,2020-07-01,2020,7
Tomato,Uttar Pradesh,Lucknow,2171.6800000000003,1670.85,3177.98,459.9468781826876,5,2020-08-01,2020,8
Tomato,Uttar Pradesh,Lucknow,2510.03,1934.16,3346.27,451.2371052266573,4,2020-09-01,2020,9
Tomato,Uttar Pradesh,Lucknow,2455.07,2025.97,3154.22,318.7272076034092,4,2020-10-01,2020,10
Tomato,Uttar Pradesh,Lucknow,2641.214,2303.06,3031.38,111.13640731101567,5,2020-11-01,2020,11
Tomato,Uttar Pradesh,Lucknow,2175.6375,1826.65,2592.42,218.18159338419602,4,2020-12-01,2020,12
Tomato,Uttar Pradesh,Lucknow,2127.676,1771.99,2739.67,246.50983272478203,5,2021-01-01,2021,1
Tomato,Uttar Pradesh,Lucknow,936.44,548.84,1274.22,264.14611423730366,4,2021-02-01,2021,2
Tomato,Uttar Pradesh,Lucknow,1134.46,705.04,1459.13,273.56509353351345,4,2021-03-01,2021,3
Tomato,Uttar Pradesh,Lucknow,1348.6425,1045.29,1841.4,246.67163076649084,4,2021-04-01,2021,4
Tomato,Uttar Pradesh,Lucknow,1517.732,932.54,2098.66,341.05985159499505,5,2021-05-01,2021,5
Tomato,Uttar Pradesh,Lucknow,2004.34,1576.93,2489.05,276.98877714930376,4,2021-06-01,2021,6
Tomato,Uttar Pradesh,Lucknow,2425.2525,1838.87,2941.28,304.9775622757624,4,2021-07-01,2021,7
Tomato,Uttar Pradesh,Lucknow,3073.754,2346.16,3716.61,328.96802995124006,5,2021-08-01,2021,8
Tomato,Uttar Pradesh,Lucknow,3484.9925,2927.4,3998.7,221.4942619836158,4,2021-09-01,2021,9
Tomato,Uttar Pradesh,Lucknow,3913.6099999999997,3205.03,4780.82,402.4681612873247,5,2021-10-01,2021,10
Tomato,Uttar Pradesh,Lucknow,3826.9925,3311.25,4288.31,159.90280243010116,4,2021-11-01,2021,11
Tomato,Uttar Pradesh,Lucknow,3263.5625,2765.08,3742.01,191.14024735343773,4,2021-12-01,2021,12
Tomato,Uttar Pradesh,Lucknow,3129.09,2595.5,3636.62,236.0627021577108,5,2022-01-01,2022,1
Tomato,Uttar Pradesh,Lucknow,2604.2325,1952.57,3084.54,330.81990623046454,4,2022-02-01,2022,2
Tomato,Uttar Pradesh,Lucknow,2291.58,1685.04,2811.11,330.7147684435436,4,2022-03-01,2022,3
Tomato,Uttar Pradesh,Lucknow,1817.44,1467.4,2394.53,274.26229598688906,4,2022-04-01,2022,4
Tomato,Uttar Pradesh,Lucknow,2196.45,1913.8,2594.38,132.27375117535598,5,2022-05-01,2022,5
Tomato,Uttar Pradesh,Lucknow,2504.2799999999997,2089.96,3066.16,246.03310820565065,4,2022-06-01,2022,6
Tomato,Uttar Pradesh,Lucknow,2608.402,1957.08,3421.91,381.4698255694675,5,2022-07-01,2022,7
Tomato,Uttar Pradesh,Lucknow,3098.885,2509.44,3631.8,293.9750298353019,4,2022-08-01,2022,8
Tomato,Uttar Pradesh,Lucknow,3597.11,3094.56,4203.18,227.9581849082561,4,2022-09-01,2022,9
Tomato,Uttar Pradesh,Lucknow,3621.774,3130.93,4092.0,159.6807368783098,5,2022-10-01,2022,10
Tomato,Uttar Pradesh,Lucknow,3407.005,2995.59,3937.04,168.8456143937411,4,2022-11-01,2022,11
Tomato,Uttar Pradesh,Lucknow,3161.1175000000003,2688.22,3750.19,253.8138139627814,4,2022-12-01,2022,12
Tomato,Uttar Pradesh,Lucknow,2514.2380000000003,2178.06,3010.51,169.15340395629076,5,2023-01-01,2023,1
Tomato,Uttar Pradesh,Lucknow,2589.7625,2035.71,3580.6,508.44140005674853,4,2023-02-01,2023,2
Tomato,Uttar Pradesh,Lucknow,2111.0575,1677.4,2896.96,392.5077355819457,4,2023-03-01,2023,3
Tomato,Uttar Pradesh,Lucknow,2112.366,1709.67,2771.69,312.8606299616493,5,2023-04-01,2023,4
Tomato,Uttar Pradesh,Lucknow,1908.9950000000001,1523.75,2329.12,240.06943960723817,4,2023-05-01,2023,5
Tomato,Uttar Pradesh,Lucknow,1984.9175,1565.09,2573.92,333.04550763872095,4,2023-06-01,2023,6
Tomato,Uttar Pradesh,Lucknow,2740.496,2216.05,3299.66,274.46316616260185,5,2023-07-01,2023,7
Tomato,Uttar Pradesh,Lucknow,3444.7825000000003,2641.66,4152.12,478.0261127717468,4,2023-08-01,2023,8
Tomato,Uttar Pradesh,Lucknow,3793.465,3288.23,4293.42,183.56490414382966,4,2023-09-01,2023,9
Tomato,Uttar Pradesh,Lucknow,4234.005999999999,3405.95,4959.9,324.6640449449245,5,2023-10-01,2023,10
Tomato,Uttar Pradesh,Lucknow,4196.7,3633.74,4858.83,229.66917744152477,4,2023-11-01,2023,11
Tomato,Uttar Pradesh,Lucknow,3579.7760000000003,2719.95,4185.57,366.5861360990076,5,2023-12-01,2023,12
Tomato,Uttar Pradesh,Lucknow,2914.56,2366.51,3374.73,260.74281095874267,4,2024-01-01,2024,1
Tomato,Uttar Pradesh,Lucknow,2331.9,1704.97,2822.68,345.96714747694386,4,2024-02-01,2024,2
Tomato,Uttar Pradesh,Lucknow,1701.1799999999998,1438.11,2025.78,115.69575208277956,5,2024-03-01,2024,3
Tomato,Uttar Pradesh,Lucknow,1631.635,1125.88,2058.51,325.664187622772,4,2024-04-01,2024,4
Tomato,Uttar Pradesh,Lucknow,1901.5774999999999,1561.09,2277.41,169.36769593107186,4,2024-05-01,2024,5
Tomato,Uttar Pradesh,Lucknow,2338.25,1601.36,3277.41,485.9862370993647,5,2024-06-01,2024,6
Tomato,Uttar Pradesh,Lucknow,2738.3175,2091.76,3691.17,483.3848062275713,4,2024-07-01,2024,7
Tomato,Uttar Pradesh,Lucknow,3382.2025,2948.99,3921.37,189.99220183558427,4,2024-08-01,2024,8
Tomato,Uttar Pradesh,Lucknow,3495.304,2768.82,4295.1,349.5036296378051,5,2024-09-01,2024,9
Tomato,Uttar Pradesh,Lucknow,4008.935,3641.55,4373.42,38.069313539034844,4,2024-10-01,2024,10
Tomato,Uttar Pradesh,Lucknow,3648.59,3118.11,4320.95,262.01595078671585,4,2024-11-01,2024,11
Tomato,Uttar Pradesh,Lucknow,3316.388,2845.41,4151.02,308.7931421194455,5,2024-12-01,2024,12
Tomato,Uttar Pradesh,Lucknow,2789.3825,2128.75,3518.14,413.7468939963981,4,2025-01-01,2025,1
Tomato,Uttar Pradesh,Lucknow,2090.9325,1600.45,2734.06,329.62950043698055,4,2025-02-01,2025,2
Tomato,Uttar Pradesh,Lucknow,1717.2540000000001,1285.76,2363.36,292.0895091919599,5,2025-03-01,2025,3
Tomato,Uttar Pradesh,Lucknow,1406.8075,1148.88,1811.04,198.88193757017422,4,2025-04-01,2025,4
Tomato,Uttar Pradesh,Lucknow,1719.105,1167.08,2361.65,380.36300192491564,4,2025-05-01,2025,5
Tomato,Uttar Pradesh,Lucknow,2218.068,1773.34,2592.78,199.97944524375492,5,2025-06-01,2025,6
Tomato,Uttar Pradesh,Lucknow,2425.6275,1866.09,2996.8,327.8567673415736,4,2025-07-01,2025,7
Tomato,Uttar Pradesh,Lucknow,2879.494,2472.16,3618.8,272.09544038811083,5,2025-08-01,2025,8
Tomato,Uttar Pradesh,Lucknow,3264.455,2846.48,3665.07,145.56692424219636,4,2025-09-01,2025,9
Tomato,Uttar Pradesh,Lucknow,3398.6625,2868.83,4235.17,360.47417802805234,4,2025-10-01,2025,10
Tomato,Uttar Pradesh,Lucknow,3201.282,2653.99,3674.91,223.82824748007127,5,2025-11-01,2025,11
Tomato,Uttar Pradesh,Lucknow,2424.6625,2011.98,3032.16,268.60027368750025,4,2025-12-01,2025,12
Tomato,Uttar Pradesh,Lucknow,2024.2575,1634.8,2487.18,216.50953348909752,4,2026-01-01,2026,1
Tomato,Uttar Pradesh,Lucknow,1330.4275,941.91,1868.26,345.334233593582,4,2026-02-01,2026,2
Tomato,Uttar Pradesh,Lucknow,830.75,558.87,1050.17,151.67938505281458,5,2026-03-01,2026,3
Tomato,Uttar Pradesh,Lucknow,423.53999999999996,184.0,697.17,197.92258941313395,4,2026-04-01,2026,4
Tomato,Uttar Pradesh,Lucknow,855.124,443.37,1437.46,310.89066611913586,5,2026-05-01,2026,5
Tomato,Uttar Pradesh,Lucknow,1485.1475,1182.24,1993.2,249.6555904140742,4,2026-06-01,2026,6
Tomato,Uttar Pradesh,Lucknow,1672.285,1239.96,1959.84,218.9205404555117,4,2026-07-01,2026,7
Tomato,Uttar Pradesh,Lucknow,2413.964,1963.95,2892.21,224.8985316314893,5,2026-08-01,2026,8
Tomato,Punjab,Ludhiana,1695.445,1418.24,2138.91,196.71245723983347,4,2020-01-01,2020,1
Tomato,Punjab,Ludhiana,867.5074999999999,543.03,1221.81,242.3614183232691,4,2020-02-01,2020,2
Tomato,Punjab,Ludhiana,819.4100000000001,659.79,1057.88,110.3404746681833,5,2020-03-01,2020,3
Tomato,Punjab,Ludhiana,879.6800000000001,627.95,1144.22,182.85866837533297,4,2020-04-01,2020,4
Tomato,Punjab,Ludhiana,1017.14,676.07,1375.35,207.09953428243142,5,2020-05-01,2020,5
Tomato,Punjab,Ludhiana,1434.3175,805.75,1832.43,378.91557506257254,4,2020-06-01,2020,6
Tomato,Punjab,Ludhiana,2060.3675,1773.58,2554.77,205.2761129755077,4,2020-07-01,2020,7
Tomato,Punjab,Ludhiana,2270.008,1940.41,2686.94,153.76960873332544,5,2020-08-01,2020,8
Tomato,Punjab,Ludhiana,3025.8325,2582.58,3414.81,154.47211212707612,4,2020-09-01,2020,9
Tomato,Punjab,Ludhiana,3018.3075,2178.15,3672.65,456.7149813888306,4,2020-10-01,2020,10
Tomato,Punjab,Ludhiana,2538.59,2157.34,3028.76,173.5113990491692,5,2020-11-01,2020,11
Tomato,Punjab,Ludhiana,2235.9700000000003,1507.79,2767.6,414.4239422781137,4,2020-12-01,2020,12
Tomato,Punjab,Ludhiana,1916.5819999999999,1570.74,2264.54,192.00158637365476,5,2021-01-01,2021,1
Tomato,Punjab,Ludhiana,1616.24,1332.54,1989.22,177.10261225252043,4,2021-02-01,2021,2
Tomato,Punjab,Ludhiana,1168.13,742.05,1911.0,420.16260050921557,4,2021-03-01,2021,3
Tomato,Punjab,Ludhiana,1036.8474999999999,454.54,1751.89,568.6592739285978,4,2021-04-01,2021,4
Tomato,Punjab,Ludhiana,1104.308,711.88,1452.15,230.77994945401989,5,2021-05-01,2021,5
Tomato,Punjab,Ludhiana,1886.095,1510.79,2264.36,204.49526229230838,4,2021-06-01,2021,6
Tomato,Punjab,Ludhiana,2514.3175,2101.19,3092.29,252.96971325635025,4,2021-07-01,2021,7
Tomato,Punjab,Ludhiana,2976.4080000000004,2483.2,3480.47,233.88910293128222,5,2021-08-01,2021,8
Tomato,Punjab,Ludhiana,3087.9425,2525.37,3564.34,260.14040406096086,4,2021-09-01,2021,9
Tomato,Punjab,Ludhiana,3164.564,2683.78,3613.73,156.15182797521135,5,2021-10-01,2021,10
Tomato,Punjab,Ludhiana,2848.96,2153.86,3792.86,554.9504763490163,4,2021-11-01,2021,11
Tomato,Punjab,Ludhiana,2532.74,2094.48,3027.39,282.57431930968767,4,2021-12-01,2021,12
Tomato,Punjab,Ludhiana,1856.1419999999998,1226.47,2299.72,318.5157802527216,5,2022-01-01,2022,1
Tomato,Punjab,Ludhiana,1327.99,1124.22,1530.18,83.25327100680997,4,2022-02-01,2022,2
Tomato,Punjab,Ludhiana,707.605,524.7,956.38,131.86680995105118,4,2022-03-01,2022,3
Tomato,Punjab,Ludhiana,634.3175,204.18,967.87,288.70776174475577,4,2022-04-01,2022,4
Tomato,Punjab,Ludhiana,272.52,184.0,592.6,154.51200940380008,5,2022-05-01,2022,5
Tomato,Punjab,Ludhiana,594.0699999999999,494.86,725.33,55.969651300206145,4,2022-06-01,2022,6
Tomato,Punjab,Ludhiana,1016.768,492.53,1416.59,341.36751657121687,5,2022-07-01,2022,7
Tomato,Punjab,Ludhiana,1746.7625,1269.72,2205.54,321.4621151732606,4,2022-08-01,2022,8
Tomato,Punjab,Ludhiana,1939.2875,1531.45,2203.91,183.43888998337658,4,2022-09-01,2022,9
Tomato,Punjab,Ludhiana,1895.2720000000002,1427.16,2632.26,333.2208277854193,5,2022-10-01,2022,10
Tomato,Punjab,Ludhiana,1902.34,1353.77,3000.41,593.8525630154338,4,2022-11-01,2022,11
Tomato,Punjab,Ludhiana,1633.045,1196.87,2232.27,362.5942343262875,4,2022-12-01,2022,12
Tomato,Punjab,Ludhiana,1115.26,611.67,1540.39,282.44860789177204,5,2023-01-01,2023,1
Tomato,Punjab,Ludhiana,764.7475000000001,184.0,1232.71,408.19163027308633,4,2023-02-01,2023,2
Tomato,Punjab,Ludhiana,412.3675,248.68,783.52,211.26609309509814,4,2023-03-01,2023,3
Tomato,Punjab,Ludhiana,615.42,275.26,1057.16,301.98298884208697,5,2023-04-01,2023,4
Tomato,Punjab,Ludhiana,451.54999999999995,184.0,827.06,294.9419095347421,4,2023-05-01,2023,5
Tomato,Punjab,Ludhiana,602.3975,407.08,868.84,152.5656659442091,4,2023-06-01,2023,6
Tomato,Punjab,Ludhiana,954.3,644.65,1239.71,212.40314792865004,5,2023-07-01,2023,7
Tomato,Punjab,Ludhiana,1244.7475,845.81,1717.51,305.4899719439794,4,2023-08-01,2023,8
Tomato,Punjab,Ludhiana,1792.0425,1336.62,2175.17,238.89423620436446,4,2023-09-01,2023,9
Tomato,Punjab,Ludhiana,1800.514,1482.35,2301.07,202.4259223271565,5,2023-10-01,2023,10
Tomato,Punjab,Ludhiana,1747.2975000000001,1272.16,2506.32,402.03027409844,4,2023-11-01,2023,11
Tomato,Punjab,Ludhiana,1809.1979999999999,1220.15,2649.15,406.90242745650954,5,2023-12-01,2023,12
Tomato,Punjab,Ludhiana,1692.5,1271.53,2125.51,312.04012103146823,4,2024-01-01,2024,1
Tomato,Punjab,Ludhiana,693.655,259.7,1258.15,417.2742631651274,4,2024-02-01,2024,2
Tomato,Punjab,Ludhiana,718.658,404.88,1095.25,220.16178862373002,5,2024-03-01,2024,3
Tomato,Punjab,Ludhiana,1083.445,817.68,1374.39,169.7378202797872,4,2024-04-01,2024,4
Tomato,Punjab,Ludhiana,1118.9724999999999,631.38,1631.15,339.7625303428852,4,2024-05-01,2024,5
Tomato,Punjab,Ludhiana,1657.2420000000002,999.28,2187.02,372.4315658211586,5,2024-06-01,2024,6
Tomato,Punjab,Ludhiana,2824.45,2546.25,3198.4,91.79821094843467,4,2024-07-01,2024,7
Tomato,Punjab,Ludhiana,2766.2925,2350.41,3278.59,217.1815155386543,4,2024-08-01,2024,8
Tomato,Punjab,Ludhiana,3357.514,2769.26,4129.05,299.476804911499,5,2024-09-01,2024,9
Tomato,Punjab,Ludhiana,3325.9674999999997,2598.81,4139.5,498.08314796996143,4,2024-10-01,2024,10
Tomato,Punjab,Ludhiana,3082.3225,2624.04,3669.94,229.86748173313543,4,2024-11-01,2024,11
Tomato,Punjab,Ludhiana,2491.684,1370.4,3244.73,606.4646885268755,5,2024-12-01,2024,12
Tomato,Punjab,Ludhiana,2354.5825,1772.21,3175.54,470.42359531065193,4,2025-01-01,2025,1
Tomato,Punjab,Ludhiana,2099.9925000000003,1673.86,2414.52,189.70742058496296,4,2025-02-01,2025,2
Tomato,Punjab,Ludhiana,1934.7040000000002,1282.99,2701.51,392.9236158975432,5,2025-03-01,2025,3
Tomato,Punjab,Ludhiana,2265.39,1670.01,2791.09,335.1414975797537,4,2025-04-01,2025,4
Tomato,Punjab,Ludhiana,2561.1000000000004,1931.06,3007.54,312.0277581669084,4,2025-05-01,2025,5
Tomato,Punjab,Ludhiana,2949.484,2318.04,3852.84,456.6425960529745,5,2025-06-01,2025,6
Tomato,Punjab,Ludhiana,4242.5425,3635.99,5308.16,452.2855402195242,4,2025-07-01,2025,7
Tomato,Punjab,Ludhiana,4522.36,4047.12,4948.38,82.39399098235243,5,2025-08-01,2025,8
Tomato,Punjab,Ludhiana,5068.95,4442.72,5828.77,247.30756896356147,4,2025-09-01,2025,9
Tomato,Punjab,Ludhiana,4839.7925,4220.17,5464.87,196.94668337310642,4,2025-10-01,2025,10
Tomato,Punjab,Ludhiana,5051.712,4186.78,5866.09,324.0295655800562,5,2025-11-01,2025,11
Tomato,Punjab,Ludhiana,4051.7775,3386.89,4694.58,289.4240287622988,4,2025-12-01,2025,12
Tomato,Punjab,Ludhiana,3687.7925,3296.27,4097.9,87.2146552573972,4,2026-01-01,2026,1
Tomato,Punjab,Ludhiana,3086.2999999999997,2668.63,3426.97,127.41763692676142,4,2026-02-01,2026,2
Tomato,Punjab,Ludhiana,2686.5,2117.28,3206.64,249.8759536249937,5,2026-03-01,2026,3
Tomato,Punjab,Ludhiana,2573.685,2047.67,3362.36,398.5217035076845,4,2026-04-01,2026,4
Tomato,Punjab,Ludhiana,3057.8419999999996,2443.95,3711.49,285.16501059912656,5,2026-05-01,2026,5
Tomato,Punjab,Ludhiana,3562.8075,3104.97,4032.63,166.89872505504655,4,2026-06-01,2026,6
Tomato,Punjab,Ludhiana,3530.5925,3039.13,4196.74,256.6367981376273,4,2026-07-01,2026,7
Tomato,Punjab,Ludhiana,4284.11,3630.54,4994.64,335.5881132430054,5,2026-08-01,2026,8
Tomato,Maharashtra,Nashik,1550.5325,1125.45,1888.91,231.88266923525507,4,2020-01-01,2020,1
Tomato,Maharashtra,Nashik,1660.295,761.65,2476.31,633.1542483734381,4,2020-02-01,2020,2
Tomato,Maharashtra,Nashik,1260.42,816.05,1718.84,291.04914499101346,5,2020-03-01,2020,3
Tomato,Maharashtra,Nashik,1138.06,694.59,1482.94,269.9725930534431,4,2020-04-01,2020,4
Tomato,Maharashtra,Nashik,825.4739999999999,540.74,1101.61,175.1504278613101,5,2020-05-01,2020,5
Tomato,Maharashtra,Nashik,1795.76,1412.42,2320.62,291.36150935450155,4,2020-06-01,2020,6
Tomato,Maharashtra,Nashik,2148.29,1746.05,2552.44,193.11101073389534,4,2020-07-01,2020,7
Tomato,Maharashtra,Nashik,2474.096,1975.73,2981.28,262.3902525438016,5,2020-08-01,2020,8
Tomato,Maharashtra,Nashik,2741.535,2295.26,3294.6,274.77021872830403,4,2020-09-01,2020,9
Tomato,Maharashtra,Nashik,3036.2975,2456.32,3623.67,283.5229297458438,4,2020-10-01,2020,10
Tomato,Maharashtra,Nashik,2507.3540000000003,2145.35,3130.66,223.70381395944068,5,2020-11-01,2020,11
Tomato,Maharashtra,Nashik,1763.525,1545.28,2027.77,84.86892187367516,4,2020-12-01,2020,12
Tomato,Maharashtra,Nashik,1619.932,1203.95,2011.77,228.41858926103188,5,2021-01-01,2021,1
Tomato,Maharashtra,Nashik,1289.355,1088.0,1555.05,117.66207276207001,4,2021-02-01,2021,2
Tomato,Maharashtra,Nashik,886.0174999999999,498.33,1345.0,296.81971378543346,4,2021-03-01,2021,3
Tomato,Maharashtra,Nashik,614.98,361.28,949.39,213.434352592704,4,2021-04-01,2021,4
Tomato,Maharashtra,Nashik,887.4960000000001,219.13,1390.41,473.9722516456001,5,2021-05-01,2021,5
Tomato,Maharashtra,Nashik,1658.9875,1260.54,2135.82,268.6005709071867,4,2021-06-01,2021,6
Tomato,Maharashtra,Nashik,2131.31,1861.74,2444.5,117.98389635878287,4,2021-07-01,2021,7
Tomato,Maharashtra,Nashik,2927.704,2477.45,3410.72,201.6408882890571,5,2021-08-01,2021,8
Tomato,Maharashtra,Nashik,3188.79,2621.9,3808.4,276.2850220334068,4,2021-09-01,2021,9
Tomato,Maharashtra,Nashik,3460.7059999999997,3023.61,3919.7,141.35828461749236,5,2021-10-01,2021,10
Tomato,Maharashtra,Nashik,3136.065,2809.65,3511.53,83.71561602632245,4,2021-11-01,2021,11
Tomato,Maharashtra,Nashik,2688.715,2279.27,3177.66,193.11744138390694,4,2021-12-01,2021,12
Tomato,Maharashtra,Nashik,2422.0879999999997,2116.18,2809.45,113.4325108599826,5,2022-01-01,2022,1
Tomato,Maharashtra,Nashik,1803.85,1425.23,2255.98,282.0906919178061,4,2022-02-01,2022,2
Tomato,Maharashtra,Nashik,1454.5175,1078.13,1811.81,242.6330258332529,4,2022-03-01,2022,3
Tomato,Maharashtra,Nashik,1575.675,877.45,2027.0,432.5259222674791,4,2022-04-01,2022,4
Tomato,Maharashtra,Nashik,1757.2599999999998,1118.49,2789.76,552.9433142737147,5,2022-05-01,2022,5
Tomato,Maharashtra,Nashik,2133.3075,1328.34,2754.9,494.4125826591255,4,2022-06-01,2022,6
Tomato,Maharashtra,Nashik,2942.252,2473.4,3529.18,249.09731204892591,5,2022-07-01,2022,7
Tomato,Maharashtra,Nashik,3234.3375,2482.95,3827.14,392.406411124572,4,2022-08-01,2022,8
Tomato,Maharashtra,Nashik,3433.865,3040.37,3856.51,130.9901712597807,4,2022-09-01,2022,9
Tomato,Maharashtra,Nashik,4081.254,3292.04,4978.4,484.3842225238143,5,2022-10-01,2022,10
Tomato,Maharashtra,Nashik,4062.5049999999997,3546.01,4641.28,191.09518753752,4,2022-11-01,2022,11
Tomato,Maharashtra,Nashik,3388.7075,2760.07,4022.62,314.67112815075143,4,2022-12-01,2022,12
Tomato,Maharashtra,Nashik,2867.2879999999996,2297.43,3651.62,349.1244833436922,5,2023-01-01,2023,1
Tomato,Maharashtra,Nashik,2797.965,2087.84,3452.18,386.15786879634254,4,2023-02-01,2023,2
Tomato,Maharashtra,Nashik,2469.245,2140.31,2870.25,139.50733469367603,4,2023-03-01,2023,3
Tomato,Maharashtra,Nashik,2268.584,1724.61,2831.73,271.45511006426096,5,2023-04-01,2023,4
Tomato,Maharashtra,Nashik,1908.8625000000002,1206.89,2451.38,425.1732974035412,4,2023-05-01,2023,5
Tomato,Maharashtra,Nashik,2417.0825,1841.04,2970.5,347.7619285636848,4,2023-06-01,2023,6
Tomato,Maharashtra,Nashik,2755.706,2323.45,3261.11,181.98166701621372,5,2023-07-01,2023,7
Tomato,Maharashtra,Nashik,3335.91,2842.2,3946.72,234.44500421207533,4,2023-08-01,2023,8
Tomato,Maharashtra,Nashik,3415.3824999999997,2934.29,3824.79,166.1501402095906,4,2023-09-01,2023,9
Tomato,Maharashtra,Nashik,4178.33,3455.03,5101.91,376.6820726421687,5,2023-10-01,2023,10
Tomato,Maharashtra,Nashik,3906.6075,3021.97,4651.34,437.17383783989953,4,2023-11-01,2023,11
Tomato,Maharashtra,Nashik,3578.1339999999996,2858.11,4094.62,278.6994891096861,5,2023-12-01,2023,12
Tomato,Maharashtra,Nashik,2927.9900000000002,2214.47,3626.56,395.6562973929097,4,2024-01-01,2024,1
Tomato,Maharashtra,Nashik,2750.88,2255.1,3305.87,259.05250831958097,4,2024-02-01,2024,2
Tomato,Maharashtra,Nashik,2148.55,1598.42,2574.9,255.18734559143002,5,2024-03-01,2024,3
Tomato,Maharashtra,Nashik,1874.885,1364.41,2306.58,287.8120106944809,4,2024-04-01,2024,4
Tomato,Maharashtra,Nashik,1292.4325,718.87,1816.88,397.5257415040357,4,2024-05-01,2024,5
Tomato,Maharashtra,Nashik,1987.6120000000003,1327.64,2618.2,457.0769031246274,5,2024-06-01,2024,6
Tomato,Maharashtra,Nashik,2387.6025,1938.57,2887.54,273.22240700877126,4,2024-07-01,2024,7
Tomato,Maharashtra,Nashik,2941.63,2393.02,3490.59,263.5458855683389,4,2024-08-01,2024,8
Tomato,Maharashtra,Nashik,3527.612,2748.57,4313.99,407.93197817773483,5,2024-09-01,2024,9
Tomato,Maharashtra,Nashik,3676.7825000000003,3228.26,4160.21,176.74894235892904,4,2024-10-01,2024,10
Tomato,Maharashtra,Nashik,3129.3875,2474.62,3655.34,309.34146961731466,4,2024-11-01,2024,11
Tomato,Maharashtra,Nashik,2660.704,2111.3,3160.23,285.02040844472873,5,2024-12-01,2024,12
Tomato,Maharashtra,Nashik,2046.5974999999999,1716.38,2513.67,204.9667965590198,4,2025-01-01,2025,1
Tomato,Maharashtra,Nashik,1536.0,1181.37,2098.81,285.06374971223545,4,2025-02-01,2025,2
Tomato,Maharashtra,Nashik,1292.4940000000001,953.11,1708.5,247.4142485387614,5,2025-03-01,2025,3
Tomato,Maharashtra,Nashik,1521.1,1059.26,2484.85,527.2480006600309,4,2025-04-01,2025,4
Tomato,Maharashtra,Nashik,1736.5525,1370.07,2148.77,218.79193836077835,4,2025-05-01,2025,5
Tomato,Maharashtra,Nashik,1415.486,891.33,1910.56,343.80653692156585,5,2025-06-01,2025,6
Tomato,Maharashtra,Nashik,2139.69,1512.05,2925.43,515.5296245609946,4,2025-07-01,2025,7
Tomato,Maharashtra,Nashik,2771.2740000000003,2078.18,3565.33,398.8595773326748,5,2025-08-01,2025,8
Tomato,Maharashtra,Nashik,3309.0575,2695.07,4132.87,399.13089092635585,4,2025-09-01,2025,9
Tomato,Maharashtra,Nashik,3601.2425,3144.9,4249.79,234.77290749076363,4,2025-10-01,2025,10
Tomato,Maharashtra,Nashik,3324.3659999999995,2638.76,4194.17,390.5312352808671,5,2025-11-01,2025,11
Tomato,Maharashtra,Nashik,3388.63,2816.7,4152.23,344.7177549822462,4,2025-12-01,2025,12
Tomato,Maharashtra,Nashik,2729.785,2304.4,3287.47,231.88672083584257,4,2026-01-01,2026,1
Tomato,Maharashtra,Nashik,2083.175,1502.33,2553.12,323.3296095833683,4,2026-02-01,2026,2
Tomato,Maharashtra,Nashik,1683.9299999999998,1010.03,2385.93,431.1245612929053,5,2026-03-01,2026,3
Tomato,Maharashtra,Nashik,1727.5325,1504.24,2064.2,124.51503185693414,4,2026-04-01,2026,4
Tomato,Maharashtra,Nashik,1415.3939999999998,1001.96,1673.0,188.27513107152524,5,2026-05-01,2026,5
Tomato,Maharashtra,Nashik,1569.675,1384.12,1814.29,82.76175707011875,4,2026-06-01,2026,6
Tomato,Maharashtra,Nashik,2011.0875,1520.76,2862.42,438.3588055748395,4,2026-07-01,2026,7
Tomato,Maharashtra,Nashik,2602.8540000000003,2204.09,3080.21,208.50357606045992,5,2026-08-01,2026,8
Tomato,Maharashtra,Pune,1245.9075,885.81,1610.16,216.767173156669,4,2020-01-01,2020,1
Tomato,Maharashtra,Pune,829.4525,402.94,1288.19,308.78977275540285,4,2020-02-01,2020,2
Tomato,Maharashtra,Pune,398.95,184.0,1006.14,305.71900750525805,5,2020-03-01,2020,3
Tomato,Maharashtra,Pune,275.325,184.0,428.48,94.76989448131722,4,2020-04-01,2020,4
Tomato,Maharashtra,Pune,291.51599999999996,184.0,606.22,156.478623715829,5,2020-05-01,2020,5
Tomato,Maharashtra,Pune,737.2299999999999,236.24,1350.91,466.77187475968026,4,2020-06-01,2020,6
Tomato,Maharashtra,Pune,919.4625,668.09,1199.42,175.4728137300286,4,2020-07-01,2020,7
Tomato,Maharashtra,Pune,1257.036,550.04,2319.2,592.4731779414153,5,2020-08-01,2020,8
Tomato,Maharashtra,Pune,1860.6725,1462.65,2197.1,192.09903285805478,4,2020-09-01,2020,9
Tomato,Maharashtra,Pune,1723.8425,1305.71,2199.51,269.4588927678331,4,2020-10-01,2020,10
Tomato,Maharashtra,Pune,2004.0879999999997,1640.85,2487.74,230.44514232241903,5,2020-11-01,2020,11
Tomato,Maharashtra,Pune,1826.71,1217.77,2483.62,416.09306434979175,4,2020-12-01,2020,12
Tomato,Maharashtra,Pune,1706.5760000000002,1272.67,2490.04,391.75164917329965,5,2021-01-01,2021,1
Tomato,Maharashtra,Pune,1081.685,865.96,1348.55,129.28628014346052,4,2021-02-01,2021,2
Tomato,Maharashtra,Pune,950.8425,576.67,1315.72,244.86700830927253,4,2021-03-01,2021,3
Tomato,Maharashtra,Pune,834.4675,365.09,1356.76,374.33964046704966,4,2021-04-01,2021,4
Tomato,Maharashtra,Pune,1231.128,726.72,1908.85,412.5339222051927,5,2021-05-01,2021,5
Tomato,Maharashtra,Pune,1688.2024999999999,1444.89,2070.43,161.07452547915,4,2021-06-01,2021,6
Tomato,Maharashtra,Pune,2384.8875,2050.56,2717.97,119.5278055168197,4,2021-07-01,2021,7
Tomato,Maharashtra,Pune,2440.532,2104.12,2936.83,181.60345170177806,5,2021-08-01,2021,8
Tomato,Maharashtra,Pune,3055.5125,2325.04,4050.23,569.3624464477789,4,2021-09-01,2021,9
Tomato,Maharashtra,Pune,3330.9739999999997,2747.12,4296.51,433.71937693628587,5,2021-10-01,2021,10
Tomato,Maharashtra,Pune,2912.9674999999997,2303.41,3550.44,417.3590893044024,4,2021-11-01,2021,11
Tomato,Maharashtra,Pune,2527.5375,2042.68,3064.57,275.05485627113245,4,2021-12-01,2021,12
Tomato,Maharashtra,Pune,1706.4119999999998,866.63,2319.84,453.0116430843692,5,2022-01-01,2022,1
Tomato,Maharashtra,Pune,1443.315,988.01,1784.84,271.2361768520809,4,2022-02-01,2022,2
Tomato,Maharashtra,Pune,1043.795,562.15,1599.26,356.04722069785447,4,2022-03-01,2022,3
Tomato,Maharashtra,Pune,747.285,473.81,1080.11,199.37791226713156,4,2022-04-01,2022,4
Tomato,Maharashtra,Pune,1437.0520000000001,1211.96,1638.48,81.85680619227702,5,2022-05-01,2022,5
Tomato,Maharashtra,Pune,1644.2475,1304.01,2026.38,196.97665299471404,4,2022-06-01,2022,6
Tomato,Maharashtra,Pune,1944.6580000000001,1327.76,2465.68,327.44676868156745,5,2022-07-01,2022,7
Tomato,Maharashtra,Pune,2361.1575000000003,2013.56,2765.35,164.03205202540963,4,2022-08-01,2022,8
Tomato,Maharashtra,Pune,2783.0225,2358.86,3315.94,215.56346542259902,4,2022-09-01,2022,9
Tomato,Maharashtra,Pune,2783.85,2364.88,3174.37,135.07553312869086,5,2022-10-01,2022,10
Tomato,Maharashtra,Pune,2632.7825000000003,2233.17,3302.79,295.3339188528808,4,2022-11-01,2022,11
Tomato,Maharashtra,Pune,1808.545,1460.51,2139.16,171.95218220966746,4,2022-12-01,2022,12
Tomato,Maharashtra,Pune,1269.898,909.91,1600.96,178.80184428579025,5,2023-01-01,2023,1
Tomato,Maharashtra,Pune,855.37,567.64,1317.77,280.11501911417275,4,2023-02-01,2023,2
Tomato,Maharashtra,Pune,299.585,184.0,615.89,180.94115885189487,4,2023-03-01,2023,3
Tomato,Maharashtra,Pune,295.51599999999996,184.0,731.78,213.58026893886995,5,2023-04-01,2023,4
Tomato,Maharashtra,Pune,476.955,184.0,738.51,201.8326826028596,4,2023-05-01,2023,5
Tomato,Maharashtra,Pune,886.075,587.86,1457.78,328.3451962493132,4,2023-06-01,2023,6
Tomato,Maharashtra,Pune,1518.226,978.29,1853.89,259.43787373858896,5,2023-07-01,2023,7
Tomato,Maharashtra,Pune,1656.9275,1351.84,2149.59,229.15596193786155,4,2023-08-01,2023,8
Tomato,Maharashtra,Pune,1711.9825,1232.98,2185.7,308.3960563274656,4,2023-09-01,2023,9
Tomato,Maharashtra,Pune,1933.782,1630.13,2262.64,132.4473983134436,5,2023-10-01,2023,10
Tomato,Maharashtra,Pune,1799.9475,1411.1,2178.03,203.81812764897376,4,2023-11-01,2023,11
Tomato,Maharashtra,Pune,1515.812,1040.71,2253.8,350.6496525308417,5,2023-12-01,2023,12
Tomato,Maharashtra,Pune,1077.2350000000001,621.61,1617.37,349.73758815241274,4,2024-01-01,2024,1
Tomato,Maharashtra,Pune,862.865,607.91,1272.68,221.34784051352298,4,2024-02-01,2024,2
Tomato,Maharashtra,Pune,202.294,184.0,228.39,5.129539940384514,5,2024-03-01,2024,3
Tomato,Maharashtra,Pune,217.64,184.0,292.2,35.28,4,2024-04-01,2024,4
Tomato,Maharashtra,Pune,494.02,243.8,706.4,176.39196826008452,4,2024-05-01,2024,5
Tomato,Maharashtra,Pune,887.11,721.8,1285.95,170.92370447073753,5,2024-06-01,2024,6
Tomato,Maharashtra,Pune,1481.83,1159.34,1808.01,211.95346328852463,4,2024-07-01,2024,7
Tomato,Maharashtra,Pune,1915.99,1641.13,2256.95,127.19833672916754,4,2024-08-01,2024,8
Tomato,Maharashtra,Pune,2205.418,1889.11,2585.61,145.16933997921186,5,2024-09-01,2024,9
Tomato,Maharashtra,Pune,2431.065,1777.69,2986.07,407.10432516330104,4,2024-10-01,2024,10
Tomato,Maharashtra,Pune,2457.8199999999997,1803.03,3072.37,367.3807864691167,4,2024-11-01,2024,11
Tomato,Maharashtra,Pune,1688.506,1276.34,2316.04,317.8462537611541,5,2024-12-01,2024,12
Tomato,Maharashtra,Pune,1591.85,1123.52,2194.76,334.5707234651592,4,2025-01-01,2025,1
Tomato,Maharashtra,Pune,823.285,468.37,1129.5,226.52732881486946,4,2025-02-01,2025,2
Tomato,Maharashtra,Pune,565.2819999999999,307.18,941.31,219.5746113966731,5,2025-03-01,2025,3
Tomato,Maharashtra,Pune,338.9225,184.0,614.04,159.57670472743402,4,2025-04-01,2025,4
Tomato,Maharashtra,Pune,468.46500000000003,184.0,865.4,313.5494409180153,4,2025-05-01,2025,5
Tomato,Maharashtra,Pune,810.516,605.52,1136.09,150.87006058194584,5,2025-06-01,2025,6
Tomato,Maharashtra,Pune,1055.9099999999999,769.6,1339.59,168.19520762098617,4,2025-07-01,2025,7
Tomato,Maharashtra,Pune,1451.49,964.72,2002.2,316.26707772071387,5,2025-08-01,2025,8
Tomato,Maharashtra,Pune,2044.7275,1672.75,2539.84,228.8991710156824,4,2025-09-01,2025,9
Tomato,Maharashtra,Pune,2314.62,1811.43,2868.74,286.12342930979975,4,2025-10-01,2025,10
Tomato,Maharashtra,Pune,1993.4479999999999,1438.6,2581.72,393.85995984613635,5,2025-11-01,2025,11
Tomato,Maharashtra,Pune,1841.58,1375.52,2150.49,232.49916544653092,4,2025-12-01,2025,12
Tomato,Maharashtra,Pune,998.5450000000001,337.41,1493.93,452.43241443704426,4,2026-01-01,2026,1
Tomato,Maharashtra,Pune,802.5725000000001,456.83,1307.56,336.3552224831163,4,2026-02-01,2026,2
Tomato,Maharashtra,Pune,578.33,270.15,1031.7,242.51404670657743,5,2026-03-01,2026,3
Tomato,Maharashtra,Pune,345.46500000000003,184.0,572.89,143.81022622423853,4,2026-04-01,2026,4
Tomato,Maharashtra,Pune,265.122,184.0,567.66,145.6172188307413,5,2026-05-01,2026,5
Tomato,Maharashtra,Pune,852.1025,530.73,1234.64,258.5304504792424,4,2026-06-01,2026,6
Tomato,Maharashtra,Pune,1090.9425,735.64,1387.03,205.799324484638,4,2026-07-01,2026,7
Tomato,Maharashtra,Pune,2122.732,1528.92,2605.1,317.37623969037134,5,2026-08-01,2026,8
Wheat,Uttarakhand,Dehradun,1815.725,1519.96,2078.38,120.1869891738147,4,2020-01-01,2020,1
Wheat,Uttarakhand,Dehradun,1871.3275,1672.74,2055.84,36.91378457523239,4,2020-02-01,2020,2
Wheat,Uttarakhand,Dehradun,1844.684,1582.46,2088.61,94.37658835749471,5,2020-03-01,2020,3
Wheat,Uttarakhand,Dehradun,1941.105,1690.34,2257.63,107.22152908814543,4,2020-04-01,2020,4
Wheat,Uttarakhand,Dehradun,1869.8700000000001,1668.74,2085.64,46.19333934670669,5,2020-05-01,2020,5
Wheat,Uttarakhand,Dehradun,1920.3625000000002,1712.03,2154.58,68.91890228135286,4,2020-06-01,2020,6
Wheat,Uttarakhand,Dehradun,1934.9425,1740.83,2135.54,45.815494013124734,4,2020-07-01,2020,7
Wheat,Uttarakhand,Dehradun,1933.846,1718.3,2153.66,46.64273019453302,5,2020-08-01,2020,8
Wheat,Uttarakhand,Dehradun,1873.895,1683.0,2092.6,52.7003304859973,4,2020-09-01,2020,9
Wheat,Uttarakhand,Dehradun,1852.455,1637.97,2102.26,73.36115888761107,4,2020-10-01,2020,10
Wheat,Uttarakhand,Dehradun,1849.152,1666.82,2069.13,41.32324672626772,5,2020-11-01,2020,11
Wheat,Uttarakhand,Dehradun,1753.7275,1591.26,1927.11,25.39446051799482,4,2020-12-01,2020,12
Wheat,Uttarakhand,Dehradun,1901.536,1693.18,2112.18,47.19605629711025,5,2021-01-01,2021,1
Wheat,Uttarakhand,Dehradun,1939.54,1723.43,2191.38,75.82878477201126,4,2021-02-01,2021,2
Wheat,Uttarakhand,Dehradun,1993.5975,1756.65,2250.64,86.3096485046718,4,2021-03-01,2021,3
Wheat,Uttarakhand,Dehradun,1996.4875,1807.77,2202.32,36.24052002478267,4,2021-04-01,2021,4
Wheat,Uttarakhand,Dehradun,2116.4800000000005,1896.49,2345.79,46.43767812886434,5,2021-05-01,2021,5
Wheat,Uttarakhand,Dehradun,2169.875,1911.44,2427.36,76.0815345533988,4,2021-06-01,2021,6
Wheat,Uttarakhand,Dehradun,2162.7475000000004,1860.4,2445.28,109.78547942085358,4,2021-07-01,2021,7
Wheat,Uttarakhand,Dehradun,2074.752,1847.02,2338.66,61.92388569849272,5,2021-08-01,2021,8
Wheat,Uttarakhand,Dehradun,2165.265,1983.87,2345.17,7.073992272166046,4,2021-09-01,2021,9
Wheat,Uttarakhand,Dehradun,2046.2559999999999,1830.08,2354.15,78.37148894846901,5,2021-10-01,2021,10
Wheat,Uttarakhand,Dehradun,1915.1425,1729.68,2118.24,33.9377080104122,4,2021-11-01,2021,11
Wheat,Uttarakhand,Dehradun,1807.8899999999999,1582.03,2004.14,61.57065697229484,4,2021-12-01,2021,12
Wheat,Uttarakhand,Dehradun,1777.1979999999999,1597.93,1975.86,36.867997233372975,5,2022-01-01,2022,1
Wheat,Uttarakhand,Dehradun,1846.3475,1554.04,2139.19,121.5055418146295,4,2022-02-01,2022,2
Wheat,Uttarakhand,Dehradun,1894.49,1713.58,2109.73,40.90728704440492,4,2022-03-01,2022,3
Wheat,Uttarakhand,Dehradun,1968.53,1783.2,2196.56,44.13317195338061,4,2022-04-01,2022,4
Wheat,Uttarakhand,Dehradun,2020.6080000000002,1709.25,2272.99,103.96855760276749,5,2022-05-01,2022,5
Wheat,Uttarakhand,Dehradun,2040.935,1839.86,2309.64,65.61689543605878,4,2022-06-01,2022,6
Wheat,Uttarakhand,Dehradun,2064.054,1783.43,2344.71,86.99598513724652,5,2022-07-01,2022,7
Wheat,Uttarakhand,Dehradun,2169.6525,1954.09,2416.06,48.632212489939775,4,2022-08-01,2022,8
Wheat,Uttarakhand,Dehradun,2087.69,1833.49,2345.37,73.24449057779016,4,2022-09-01,2022,9
Wheat,Uttarakhand,Dehradun,2081.746,1831.38,2326.04,58.617912620631486,5,2022-10-01,2022,10
Wheat,Uttarakhand,Dehradun,2107.815,1898.54,2385.37,68.1308420125078,4,2022-11-01,2022,11
Wheat,Uttarakhand,Dehradun,2041.54,1843.0,2284.57,50.14191659679567,4,2022-12-01,2022,12
Wheat,Uttarakhand,Dehradun,2058.834,1869.66,2275.33,28.616661754998685,5,2023-01-01,2023,1
Wheat,Uttarakhand,Dehradun,2076.1,1868.71,2299.15,40.39704032063077,4,2023-02-01,2023,2
Wheat,Uttarakhand,Dehradun,2106.2650000000003,1894.29,2304.0,32.546105245738225,4,2023-03-01,2023,3
Wheat,Uttarakhand,Dehradun,2118.084,1908.7,2359.69,45.626061960244,5,2023-04-01,2023,4
Wheat,Uttarakhand,Dehradun,2101.68,1860.03,2332.52,58.06146570661124,4,2023-05-01,2023,5
Wheat,Uttarakhand,Dehradun,2220.525,1970.61,2481.08,64.45697298715386,4,2023-06-01,2023,6
Wheat,Uttarakhand,Dehradun,2284.2799999999997,2048.44,2560.0,57.96759353293872,5,2023-07-01,2023,7
Wheat,Uttarakhand,Dehradun,2327.315,2060.96,2588.36,78.30303421111257,4,2023-08-01,2023,8
Wheat,Uttarakhand,Dehradun,2306.44,2047.58,2569.45,67.62400707835414,4,2023-09-01,2023,9
Wheat,Uttarakhand,Dehradun,2214.706,1955.26,2523.29,89.1698689580735,5,2023-10-01,2023,10
Wheat,Uttarakhand,Dehradun,2193.1275,1972.38,2433.66,45.94999555676428,4,2023-11-01,2023,11
Wheat,Uttarakhand,Dehradun,2207.434,1949.95,2458.06,79.25474452674744,5,2023-12-01,2023,12
Wheat,Uttarakhand,Dehradun,2225.79,1957.86,2482.89,84.94959250441802,4,2024-01-01,2024,1
Wheat,Uttarakhand,Dehradun,2276.1075,2072.27,2504.37,30.241640580497787,4,2024-02-01,2024,2
Wheat,Uttarakhand,Dehradun,2348.596,2036.02,2714.16,111.03118134109906,5,2024-03-01,2024,3
Wheat,Uttarakhand,Dehradun,2437.1150000000002,2203.64,2686.91,39.37581533547371,4,2024-04-01,2024,4
Wheat,Uttarakhand,Dehradun,2574.7725,2340.83,2845.08,41.55426682865034,4,2024-05-01,2024,5
Wheat,Uttarakhand,Dehradun,2642.284,2344.32,2982.71,82.76228597616192,5,2024-06-01,2024,6
Wheat,Uttarakhand,Dehradun,2624.71,2376.9,2891.77,39.13495709294519,4,2024-07-01,2024,7
Wheat,Uttarakhand,Dehradun,2630.405,2347.14,3033.29,119.82112070359982,4,2024-08-01,2024,8
Wheat,Uttarakhand,Dehradun,2561.102,2257.28,2856.03,73.12393226570897,5,2024-09-01,2024,9
Wheat,Uttarakhand,Dehradun,2527.1625,2270.71,2792.4,53.659952400898455,4,2024-10-01,2024,10
Wheat,Uttarakhand,Dehradun,2487.7225,2159.32,2771.18,96.59350405177346,4,2024-11-01,2024,11
Wheat,Uttarakhand,Dehradun,2475.3419999999996,2213.41,2839.5,88.54765423205738,5,2024-12-01,2024,12
Wheat,Uttarakhand,Dehradun,2549.6749999999997,2277.8,2823.63,66.90975489418564,4,2025-01-01,2025,1
Wheat,Uttarakhand,Dehradun,2675.84,2346.55,2961.68,85.41882033057274,4,2025-02-01,2025,2
Wheat,Uttarakhand,Dehradun,2643.4559999999997,2374.14,2916.63,49.406008541471905,5,2025-03-01,2025,3
Wheat,Uttarakhand,Dehradun,2679.98,2427.79,2960.91,44.89805637961024,4,2025-04-01,2025,4
Wheat,Uttarakhand,Dehradun,2725.9275,2465.36,2988.74,47.14680291387752,4,2025-05-01,2025,5
Wheat,Uttarakhand,Dehradun,2828.754,2497.71,3178.16,86.94239978284452,5,2025-06-01,2025,6
Wheat,Uttarakhand,Dehradun,2811.495,2544.58,3082.15,37.07427634717453,4,2025-07-01,2025,7
Wheat,Uttarakhand,Dehradun,2817.574,2509.51,3098.87,53.06278196627082,5,2025-08-01,2025,8
Wheat,Uttarakhand,Dehradun,2682.8,2415.49,2949.64,44.27016226158045,4,2025-09-01,2025,9
Wheat,Uttarakhand,Dehradun,2641.19,2373.09,2917.42,60.71457375842053,4,2025-10-01,2025,10
Wheat,Uttarakhand,Dehradun,2645.3940000000002,2340.07,2919.53,60.054875155976944,5,2025-11-01,2025,11
Wheat,Uttarakhand,Dehradun,2581.7125,2317.08,2878.28,70.64986170073756,4,2025-12-01,2025,12
Wheat,Uttarakhand,Dehradun,2636.925,2326.25,2927.23,82.9675496805828,4,2026-01-01,2026,1
Wheat,Uttarakhand,Dehradun,2750.4575,2484.63,3032.86,45.684977381337646,4,2026-02-01,2026,2
Wheat,Uttarakhand,Dehradun,2773.34,2476.22,3101.55,68.85830269473682,5,2026-03-01,2026,3
Wheat,Uttarakhand,Dehradun,2695.15,2392.26,2970.59,67.27659176860841,4,2026-04-01,2026,4
Wheat,Uttarakhand,Dehradun,2785.552,2510.52,3037.77,34.90212199852611,5,2026-05-01,2026,5
Wheat,Uttarakhand,Dehradun,2910.405,2640.92,3185.23,42.067460504923964,4,2026-06-01,2026,6
Wheat,Uttarakhand,Dehradun,2855.5175,2549.48,3198.57,82.24136079248679,4,2026-07-01,2026,7
Wheat,Uttarakhand,Dehradun,2805.7400000000002,2476.19,3118.97,71.55836254414986,5,2026-08-01,2026,8
Wheat,Uttar Pradesh,Lucknow,1916.58,1702.72,2154.9,69.74663671700108,4,2020-01-01,2020,1
Wheat,Uttar Pradesh,Lucknow,1955.8275,1700.64,2223.0,93.22003124329038,4,2020-02-01,2020,2
Wheat,Uttar Pradesh,Lucknow,1957.9260000000002,1682.34,2212.29,89.264873438548,5,2020-03-01,2020,3
Wheat,Uttar Pradesh,Lucknow,2041.245,1851.23,2237.73,26.627085833789508,4,2020-04-01,2020,4
Wheat,Uttar Pradesh,Lucknow,2130.596,1891.17,2375.37,54.54288844569938,5,2020-05-01,2020,5
Wheat,Uttar Pradesh,Lucknow,2182.535,1939.45,2423.63,56.15200411976998,4,2020-06-01,2020,6
Wheat,Uttar Pradesh,Lucknow,2302.0425,2069.61,2541.21,44.874232676819396,4,2020-07-01,2020,7
Wheat,Uttar Pradesh,Lucknow,2265.62,2028.26,2512.17,44.999869999812,5,2020-08-01,2020,8
Wheat,Uttar Pradesh,Lucknow,2254.9674999999997,1977.19,2539.37,109.24122890038669,4,2020-09-01,2020,9
Wheat,Uttar Pradesh,Lucknow,2074.74,1825.3,2328.76,70.62801285609008,4,2020-10-01,2020,10
Wheat,Uttar Pradesh,Lucknow,2062.774,1848.27,2291.15,49.874602053550326,5,2020-11-01,2020,11
Wheat,Uttar Pradesh,Lucknow,2166.59,1868.77,2417.09,92.51063650557538,4,2020-12-01,2020,12
Wheat,Uttar Pradesh,Lucknow,2223.106,1950.52,2470.86,72.44302885716478,5,2021-01-01,2021,1
Wheat,Uttar Pradesh,Lucknow,2167.225,1933.28,2412.01,54.086861929061335,4,2021-02-01,2021,2
Wheat,Uttar Pradesh,Lucknow,2275.9075000000003,2022.81,2510.75,54.33063124671626,4,2021-03-01,2021,3
Wheat,Uttar Pradesh,Lucknow,2320.2725,2089.6,2580.43,49.559743323924955,4,2021-04-01,2021,4
Wheat,Uttar Pradesh,Lucknow,2378.85,2115.79,2675.11,68.78045398221778,5,2021-05-01,2021,5
Wheat,Uttar Pradesh,Lucknow,2381.3175,2132.27,2629.23,52.68183834744814,4,2021-06-01,2021,6
Wheat,Uttar Pradesh,Lucknow,2393.4575,2148.4,2693.09,72.15368106802788,4,2021-07-01,2021,7
Wheat,Uttar Pradesh,Lucknow,2318.766,2078.23,2547.37,43.66016754434187,5,2021-08-01,2021,8
Wheat,Uttar Pradesh,Lucknow,2308.045,2065.66,2610.3,80.649304398736,4,2021-09-01,2021,9
Wheat,Uttar Pradesh,Lucknow,2197.814,1954.02,2557.59,100.19723264641596,5,2021-10-01,2021,10
Wheat,Uttar Pradesh,Lucknow,2127.835,1897.67,2417.68,77.67096518862986,4,2021-11-01,2021,11
Wheat,Uttar Pradesh,Lucknow,2072.96,1835.69,2334.1,68.85531690920207,4,2021-12-01,2021,12
Wheat,Uttar Pradesh,Lucknow,2108.9139999999998,1906.33,2332.35,36.2625665114867,5,2022-01-01,2022,1
Wheat,Uttar Pradesh,Lucknow,2127.95,1904.06,2352.25,46.111560372644156,4,2022-02-01,2022,2
Wheat,Uttar Pradesh,Lucknow,2176.98,1982.71,2386.14,23.726911584387217,4,2022-03-01,2022,3
Wheat,Uttar Pradesh,Lucknow,2297.29,2088.58,2525.26,31.865035174414572,4,2022-04-01,2022,4
Wheat,Uttar Pradesh,Lucknow,2376.4260000000004,2137.42,2606.51,39.67176552663115,5,2022-05-01,2022,5
Wheat,Uttar Pradesh,Lucknow,2395.965,2150.41,2612.86,39.13970320105475,4,2022-06-01,2022,6
Wheat,Uttar Pradesh,Lucknow,2464.866,2227.59,2760.85,58.2529624139408,5,2022-07-01,2022,7
Wheat,Uttar Pradesh,Lucknow,2447.1724999999997,2156.91,2702.89,70.33124785612738,4,2022-08-01,2022,8
Wheat,Uttar Pradesh,Lucknow,2398.86,2084.43,2701.65,107.71244527289623,4,2022-09-01,2022,9
Wheat,Uttar Pradesh,Lucknow,2331.3900000000003,2006.7,2606.3,93.58435098882734,5,2022-10-01,2022,10
Wheat,Uttar Pradesh,Lucknow,2218.6375,2004.82,2464.12,48.80555116992325,4,2022-11-01,2022,11
Wheat,Uttar Pradesh,Lucknow,2198.245,1936.02,2458.16,74.07530515180723,4,2022-12-01,2022,12
Wheat,Uttar Pradesh,Lucknow,2243.48,1887.6,2502.97,110.61640452482634,5,2023-01-01,2023,1
Wheat,Uttar Pradesh,Lucknow,2234.2275,1990.87,2481.35,55.536168620098664,4,2023-02-01,2023,2
Wheat,Uttar Pradesh,Lucknow,2285.6125,2074.42,2503.04,26.45600546189858,4,2023-03-01,2023,3
Wheat,Uttar Pradesh,Lucknow,2326.6220000000003,2080.08,2562.17,43.05099034865521,5,2023-04-01,2023,4
Wheat,Uttar Pradesh,Lucknow,2422.4925000000003,2199.73,2657.66,31.073153873829405,4,2023-05-01,2023,5
Wheat,Uttar Pradesh,Lucknow,2561.635,2280.0,2892.59,84.75184737416238,4,2023-06-01,2023,6
Wheat,Uttar Pradesh,Lucknow,2538.302,2244.62,2930.34,104.96988339519109,5,2023-07-01,2023,7
Wheat,Uttar Pradesh,Lucknow,2518.985,2184.86,2818.04,100.72769513230551,4,2023-08-01,2023,8
Wheat,Uttar Pradesh,Lucknow,2519.3925,2212.66,2774.13,76.71379031829923,4,2023-09-01,2023,9
Wheat,Uttar Pradesh,Lucknow,2410.5919999999996,2148.14,2655.78,48.12555786689642,5,2023-10-01,2023,10
Wheat,Uttar Pradesh,Lucknow,2451.3925,2202.3,2802.4,95.8778943500535,4,2023-11-01,2023,11
Wheat,Uttar Pradesh,Lucknow,2273.6940000000004,2003.81,2599.43,92.77519108037451,5,2023-12-01,2023,12
Wheat,Uttar Pradesh,Lucknow,2423.7675,2190.39,2701.51,56.533169835651954,4,2024-01-01,2024,1
Wheat,Uttar Pradesh,Lucknow,2363.0475,2084.01,2616.4,68.33376148239849,4,2024-02-01,2024,2
Wheat,Uttar Pradesh,Lucknow,2538.206,2228.0,2797.59,75.87764347948625,5,2024-03-01,2024,3
Wheat,Uttar Pradesh,Lucknow,2629.6475,2343.95,2923.03,67.05728912653727,4,2024-04-01,2024,4
Wheat,Uttar Pradesh,Lucknow,2729.785,2439.27,3038.0,71.71572328762116,4,2024-05-01,2024,5
Wheat,Uttar Pradesh,Lucknow,2784.3579999999997,2485.79,3046.7,48.087902532757674,5,2024-06-01,2024,6
Wheat,Uttar Pradesh,Lucknow,2707.6875,2445.48,2994.07,48.01294365411626,4,2024-07-01,2024,7
Wheat,Uttar Pradesh,Lucknow,2660.92,2403.97,2962.27,59.28287161285838,4,2024-08-01,2024,8
Wheat,Uttar Pradesh,Lucknow,2598.052,2353.08,2878.84,43.14490839021447,5,2024-09-01,2024,9
Wheat,Uttar Pradesh,Lucknow,2455.7349999999997,2166.08,2774.17,104.46781338447407,4,2024-10-01,2024,10
Wheat,Uttar Pradesh,Lucknow,2424.0625,2152.56,2727.5,86.59931076515562,4,2024-11-01,2024,11
Wheat,Uttar Pradesh,Lucknow,2340.912,2063.85,2711.16,106.54678606133557,5,2024-12-01,2024,12
Wheat,Uttar Pradesh,Lucknow,2457.52,2185.65,2746.64,73.74833331450071,4,2025-01-01,2025,1
Wheat,Uttar Pradesh,Lucknow,2498.495,2267.92,2776.96,50.06415916934319,4,2025-02-01,2025,2
Wheat,Uttar Pradesh,Lucknow,2463.2599999999998,2214.52,2765.24,69.24631145411284,5,2025-03-01,2025,3
Wheat,Uttar Pradesh,Lucknow,2584.0225,2203.8,2958.37,141.88996943054153,4,2025-04-01,2025,4
Wheat,Uttar Pradesh,Lucknow,2781.9975,2507.32,3029.6,38.00551922637906,4,2025-05-01,2025,5
Wheat,Uttar Pradesh,Lucknow,2892.712,2610.45,3204.95,57.31267721891893,5,2025-06-01,2025,6
Wheat,Uttar Pradesh,Lucknow,2956.4025,2650.12,3252.53,55.20474398394887,4,2025-07-01,2025,7
Wheat,Uttar Pradesh,Lucknow,2848.188,2533.11,3157.73,65.89422030800587,5,2025-08-01,2025,8
Wheat,Uttar Pradesh,Lucknow,2819.625,2558.98,3072.95,27.033596998303143,4,2025-09-01,2025,9
Wheat,Uttar Pradesh,Lucknow,2712.965,2459.07,3006.45,48.619172144329916,4,2025-10-01,2025,10
Wheat,Uttar Pradesh,Lucknow,2644.266,2392.47,2914.69,41.032003728796795,5,2025-11-01,2025,11
Wheat,Uttar Pradesh,Lucknow,2555.5325000000003,2283.25,2797.08,50.136708025823275,4,2025-12-01,2025,12
Wheat,Uttar Pradesh,Lucknow,2652.835,2394.7,2928.87,45.02633636736012,4,2026-01-01,2026,1
Wheat,Uttar Pradesh,Lucknow,2538.4175,2310.95,2771.22,30.13695005028439,4,2026-02-01,2026,2
Wheat,Uttar Pradesh,Lucknow,2632.5559999999996,2357.16,2924.02,64.01036580117314,5,2026-03-01,2026,3
Wheat,Uttar Pradesh,Lucknow,2742.51,2445.08,3072.68,81.44100318635569,4,2026-04-01,2026,4
Wheat,Uttar Pradesh,Lucknow,2829.634,2574.91,3114.12,33.5391544317981,5,2026-05-01,2026,5
Wheat,Uttar Pradesh,Lucknow,2754.8,2452.71,3042.3,63.66828462167534,4,2026-06-01,2026,6
Wheat,Uttar Pradesh,Lucknow,2867.91,2582.93,3161.9,59.01989777467709,4,2026-07-01,2026,7
Wheat,Uttar Pradesh,Lucknow,2788.954,2506.13,3074.29,55.7800710827801,5,2026-08-01,2026,8
Wheat,Punjab,Ludhiana,1908.3975,1729.92,2089.74,26.773234613446867,4,2020-01-01,2020,1
Wheat,Punjab,Ludhiana,1976.23,1760.32,2187.6,51.398210734097184,4,2020-02-01,2020,2
Wheat,Punjab,Ludhiana,2050.514,1836.93,2247.03,36.47372040250349,5,2020-03-01,2020,3
Wheat,Punjab,Ludhiana,2101.83,1830.93,2390.87,91.53503045282709,4,2020-04-01,2020,4
Wheat,Punjab,Ludhiana,2148.398,1860.32,2443.61,102.22790308912735,5,2020-05-01,2020,5
Wheat,Punjab,Ludhiana,2156.89,1947.4,2389.15,43.23172214936617,4,2020-06-01,2020,6
Wheat,Punjab,Ludhiana,2186.6125,1946.31,2439.25,66.32599358471776,4,2020-07-01,2020,7
Wheat,Punjab,Ludhiana,2204.7799999999997,1978.8,2493.09,60.480576634155945,5,2020-08-01,2020,8
Wheat,Punjab,Ludhiana,2126.11,1864.76,2383.68,80.75228913164018,4,2020-09-01,2020,9
Wheat,Punjab,Ludhiana,1942.1875,1729.13,2159.85,50.7627943642453,4,2020-10-01,2020,10
Wheat,Punjab,Ludhiana,1913.1680000000001,1709.88,2112.65,35.501727704437165,5,2020-11-01,2020,11
Wheat,Punjab,Ludhiana,1895.1775,1707.65,2076.77,28.714767832365695,4,2020-12-01,2020,12
Wheat,Punjab,Ludhiana,1951.146,1773.46,2131.04,20.2592122255531,5,2021-01-01,2021,1
Wheat,Punjab,Ludhiana,2033.16,1822.39,2245.95,42.01837613870078,4,2021-02-01,2021,2
Wheat,Punjab,Ludhiana,1988.38,1747.28,2208.37,62.52076295119875,4,2021-03-01,2021,3
Wheat,Punjab,Ludhiana,2035.725,1809.74,2277.99,65.3007179644043,4,2021-04-01,2021,4
Wheat,Punjab,Ludhiana,2161.358,1922.39,2433.28,69.71990870619383,5,2021-05-01,2021,5
Wheat,Punjab,Ludhiana,2154.715,1916.45,2425.64,68.05254513976679,4,2021-06-01,2021,6
Wheat,Punjab,Ludhiana,2141.1975,1947.53,2347.09,23.436668385246257,4,2021-07-01,2021,7
Wheat,Punjab,Ludhiana,2058.484,1860.58,2323.3,52.61178936322168,5,2021-08-01,2021,8
Wheat,Punjab,Ludhiana,2103.4725,1881.36,2320.67,51.027496100958516,4,2021-09-01,2021,9
Wheat,Punjab,Ludhiana,1993.6979999999999,1763.06,2262.81,69.58412872200094,5,2021-10-01,2021,10
Wheat,Punjab,Ludhiana,2059.15,1812.68,2374.45,103.13622706563078,4,2021-11-01,2021,11
Wheat,Punjab,Ludhiana,2003.4225,1792.41,2238.99,51.774158531710206,4,2021-12-01,2021,12
Wheat,Punjab,Ludhiana,2075.47,1815.39,2348.07,80.07452559959371,5,2022-01-01,2022,1
Wheat,Punjab,Ludhiana,2077.205,1855.02,2302.35,48.87130412283564,4,2022-02-01,2022,2
Wheat,Punjab,Ludhiana,2119.9849999999997,1912.58,2337.22,35.315692923496016,4,2022-03-01,2022,3
Wheat,Punjab,Ludhiana,2190.9975,1943.03,2430.9,67.9263264500592,4,2022-04-01,2022,4
Wheat,Punjab,Ludhiana,2263.706,1990.92,2520.1,75.74077719432252,5,2022-05-01,2022,5
Wheat,Punjab,Ludhiana,2293.7925,1970.94,2556.2,103.34136066938547,4,2022-06-01,2022,6
Wheat,Punjab,Ludhiana,2265.678,2006.12,2560.48,73.3925436948467,5,2022-07-01,2022,7
Wheat,Punjab,Ludhiana,2180.6525,1984.95,2402.26,30.398249264280558,4,2022-08-01,2022,8
Wheat,Punjab,Ludhiana,2110.7925,1861.0,2435.04,100.10286688368795,4,2022-09-01,2022,9
Wheat,Punjab,Ludhiana,2026.36,1802.27,2295.91,63.43585657969793,5,2022-10-01,2022,10
Wheat,Punjab,Ludhiana,1956.2175000000002,1726.77,2236.05,92.15995239256584,4,2022-11-01,2022,11
Wheat,Punjab,Ludhiana,1936.685,1695.6,2190.8,75.9923384296075,4,2022-12-01,2022,12
Wheat,Punjab,Ludhiana,1995.896,1804.9,2179.78,21.989930195432695,5,2023-01-01,2023,1
Wheat,Punjab,Ludhiana,2026.8,1781.07,2273.56,69.53660474886597,4,2023-02-01,2023,2
Wheat,Punjab,Ludhiana,2143.4674999999997,1919.43,2400.52,59.192003612537405,4,2023-03-01,2023,3
Wheat,Punjab,Ludhiana,2142.332,1921.19,2433.76,68.13092521021564,5,2023-04-01,2023,4
Wheat,Punjab,Ludhiana,2253.195,1985.45,2500.8,67.46544127675064,4,2023-05-01,2023,5
Wheat,Punjab,Ludhiana,2327.0525,2046.86,2686.58,112.42098035953973,4,2023-06-01,2023,6
Wheat,Punjab,Ludhiana,2376.072,2104.86,2628.13,56.91191632689933,5,2023-07-01,2023,7
Wheat,Punjab,Ludhiana,2272.3225,1999.76,2553.38,79.79671896972546,4,2023-08-01,2023,8
Wheat,Punjab,Ludhiana,2256.1324999999997,2011.62,2517.14,59.54512987362319,4,2023-09-01,2023,9
Wheat,Punjab,Ludhiana,2149.594,1907.4,2451.0,90.12304605371473,5,2023-10-01,2023,10
Wheat,Punjab,Ludhiana,2076.0375,1802.0,2301.7,80.39821199297072,4,2023-11-01,2023,11
Wheat,Punjab,Ludhiana,2100.234,1830.36,2425.91,97.82959306876427,5,2023-12-01,2023,12
Wheat,Punjab,Ludhiana,2148.15,1947.66,2359.04,28.011703506451173,4,2024-01-01,2024,1
Wheat,Punjab,Ludhiana,2206.7975,1951.7,2488.11,76.73750728946051,4,2024-02-01,2024,2
Wheat,Punjab,Ludhiana,2294.444,1969.35,2628.63,110.35806916578419,5,2024-03-01,2024,3
Wheat,Punjab,Ludhiana,2344.1525,2115.46,2586.4,47.777936592113385,4,2024-04-01,2024,4
Wheat,Punjab,Ludhiana,2335.88,2121.31,2556.67,30.295824794845867,4,2024-05-01,2024,5
Wheat,Punjab,Ludhiana,2426.65,2106.83,2788.79,122.49437334016596,5,2024-06-01,2024,6
Wheat,Punjab,Ludhiana,2510.0875,2275.14,2779.18,47.289620689956976,4,2024-07-01,2024,7
Wheat,Punjab,Ludhiana,2429.6549999999997,2156.82,2678.07,58.87860986810077,4,2024-08-01,2024,8
Wheat,Punjab,Ludhiana,2401.296,2135.56,2649.52,53.63633964021027,5,2024-09-01,2024,9
Wheat,Punjab,Ludhiana,2284.975,1982.48,2594.53,105.3251038451898,4,2024-10-01,2024,10
Wheat,Punjab,Ludhiana,2310.5,2074.45,2542.93,41.80246005520098,4,2024-11-01,2024,11
Wheat,Punjab,Ludhiana,2256.266,1996.83,2497.26,61.12539267767543,5,2024-12-01,2024,12
Wheat,Punjab,Ludhiana,2390.935,2156.98,2622.65,41.54943280800187,4,2025-01-01,2025,1
Wheat,Punjab,Ludhiana,2321.205,2077.77,2573.12,52.14949823983617,4,2025-02-01,2025,2
Wheat,Punjab,Ludhiana,2457.184,2228.87,2687.83,25.416028997465606,5,2025-03-01,2025,3
Wheat,Punjab,Ludhiana,2389.225,2161.83,2677.15,60.21887439443987,4,2025-04-01,2025,4
Wheat,Punjab,Ludhiana,2525.13,2254.45,2790.79,62.01181177808004,4,2025-05-01,2025,5
Wheat,Punjab,Ludhiana,2535.45,2244.37,2843.76,78.40590188244764,5,2025-06-01,2025,6
Wheat,Punjab,Ludhiana,2606.92,2317.92,2890.33,66.21400305071431,4,2025-07-01,2025,7
Wheat,Punjab,Ludhiana,2651.1459999999997,2333.33,2940.69,84.64353980074326,5,2025-08-01,2025,8
Wheat,Punjab,Ludhiana,2691.4725,2426.16,2950.33,39.56593768634834,4,2025-09-01,2025,9
Wheat,Punjab,Ludhiana,2533.705,2222.69,2849.61,114.68513664231604,4,2025-10-01,2025,10
Wheat,Punjab,Ludhiana,2550.42,2286.7,2857.01,69.47691990870064,5,2025-11-01,2025,11
Wheat,Punjab,Ludhiana,2517.4375,2258.79,2832.64,77.14646605645669,4,2025-12-01,2025,12
Wheat,Punjab,Ludhiana,2687.36,2434.28,2927.34,28.527650913923225,4,2026-01-01,2026,1
Wheat,Punjab,Ludhiana,2648.0125,2357.07,3006.96,95.53583145431186,4,2026-02-01,2026,2
Wheat,Punjab,Ludhiana,2700.412,2452.24,2966.97,32.28996856610418,5,2026-03-01,2026,3
Wheat,Punjab,Ludhiana,2819.54,2548.04,3100.08,46.54901789153741,4,2026-04-01,2026,4
Wheat,Punjab,Ludhiana,2834.5119999999997,2548.98,3119.54,42.42760740367047,5,2026-05-01,2026,5
Wheat,Punjab,Ludhiana,2847.4275000000002,2571.19,3117.04,40.87602832549499,4,2026-06-01,2026,6
Wheat,Punjab,Ludhiana,2860.485,2607.12,3135.63,32.00301496213538,4,2026-07-01,2026,7
Wheat,Punjab,Ludhiana,2863.748,2546.33,3304.67,121.81824563668613,5,2026-08-01,2026,8
Wheat,Maharashtra,Nashik,1953.0075,1728.83,2201.48,75.42242035142245,4,2020-01-01,2020,1
Wheat,Maharashtra,Nashik,1885.26,1639.81,2124.29,76.79508447810977,4,2020-02-01,2020,2
Wheat,Maharashtra,Nashik,1911.688,1707.38,2130.34,51.17033535164688,5,2020-03-01,2020,3
Wheat,Maharashtra,Nashik,2042.22,1739.84,2299.18,105.13968676638385,4,2020-04-01,2020,4
Wheat,Maharashtra,Nashik,2041.1199999999997,1837.34,2257.01,35.88262044500089,5,2020-05-01,2020,5
Wheat,Maharashtra,Nashik,2146.685,1874.37,2443.16,95.76575118485734,4,2020-06-01,2020,6
Wheat,Maharashtra,Nashik,2124.1825,1930.13,2319.34,21.499881201222333,4,2020-07-01,2020,7
Wheat,Maharashtra,Nashik,2180.5060000000003,1900.14,2440.2,88.47765893150647,5,2020-08-01,2020,8
Wheat,Maharashtra,Nashik,2096.4425,1852.53,2321.54,62.4026027101434,4,2020-09-01,2020,9
Wheat,Maharashtra,Nashik,2060.6075,1794.79,2286.03,74.55347493578019,4,2020-10-01,2020,10
Wheat,Maharashtra,Nashik,1985.3380000000002,1761.89,2211.27,51.75423383646993,5,2020-11-01,2020,11
Wheat,Maharashtra,Nashik,1909.8925,1752.54,2067.45,4.407617459202431,4,2020-12-01,2020,12
Wheat,Maharashtra,Nashik,2068.79,1820.88,2326.86,79.7992738062196,5,2021-01-01,2021,1
Wheat,Maharashtra,Nashik,2164.2,1946.36,2404.79,52.06078178437205,4,2021-02-01,2021,2
Wheat,Maharashtra,Nashik,2149.9,1942.5,2365.19,39.29038644079063,4,2021-03-01,2021,3
Wheat,Maharashtra,Nashik,2273.1125,2025.11,2516.56,53.74055351098129,4,2021-04-01,2021,4
Wheat,Maharashtra,Nashik,2371.486,2102.91,2710.21,89.1881989390971,5,2021-05-01,2021,5
Wheat,Maharashtra,Nashik,2359.8199999999997,2087.86,2600.08,65.0968135420877,4,2021-06-01,2021,6
Wheat,Maharashtra,Nashik,2479.0975,2191.87,2764.18,84.10570070849336,4,2021-07-01,2021,7
Wheat,Maharashtra,Nashik,2398.892,2141.39,2693.12,68.41126749300892,5,2021-08-01,2021,8
Wheat,Maharashtra,Nashik,2395.1275,2138.73,2684.27,72.10395152139716,4,2021-09-01,2021,9
Wheat,Maharashtra,Nashik,2395.028,2172.61,2620.46,27.123771308577208,5,2021-10-01,2021,10
Wheat,Maharashtra,Nashik,2330.7174999999997,2086.75,2607.52,62.41430091199714,4,2021-11-01,2021,11
Wheat,Maharashtra,Nashik,2337.37,2091.25,2600.1,61.30746229728756,4,2021-12-01,2021,12
Wheat,Maharashtra,Nashik,2328.858,2103.39,2542.25,29.264465995469667,5,2022-01-01,2022,1
Wheat,Maharashtra,Nashik,2415.9275000000002,2115.91,2736.21,95.38608891412514,4,2022-02-01,2022,2
Wheat,Maharashtra,Nashik,2391.05,2107.24,2668.51,75.0288642234884,4,2022-03-01,2022,3
Wheat,Maharashtra,Nashik,2482.6425,2255.97,2739.05,38.456665113692125,4,2022-04-01,2022,4
Wheat,Maharashtra,Nashik,2601.612,2371.44,2848.64,24.2359726439853,5,2022-05-01,2022,5
Wheat,Maharashtra,Nashik,2689.515,2431.78,2941.46,36.798200590065214,4,2022-06-01,2022,6
Wheat,Maharashtra,Nashik,2603.3540000000003,2318.47,2974.42,91.99374071098538,5,2022-07-01,2022,7
Wheat,Maharashtra,Nashik,2573.9925000000003,2259.3,2845.32,82.82218035244752,4,2022-08-01,2022,8
Wheat,Maharashtra,Nashik,2509.0975,2226.93,2822.56,89.86483790485933,4,2022-09-01,2022,9
Wheat,Maharashtra,Nashik,2497.452,2235.99,2774.11,61.06243583415249,5,2022-10-01,2022,10
Wheat,Maharashtra,Nashik,2455.67,2199.79,2707.82,48.91041675008186,4,2022-11-01,2022,11
Wheat,Maharashtra,Nashik,2489.2349999999997,2256.66,2749.47,40.335444710576986,4,2022-12-01,2022,12
Wheat,Maharashtra,Nashik,2636.884,2349.59,2951.28,65.43348477652712,5,2023-01-01,2023,1
Wheat,Maharashtra,Nashik,2648.465,2339.8,2976.06,98.21390821399322,4,2023-02-01,2023,2
Wheat,Maharashtra,Nashik,2692.61,2378.85,2976.38,76.57324380399898,4,2023-03-01,2023,3
Wheat,Maharashtra,Nashik,2855.696,2504.2,3182.03,81.7322025275227,5,2023-04-01,2023,4
Wheat,Maharashtra,Nashik,2880.71,2533.93,3233.12,98.79777730293331,4,2023-05-01,2023,5
Wheat,Maharashtra,Nashik,2977.0975,2672.69,3308.82,70.01902426007747,4,2023-06-01,2023,6
Wheat,Maharashtra,Nashik,2992.1,2680.75,3319.13,61.56157689663256,5,2023-07-01,2023,7
Wheat,Maharashtra,Nashik,3033.8050000000003,2729.74,3370.52,63.93811408958927,4,2023-08-01,2023,8
Wheat,Maharashtra,Nashik,2957.1575000000003,2703.66,3211.8,16.591922482541452,4,2023-09-01,2023,9
Wheat,Maharashtra,Nashik,2877.466,2532.32,3213.88,105.4986849681076,5,2023-10-01,2023,10
Wheat,Maharashtra,Nashik,2963.225,2644.61,3302.72,76.39452227308794,4,2023-11-01,2023,11
Wheat,Maharashtra,Nashik,2963.5260000000003,2671.63,3288.69,62.4502520411247,5,2023-12-01,2023,12
Wheat,Maharashtra,Nashik,3066.105,2763.65,3368.04,55.14785731709518,4,2024-01-01,2024,1
Wheat,Maharashtra,Nashik,3168.5725,2834.02,3477.15,61.835013476724164,4,2024-02-01,2024,2
Wheat,Maharashtra,Nashik,3205.352,2851.24,3578.16,78.70073964074284,5,2024-03-01,2024,3
Wheat,Maharashtra,Nashik,3280.98,2887.91,3710.94,143.37592754713046,4,2024-04-01,2024,4
Wheat,Maharashtra,Nashik,3381.565,2940.53,3764.99,136.7770810479592,4,2024-05-01,2024,5
Wheat,Maharashtra,Nashik,3441.554,3130.58,3753.53,26.819836502111635,5,2024-06-01,2024,6
Wheat,Maharashtra,Nashik,3376.77,3041.9,3762.46,83.1832326854398,4,2024-07-01,2024,7
Wheat,Maharashtra,Nashik,3335.585,3013.79,3707.07,69.21813273991141,4,2024-08-01,2024,8
Wheat,Maharashtra,Nashik,3303.564,2984.24,3628.4,41.89348195125355,5,2024-09-01,2024,9
Wheat,Maharashtra,Nashik,3213.895,2891.39,3536.21,55.60166094641422,4,2024-10-01,2024,10
Wheat,Maharashtra,Nashik,3070.7675,2772.36,3371.17,50.557767866735006,4,2024-11-01,2024,11
Wheat,Maharashtra,Nashik,2975.96,2696.39,3343.57,69.0456649616757,5,2024-12-01,2024,12
Wheat,Maharashtra,Nashik,3097.8975,2692.01,3439.82,119.57533591143843,4,2025-01-01,2025,1
Wheat,Maharashtra,Nashik,3051.6075,2739.23,3424.57,83.88765001476689,4,2025-02-01,2025,2
Wheat,Maharashtra,Nashik,3053.576,2749.94,3405.58,66.33423422336338,5,2025-03-01,2025,3
Wheat,Maharashtra,Nashik,3166.0475,2832.04,3476.42,61.36714124839108,4,2025-04-01,2025,4
Wheat,Maharashtra,Nashik,3238.7525,2929.34,3609.56,70.43005342181726,4,2025-05-01,2025,5
Wheat,Maharashtra,Nashik,3360.202,3031.04,3684.3,43.06573777378016,5,2025-06-01,2025,6
Wheat,Maharashtra,Nashik,3405.305,3056.76,3768.27,68.04454545859389,4,2025-07-01,2025,7
Wheat,Maharashtra,Nashik,3352.922,2934.84,3784.71,113.71564632890248,5,2025-08-01,2025,8
Wheat,Maharashtra,Nashik,3295.3,2983.87,3631.13,60.63795895861478,4,2025-09-01,2025,9
Wheat,Maharashtra,Nashik,3282.54,2970.5,3579.93,38.30819494572898,4,2025-10-01,2025,10
Wheat,Maharashtra,Nashik,3168.796,2867.23,3462.55,36.67356377555913,5,2025-11-01,2025,11
Wheat,Maharashtra,Nashik,3092.7675,2746.84,3439.02,82.20954420463197,4,2025-12-01,2025,12
Wheat,Maharashtra,Nashik,3178.5825,2887.28,3527.18,59.005074004981694,4,2026-01-01,2026,1
Wheat,Maharashtra,Nashik,3187.7599999999998,2855.08,3522.03,66.59795842716697,4,2026-02-01,2026,2
Wheat,Maharashtra,Nashik,3114.034,2745.06,3473.59,98.76620287325004,5,2026-03-01,2026,3
Wheat,Maharashtra,Nashik,3190.46,2877.31,3485.81,43.51340100091755,4,2026-04-01,2026,4
Wheat,Maharashtra,Nashik,3250.3,2892.5,3661.91,90.11158360610473,5,2026-05-01,2026,5
Wheat,Maharashtra,Nashik,3358.9425,3027.29,3704.22,62.68056869291056,4,2026-06-01,2026,6
Wheat,Maharashtra,Nashik,3429.2525,3106.77,3811.4,68.91777050708093,4,2026-07-01,2026,7
Wheat,Maharashtra,Nashik,3428.924,3088.89,3741.7,47.59485402856087,5,2026-08-01,2026,8
Wheat,Maharashtra,Pune,1966.3675,1742.94,2208.6,66.51746205571376,4,2020-01-01,2020,1
Wheat,Maharashtra,Pune,1871.2475,1634.3,2145.51,88.38281219596173,4,2020-02-01,2020,2
Wheat,Maharashtra,Pune,2008.8619999999999,1807.89,2228.91,40.87917036829392,5,2020-03-01,2020,3
Wheat,Maharashtra,Pune,2067.0375,1886.81,2261.22,20.453534943052205,4,2020-04-01,2020,4
Wheat,Maharashtra,Pune,2131.706,1869.0,2408.88,88.16021171707773,5,2020-05-01,2020,5
Wheat,Maharashtra,Pune,2192.6975,1969.88,2415.15,46.40217335068122,4,2020-06-01,2020,6
Wheat,Maharashtra,Pune,2187.1725,1962.46,2424.74,57.83557865478086,4,2020-07-01,2020,7
Wheat,Maharashtra,Pune,2227.596,1990.21,2453.77,40.081269690467806,5,2020-08-01,2020,8
Wheat,Maharashtra,Pune,2202.3725,1933.54,2442.79,70.145686194282,4,2020-09-01,2020,9
Wheat,Maharashtra,Pune,2142.4475,1911.16,2367.24,48.19139437354627,4,2020-10-01,2020,10
Wheat,Maharashtra,Pune,2055.966,1846.65,2279.88,38.36649814616916,5,2020-11-01,2020,11
Wheat,Maharashtra,Pune,1933.5825,1703.06,2223.31,99.77421255848952,4,2020-12-01,2020,12
Wheat,Maharashtra,Pune,1979.812,1791.01,2161.61,21.54889138679759,5,2021-01-01,2021,1
Wheat,Maharashtra,Pune,2042.3875,1808.21,2269.56,60.24438583801812,4,2021-02-01,2021,2
Wheat,Maharashtra,Pune,2137.2025,1914.03,2359.5,44.66423877107952,4,2021-03-01,2021,3
Wheat,Maharashtra,Pune,2148.66,1938.2,2375.71,38.68173126080762,4,2021-04-01,2021,4
Wheat,Maharashtra,Pune,2327.3300000000004,2041.68,2684.73,97.55452475410874,5,2021-05-01,2021,5
Wheat,Maharashtra,Pune,2404.175,2122.2,2653.05,66.94713461630263,4,2021-06-01,2021,6
Wheat,Maharashtra,Pune,2390.755,2138.01,2713.47,83.94090321966594,4,2021-07-01,2021,7
Wheat,Maharashtra,Pune,2426.612,2146.36,2703.83,71.5259370438446,5,2021-08-01,2021,8
Wheat,Maharashtra,Pune,2418.265,2202.84,2637.46,21.951945244100877,4,2021-09-01,2021,9
Wheat,Maharashtra,Pune,2307.636,2079.68,2537.82,37.928124525212155,5,2021-10-01,2021,10
Wheat,Maharashtra,Pune,2268.435,2021.33,2551.25,70.16362044060531,4,2021-11-01,2021,11
Wheat,Maharashtra,Pune,2264.7,2017.44,2490.5,53.244886452441236,4,2021-12-01,2021,12
Wheat,Maharashtra,Pune,2350.158,2065.1,2621.34,67.54770107116902,5,2022-01-01,2022,1
Wheat,Maharashtra,Pune,2331.02,2125.75,2542.83,18.04244624951584,4,2022-02-01,2022,2
Wheat,Maharashtra,Pune,2406.39,2132.38,2776.3,114.86425379551284,4,2022-03-01,2022,3
Wheat,Maharashtra,Pune,2542.44,2256.82,2814.13,67.26362811108723,4,2022-04-01,2022,4
Wheat,Maharashtra,Pune,2665.3779999999997,2314.92,2978.43,104.59194863850666,5,2022-05-01,2022,5
Wheat,Maharashtra,Pune,2688.95,2372.22,3023.06,117.67489310242296,4,2022-06-01,2022,6
Wheat,Maharashtra,Pune,2662.054,2324.87,3020.74,105.03221186855,5,2022-07-01,2022,7
Wheat,Maharashtra,Pune,2663.1725,2419.55,2905.18,29.37518723344596,4,2022-08-01,2022,8
Wheat,Maharashtra,Pune,2583.8775,2345.29,2887.31,59.89536007349251,4,2022-09-01,2022,9
Wheat,Maharashtra,Pune,2518.7059999999997,2257.22,2799.01,60.37518430613692,5,2022-10-01,2022,10
Wheat,Maharashtra,Pune,2381.0150000000003,2125.64,2650.83,58.81208974352123,4,2022-11-01,2022,11
Wheat,Maharashtra,Pune,2388.8,2173.8,2599.82,19.18454238877398,4,2022-12-01,2022,12
Wheat,Maharashtra,Pune,2407.9139999999998,2153.26,2701.52,75.98037332100968,5,2023-01-01,2023,1
Wheat,Maharashtra,Pune,2474.665,2245.17,2717.77,37.123940613392165,4,2023-02-01,2023,2
Wheat,Maharashtra,Pune,2500.7325,2258.03,2767.51,50.35705536466567,4,2023-03-01,2023,3
Wheat,Maharashtra,Pune,2537.906,2285.95,2819.91,50.722422359347114,5,2023-04-01,2023,4
Wheat,Maharashtra,Pune,2577.895,2312.42,2839.0,48.117834185119584,4,2023-05-01,2023,5
Wheat,Maharashtra,Pune,2761.5225,2483.95,3032.87,47.45860749116026,4,2023-06-01,2023,6
Wheat,Maharashtra,Pune,2660.532,2369.31,2950.89,76.25061947289349,5,2023-07-01,2023,7
Wheat,Maharashtra,Pune,2673.3925,2399.98,2981.13,63.383824106260334,4,2023-08-01,2023,8
Wheat,Maharashtra,Pune,2599.61,2327.93,2869.34,54.99121263135294,4,2023-09-01,2023,9
Wheat,Maharashtra,Pune,2545.916,2241.23,2848.27,72.44896086211313,5,2023-10-01,2023,10
Wheat,Maharashtra,Pune,2523.135,2230.18,2790.82,69.54214573431932,4,2023-11-01,2023,11
Wheat,Maharashtra,Pune,2436.0379999999996,2191.5,2686.22,47.668605706481415,5,2023-12-01,2023,12
Wheat,Maharashtra,Pune,2464.3,2145.97,2758.64,95.42007720251188,4,2024-01-01,2024,1
Wheat,Maharashtra,Pune,2475.3225,2198.82,2762.66,79.72435026389358,4,2024-02-01,2024,2
Wheat,Maharashtra,Pune,2571.518,2344.41,2794.04,15.630154189898523,5,2024-03-01,2024,3
Wheat,Maharashtra,Pune,2587.5699999999997,2281.82,2842.2,71.81428734358283,4,2024-04-01,2024,4
Wheat,Maharashtra,Pune,2715.6525,2414.5,3017.06,74.30561547868798,4,2024-05-01,2024,5
Wheat,Maharashtra,Pune,2771.746,2438.31,3106.48,82.54835025607703,5,2024-06-01,2024,6
Wheat,Maharashtra,Pune,2757.27,2466.81,3046.2,57.41164574079602,4,2024-07-01,2024,7
Wheat,Maharashtra,Pune,2796.62,2524.61,3062.5,44.63589362833454,4,2024-08-01,2024,8
Wheat,Maharashtra,Pune,2779.786,2476.73,3092.04,76.54833590614506,5,2024-09-01,2024,9
Wheat,Maharashtra,Pune,2635.4175,2399.96,2888.57,30.143488379194935,4,2024-10-01,2024,10
Wheat,Maharashtra,Pune,2524.2875,2303.28,2750.36,18.909402202784328,4,2024-11-01,2024,11
Wheat,Maharashtra,Pune,2476.236,2216.72,2810.64,74.43115127418072,5,2024-12-01,2024,12
Wheat,Maharashtra,Pune,2516.045,2203.76,2796.85,84.0538456387729,4,2025-01-01,2025,1
Wheat,Maharashtra,Pune,2578.9674999999997,2284.69,2859.47,73.81039555283957,4,2025-02-01,2025,2
Wheat,Maharashtra,Pune,2656.716,2331.38,3021.78,102.82416364843411,5,2025-03-01,2025,3
Wheat,Maharashtra,Pune,2693.335,2436.88,2968.81,46.92684555063686,4,2025-04-01,2025,4
Wheat,Maharashtra,Pune,2687.705,2337.7,3010.44,114.4220254146902,4,2025-05-01,2025,5
Wheat,Maharashtra,Pune,2756.714,2514.98,3004.78,19.015786336620547,5,2025-06-01,2025,6
Wheat,Maharashtra,Pune,2770.785,2491.04,3052.61,48.934397922116084,4,2025-07-01,2025,7
Wheat,Maharashtra,Pune,2732.522,2445.37,3012.84,50.97661885609898,5,2025-08-01,2025,8
Wheat,Maharashtra,Pune,2744.205,2443.94,3034.97,67.2438896852346,4,2025-09-01,2025,9
Wheat,Maharashtra,Pune,2626.0675,2251.81,3001.43,139.09771849914245,4,2025-10-01,2025,10
Wheat,Maharashtra,Pune,2582.2200000000003,2295.33,2881.56,63.76692755653194,5,2025-11-01,2025,11
Wheat,Maharashtra,Pune,2537.4300000000003,2310.95,2781.41,28.31622267652718,4,2025-12-01,2025,12
Wheat,Maharashtra,Pune,2591.13,2283.42,2885.81,79.34654497834171,4,2026-01-01,2026,1
Wheat,Maharashtra,Pune,2579.75,2333.67,2839.55,48.724423718158725,4,2026-02-01,2026,2
Wheat,Maharashtra,Pune,2692.244,2455.54,2948.24,23.543295861030032,5,2026-03-01,2026,3
Wheat,Maharashtra,Pune,2685.3199999999997,2416.49,2952.71,45.1560619776937,4,2026-04-01,2026,4
Wheat,Maharashtra,Pune,2808.5080000000003,2524.83,3078.29,39.84064281609931,5,2026-05-01,2026,5
Wheat,Maharashtra,Pune,2855.0525,2599.46,3120.66,28.76224072750014,4,2026-06-01,2026,6
Wheat,Maharashtra,Pune,2877.035,2609.13,3170.91,43.967885628793724,4,2026-07-01,2026,7
Wheat,Maharashtra,Pune,2860.69,2549.82,3242.42,87.84690717378716,5,2026-08-01,2026,8
