crop,state,market,date,minPrice,maxPrice,modalPrice
Wheat,Maharashtra,Pune,2020-01-05,1834.32,2153.34,1993.83
Wheat,Maharashtra,Pune,2020-01-12,1881.4,2208.6,2045.0
Wheat,Maharashtra,Pune,2020-01-19,1777.57,2086.72,1932.14
Wheat,Maharashtra,Pune,2020-01-26,1742.94,2046.06,1894.5
Wheat,Maharashtra,Pune,2020-02-02,1827.66,2145.51,1986.58
Wheat,Maharashtra,Pune,2020-02-09,1692.29,1986.61,1839.45
Wheat,Maharashtra,Pune,2020-02-16,1731.95,2033.16,1882.55
Wheat,Maharashtra,Pune,2020-02-23,1634.3,1918.52,1776.41
Wheat,Maharashtra,Pune,2020-03-01,1839.55,2159.48,1999.51
Wheat,Maharashtra,Pune,2020-03-08,1873.82,2199.7,2036.76
Wheat,Maharashtra,Pune,2020-03-15,1820.81,2137.48,1979.14
Wheat,Maharashtra,Pune,2020-03-22,1898.7,2228.91,2063.81
Wheat,Maharashtra,Pune,2020-03-29,1807.89,2122.3,1965.09
Wheat,Maharashtra,Pune,2020-04-05,1887.05,2215.23,2051.14
Wheat,Maharashtra,Pune,2020-04-12,1886.81,2214.95,2050.88
Wheat,Maharashtra,Pune,2020-04-19,1906.61,2238.19,2072.4
Wheat,Maharashtra,Pune,2020-04-26,1926.23,2261.22,2093.73
Wheat,Maharashtra,Pune,2020-05-03,2052.01,2408.88,2230.45
Wheat,Maharashtra,Pune,2020-05-10,2037.06,2391.33,2214.19
Wheat,Maharashtra,Pune,2020-05-17,1869.0,2194.04,2031.52
Wheat,Maharashtra,Pune,2020-05-24,1946.55,2285.08,2115.82
Wheat,Maharashtra,Pune,2020-05-31,1901.23,2231.87,2066.55
Wheat,Maharashtra,Pune,2020-06-07,1992.78,2339.35,2166.06
Wheat,Maharashtra,Pune,2020-06-14,2049.12,2405.49,2227.31
Wheat,Maharashtra,Pune,2020-06-21,2057.35,2415.15,2236.25
Wheat,Maharashtra,Pune,2020-06-28,1969.88,2312.46,2141.17
Wheat,Maharashtra,Pune,2020-07-05,2065.52,2424.74,2245.13
Wheat,Maharashtra,Pune,2020-07-12,1970.59,2313.31,2141.95
Wheat,Maharashtra,Pune,2020-07-19,1962.46,2303.76,2133.11
Wheat,Maharashtra,Pune,2020-07-26,2050.22,2406.78,2228.5
Wheat,Maharashtra,Pune,2020-08-02,1990.21,2336.34,2163.27
Wheat,Maharashtra,Pune,2020-08-09,2060.85,2419.26,2240.05
Wheat,Maharashtra,Pune,2020-08-16,2060.31,2418.63,2239.47
Wheat,Maharashtra,Pune,2020-08-23,2045.32,2401.03,2223.18
Wheat,Maharashtra,Pune,2020-08-30,2090.25,2453.77,2272.01
Wheat,Maharashtra,Pune,2020-09-06,2080.89,2442.79,2261.84
Wheat,Maharashtra,Pune,2020-09-13,2035.21,2389.15,2212.18
Wheat,Maharashtra,Pune,2020-09-20,1933.54,2269.8,2101.67
Wheat,Maharashtra,Pune,2020-09-27,2055.1,2412.51,2233.8
Wheat,Maharashtra,Pune,2020-10-04,1911.16,2243.53,2077.34
Wheat,Maharashtra,Pune,2020-10-11,2016.53,2367.24,2191.88
Wheat,Maharashtra,Pune,2020-10-18,1969.99,2312.6,2141.29
Wheat,Maharashtra,Pune,2020-10-25,1986.54,2332.03,2159.28
Wheat,Maharashtra,Pune,2020-11-01,1942.12,2279.88,2111.0
Wheat,Maharashtra,Pune,2020-11-08,1874.24,2200.19,2037.22
Wheat,Maharashtra,Pune,2020-11-15,1902.05,2232.84,2067.44
Wheat,Maharashtra,Pune,2020-11-22,1892.39,2221.5,2056.94
Wheat,Maharashtra,Pune,2020-11-29,1846.65,2167.8,2007.23
Wheat,Maharashtra,Pune,2020-12-06,1811.86,2126.97,1969.41
Wheat,Maharashtra,Pune,2020-12-13,1703.06,1999.25,1851.16
Wheat,Maharashtra,Pune,2020-12-20,1893.93,2223.31,2058.62
Wheat,Maharashtra,Pune,2020-12-27,1706.73,2003.55,1855.14
Wheat,Maharashtra,Pune,2021-01-03,1791.01,2102.49,1946.75
Wheat,Maharashtra,Pune,2021-01-10,1826.87,2144.59,1985.73
Wheat,Maharashtra,Pune,2021-01-17,1841.37,2161.61,2001.49
Wheat,Maharashtra,Pune,2021-01-24,1834.11,2153.08,1993.6
Wheat,Maharashtra,Pune,2021-01-31,1813.77,2129.21,1971.49
Wheat,Maharashtra,Pune,2021-02-07,1863.6,2187.7,2025.65
Wheat,Maharashtra,Pune,2021-02-14,1808.21,2122.68,1965.44
Wheat,Maharashtra,Pune,2021-02-21,1910.84,2243.17,2077.01
Wheat,Maharashtra,Pune,2021-02-28,1933.33,2269.56,2101.45
Wheat,Maharashtra,Pune,2021-03-07,2009.94,2359.5,2184.72
Wheat,Maharashtra,Pune,2021-03-14,1914.03,2246.9,2080.47
Wheat,Maharashtra,Pune,2021-03-21,1956.43,2296.67,2126.55
Wheat,Maharashtra,Pune,2021-03-28,1984.5,2329.64,2157.07
Wheat,Maharashtra,Pune,2021-04-04,1978.43,2322.51,2150.47
Wheat,Maharashtra,Pune,2021-04-11,1938.2,2275.27,2106.74
Wheat,Maharashtra,Pune,2021-04-18,1966.68,2308.71,2137.7
Wheat,Maharashtra,Pune,2021-04-25,2023.75,2375.71,2199.73
Wheat,Maharashtra,Pune,2021-05-02,2041.68,2396.76,2219.22
Wheat,Maharashtra,Pune,2021-05-09,2122.72,2491.89,2307.3
Wheat,Maharashtra,Pune,2021-05-16,2139.93,2512.1,2326.01
Wheat,Maharashtra,Pune,2021-05-23,2286.99,2684.73,2485.86
Wheat,Maharashtra,Pune,2021-05-30,2114.4,2482.12,2298.26
Wheat,Maharashtra,Pune,2021-06-06,2223.48,2610.17,2416.83
Wheat,Maharashtra,Pune,2021-06-13,2122.2,2491.28,2306.74
Wheat,Maharashtra,Pune,2021-06-20,2260.0,2653.05,2456.52
Wheat,Maharashtra,Pune,2021-06-27,2241.68,2631.54,2436.61
Wheat,Maharashtra,Pune,2021-07-04,2138.01,2509.84,2323.92
Wheat,Maharashtra,Pune,2021-07-11,2311.47,2713.47,2512.47
Wheat,Maharashtra,Pune,2021-07-18,2186.43,2566.68,2376.56
Wheat,Maharashtra,Pune,2021-07-25,2162.07,2538.08,2350.07
Wheat,Maharashtra,Pune,2021-08-01,2303.26,2703.83,2503.55
Wheat,Maharashtra,Pune,2021-08-08,2291.09,2689.54,2490.31
Wheat,Maharashtra,Pune,2021-08-15,2227.03,2614.34,2420.68
Wheat,Maharashtra,Pune,2021-08-22,2146.36,2519.64,2333.0
Wheat,Maharashtra,Pune,2021-08-29,2194.68,2576.36,2385.52
Wheat,Maharashtra,Pune,2021-09-05,2213.41,2598.35,2405.88
Wheat,Maharashtra,Pune,2021-09-12,2236.25,2625.16,2430.7
Wheat,Maharashtra,Pune,2021-09-19,2202.84,2585.94,2394.39
Wheat,Maharashtra,Pune,2021-09-26,2246.73,2637.46,2442.09
Wheat,Maharashtra,Pune,2021-10-03,2110.82,2477.92,2294.37
Wheat,Maharashtra,Pune,2021-10-10,2161.85,2537.82,2349.84
Wheat,Maharashtra,Pune,2021-10-17,2155.84,2530.76,2343.3
Wheat,Maharashtra,Pune,2021-10-24,2106.93,2473.35,2290.14
Wheat,Maharashtra,Pune,2021-10-31,2079.68,2441.37,2260.53
Wheat,Maharashtra,Pune,2021-11-07,2060.38,2418.71,2239.55
Wheat,Maharashtra,Pune,2021-11-14,2173.29,2551.25,2362.27
Wheat,Maharashtra,Pune,2021-11-21,2021.33,2372.87,2197.1
Wheat,Maharashtra,Pune,2021-11-28,2092.83,2456.8,2274.82
Wheat,Maharashtra,Pune,2021-12-05,2119.83,2488.5,2304.17
Wheat,Maharashtra,Pune,2021-12-12,2121.54,2490.5,2306.02
Wheat,Maharashtra,Pune,2021-12-19,2017.44,2368.3,2192.87
Wheat,Maharashtra,Pune,2021-12-26,2075.28,2436.19,2255.74
Wheat,Maharashtra,Pune,2022-01-02,2175.51,2553.86,2364.68
Wheat,Maharashtra,Pune,2022-01-09,2149.19,2522.97,2336.08
Wheat,Maharashtra,Pune,2022-01-16,2233.0,2621.34,2427.17
Wheat,Maharashtra,Pune,2022-01-23,2187.92,2568.43,2378.18
Wheat,Maharashtra,Pune,2022-01-30,2065.1,2424.25,2244.68
Wheat,Maharashtra,Pune,2022-02-06,2125.75,2495.45,2310.6
Wheat,Maharashtra,Pune,2022-02-13,2144.54,2517.5,2331.02
Wheat,Maharashtra,Pune,2022-02-20,2166.12,2542.83,2354.48
Wheat,Maharashtra,Pune,2022-02-27,2141.74,2514.22,2327.98
Wheat,Maharashtra,Pune,2022-03-06,2150.78,2524.83,2337.81
Wheat,Maharashtra,Pune,2022-03-13,2207.34,2591.23,2399.29
Wheat,Maharashtra,Pune,2022-03-20,2132.38,2503.23,2317.81
Wheat,Maharashtra,Pune,2022-03-27,2365.0,2776.3,2570.65
Wheat,Maharashtra,Pune,2022-04-03,2397.23,2814.13,2605.68
Wheat,Maharashtra,Pune,2022-04-10,2374.02,2786.9,2580.46
Wheat,Maharashtra,Pune,2022-04-17,2328.1,2732.99,2530.55
Wheat,Maharashtra,Pune,2022-04-24,2256.82,2649.31,2453.07
Wheat,Maharashtra,Pune,2022-05-01,2513.99,2951.2,2732.6
Wheat,Maharashtra,Pune,2022-05-08,2387.73,2802.98,2595.35
Wheat,Maharashtra,Pune,2022-05-15,2314.92,2717.51,2516.22
Wheat,Maharashtra,Pune,2022-05-22,2506.93,2942.92,2724.92
Wheat,Maharashtra,Pune,2022-05-29,2537.18,2978.43,2757.8
Wheat,Maharashtra,Pune,2022-06-05,2575.2,3023.06,2799.13
Wheat,Maharashtra,Pune,2022-06-12,2372.22,2784.78,2578.5
Wheat,Maharashtra,Pune,2022-06-19,2559.28,3004.37,2781.83
Wheat,Maharashtra,Pune,2022-06-26,2388.63,2804.05,2596.34
Wheat,Maharashtra,Pune,2022-07-03,2433.78,2857.04,2645.41
Wheat,Maharashtra,Pune,2022-07-10,2324.87,2729.2,2527.03
Wheat,Maharashtra,Pune,2022-07-17,2512.28,2949.19,2730.73
Wheat,Maharashtra,Pune,2022-07-24,2401.31,2818.93,2610.12
Wheat,Maharashtra,Pune,2022-07-31,2573.22,3020.74,2796.98
Wheat,Maharashtra,Pune,2022-08-07,2474.78,2905.18,2689.98
Wheat,Maharashtra,Pune,2022-08-14,2419.55,2840.34,2629.95
Wheat,Maharashtra,Pune,2022-08-21,2435.3,2858.83,2647.07
Wheat,Maharashtra,Pune,2022-08-28,2470.84,2900.55,2685.69
Wheat,Maharashtra,Pune,2022-09-04,2459.56,2887.31,2673.44
Wheat,Maharashtra,Pune,2022-09-11,2348.19,2756.57,2552.38
Wheat,Maharashtra,Pune,2022-09-18,2345.29,2753.17,2549.23
Wheat,Maharashtra,Pune,2022-09-25,2355.62,2765.3,2560.46
Wheat,Maharashtra,Pune,2022-10-02,2261.93,2655.31,2458.62
Wheat,Maharashtra,Pune,2022-10-09,2257.22,2649.78,2453.5
Wheat,Maharashtra,Pune,2022-10-16,2384.34,2799.01,2591.68
Wheat,Maharashtra,Pune,2022-10-23,2338.04,2744.65,2541.35
Wheat,Maharashtra,Pune,2022-10-30,2344.51,2752.25,2548.38
Wheat,Maharashtra,Pune,2022-11-06,2189.2,2569.93,2379.57
Wheat,Maharashtra,Pune,2022-11-13,2125.64,2495.32,2310.48
Wheat,Maharashtra,Pune,2022-11-20,2258.12,2650.83,2454.48
Wheat,Maharashtra,Pune,2022-11-27,2189.16,2569.89,2379.53
Wheat,Maharashtra,Pune,2022-12-04,2173.8,2551.85,2362.82
Wheat,Maharashtra,Pune,2022-12-11,2214.66,2599.82,2407.24
Wheat,Maharashtra,Pune,2022-12-18,2206.23,2589.93,2398.08
Wheat,Maharashtra,Pune,2022-12-25,2196.1,2578.03,2387.06
Wheat,Maharashtra,Pune,2023-01-01,2164.55,2540.99,2352.77
Wheat,Maharashtra,Pune,2023-01-08,2301.29,2701.52,2501.41
Wheat,Maharashtra,Pune,2023-01-15,2176.84,2555.42,2366.13
Wheat,Maharashtra,Pune,2023-01-22,2153.26,2527.74,2340.5
Wheat,Maharashtra,Pune,2023-01-29,2280.46,2677.06,2478.76
Wheat,Maharashtra,Pune,2023-02-05,2245.17,2635.64,2440.41
Wheat,Maharashtra,Pune,2023-02-12,2315.14,2717.77,2516.45
Wheat,Maharashtra,Pune,2023-02-19,2250.81,2642.26,2446.54
Wheat,Maharashtra,Pune,2023-02-26,2295.64,2694.88,2495.26
Wheat,Maharashtra,Pune,2023-03-05,2268.18,2662.65,2465.42
Wheat,Maharashtra,Pune,2023-03-12,2318.97,2722.27,2520.62
Wheat,Maharashtra,Pune,2023-03-19,2258.03,2650.73,2454.38
Wheat,Maharashtra,Pune,2023-03-26,2357.51,2767.51,2562.51
Wheat,Maharashtra,Pune,2023-04-02,2402.14,2819.91,2611.03
Wheat,Maharashtra,Pune,2023-04-09,2301.03,2701.21,2501.12
Wheat,Maharashtra,Pune,2023-04-16,2285.95,2683.51,2484.73
Wheat,Maharashtra,Pune,2023-04-23,2358.84,2769.07,2563.95
Wheat,Maharashtra,Pune,2023-04-30,2326.4,2730.99,2528.7
Wheat,Maharashtra,Pune,2023-05-07,2312.42,2714.58,2513.5
Wheat,Maharashtra,Pune,2023-05-14,2385.21,2800.03,2592.62
Wheat,Maharashtra,Pune,2023-05-21,2418.41,2839.0,2628.7
Wheat,Maharashtra,Pune,2023-05-28,2370.62,2782.9,2576.76
Wheat,Maharashtra,Pune,2023-06-04,2483.95,2915.94,2699.95
Wheat,Maharashtra,Pune,2023-06-11,2564.35,3010.33,2787.34
Wheat,Maharashtra,Pune,2023-06-18,2583.56,3032.87,2808.21
Wheat,Maharashtra,Pune,2023-06-25,2530.54,2970.64,2750.59
Wheat,Maharashtra,Pune,2023-07-02,2510.89,2947.57,2729.23
Wheat,Maharashtra,Pune,2023-07-09,2378.13,2791.72,2584.93
Wheat,Maharashtra,Pune,2023-07-16,2369.31,2781.36,2575.34
Wheat,Maharashtra,Pune,2023-07-23,2466.39,2895.33,2680.86
Wheat,Maharashtra,Pune,2023-07-30,2513.72,2950.89,2732.3
Wheat,Maharashtra,Pune,2023-08-06,2539.48,2981.13,2760.3
Wheat,Maharashtra,Pune,2023-08-13,2454.54,2881.41,2667.98
Wheat,Maharashtra,Pune,2023-08-20,2444.09,2869.15,2656.62
Wheat,Maharashtra,Pune,2023-08-27,2399.98,2817.37,2608.67
Wheat,Maharashtra,Pune,2023-09-03,2417.06,2837.42,2627.24
Wheat,Maharashtra,Pune,2023-09-10,2444.26,2869.34,2656.8
Wheat,Maharashtra,Pune,2023-09-17,2327.93,2732.79,2530.36
Wheat,Maharashtra,Pune,2023-09-24,2377.31,2790.76,2584.04
Wheat,Maharashtra,Pune,2023-10-01,2334.77,2740.81,2537.79
Wheat,Maharashtra,Pune,2023-10-08,2363.0,2773.96,2568.48
Wheat,Maharashtra,Pune,2023-10-15,2241.23,2631.0,2436.12
Wheat,Maharashtra,Pune,2023-10-22,2345.91,2753.89,2549.9
Wheat,Maharashtra,Pune,2023-10-29,2426.3,2848.27,2637.29
Wheat,Maharashtra,Pune,2023-11-05,2230.18,2618.04,2424.11
Wheat,Maharashtra,Pune,2023-11-12,2377.36,2790.82,2584.09
Wheat,Maharashtra,Pune,2023-11-19,2349.33,2757.91,2553.62
Wheat,Maharashtra,Pune,2023-11-26,2328.26,2733.17,2530.72
Wheat,Maharashtra,Pune,2023-12-03,2236.51,2625.47,2430.99
Wheat,Maharashtra,Pune,2023-12-10,2191.5,2572.63,2382.06
Wheat,Maharashtra,Pune,2023-12-17,2288.26,2686.22,2487.24
Wheat,Maharashtra,Pune,2023-12-24,2206.28,2589.98,2398.13
Wheat,Maharashtra,Pune,2023-12-31,2283.23,2680.31,2481.77
Wheat,Maharashtra,Pune,2024-01-07,2265.82,2659.87,2462.85
Wheat,Maharashtra,Pune,2024-01-14,2145.97,2519.19,2332.58
Wheat,Maharashtra,Pune,2024-01-21,2349.95,2758.64,2554.29
Wheat,Maharashtra,Pune,2024-01-28,2306.88,2708.08,2507.48
Wheat,Maharashtra,Pune,2024-02-04,2353.38,2762.66,2558.02
Wheat,Maharashtra,Pune,2024-02-11,2198.82,2581.22,2390.02
Wheat,Maharashtra,Pune,2024-02-18,2324.26,2728.48,2526.37
Wheat,Maharashtra,Pune,2024-02-25,2232.73,2621.03,2426.88
Wheat,Maharashtra,Pune,2024-03-03,2363.93,2775.05,2569.49
Wheat,Maharashtra,Pune,2024-03-10,2378.06,2791.63,2584.85
Wheat,Maharashtra,Pune,2024-03-17,2344.41,2752.13,2548.27
Wheat,Maharashtra,Pune,2024-03-24,2380.1,2794.04,2587.07
Wheat,Maharashtra,Pune,2024-03-31,2362.48,2773.34,2567.91
Wheat,Maharashtra,Pune,2024-04-07,2411.56,2830.96,2621.26
Wheat,Maharashtra,Pune,2024-04-14,2407.75,2826.49,2617.12
Wheat,Maharashtra,Pune,2024-04-21,2281.82,2678.65,2480.24
Wheat,Maharashtra,Pune,2024-04-28,2421.13,2842.2,2631.66
Wheat,Maharashtra,Pune,2024-05-05,2570.09,3017.06,2793.58
Wheat,Maharashtra,Pune,2024-05-12,2474.78,2905.18,2689.98
Wheat,Maharashtra,Pune,2024-05-19,2534.23,2974.96,2754.59
Wheat,Maharashtra,Pune,2024-05-26,2414.5,2834.42,2624.46
Wheat,Maharashtra,Pune,2024-06-02,2563.96,3009.87,2786.91
Wheat,Maharashtra,Pune,2024-06-09,2438.31,2862.36,2650.34
Wheat,Maharashtra,Pune,2024-06-16,2526.94,2966.4,2746.67
Wheat,Maharashtra,Pune,2024-06-23,2646.26,3106.48,2876.37
Wheat,Maharashtra,Pune,2024-06-30,2574.56,3022.31,2798.44
Wheat,Maharashtra,Pune,2024-07-07,2466.81,2895.82,2681.31
Wheat,Maharashtra,Pune,2024-07-14,2546.29,2989.13,2767.71
Wheat,Maharashtra,Pune,2024-07-21,2594.91,3046.2,2820.55
Wheat,Maharashtra,Pune,2024-07-28,2538.75,2980.27,2759.51
Wheat,Maharashtra,Pune,2024-08-04,2524.61,2963.67,2744.14
Wheat,Maharashtra,Pune,2024-08-11,2605.17,3058.24,2831.71
Wheat,Maharashtra,Pune,2024-08-18,2608.79,3062.5,2835.65
Wheat,Maharashtra,Pune,2024-08-25,2552.99,2996.98,2774.98
Wheat,Maharashtra,Pune,2024-09-01,2607.53,3061.01,2834.27
Wheat,Maharashtra,Pune,2024-09-08,2633.96,3092.04,2863.0
Wheat,Maharashtra,Pune,2024-09-15,2490.25,2923.33,2706.79
Wheat,Maharashtra,Pune,2024-09-22,2476.73,2907.47,2692.1
Wheat,Maharashtra,Pune,2024-09-29,2578.55,3026.99,2802.77
Wheat,Maharashtra,Pune,2024-10-06,2460.63,2888.57,2674.6
Wheat,Maharashtra,Pune,2024-10-13,2431.83,2854.76,2643.3
Wheat,Maharashtra,Pune,2024-10-20,2399.96,2817.34,2608.65
Wheat,Maharashtra,Pune,2024-10-27,2405.91,2824.33,2615.12
Wheat,Maharashtra,Pune,2024-11-03,2313.82,2716.22,2515.02
Wheat,Maharashtra,Pune,2024-11-10,2342.9,2750.36,2546.63
Wheat,Maharashtra,Pune,2024-11-17,2303.28,2703.85,2503.57
Wheat,Maharashtra,Pune,2024-11-24,2329.37,2734.48,2531.93
Wheat,Maharashtra,Pune,2024-12-01,2216.72,2602.24,2409.48
Wheat,Maharashtra,Pune,2024-12-08,2271.29,2666.29,2468.79
Wheat,Maharashtra,Pune,2024-12-15,2394.25,2810.64,2602.45
Wheat,Maharashtra,Pune,2024-12-22,2266.65,2660.85,2463.75
Wheat,Maharashtra,Pune,2024-12-29,2241.77,2631.65,2436.71
Wheat,Maharashtra,Pune,2025-01-05,2203.76,2587.02,2395.39
Wheat,Maharashtra,Pune,2025-01-12,2343.21,2750.72,2546.97
Wheat,Maharashtra,Pune,2025-01-19,2382.5,2796.85,2589.68
Wheat,Maharashtra,Pune,2025-01-26,2329.57,2734.72,2532.14
Wheat,Maharashtra,Pune,2025-02-02,2284.69,2682.03,2483.36
Wheat,Maharashtra,Pune,2025-02-09,2355.07,2764.64,2559.85
Wheat,Maharashtra,Pune,2025-02-16,2415.0,2835.0,2625.0
Wheat,Maharashtra,Pune,2025-02-23,2435.85,2859.47,2647.66
Wheat,Maharashtra,Pune,2025-03-02,2574.11,3021.78,2797.95
Wheat,Maharashtra,Pune,2025-03-09,2331.38,2736.84,2534.11
Wheat,Maharashtra,Pune,2025-03-16,2402.6,2820.45,2611.52
Wheat,Maharashtra,Pune,2025-03-23,2502.01,2937.14,2719.58
Wheat,Maharashtra,Pune,2025-03-30,2410.79,2830.05,2620.42
Wheat,Maharashtra,Pune,2025-04-06,2497.77,2932.17,2714.97
Wheat,Maharashtra,Pune,2025-04-13,2436.88,2860.68,2648.78
Wheat,Maharashtra,Pune,2025-04-20,2528.99,2968.81,2748.9
Wheat,Maharashtra,Pune,2025-04-27,2447.83,2873.54,2660.69
Wheat,Maharashtra,Pune,2025-05-04,2547.54,2990.6,2769.07
Wheat,Maharashtra,Pune,2025-05-11,2564.45,3010.44,2787.44
Wheat,Maharashtra,Pune,2025-05-18,2337.7,2744.26,2540.98
Wheat,Maharashtra,Pune,2025-05-25,2441.06,2865.6,2653.33
Wheat,Maharashtra,Pune,2025-06-01,2514.98,2952.37,2733.68
Wheat,Maharashtra,Pune,2025-06-08,2559.63,3004.78,2782.21
Wheat,Maharashtra,Pune,2025-06-15,2531.71,2972.01,2751.86
Wheat,Maharashtra,Pune,2025-06-22,2527.21,2966.73,2746.97
Wheat,Maharashtra,Pune,2025-06-29,2547.35,2990.36,2768.85
Wheat,Maharashtra,Pune,2025-07-06,2491.04,2924.27,2707.65
Wheat,Maharashtra,Pune,2025-07-13,2600.37,3052.61,2826.49
Wheat,Maharashtra,Pune,2025-07-20,2547.21,2990.2,2768.71
Wheat,Maharashtra,Pune,2025-07-27,2557.87,3002.71,2780.29
Wheat,Maharashtra,Pune,2025-08-03,2445.37,2870.65,2658.01
Wheat,Maharashtra,Pune,2025-08-10,2546.89,2989.83,2768.36
Wheat,Maharashtra,Pune,2025-08-17,2566.5,3012.84,2789.67
Wheat,Maharashtra,Pune,2025-08-24,2512.6,2949.57,2731.08
Wheat,Maharashtra,Pune,2025-08-31,2498.25,2932.73,2715.49
Wheat,Maharashtra,Pune,2025-09-07,2557.97,3002.83,2780.4
Wheat,Maharashtra,Pune,2025-09-14,2585.34,3034.97,2810.15
Wheat,Maharashtra,Pune,2025-09-21,2511.43,2948.2,2729.81
Wheat,Maharashtra,Pune,2025-09-28,2443.94,2868.98,2656.46
Wheat,Maharashtra,Pune,2025-10-05,2459.93,2887.75,2673.84
Wheat,Maharashtra,Pune,2025-10-12,2251.81,2643.43,2447.62
Wheat,Maharashtra,Pune,2025-10-19,2556.77,3001.43,2779.1
Wheat,Maharashtra,Pune,2025-10-26,2395.41,2812.0,2603.71
Wheat,Maharashtra,Pune,2025-11-02,2391.87,2807.84,2599.86
Wheat,Maharashtra,Pune,2025-11-09,2386.82,2801.92,2594.37
Wheat,Maharashtra,Pune,2025-11-16,2295.33,2694.52,2494.92
Wheat,Maharashtra,Pune,2025-11-23,2454.67,2881.56,2668.12
Wheat,Maharashtra,Pune,2025-11-30,2349.53,2758.14,2553.83
Wheat,Maharashtra,Pune,2025-12-07,2338.72,2745.45,2542.09
Wheat,Maharashtra,Pune,2025-12-14,2369.35,2781.41,2575.38
Wheat,Maharashtra,Pune,2025-12-21,2318.72,2721.98,2520.35
Wheat,Maharashtra,Pune,2025-12-28,2310.95,2712.85,2511.9
Wheat,Maharashtra,Pune,2026-01-04,2283.42,2680.53,2481.97
Wheat,Maharashtra,Pune,2026-01-11,2458.28,2885.81,2672.05
Wheat,Maharashtra,Pune,2026-01-18,2393.58,2809.86,2601.72
Wheat,Maharashtra,Pune,2026-01-25,2400.07,2817.48,2608.78
Wheat,Maharashtra,Pune,2026-02-01,2404.84,2823.08,2613.96
Wheat,Maharashtra,Pune,2026-02-08,2333.67,2739.53,2536.6
Wheat,Maharashtra,Pune,2026-02-15,2418.88,2839.55,2629.22
Wheat,Maharashtra,Pune,2026-02-22,2336.08,2742.36,2539.22
Wheat,Maharashtra,Pune,2026-03-01,2511.46,2948.24,2729.85
Wheat,Maharashtra,Pune,2026-03-08,2455.54,2882.59,2669.07
Wheat,Maharashtra,Pune,2026-03-15,2475.15,2905.62,2690.39
Wheat,Maharashtra,Pune,2026-03-22,2462.27,2890.49,2676.38
Wheat,Maharashtra,Pune,2026-03-29,2479.89,2911.18,2695.53
Wheat,Maharashtra,Pune,2026-04-05,2515.27,2952.71,2733.99
Wheat,Maharashtra,Pune,2026-04-12,2485.45,2917.7,2701.57
Wheat,Maharashtra,Pune,2026-04-19,2416.49,2836.75,2626.62
Wheat,Maharashtra,Pune,2026-04-26,2464.77,2893.43,2679.1
Wheat,Maharashtra,Pune,2026-05-03,2600.02,3052.2,2826.11
Wheat,Maharashtra,Pune,2026-05-10,2577.46,3025.72,2801.59
Wheat,Maharashtra,Pune,2026-05-17,2622.25,3078.29,2850.27
Wheat,Maharashtra,Pune,2026-05-24,2524.83,2963.94,2744.39
Wheat,Maharashtra,Pune,2026-05-31,2594.56,3045.79,2820.18
Wheat,Maharashtra,Pune,2026-06-07,2611.23,3065.35,2838.29
Wheat,Maharashtra,Pune,2026-06-14,2658.34,3120.66,2889.5
Wheat,Maharashtra,Pune,2026-06-21,2599.46,3051.54,2825.5
Wheat,Maharashtra,Pune,2026-06-28,2637.57,3096.28,2866.92
Wheat,Maharashtra,Pune,2026-07-05,2609.13,3062.9,2836.02
Wheat,Maharashtra,Pune,2026-07-12,2652.78,3114.14,2883.46
Wheat,Maharashtra,Pune,2026-07-19,2624.42,3080.85,2852.63
Wheat,Maharashtra,Pune,2026-07-26,2701.15,3170.91,2936.03
Wheat,Maharashtra,Pune,2026-08-02,2636.15,3094.61,2865.38
Wheat,Maharashtra,Pune,2026-08-09,2628.41,3085.53,2856.97
Wheat,Maharashtra,Pune,2026-08-16,2762.07,3242.42,3002.24
Wheat,Maharashtra,Pune,2026-08-23,2582.73,3031.9,2807.32
Wheat,Maharashtra,Pune,2026-08-30,2549.82,2993.26,2771.54
Wheat,Maharashtra,Nashik,2020-01-05,1875.34,2201.48,2038.41
Wheat,Maharashtra,Nashik,2020-01-12,1833.87,2152.81,1993.34
Wheat,Maharashtra,Nashik,2020-01-19,1728.83,2029.5,1879.17
Wheat,Maharashtra,Nashik,2020-01-26,1749.02,2053.19,1901.11
Wheat,Maharashtra,Nashik,2020-02-02,1809.58,2124.29,1966.93
Wheat,Maharashtra,Nashik,2020-02-09,1753.79,2058.8,1906.29
Wheat,Maharashtra,Nashik,2020-02-16,1734.58,2036.25,1885.42
Wheat,Maharashtra,Nashik,2020-02-23,1639.81,1924.99,1782.4
Wheat,Maharashtra,Nashik,2020-03-01,1814.73,2130.34,1972.53
Wheat,Maharashtra,Nashik,2020-03-08,1761.54,2067.9,1914.72
Wheat,Maharashtra,Nashik,2020-03-15,1794.15,2106.18,1950.17
Wheat,Maharashtra,Nashik,2020-03-22,1715.96,2014.39,1865.17
Wheat,Maharashtra,Nashik,2020-03-29,1707.38,2004.31,1855.85
Wheat,Maharashtra,Nashik,2020-04-05,1739.84,2042.42,1891.13
Wheat,Maharashtra,Nashik,2020-04-12,1890.66,2219.48,2055.07
Wheat,Maharashtra,Nashik,2020-04-19,1926.3,2261.31,2093.81
Wheat,Maharashtra,Nashik,2020-04-26,1958.56,2299.18,2128.87
Wheat,Maharashtra,Nashik,2020-05-03,1854.74,2177.31,2016.02
Wheat,Maharashtra,Nashik,2020-05-10,1922.64,2257.01,2089.83
Wheat,Maharashtra,Nashik,2020-05-17,1886.42,2214.49,2050.45
Wheat,Maharashtra,Nashik,2020-05-24,1888.02,2216.37,2052.2
Wheat,Maharashtra,Nashik,2020-05-31,1837.34,2156.87,1997.1
Wheat,Maharashtra,Nashik,2020-06-07,1874.37,2200.34,2037.36
Wheat,Maharashtra,Nashik,2020-06-14,2002.64,2350.93,2176.79
Wheat,Maharashtra,Nashik,2020-06-21,2081.21,2443.16,2262.18
Wheat,Maharashtra,Nashik,2020-06-28,1941.58,2279.25,2110.41
Wheat,Maharashtra,Nashik,2020-07-05,1975.73,2319.34,2147.54
Wheat,Maharashtra,Nashik,2020-07-12,1930.13,2265.81,2097.97
Wheat,Maharashtra,Nashik,2020-07-19,1963.53,2305.01,2134.27
Wheat,Maharashtra,Nashik,2020-07-26,1947.6,2286.31,2116.95
Wheat,Maharashtra,Nashik,2020-08-02,2078.69,2440.2,2259.45
Wheat,Maharashtra,Nashik,2020-08-09,2069.8,2429.76,2249.78
Wheat,Maharashtra,Nashik,2020-08-16,1938.49,2275.61,2107.05
Wheat,Maharashtra,Nashik,2020-08-23,2043.21,2398.55,2220.88
Wheat,Maharashtra,Nashik,2020-08-30,1900.14,2230.6,2065.37
Wheat,Maharashtra,Nashik,2020-09-06,1916.7,2250.04,2083.37
Wheat,Maharashtra,Nashik,2020-09-13,1968.06,2310.33,2139.2
Wheat,Maharashtra,Nashik,2020-09-20,1852.53,2174.71,2013.62
Wheat,Maharashtra,Nashik,2020-09-27,1977.61,2321.54,2149.58
Wheat,Maharashtra,Nashik,2020-10-04,1947.36,2286.03,2116.69
Wheat,Maharashtra,Nashik,2020-10-11,1924.81,2259.55,2092.18
Wheat,Maharashtra,Nashik,2020-10-18,1794.79,2106.93,1950.86
Wheat,Maharashtra,Nashik,2020-10-25,1916.08,2249.31,2082.7
Wheat,Maharashtra,Nashik,2020-11-01,1761.89,2068.31,1915.1
Wheat,Maharashtra,Nashik,2020-11-08,1883.67,2211.27,2047.47
Wheat,Maharashtra,Nashik,2020-11-15,1860.39,2183.93,2022.16
Wheat,Maharashtra,Nashik,2020-11-22,1821.33,2138.08,1979.7
Wheat,Maharashtra,Nashik,2020-11-29,1805.28,2119.24,1962.26
Wheat,Maharashtra,Nashik,2020-12-06,1759.78,2065.83,1912.81
Wheat,Maharashtra,Nashik,2020-12-13,1761.17,2067.45,1914.31
Wheat,Maharashtra,Nashik,2020-12-20,1754.91,2060.12,1907.52
Wheat,Maharashtra,Nashik,2020-12-27,1752.54,2057.33,1904.93
Wheat,Maharashtra,Nashik,2021-01-03,1839.23,2159.09,1999.16
Wheat,Maharashtra,Nashik,2021-01-10,1904.22,2235.39,2069.8
Wheat,Maharashtra,Nashik,2021-01-17,1820.88,2137.55,1979.22
Wheat,Maharashtra,Nashik,2021-01-24,1969.96,2312.57,2141.27
Wheat,Maharashtra,Nashik,2021-01-31,1982.14,2326.86,2154.5
Wheat,Maharashtra,Nashik,2021-02-07,2012.09,2362.01,2187.05
Wheat,Maharashtra,Nashik,2021-02-14,1946.36,2284.85,2115.6
Wheat,Maharashtra,Nashik,2021-02-21,2048.52,2404.79,2226.65
Wheat,Maharashtra,Nashik,2021-02-28,1957.3,2297.7,2127.5
Wheat,Maharashtra,Nashik,2021-03-07,2014.79,2365.19,2189.99
Wheat,Maharashtra,Nashik,2021-03-14,1951.63,2291.05,2121.34
Wheat,Maharashtra,Nashik,2021-03-21,1942.5,2280.33,2111.41
Wheat,Maharashtra,Nashik,2021-03-28,2002.71,2351.01,2176.86
Wheat,Maharashtra,Nashik,2021-04-04,2025.11,2377.31,2201.21
Wheat,Maharashtra,Nashik,2021-04-11,2090.67,2454.26,2272.47
Wheat,Maharashtra,Nashik,2021-04-18,2143.74,2516.56,2330.15
Wheat,Maharashtra,Nashik,2021-04-25,2105.53,2471.71,2288.62
Wheat,Maharashtra,Nashik,2021-05-02,2184.24,2564.11,2374.18
Wheat,Maharashtra,Nashik,2021-05-09,2308.7,2710.21,2509.45
Wheat,Maharashtra,Nashik,2021-05-16,2115.75,2483.71,2299.73
Wheat,Maharashtra,Nashik,2021-05-23,2102.91,2468.64,2285.78
Wheat,Maharashtra,Nashik,2021-05-30,2197.23,2579.35,2388.29
Wheat,Maharashtra,Nashik,2021-06-06,2166.76,2543.59,2355.18
Wheat,Maharashtra,Nashik,2021-06-13,2214.88,2600.08,2407.48
Wheat,Maharashtra,Nashik,2021-06-20,2214.63,2599.78,2407.21
Wheat,Maharashtra,Nashik,2021-06-27,2087.86,2450.96,2269.41
Wheat,Maharashtra,Nashik,2021-07-04,2335.62,2741.81,2538.71
Wheat,Maharashtra,Nashik,2021-07-11,2191.87,2573.06,2382.46
Wheat,Maharashtra,Nashik,2021-07-18,2240.92,2630.65,2435.79
Wheat,Maharashtra,Nashik,2021-07-25,2354.67,2764.18,2559.43
Wheat,Maharashtra,Nashik,2021-08-01,2162.43,2538.5,2350.47
Wheat,Maharashtra,Nashik,2021-08-08,2141.39,2513.81,2327.6
Wheat,Maharashtra,Nashik,2021-08-15,2294.14,2693.12,2493.63
Wheat,Maharashtra,Nashik,2021-08-22,2189.33,2570.08,2379.71
Wheat,Maharashtra,Nashik,2021-08-29,2247.6,2638.49,2443.05
Wheat,Maharashtra,Nashik,2021-09-05,2138.73,2510.68,2324.7
Wheat,Maharashtra,Nashik,2021-09-12,2225.45,2612.48,2418.97
Wheat,Maharashtra,Nashik,2021-09-19,2286.6,2684.27,2485.44
Wheat,Maharashtra,Nashik,2021-09-26,2163.29,2539.51,2351.4
Wheat,Maharashtra,Nashik,2021-10-03,2194.18,2575.78,2384.98
Wheat,Maharashtra,Nashik,2021-10-10,2172.61,2550.46,2361.53
Wheat,Maharashtra,Nashik,2021-10-17,2232.24,2620.46,2426.35
Wheat,Maharashtra,Nashik,2021-10-24,2225.81,2612.9,2419.36
Wheat,Maharashtra,Nashik,2021-10-31,2192.28,2573.55,2382.92
Wheat,Maharashtra,Nashik,2021-11-07,2086.75,2449.66,2268.2
Wheat,Maharashtra,Nashik,2021-11-14,2119.18,2487.74,2303.46
Wheat,Maharashtra,Nashik,2021-11-21,2221.22,2607.52,2414.37
Wheat,Maharashtra,Nashik,2021-11-28,2149.89,2523.79,2336.84
Wheat,Maharashtra,Nashik,2021-12-05,2117.1,2485.29,2301.2
Wheat,Maharashtra,Nashik,2021-12-12,2214.9,2600.1,2407.5
Wheat,Maharashtra,Nashik,2021-12-19,2091.25,2454.94,2273.1
Wheat,Maharashtra,Nashik,2021-12-26,2178.27,2557.1,2367.68
Wheat,Maharashtra,Nashik,2022-01-02,2160.16,2535.84,2348.0
Wheat,Maharashtra,Nashik,2022-01-09,2165.62,2542.25,2353.94
Wheat,Maharashtra,Nashik,2022-01-16,2157.95,2533.24,2345.59
Wheat,Maharashtra,Nashik,2022-01-23,2103.39,2469.19,2286.29
Wheat,Maharashtra,Nashik,2022-01-30,2125.63,2495.3,2310.47
Wheat,Maharashtra,Nashik,2022-02-06,2115.91,2483.89,2299.9
Wheat,Maharashtra,Nashik,2022-02-13,2221.12,2607.4,2414.26
Wheat,Maharashtra,Nashik,2022-02-20,2222.74,2609.31,2416.02
Wheat,Maharashtra,Nashik,2022-02-27,2330.84,2736.21,2533.53
Wheat,Maharashtra,Nashik,2022-03-06,2107.24,2473.72,2290.48
Wheat,Maharashtra,Nashik,2022-03-13,2218.29,2604.07,2411.18
Wheat,Maharashtra,Nashik,2022-03-20,2273.18,2668.51,2470.85
Wheat,Maharashtra,Nashik,2022-03-27,2200.36,2583.03,2391.69
Wheat,Maharashtra,Nashik,2022-04-03,2333.26,2739.05,2536.15
Wheat,Maharashtra,Nashik,2022-04-10,2286.11,2683.69,2484.9
Wheat,Maharashtra,Nashik,2022-04-17,2260.79,2653.97,2457.38
Wheat,Maharashtra,Nashik,2022-04-24,2255.97,2648.31,2452.14
Wheat,Maharashtra,Nashik,2022-05-01,2380.93,2795.0,2587.96
Wheat,Maharashtra,Nashik,2022-05-08,2383.13,2797.59,2590.36
Wheat,Maharashtra,Nashik,2022-05-15,2426.62,2848.64,2637.63
Wheat,Maharashtra,Nashik,2022-05-22,2405.3,2823.62,2614.46
Wheat,Maharashtra,Nashik,2022-05-29,2371.44,2783.86,2577.65
Wheat,Maharashtra,Nashik,2022-06-05,2431.78,2854.7,2643.24
Wheat,Maharashtra,Nashik,2022-06-12,2497.01,2931.27,2714.14
Wheat,Maharashtra,Nashik,2022-06-19,2462.93,2891.27,2677.1
Wheat,Maharashtra,Nashik,2022-06-26,2505.69,2941.46,2723.58
Wheat,Maharashtra,Nashik,2022-07-03,2533.77,2974.42,2754.1
Wheat,Maharashtra,Nashik,2022-07-10,2336.81,2743.21,2540.01
Wheat,Maharashtra,Nashik,2022-07-17,2384.66,2799.39,2592.03
Wheat,Maharashtra,Nashik,2022-07-24,2401.7,2819.39,2610.55
Wheat,Maharashtra,Nashik,2022-07-31,2318.47,2721.68,2520.08
Wheat,Maharashtra,Nashik,2022-08-07,2259.3,2652.22,2455.76
Wheat,Maharashtra,Nashik,2022-08-14,2423.79,2845.32,2634.56
Wheat,Maharashtra,Nashik,2022-08-21,2417.77,2838.25,2628.01
Wheat,Maharashtra,Nashik,2022-08-28,2371.42,2783.85,2577.64
Wheat,Maharashtra,Nashik,2022-09-04,2253.41,2645.31,2449.36
Wheat,Maharashtra,Nashik,2022-09-11,2404.4,2822.56,2613.48
Wheat,Maharashtra,Nashik,2022-09-18,2348.74,2757.21,2552.98
Wheat,Maharashtra,Nashik,2022-09-25,2226.93,2614.22,2420.57
Wheat,Maharashtra,Nashik,2022-10-02,2235.99,2624.86,2430.42
Wheat,Maharashtra,Nashik,2022-10-09,2242.08,2632.01,2437.05
Wheat,Maharashtra,Nashik,2022-10-16,2330.81,2736.17,2533.49
Wheat,Maharashtra,Nashik,2022-10-23,2316.26,2719.09,2517.68
Wheat,Maharashtra,Nashik,2022-10-30,2363.13,2774.11,2568.62
Wheat,Maharashtra,Nashik,2022-11-06,2199.79,2582.36,2391.08
Wheat,Maharashtra,Nashik,2022-11-13,2275.68,2671.45,2473.57
Wheat,Maharashtra,Nashik,2022-11-20,2306.67,2707.82,2507.25
Wheat,Maharashtra,Nashik,2022-11-27,2254.72,2646.84,2450.78
Wheat,Maharashtra,Nashik,2022-12-04,2272.7,2667.95,2470.33
Wheat,Maharashtra,Nashik,2022-12-11,2256.66,2649.12,2452.89
Wheat,Maharashtra,Nashik,2022-12-18,2342.15,2749.47,2545.81
Wheat,Maharashtra,Nashik,2022-12-25,2288.88,2686.95,2487.91
Wheat,Maharashtra,Nashik,2023-01-01,2400.65,2818.16,2609.41
Wheat,Maharashtra,Nashik,2023-01-08,2349.59,2758.21,2553.9
Wheat,Maharashtra,Nashik,2023-01-15,2514.06,2951.28,2732.67
Wheat,Maharashtra,Nashik,2023-01-22,2441.94,2866.63,2654.28
Wheat,Maharashtra,Nashik,2023-01-29,2423.43,2844.89,2634.16
Wheat,Maharashtra,Nashik,2023-02-05,2383.7,2798.26,2590.98
Wheat,Maharashtra,Nashik,2023-02-12,2339.8,2746.72,2543.26
Wheat,Maharashtra,Nashik,2023-02-19,2487.69,2920.33,2704.01
Wheat,Maharashtra,Nashik,2023-02-26,2535.16,2976.06,2755.61
Wheat,Maharashtra,Nashik,2023-03-05,2378.85,2792.57,2585.71
Wheat,Maharashtra,Nashik,2023-03-12,2535.44,2976.38,2755.91
Wheat,Maharashtra,Nashik,2023-03-19,2474.67,2905.05,2689.86
Wheat,Maharashtra,Nashik,2023-03-26,2519.84,2958.08,2738.96
Wheat,Maharashtra,Nashik,2023-04-02,2641.69,3101.12,2871.4
Wheat,Maharashtra,Nashik,2023-04-09,2504.2,2939.71,2721.96
Wheat,Maharashtra,Nashik,2023-04-16,2710.61,3182.03,2946.32
Wheat,Maharashtra,Nashik,2023-04-23,2639.45,3098.49,2868.97
Wheat,Maharashtra,Nashik,2023-04-30,2640.25,3099.42,2869.83
Wheat,Maharashtra,Nashik,2023-05-07,2642.61,3102.2,2872.41
Wheat,Maharashtra,Nashik,2023-05-14,2754.14,3233.12,2993.63
Wheat,Maharashtra,Nashik,2023-05-21,2670.33,3134.73,2902.53
Wheat,Maharashtra,Nashik,2023-05-28,2533.93,2974.61,2754.27
Wheat,Maharashtra,Nashik,2023-06-04,2672.69,3137.51,2905.1
Wheat,Maharashtra,Nashik,2023-06-11,2703.74,3173.95,2938.85
Wheat,Maharashtra,Nashik,2023-06-18,2818.63,3308.82,3063.72
Wheat,Maharashtra,Nashik,2023-06-25,2760.66,3240.78,3000.72
Wheat,Maharashtra,Nashik,2023-07-02,2786.22,3270.78,3028.5
Wheat,Maharashtra,Nashik,2023-07-09,2680.75,3146.97,2913.86
Wheat,Maharashtra,Nashik,2023-07-16,2746.82,3224.53,2985.68
Wheat,Maharashtra,Nashik,2023-07-23,2722.45,3195.92,2959.19
Wheat,Maharashtra,Nashik,2023-07-30,2827.41,3319.13,3073.27
Wheat,Maharashtra,Nashik,2023-08-06,2729.74,3204.48,2967.11
Wheat,Maharashtra,Nashik,2023-08-13,2871.19,3370.52,3120.86
Wheat,Maharashtra,Nashik,2023-08-20,2778.16,3261.31,3019.74
Wheat,Maharashtra,Nashik,2023-08-27,2785.31,3269.71,3027.51
Wheat,Maharashtra,Nashik,2023-09-03,2703.66,3173.86,2938.76
Wheat,Maharashtra,Nashik,2023-09-10,2712.02,3183.67,2947.84
Wheat,Maharashtra,Nashik,2023-09-17,2730.69,3205.59,2968.14
Wheat,Maharashtra,Nashik,2023-09-24,2735.98,3211.8,2973.89
Wheat,Maharashtra,Nashik,2023-10-01,2551.98,2995.8,2773.89
Wheat,Maharashtra,Nashik,2023-10-08,2711.04,3182.53,2946.78
Wheat,Maharashtra,Nashik,2023-10-15,2532.32,2972.72,2752.52
Wheat,Maharashtra,Nashik,2023-10-22,2737.75,3213.88,2975.81
Wheat,Maharashtra,Nashik,2023-10-29,2703.27,3173.4,2938.33
Wheat,Maharashtra,Nashik,2023-11-05,2644.61,3104.54,2874.58
Wheat,Maharashtra,Nashik,2023-11-12,2813.43,3302.72,3058.08
Wheat,Maharashtra,Nashik,2023-11-19,2706.94,3177.71,2942.32
Wheat,Maharashtra,Nashik,2023-11-26,2739.68,3216.15,2977.92
Wheat,Maharashtra,Nashik,2023-12-03,2683.97,3150.75,2917.36
Wheat,Maharashtra,Nashik,2023-12-10,2702.1,3172.03,2937.06
Wheat,Maharashtra,Nashik,2023-12-17,2773.05,3255.32,3014.19
Wheat,Maharashtra,Nashik,2023-12-24,2801.47,3288.69,3045.08
Wheat,Maharashtra,Nashik,2023-12-31,2671.63,3136.26,2903.94
Wheat,Maharashtra,Nashik,2024-01-07,2763.65,3244.29,3003.97
Wheat,Maharashtra,Nashik,2024-01-14,2792.97,3278.7,3035.84
Wheat,Maharashtra,Nashik,2024-01-21,2857.56,3354.53,3106.05
Wheat,Maharashtra,Nashik,2024-01-28,2869.07,3368.04,3118.56
Wheat,Maharashtra,Nashik,2024-02-04,2918.88,3426.51,3172.69
Wheat,Maharashtra,Nashik,2024-02-11,2945.43,3457.68,3201.56
Wheat,Maharashtra,Nashik,2024-02-18,2834.02,3326.89,3080.46
Wheat,Maharashtra,Nashik,2024-02-25,2962.02,3477.15,3219.58
Wheat,Maharashtra,Nashik,2024-03-03,3048.07,3578.16,3313.11
Wheat,Maharashtra,Nashik,2024-03-10,2969.42,3485.85,3227.64
Wheat,Maharashtra,Nashik,2024-03-17,2959.59,3474.3,3216.95
Wheat,Maharashtra,Nashik,2024-03-24,2851.24,3347.1,3099.17
Wheat,Maharashtra,Nashik,2024-03-31,2916.29,3423.48,3169.89
Wheat,Maharashtra,Nashik,2024-04-07,2887.91,3390.15,3139.03
Wheat,Maharashtra,Nashik,2024-04-14,2926.69,3435.67,3181.18
Wheat,Maharashtra,Nashik,2024-04-21,3098.25,3637.08,3367.66
Wheat,Maharashtra,Nashik,2024-04-28,3161.17,3710.94,3436.05
Wheat,Maharashtra,Nashik,2024-05-05,3091.56,3629.22,3360.39
Wheat,Maharashtra,Nashik,2024-05-12,3204.86,3762.23,3483.54
Wheat,Maharashtra,Nashik,2024-05-19,2940.53,3451.93,3196.23
Wheat,Maharashtra,Nashik,2024-05-26,3207.21,3764.99,3486.1
Wheat,Maharashtra,Nashik,2024-06-02,3169.04,3720.17,3444.61
Wheat,Maharashtra,Nashik,2024-06-09,3197.45,3753.53,3475.49
Wheat,Maharashtra,Nashik,2024-06-16,3176.53,3728.97,3452.75
Wheat,Maharashtra,Nashik,2024-06-23,3157.55,3706.69,3432.12
Wheat,Maharashtra,Nashik,2024-06-30,3130.58,3675.02,3402.8
Wheat,Maharashtra,Nashik,2024-07-07,3129.3,3673.52,3401.41
Wheat,Maharashtra,Nashik,2024-07-14,3050.25,3580.73,3315.49
Wheat,Maharashtra,Nashik,2024-07-21,3205.06,3762.46,3483.76
Wheat,Maharashtra,Nashik,2024-07-28,3041.9,3570.93,3306.42
Wheat,Maharashtra,Nashik,2024-08-04,3157.87,3707.07,3432.47
Wheat,Maharashtra,Nashik,2024-08-11,3069.21,3602.99,3336.1
Wheat,Maharashtra,Nashik,2024-08-18,3034.07,3561.74,3297.91
Wheat,Maharashtra,Nashik,2024-08-25,3013.79,3537.93,3275.86
Wheat,Maharashtra,Nashik,2024-09-01,3052.74,3583.65,3318.2
Wheat,Maharashtra,Nashik,2024-09-08,3031.05,3558.19,3294.62
Wheat,Maharashtra,Nashik,2024-09-15,3037.5,3565.76,3301.63
Wheat,Maharashtra,Nashik,2024-09-22,3090.86,3628.4,3359.63
Wheat,Maharashtra,Nashik,2024-09-29,2984.24,3503.23,3243.74
Wheat,Maharashtra,Nashik,2024-10-06,2976.53,3494.18,3235.36
Wheat,Maharashtra,Nashik,2024-10-13,2946.89,3459.4,3203.14
Wheat,Maharashtra,Nashik,2024-10-20,2891.39,3394.24,3142.81
Wheat,Maharashtra,Nashik,2024-10-27,3012.32,3536.21,3274.27
Wheat,Maharashtra,Nashik,2024-11-03,2772.36,3254.51,3013.43
Wheat,Maharashtra,Nashik,2024-11-10,2855.69,3352.33,3104.01
Wheat,Maharashtra,Nashik,2024-11-17,2871.74,3371.17,3121.45
Wheat,Maharashtra,Nashik,2024-11-24,2800.65,3287.71,3044.18
Wheat,Maharashtra,Nashik,2024-12-01,2848.23,3343.57,3095.9
Wheat,Maharashtra,Nashik,2024-12-08,2715.16,3187.36,2951.26
Wheat,Maharashtra,Nashik,2024-12-15,2733.01,3208.32,2970.67
Wheat,Maharashtra,Nashik,2024-12-22,2696.63,3165.61,2931.12
Wheat,Maharashtra,Nashik,2024-12-29,2696.39,3165.32,2930.85
Wheat,Maharashtra,Nashik,2025-01-05,2919.56,3427.31,3173.44
Wheat,Maharashtra,Nashik,2025-01-12,2692.01,3160.19,2926.1
Wheat,Maharashtra,Nashik,2025-01-19,2930.22,3439.82,3185.02
Wheat,Maharashtra,Nashik,2025-01-26,2858.46,3355.59,3107.03
Wheat,Maharashtra,Nashik,2025-02-02,2774.37,3256.87,3015.62
Wheat,Maharashtra,Nashik,2025-02-09,2917.23,3424.57,3170.9
Wheat,Maharashtra,Nashik,2025-02-16,2799.08,3285.88,3042.48
Wheat,Maharashtra,Nashik,2025-02-23,2739.23,3215.62,2977.43
Wheat,Maharashtra,Nashik,2025-03-02,2765.22,3246.12,3005.67
Wheat,Maharashtra,Nashik,2025-03-09,2793.4,3279.21,3036.31
Wheat,Maharashtra,Nashik,2025-03-16,2749.94,3228.19,2989.06
Wheat,Maharashtra,Nashik,2025-03-23,2901.05,3405.58,3153.32
Wheat,Maharashtra,Nashik,2025-03-30,2836.84,3330.2,3083.52
Wheat,Maharashtra,Nashik,2025-04-06,2832.04,3324.56,3078.3
Wheat,Maharashtra,Nashik,2025-04-13,2961.4,3476.42,3218.91
Wheat,Maharashtra,Nashik,2025-04-20,2919.72,3427.5,3173.61
Wheat,Maharashtra,Nashik,2025-04-27,2937.9,3448.83,3193.37
Wheat,Maharashtra,Nashik,2025-05-04,2956.19,3470.31,3213.25
Wheat,Maharashtra,Nashik,2025-05-11,2929.34,3438.79,3184.06
Wheat,Maharashtra,Nashik,2025-05-18,2958.27,3472.75,3215.51
Wheat,Maharashtra,Nashik,2025-05-25,3074.81,3609.56,3342.19
Wheat,Maharashtra,Nashik,2025-06-01,3107.13,3647.5,3377.32
Wheat,Maharashtra,Nashik,2025-06-08,3031.04,3558.17,3294.61
Wheat,Maharashtra,Nashik,2025-06-15,3080.95,3616.77,3348.86
Wheat,Maharashtra,Nashik,2025-06-22,3138.48,3684.3,3411.39
Wheat,Maharashtra,Nashik,2025-06-29,3099.32,3638.34,3368.83
Wheat,Maharashtra,Nashik,2025-07-06,3129.76,3674.06,3401.91
Wheat,Maharashtra,Nashik,2025-07-13,3210.01,3768.27,3489.14
Wheat,Maharashtra,Nashik,2025-07-20,3056.76,3588.38,3322.57
Wheat,Maharashtra,Nashik,2025-07-27,3134.99,3680.21,3407.6
Wheat,Maharashtra,Nashik,2025-08-03,2934.84,3445.24,3190.04
Wheat,Maharashtra,Nashik,2025-08-10,3224.01,3784.71,3504.36
Wheat,Maharashtra,Nashik,2025-08-17,3123.44,3666.65,3395.05
Wheat,Maharashtra,Nashik,2025-08-24,3068.01,3601.58,3334.8
Wheat,Maharashtra,Nashik,2025-08-31,3073.14,3607.59,3340.36
Wheat,Maharashtra,Nashik,2025-09-07,3064.65,3597.64,3331.15
Wheat,Maharashtra,Nashik,2025-09-14,3093.19,3631.13,3362.16
Wheat,Maharashtra,Nashik,2025-09-21,2983.87,3502.81,3243.34
Wheat,Maharashtra,Nashik,2025-09-28,2984.98,3504.11,3244.55
Wheat,Maharashtra,Nashik,2025-10-05,2970.5,3487.1,3228.8
Wheat,Maharashtra,Nashik,2025-10-12,3019.65,3544.81,3282.23
Wheat,Maharashtra,Nashik,2025-10-19,3040.03,3568.73,3304.38
Wheat,Maharashtra,Nashik,2025-10-26,3049.57,3579.93,3314.75
Wheat,Maharashtra,Nashik,2025-11-02,2867.23,3365.88,3116.56
Wheat,Maharashtra,Nashik,2025-11-09,2908.95,3414.86,3161.9
Wheat,Maharashtra,Nashik,2025-11-16,2905.03,3410.25,3157.64
Wheat,Maharashtra,Nashik,2025-11-23,2949.58,3462.55,3206.06
Wheat,Maharashtra,Nashik,2025-11-30,2945.67,3457.96,3201.82
Wheat,Maharashtra,Nashik,2025-12-07,2746.84,3224.55,2985.7
Wheat,Maharashtra,Nashik,2025-12-14,2840.93,3335.01,3087.97
Wheat,Maharashtra,Nashik,2025-12-21,2864.07,3362.17,3113.12
Wheat,Maharashtra,Nashik,2025-12-28,2929.53,3439.02,3184.28
Wheat,Maharashtra,Nashik,2026-01-04,3004.63,3527.18,3265.9
Wheat,Maharashtra,Nashik,2026-01-11,2896.35,3400.07,3148.21
Wheat,Maharashtra,Nashik,2026-01-18,2887.28,3389.42,3138.35
Wheat,Maharashtra,Nashik,2026-01-25,2908.92,3414.82,3161.87
Wheat,Maharashtra,Nashik,2026-02-01,2920.18,3428.03,3174.1
Wheat,Maharashtra,Nashik,2026-02-08,3000.25,3522.03,3261.14
Wheat,Maharashtra,Nashik,2026-02-15,2855.08,3351.62,3103.35
Wheat,Maharashtra,Nashik,2026-02-22,2955.46,3469.45,3212.45
Wheat,Maharashtra,Nashik,2026-03-01,2910.69,3416.9,3163.79
Wheat,Maharashtra,Nashik,2026-03-08,2793.61,3279.45,3036.53
Wheat,Maharashtra,Nashik,2026-03-15,2958.98,3473.59,3216.28
Wheat,Maharashtra,Nashik,2026-03-22,2745.06,3222.46,2983.76
Wheat,Maharashtra,Nashik,2026-03-29,2916.22,3423.39,3169.81
Wheat,Maharashtra,Nashik,2026-04-05,2945.63,3457.91,3201.77
Wheat,Maharashtra,Nashik,2026-04-12,2969.39,3485.81,3227.6
Wheat,Maharashtra,Nashik,2026-04-19,2877.31,3377.71,3127.51
Wheat,Maharashtra,Nashik,2026-04-26,2948.56,3461.36,3204.96
Wheat,Maharashtra,Nashik,2026-05-03,2970.02,3486.55,3228.29
Wheat,Maharashtra,Nashik,2026-05-10,2964.89,3480.53,3222.71
Wheat,Maharashtra,Nashik,2026-05-17,3119.4,3661.91,3390.65
Wheat,Maharashtra,Nashik,2026-05-24,2892.5,3395.55,3144.02
Wheat,Maharashtra,Nashik,2026-05-31,3004.57,3527.1,3265.83
Wheat,Maharashtra,Nashik,2026-06-07,3118.74,3661.13,3389.94
Wheat,Maharashtra,Nashik,2026-06-14,3155.44,3704.22,3429.83
Wheat,Maharashtra,Nashik,2026-06-21,3027.29,3553.78,3290.53
Wheat,Maharashtra,Nashik,2026-06-28,3059.44,3591.51,3325.47
Wheat,Maharashtra,Nashik,2026-07-05,3146.39,3693.59,3419.99
Wheat,Maharashtra,Nashik,2026-07-12,3246.75,3811.4,3529.07
Wheat,Maharashtra,Nashik,2026-07-19,3106.77,3647.08,3376.92
Wheat,Maharashtra,Nashik,2026-07-26,3119.74,3662.31,3391.03
Wheat,Maharashtra,Nashik,2026-08-02,3187.37,3741.7,3464.54
Wheat,Maharashtra,Nashik,2026-08-09,3183.64,3737.32,3460.48
Wheat,Maharashtra,Nashik,2026-08-16,3088.89,3626.09,3357.49
Wheat,Maharashtra,Nashik,2026-08-23,3129.87,3674.19,3402.03
Wheat,Maharashtra,Nashik,2026-08-30,3183.27,3736.88,3460.08
Wheat,Uttar Pradesh,Lucknow,2020-01-05,1716.25,2014.72,1865.48
Wheat,Uttar Pradesh,Lucknow,2020-01-12,1798.4,2111.16,1954.78
Wheat,Uttar Pradesh,Lucknow,2020-01-19,1835.66,2154.9,1995.28
Wheat,Uttar Pradesh,Lucknow,2020-01-26,1702.72,1998.84,1850.78
Wheat,Uttar Pradesh,Lucknow,2020-02-02,1700.64,1996.4,1848.52
Wheat,Uttar Pradesh,Lucknow,2020-02-09,1842.89,2163.39,2003.14
Wheat,Uttar Pradesh,Lucknow,2020-02-16,1760.25,2066.37,1913.31
Wheat,Uttar Pradesh,Lucknow,2020-02-23,1893.67,2223.0,2058.34
Wheat,Uttar Pradesh,Lucknow,2020-03-01,1884.55,2212.29,2048.42
Wheat,Uttar Pradesh,Lucknow,2020-03-08,1854.77,2177.34,2016.06
Wheat,Uttar Pradesh,Lucknow,2020-03-15,1830.33,2148.65,1989.49
Wheat,Uttar Pradesh,Lucknow,2020-03-22,1754.47,2059.6,1907.03
Wheat,Uttar Pradesh,Lucknow,2020-03-29,1682.34,1974.92,1828.63
Wheat,Uttar Pradesh,Lucknow,2020-04-05,1889.14,2217.69,2053.41
Wheat,Uttar Pradesh,Lucknow,2020-04-12,1851.23,2173.19,2012.21
Wheat,Uttar Pradesh,Lucknow,2020-04-19,1865.2,2189.58,2027.39
Wheat,Uttar Pradesh,Lucknow,2020-04-26,1906.21,2237.73,2071.97
Wheat,Uttar Pradesh,Lucknow,2020-05-03,1941.46,2279.1,2110.28
Wheat,Uttar Pradesh,Lucknow,2020-05-10,1891.17,2220.06,2055.62
Wheat,Uttar Pradesh,Lucknow,2020-05-17,1954.18,2294.03,2124.1
Wheat,Uttar Pradesh,Lucknow,2020-05-24,2023.46,2375.37,2199.42
Wheat,Uttar Pradesh,Lucknow,2020-05-31,1990.48,2336.65,2163.56
Wheat,Uttar Pradesh,Lucknow,2020-06-07,2018.24,2369.24,2193.74
Wheat,Uttar Pradesh,Lucknow,2020-06-14,2009.46,2358.94,2184.2
Wheat,Uttar Pradesh,Lucknow,2020-06-21,2064.57,2423.63,2244.1
Wheat,Uttar Pradesh,Lucknow,2020-06-28,1939.45,2276.74,2108.1
Wheat,Uttar Pradesh,Lucknow,2020-07-05,2101.47,2466.95,2284.21
Wheat,Uttar Pradesh,Lucknow,2020-07-12,2164.74,2541.21,2352.98
Wheat,Uttar Pradesh,Lucknow,2020-07-19,2069.61,2429.54,2249.57
Wheat,Uttar Pradesh,Lucknow,2020-07-26,2135.7,2507.13,2321.41
Wheat,Uttar Pradesh,Lucknow,2020-08-02,2140.0,2512.17,2326.09
Wheat,Uttar Pradesh,Lucknow,2020-08-09,2103.03,2468.77,2285.9
Wheat,Uttar Pradesh,Lucknow,2020-08-16,2068.25,2427.94,2248.09
Wheat,Uttar Pradesh,Lucknow,2020-08-23,2028.26,2381.0,2204.63
Wheat,Uttar Pradesh,Lucknow,2020-08-30,2082.32,2444.46,2263.39
Wheat,Uttar Pradesh,Lucknow,2020-09-06,1977.19,2321.05,2149.12
Wheat,Uttar Pradesh,Lucknow,2020-09-13,2163.17,2539.37,2351.27
Wheat,Uttar Pradesh,Lucknow,2020-09-20,1998.55,2346.13,2172.34
Wheat,Uttar Pradesh,Lucknow,2020-09-27,2159.36,2534.91,2347.14
Wheat,Uttar Pradesh,Lucknow,2020-10-04,1908.44,2240.35,2074.39
Wheat,Uttar Pradesh,Lucknow,2020-10-11,1917.53,2251.02,2084.28
Wheat,Uttar Pradesh,Lucknow,2020-10-18,1825.3,2142.75,1984.03
Wheat,Uttar Pradesh,Lucknow,2020-10-25,1983.76,2328.76,2156.26
Wheat,Uttar Pradesh,Lucknow,2020-11-01,1951.72,2291.15,2121.44
Wheat,Uttar Pradesh,Lucknow,2020-11-08,1848.27,2169.71,2008.99
Wheat,Uttar Pradesh,Lucknow,2020-11-15,1880.32,2207.34,2043.83
Wheat,Uttar Pradesh,Lucknow,2020-11-22,1867.67,2192.48,2030.07
Wheat,Uttar Pradesh,Lucknow,2020-11-29,1940.78,2278.3,2109.54
Wheat,Uttar Pradesh,Lucknow,2020-12-06,1868.77,2193.77,2031.27
Wheat,Uttar Pradesh,Lucknow,2020-12-13,2059.0,2417.09,2238.05
Wheat,Uttar Pradesh,Lucknow,2020-12-20,2032.23,2385.66,2208.95
Wheat,Uttar Pradesh,Lucknow,2020-12-27,2013.04,2363.14,2188.09
Wheat,Uttar Pradesh,Lucknow,2021-01-03,2104.81,2470.86,2287.83
Wheat,Uttar Pradesh,Lucknow,2021-01-10,2006.02,2354.9,2180.46
Wheat,Uttar Pradesh,Lucknow,2021-01-17,2104.12,2470.06,2287.09
Wheat,Uttar Pradesh,Lucknow,2021-01-24,2060.82,2419.22,2240.02
Wheat,Uttar Pradesh,Lucknow,2021-01-31,1950.52,2289.74,2120.13
Wheat,Uttar Pradesh,Lucknow,2021-02-07,1999.24,2346.93,2173.08
Wheat,Uttar Pradesh,Lucknow,2021-02-14,1933.28,2269.51,2101.4
Wheat,Uttar Pradesh,Lucknow,2021-02-21,2054.67,2412.01,2233.34
Wheat,Uttar Pradesh,Lucknow,2021-02-28,1988.19,2333.96,2161.08
Wheat,Uttar Pradesh,Lucknow,2021-03-07,2113.6,2481.18,2297.39
Wheat,Uttar Pradesh,Lucknow,2021-03-14,2100.14,2465.38,2282.76
Wheat,Uttar Pradesh,Lucknow,2021-03-21,2022.81,2374.6,2198.71
Wheat,Uttar Pradesh,Lucknow,2021-03-28,2138.78,2510.75,2324.77
Wheat,Uttar Pradesh,Lucknow,2021-04-04,2089.6,2453.01,2271.31
Wheat,Uttar Pradesh,Lucknow,2021-04-11,2198.14,2580.43,2389.29
Wheat,Uttar Pradesh,Lucknow,2021-04-18,2127.11,2497.04,2312.07
Wheat,Uttar Pradesh,Lucknow,2021-04-25,2123.74,2493.09,2308.42
Wheat,Uttar Pradesh,Lucknow,2021-05-02,2222.26,2608.74,2415.5
Wheat,Uttar Pradesh,Lucknow,2021-05-09,2278.79,2675.11,2476.95
Wheat,Uttar Pradesh,Lucknow,2021-05-16,2170.98,2548.54,2359.76
Wheat,Uttar Pradesh,Lucknow,2021-05-23,2154.88,2529.65,2342.27
Wheat,Uttar Pradesh,Lucknow,2021-05-30,2115.79,2483.75,2299.77
Wheat,Uttar Pradesh,Lucknow,2021-06-06,2239.72,2629.23,2434.47
Wheat,Uttar Pradesh,Lucknow,2021-06-13,2132.27,2503.1,2317.69
Wheat,Uttar Pradesh,Lucknow,2021-06-20,2171.31,2548.93,2360.12
Wheat,Uttar Pradesh,Lucknow,2021-06-27,2219.95,2606.03,2412.99
Wheat,Uttar Pradesh,Lucknow,2021-07-04,2159.09,2534.58,2346.83
Wheat,Uttar Pradesh,Lucknow,2021-07-11,2206.32,2590.02,2398.17
Wheat,Uttar Pradesh,Lucknow,2021-07-18,2148.4,2522.04,2335.22
Wheat,Uttar Pradesh,Lucknow,2021-07-25,2294.12,2693.09,2493.61
Wheat,Uttar Pradesh,Lucknow,2021-08-01,2169.98,2547.37,2358.67
Wheat,Uttar Pradesh,Lucknow,2021-08-08,2104.01,2469.92,2286.96
Wheat,Uttar Pradesh,Lucknow,2021-08-15,2078.23,2439.66,2258.95
Wheat,Uttar Pradesh,Lucknow,2021-08-22,2150.37,2524.35,2337.36
Wheat,Uttar Pradesh,Lucknow,2021-08-29,2163.74,2540.04,2351.89
Wheat,Uttar Pradesh,Lucknow,2021-09-05,2068.68,2428.45,2248.57
Wheat,Uttar Pradesh,Lucknow,2021-09-12,2065.66,2424.91,2245.28
Wheat,Uttar Pradesh,Lucknow,2021-09-19,2135.68,2507.1,2321.39
Wheat,Uttar Pradesh,Lucknow,2021-09-26,2223.59,2610.3,2416.94
Wheat,Uttar Pradesh,Lucknow,2021-10-03,2030.54,2383.68,2207.11
Wheat,Uttar Pradesh,Lucknow,2021-10-10,1975.55,2319.12,2147.34
Wheat,Uttar Pradesh,Lucknow,2021-10-17,1954.02,2293.85,2123.93
Wheat,Uttar Pradesh,Lucknow,2021-10-24,1971.15,2313.96,2142.55
Wheat,Uttar Pradesh,Lucknow,2021-10-31,2178.69,2557.59,2368.14
Wheat,Uttar Pradesh,Lucknow,2021-11-07,1951.85,2291.3,2121.57
Wheat,Uttar Pradesh,Lucknow,2021-11-14,2059.51,2417.68,2238.59
Wheat,Uttar Pradesh,Lucknow,2021-11-21,1897.67,2227.7,2062.68
Wheat,Uttar Pradesh,Lucknow,2021-11-28,1921.42,2255.58,2088.5
Wheat,Uttar Pradesh,Lucknow,2021-12-05,1988.31,2334.1,2161.2
Wheat,Uttar Pradesh,Lucknow,2021-12-12,1835.69,2154.94,1995.32
Wheat,Uttar Pradesh,Lucknow,2021-12-19,1890.03,2218.73,2054.38
Wheat,Uttar Pradesh,Lucknow,2021-12-26,1914.47,2247.42,2080.94
Wheat,Uttar Pradesh,Lucknow,2022-01-02,1958.11,2298.65,2128.38
Wheat,Uttar Pradesh,Lucknow,2022-01-09,1986.82,2332.35,2159.59
Wheat,Uttar Pradesh,Lucknow,2022-01-16,1906.33,2237.86,2072.09
Wheat,Uttar Pradesh,Lucknow,2022-01-23,1911.83,2244.32,2078.08
Wheat,Uttar Pradesh,Lucknow,2022-01-30,1937.91,2274.94,2106.43
Wheat,Uttar Pradesh,Lucknow,2022-02-06,1975.12,2318.62,2146.87
Wheat,Uttar Pradesh,Lucknow,2022-02-13,1947.91,2286.68,2117.29
Wheat,Uttar Pradesh,Lucknow,2022-02-20,1904.06,2235.2,2069.63
Wheat,Uttar Pradesh,Lucknow,2022-02-27,2003.77,2352.25,2178.01
Wheat,Uttar Pradesh,Lucknow,2022-03-06,1982.71,2327.53,2155.12
Wheat,Uttar Pradesh,Lucknow,2022-03-13,2032.64,2386.14,2209.39
Wheat,Uttar Pradesh,Lucknow,2022-03-20,1991.31,2337.62,2164.46
Wheat,Uttar Pradesh,Lucknow,2022-03-27,2004.64,2353.27,2178.95
Wheat,Uttar Pradesh,Lucknow,2022-04-03,2151.15,2525.26,2338.21
Wheat,Uttar Pradesh,Lucknow,2022-04-10,2122.29,2491.39,2306.84
Wheat,Uttar Pradesh,Lucknow,2022-04-17,2092.0,2455.82,2273.91
Wheat,Uttar Pradesh,Lucknow,2022-04-24,2088.58,2451.82,2270.2
Wheat,Uttar Pradesh,Lucknow,2022-05-01,2208.19,2592.22,2400.21
Wheat,Uttar Pradesh,Lucknow,2022-05-08,2157.55,2532.78,2345.16
Wheat,Uttar Pradesh,Lucknow,2022-05-15,2208.04,2592.05,2400.04
Wheat,Uttar Pradesh,Lucknow,2022-05-22,2137.42,2509.14,2323.28
Wheat,Uttar Pradesh,Lucknow,2022-05-29,2220.36,2606.51,2413.44
Wheat,Uttar Pradesh,Lucknow,2022-06-05,2150.41,2524.39,2337.4
Wheat,Uttar Pradesh,Lucknow,2022-06-12,2220.0,2606.09,2413.04
Wheat,Uttar Pradesh,Lucknow,2022-06-19,2225.77,2612.86,2419.32
Wheat,Uttar Pradesh,Lucknow,2022-06-26,2220.97,2607.23,2414.1
Wheat,Uttar Pradesh,Lucknow,2022-07-03,2241.2,2630.97,2436.09
Wheat,Uttar Pradesh,Lucknow,2022-07-10,2351.83,2760.85,2556.34
Wheat,Uttar Pradesh,Lucknow,2022-07-17,2227.7,2615.13,2421.42
Wheat,Uttar Pradesh,Lucknow,2022-07-24,2227.59,2615.0,2421.29
Wheat,Uttar Pradesh,Lucknow,2022-07-31,2290.06,2688.33,2489.19
Wheat,Uttar Pradesh,Lucknow,2022-08-07,2279.51,2675.95,2477.73
Wheat,Uttar Pradesh,Lucknow,2022-08-14,2266.7,2660.91,2463.81
Wheat,Uttar Pradesh,Lucknow,2022-08-21,2302.47,2702.89,2502.68
Wheat,Uttar Pradesh,Lucknow,2022-08-28,2156.91,2532.03,2344.47
Wheat,Uttar Pradesh,Lucknow,2022-09-04,2301.41,2701.65,2501.53
Wheat,Uttar Pradesh,Lucknow,2022-09-11,2084.43,2446.94,2265.69
Wheat,Uttar Pradesh,Lucknow,2022-09-18,2271.65,2666.72,2469.18
Wheat,Uttar Pradesh,Lucknow,2022-09-25,2170.32,2547.76,2359.04
Wheat,Uttar Pradesh,Lucknow,2022-10-02,2117.08,2485.27,2301.17
Wheat,Uttar Pradesh,Lucknow,2022-10-09,2006.7,2355.69,2181.2
Wheat,Uttar Pradesh,Lucknow,2022-10-16,2220.18,2606.3,2413.24
Wheat,Uttar Pradesh,Lucknow,2022-10-23,2191.72,2572.89,2382.31
Wheat,Uttar Pradesh,Lucknow,2022-10-30,2188.71,2569.35,2379.03
Wheat,Uttar Pradesh,Lucknow,2022-11-06,2054.24,2411.5,2232.87
Wheat,Uttar Pradesh,Lucknow,2022-11-13,2004.82,2353.48,2179.15
Wheat,Uttar Pradesh,Lucknow,2022-11-20,2006.47,2355.42,2180.94
Wheat,Uttar Pradesh,Lucknow,2022-11-27,2099.06,2464.12,2281.59
Wheat,Uttar Pradesh,Lucknow,2022-12-04,2054.66,2411.99,2233.32
Wheat,Uttar Pradesh,Lucknow,2022-12-11,2093.99,2458.16,2276.07
Wheat,Uttar Pradesh,Lucknow,2022-12-18,2004.88,2353.56,2179.22
Wheat,Uttar Pradesh,Lucknow,2022-12-25,1936.02,2272.72,2104.37
Wheat,Uttar Pradesh,Lucknow,2023-01-01,2132.16,2502.97,2317.56
Wheat,Uttar Pradesh,Lucknow,2023-01-08,2120.21,2488.94,2304.57
Wheat,Uttar Pradesh,Lucknow,2023-01-15,2114.01,2481.66,2297.84
Wheat,Uttar Pradesh,Lucknow,2023-01-22,2066.03,2425.34,2245.69
Wheat,Uttar Pradesh,Lucknow,2023-01-29,1887.6,2215.88,2051.74
Wheat,Uttar Pradesh,Lucknow,2023-02-05,2113.74,2481.35,2297.55
Wheat,Uttar Pradesh,Lucknow,2023-02-12,2047.67,2403.78,2225.73
Wheat,Uttar Pradesh,Lucknow,2023-02-19,1990.87,2337.11,2163.99
Wheat,Uttar Pradesh,Lucknow,2023-02-26,2069.67,2429.61,2249.64
Wheat,Uttar Pradesh,Lucknow,2023-03-05,2132.22,2503.04,2317.63
Wheat,Uttar Pradesh,Lucknow,2023-03-12,2109.46,2476.33,2292.9
Wheat,Uttar Pradesh,Lucknow,2023-03-19,2074.42,2435.19,2254.8
Wheat,Uttar Pradesh,Lucknow,2023-03-26,2094.95,2459.29,2277.12
Wheat,Uttar Pradesh,Lucknow,2023-04-02,2154.39,2529.07,2341.73
Wheat,Uttar Pradesh,Lucknow,2023-04-09,2182.59,2562.17,2372.38
Wheat,Uttar Pradesh,Lucknow,2023-04-16,2124.68,2494.19,2309.44
Wheat,Uttar Pradesh,Lucknow,2023-04-23,2160.72,2536.5,2348.61
Wheat,Uttar Pradesh,Lucknow,2023-04-30,2080.08,2441.83,2260.95
Wheat,Uttar Pradesh,Lucknow,2023-05-07,2263.94,2657.66,2460.8
Wheat,Uttar Pradesh,Lucknow,2023-05-14,2238.8,2628.16,2433.48
Wheat,Uttar Pradesh,Lucknow,2023-05-21,2199.73,2582.29,2391.01
Wheat,Uttar Pradesh,Lucknow,2023-05-28,2212.31,2597.06,2404.68
Wheat,Uttar Pradesh,Lucknow,2023-06-04,2280.0,2676.53,2478.27
Wheat,Uttar Pradesh,Lucknow,2023-06-11,2354.79,2764.32,2559.56
Wheat,Uttar Pradesh,Lucknow,2023-06-18,2327.95,2732.81,2530.38
Wheat,Uttar Pradesh,Lucknow,2023-06-25,2464.06,2892.59,2678.33
Wheat,Uttar Pradesh,Lucknow,2023-07-02,2244.62,2634.99,2439.8
Wheat,Uttar Pradesh,Lucknow,2023-07-09,2291.87,2690.46,2491.16
Wheat,Uttar Pradesh,Lucknow,2023-07-16,2343.35,2750.88,2547.11
Wheat,Uttar Pradesh,Lucknow,2023-07-23,2300.14,2700.17,2500.16
Wheat,Uttar Pradesh,Lucknow,2023-07-30,2496.22,2930.34,2713.28
Wheat,Uttar Pradesh,Lucknow,2023-08-06,2400.55,2818.04,2609.3
Wheat,Uttar Pradesh,Lucknow,2023-08-13,2337.26,2743.74,2540.5
Wheat,Uttar Pradesh,Lucknow,2023-08-20,2184.86,2564.84,2374.85
Wheat,Uttar Pradesh,Lucknow,2023-08-27,2347.19,2755.39,2551.29
Wheat,Uttar Pradesh,Lucknow,2023-09-03,2352.02,2761.07,2556.55
Wheat,Uttar Pradesh,Lucknow,2023-09-10,2363.14,2774.13,2568.64
Wheat,Uttar Pradesh,Lucknow,2023-09-17,2343.53,2751.1,2547.31
Wheat,Uttar Pradesh,Lucknow,2023-09-24,2212.66,2597.47,2405.07
Wheat,Uttar Pradesh,Lucknow,2023-10-01,2148.14,2521.73,2334.94
Wheat,Uttar Pradesh,Lucknow,2023-10-08,2206.64,2590.41,2398.52
Wheat,Uttar Pradesh,Lucknow,2023-10-15,2225.0,2611.96,2418.48
Wheat,Uttar Pradesh,Lucknow,2023-10-22,2262.33,2655.78,2459.06
Wheat,Uttar Pradesh,Lucknow,2023-10-29,2246.6,2637.31,2441.96
Wheat,Uttar Pradesh,Lucknow,2023-11-05,2387.23,2802.4,2594.82
Wheat,Uttar Pradesh,Lucknow,2023-11-12,2217.33,2602.95,2410.14
Wheat,Uttar Pradesh,Lucknow,2023-11-19,2202.3,2585.3,2393.8
Wheat,Uttar Pradesh,Lucknow,2023-11-26,2214.27,2599.36,2406.81
Wheat,Uttar Pradesh,Lucknow,2023-12-03,2018.04,2369.0,2193.52
Wheat,Uttar Pradesh,Lucknow,2023-12-10,2214.33,2599.43,2406.88
Wheat,Uttar Pradesh,Lucknow,2023-12-17,2102.08,2467.65,2284.86
Wheat,Uttar Pradesh,Lucknow,2023-12-24,2003.81,2352.29,2178.05
Wheat,Uttar Pradesh,Lucknow,2023-12-31,2120.75,2489.57,2305.16
Wheat,Uttar Pradesh,Lucknow,2024-01-07,2301.28,2701.51,2501.4
Wheat,Uttar Pradesh,Lucknow,2024-01-14,2192.15,2573.39,2382.77
Wheat,Uttar Pradesh,Lucknow,2024-01-21,2190.39,2571.33,2380.86
Wheat,Uttar Pradesh,Lucknow,2024-01-28,2235.64,2624.44,2430.04
Wheat,Uttar Pradesh,Lucknow,2024-02-04,2084.01,2446.44,2265.23
Wheat,Uttar Pradesh,Lucknow,2024-02-11,2183.33,2563.05,2373.19
Wheat,Uttar Pradesh,Lucknow,2024-02-18,2199.87,2582.46,2391.17
Wheat,Uttar Pradesh,Lucknow,2024-02-25,2228.79,2616.4,2422.6
Wheat,Uttar Pradesh,Lucknow,2024-03-03,2382.12,2796.4,2589.26
Wheat,Uttar Pradesh,Lucknow,2024-03-10,2228.0,2615.47,2421.74
Wheat,Uttar Pradesh,Lucknow,2024-03-17,2383.13,2797.59,2590.36
Wheat,Uttar Pradesh,Lucknow,2024-03-24,2382.65,2797.03,2589.84
Wheat,Uttar Pradesh,Lucknow,2024-03-31,2299.84,2699.81,2499.83
Wheat,Uttar Pradesh,Lucknow,2024-04-07,2343.95,2751.59,2547.77
Wheat,Uttar Pradesh,Lucknow,2024-04-14,2402.44,2820.26,2611.35
Wheat,Uttar Pradesh,Lucknow,2024-04-21,2440.73,2865.2,2652.96
Wheat,Uttar Pradesh,Lucknow,2024-04-28,2489.99,2923.03,2706.51
Wheat,Uttar Pradesh,Lucknow,2024-05-05,2540.75,2982.62,2761.68
Wheat,Uttar Pradesh,Lucknow,2024-05-12,2477.66,2908.56,2693.11
Wheat,Uttar Pradesh,Lucknow,2024-05-19,2439.27,2863.49,2651.38
Wheat,Uttar Pradesh,Lucknow,2024-05-26,2587.93,3038.0,2812.97
Wheat,Uttar Pradesh,Lucknow,2024-06-02,2590.69,3041.25,2815.97
Wheat,Uttar Pradesh,Lucknow,2024-06-09,2485.79,2918.1,2701.95
Wheat,Uttar Pradesh,Lucknow,2024-06-16,2565.56,3011.74,2788.65
Wheat,Uttar Pradesh,Lucknow,2024-06-23,2570.66,3017.73,2794.2
Wheat,Uttar Pradesh,Lucknow,2024-06-30,2595.34,3046.7,2821.02
Wheat,Uttar Pradesh,Lucknow,2024-07-07,2445.48,2870.79,2658.14
Wheat,Uttar Pradesh,Lucknow,2024-07-14,2475.54,2906.07,2690.8
Wheat,Uttar Pradesh,Lucknow,2024-07-21,2492.77,2926.29,2709.53
Wheat,Uttar Pradesh,Lucknow,2024-07-28,2550.5,2994.07,2772.28
Wheat,Uttar Pradesh,Lucknow,2024-08-04,2412.26,2831.78,2622.02
Wheat,Uttar Pradesh,Lucknow,2024-08-11,2403.97,2822.05,2613.01
Wheat,Uttar Pradesh,Lucknow,2024-08-18,2523.42,2962.27,2742.84
Wheat,Uttar Pradesh,Lucknow,2024-08-25,2452.55,2879.07,2665.81
Wheat,Uttar Pradesh,Lucknow,2024-09-01,2359.63,2770.0,2564.81
Wheat,Uttar Pradesh,Lucknow,2024-09-08,2400.47,2817.94,2609.21
Wheat,Uttar Pradesh,Lucknow,2024-09-15,2452.34,2878.84,2665.59
Wheat,Uttar Pradesh,Lucknow,2024-09-22,2385.52,2800.39,2592.96
Wheat,Uttar Pradesh,Lucknow,2024-09-29,2353.08,2762.31,2557.69
Wheat,Uttar Pradesh,Lucknow,2024-10-06,2317.83,2720.94,2519.39
Wheat,Uttar Pradesh,Lucknow,2024-10-13,2363.18,2774.17,2568.68
Wheat,Uttar Pradesh,Lucknow,2024-10-20,2190.0,2570.87,2380.44
Wheat,Uttar Pradesh,Lucknow,2024-10-27,2166.08,2542.79,2354.43
Wheat,Uttar Pradesh,Lucknow,2024-11-03,2152.56,2526.91,2339.73
Wheat,Uttar Pradesh,Lucknow,2024-11-10,2268.08,2662.53,2465.31
Wheat,Uttar Pradesh,Lucknow,2024-11-17,2323.43,2727.5,2525.47
Wheat,Uttar Pradesh,Lucknow,2024-11-24,2176.48,2554.99,2365.74
Wheat,Uttar Pradesh,Lucknow,2024-12-01,2103.5,2469.32,2286.41
Wheat,Uttar Pradesh,Lucknow,2024-12-08,2187.13,2567.5,2377.31
Wheat,Uttar Pradesh,Lucknow,2024-12-15,2063.85,2422.78,2243.31
Wheat,Uttar Pradesh,Lucknow,2024-12-22,2104.23,2470.18,2287.2
Wheat,Uttar Pradesh,Lucknow,2024-12-29,2309.51,2711.16,2510.33
Wheat,Uttar Pradesh,Lucknow,2025-01-05,2290.18,2688.47,2489.33
Wheat,Uttar Pradesh,Lucknow,2025-01-12,2339.73,2746.64,2543.19
Wheat,Uttar Pradesh,Lucknow,2025-01-19,2185.65,2565.77,2375.71
Wheat,Uttar Pradesh,Lucknow,2025-01-26,2228.1,2615.6,2421.85
Wheat,Uttar Pradesh,Lucknow,2025-02-02,2267.92,2662.34,2465.13
Wheat,Uttar Pradesh,Lucknow,2025-02-09,2365.55,2776.96,2571.25
Wheat,Uttar Pradesh,Lucknow,2025-02-16,2268.55,2663.08,2465.82
Wheat,Uttar Pradesh,Lucknow,2025-02-23,2292.44,2691.13,2491.78
Wheat,Uttar Pradesh,Lucknow,2025-03-02,2216.46,2601.93,2409.2
Wheat,Uttar Pradesh,Lucknow,2025-03-09,2311.13,2713.07,2512.1
Wheat,Uttar Pradesh,Lucknow,2025-03-16,2355.57,2765.24,2560.41
Wheat,Uttar Pradesh,Lucknow,2025-03-23,2214.52,2599.65,2407.08
Wheat,Uttar Pradesh,Lucknow,2025-03-30,2233.31,2621.71,2427.51
Wheat,Uttar Pradesh,Lucknow,2025-04-06,2203.8,2587.07,2395.43
Wheat,Uttar Pradesh,Lucknow,2025-04-13,2383.82,2798.4,2591.11
Wheat,Uttar Pradesh,Lucknow,2025-04-20,2401.49,2819.14,2610.32
Wheat,Uttar Pradesh,Lucknow,2025-04-27,2520.09,2958.37,2739.23
Wheat,Uttar Pradesh,Lucknow,2025-05-04,2507.32,2943.38,2725.35
Wheat,Uttar Pradesh,Lucknow,2025-05-11,2578.21,3026.59,2802.4
Wheat,Uttar Pradesh,Lucknow,2025-05-18,2571.45,3018.66,2795.06
Wheat,Uttar Pradesh,Lucknow,2025-05-25,2580.77,3029.6,2805.18
Wheat,Uttar Pradesh,Lucknow,2025-06-01,2730.14,3204.95,2967.54
Wheat,Uttar Pradesh,Lucknow,2025-06-08,2610.45,3064.44,2837.44
Wheat,Uttar Pradesh,Lucknow,2025-06-15,2644.4,3104.29,2874.35
Wheat,Uttar Pradesh,Lucknow,2025-06-22,2618.85,3074.31,2846.58
Wheat,Uttar Pradesh,Lucknow,2025-06-29,2702.64,3172.67,2937.65
Wheat,Uttar Pradesh,Lucknow,2025-07-06,2721.95,3195.34,2958.64
Wheat,Uttar Pradesh,Lucknow,2025-07-13,2650.12,3111.0,2880.56
Wheat,Uttar Pradesh,Lucknow,2025-07-20,2770.67,3252.53,3011.6
Wheat,Uttar Pradesh,Lucknow,2025-07-27,2736.82,3212.79,2974.81
Wheat,Uttar Pradesh,Lucknow,2025-08-03,2689.92,3157.73,2923.83
Wheat,Uttar Pradesh,Lucknow,2025-08-10,2660.66,3123.38,2892.02
Wheat,Uttar Pradesh,Lucknow,2025-08-17,2533.11,2973.65,2753.38
Wheat,Uttar Pradesh,Lucknow,2025-08-24,2595.46,3046.84,2821.15
Wheat,Uttar Pradesh,Lucknow,2025-08-31,2622.52,3078.61,2850.56
Wheat,Uttar Pradesh,Lucknow,2025-09-07,2617.7,3072.95,2845.32
Wheat,Uttar Pradesh,Lucknow,2025-09-14,2558.98,3004.02,2781.5
Wheat,Uttar Pradesh,Lucknow,2025-09-21,2598.99,3050.99,2824.99
Wheat,Uttar Pradesh,Lucknow,2025-09-28,2600.55,3052.82,2826.69
Wheat,Uttar Pradesh,Lucknow,2025-10-05,2480.52,2911.91,2696.21
Wheat,Uttar Pradesh,Lucknow,2025-10-12,2459.07,2886.73,2672.9
Wheat,Uttar Pradesh,Lucknow,2025-10-19,2483.08,2914.91,2699.0
Wheat,Uttar Pradesh,Lucknow,2025-10-26,2561.05,3006.45,2783.75
Wheat,Uttar Pradesh,Lucknow,2025-11-02,2482.89,2914.69,2698.79
Wheat,Uttar Pradesh,Lucknow,2025-11-09,2408.32,2827.15,2617.74
Wheat,Uttar Pradesh,Lucknow,2025-11-16,2419.21,2839.94,2629.57
Wheat,Uttar Pradesh,Lucknow,2025-11-23,2460.74,2888.7,2674.72
Wheat,Uttar Pradesh,Lucknow,2025-11-30,2392.47,2808.55,2600.51
Wheat,Uttar Pradesh,Lucknow,2025-12-07,2382.7,2797.08,2589.89
Wheat,Uttar Pradesh,Lucknow,2025-12-14,2283.25,2680.34,2481.8
Wheat,Uttar Pradesh,Lucknow,2025-12-21,2361.26,2771.92,2566.59
Wheat,Uttar Pradesh,Lucknow,2025-12-28,2377.14,2790.56,2583.85
Wheat,Uttar Pradesh,Lucknow,2026-01-04,2441.45,2866.05,2653.75
Wheat,Uttar Pradesh,Lucknow,2026-01-11,2494.96,2928.87,2711.91
Wheat,Uttar Pradesh,Lucknow,2026-01-18,2394.7,2811.17,2602.94
Wheat,Uttar Pradesh,Lucknow,2026-01-25,2431.32,2854.16,2642.74
Wheat,Uttar Pradesh,Lucknow,2026-02-01,2360.67,2771.22,2565.94
Wheat,Uttar Pradesh,Lucknow,2026-02-08,2310.95,2712.85,2511.9
Wheat,Uttar Pradesh,Lucknow,2026-02-15,2358.01,2768.1,2563.05
Wheat,Uttar Pradesh,Lucknow,2026-02-22,2311.76,2713.8,2512.78
Wheat,Uttar Pradesh,Lucknow,2026-03-01,2477.69,2908.6,2693.14
Wheat,Uttar Pradesh,Lucknow,2026-03-08,2357.16,2767.1,2562.13
Wheat,Uttar Pradesh,Lucknow,2026-03-15,2388.0,2803.31,2595.66
Wheat,Uttar Pradesh,Lucknow,2026-03-22,2396.06,2812.77,2604.42
Wheat,Uttar Pradesh,Lucknow,2026-03-29,2490.83,2924.02,2707.43
Wheat,Uttar Pradesh,Lucknow,2026-04-05,2544.24,2986.72,2765.48
Wheat,Uttar Pradesh,Lucknow,2026-04-12,2617.47,3072.68,2845.07
Wheat,Uttar Pradesh,Lucknow,2026-04-19,2445.08,2870.31,2657.69
Wheat,Uttar Pradesh,Lucknow,2026-04-26,2485.66,2917.95,2701.8
Wheat,Uttar Pradesh,Lucknow,2026-05-03,2611.87,3066.11,2838.99
Wheat,Uttar Pradesh,Lucknow,2026-05-10,2652.77,3114.12,2883.44
Wheat,Uttar Pradesh,Lucknow,2026-05-17,2574.91,3022.72,2798.82
Wheat,Uttar Pradesh,Lucknow,2026-05-24,2592.7,3043.61,2818.16
Wheat,Uttar Pradesh,Lucknow,2026-05-31,2584.06,3033.46,2808.76
Wheat,Uttar Pradesh,Lucknow,2026-06-07,2591.59,3042.3,2816.94
Wheat,Uttar Pradesh,Lucknow,2026-06-14,2551.59,2995.34,2773.46
Wheat,Uttar Pradesh,Lucknow,2026-06-21,2452.71,2879.27,2665.99
Wheat,Uttar Pradesh,Lucknow,2026-06-28,2541.78,2983.83,2762.81
Wheat,Uttar Pradesh,Lucknow,2026-07-05,2601.78,3054.26,2828.02
Wheat,Uttar Pradesh,Lucknow,2026-07-12,2693.47,3161.9,2927.69
Wheat,Uttar Pradesh,Lucknow,2026-07-19,2582.93,3032.13,2807.53
Wheat,Uttar Pradesh,Lucknow,2026-07-26,2675.73,3141.08,2908.4
Wheat,Uttar Pradesh,Lucknow,2026-08-02,2521.06,2959.5,2740.28
Wheat,Uttar Pradesh,Lucknow,2026-08-09,2618.84,3074.29,2846.57
Wheat,Uttar Pradesh,Lucknow,2026-08-16,2506.13,2941.98,2724.06
Wheat,Uttar Pradesh,Lucknow,2026-08-23,2571.21,3018.37,2794.79
Wheat,Uttar Pradesh,Lucknow,2026-08-30,2611.94,3066.19,2839.07
Wheat,Punjab,Ludhiana,2020-01-05,1780.15,2089.74,1934.94
Wheat,Punjab,Ludhiana,2020-01-12,1729.92,2030.78,1880.35
Wheat,Punjab,Ludhiana,2020-01-19,1773.11,2081.48,1927.29
Wheat,Punjab,Ludhiana,2020-01-26,1739.73,2042.29,1891.01
Wheat,Punjab,Ludhiana,2020-02-02,1760.32,2066.46,1913.39
Wheat,Punjab,Ludhiana,2020-02-09,1863.51,2187.6,2025.55
Wheat,Punjab,Ludhiana,2020-02-16,1799.56,2112.52,1956.04
Wheat,Punjab,Ludhiana,2020-02-23,1849.15,2170.74,2009.94
Wheat,Punjab,Ludhiana,2020-03-01,1912.59,2245.22,2078.9
Wheat,Punjab,Ludhiana,2020-03-08,1901.57,2232.28,2066.92
Wheat,Punjab,Ludhiana,2020-03-15,1867.14,2191.86,2029.5
Wheat,Punjab,Ludhiana,2020-03-22,1914.14,2247.03,2080.59
Wheat,Punjab,Ludhiana,2020-03-29,1836.93,2156.39,1996.66
Wheat,Punjab,Ludhiana,2020-04-05,2036.67,2390.87,2213.77
Wheat,Punjab,Ludhiana,2020-04-12,1830.93,2149.35,1990.14
Wheat,Punjab,Ludhiana,2020-04-19,1926.13,2261.11,2093.62
Wheat,Punjab,Ludhiana,2020-04-26,1941.01,2278.58,2109.79
Wheat,Punjab,Ludhiana,2020-05-03,2081.6,2443.61,2262.61
Wheat,Punjab,Ludhiana,2020-05-10,1911.66,2244.13,2077.9
Wheat,Punjab,Ludhiana,2020-05-17,1860.32,2183.85,2022.08
Wheat,Punjab,Ludhiana,2020-05-24,2057.77,2415.64,2236.71
Wheat,Punjab,Ludhiana,2020-05-31,1971.27,2314.11,2142.69
Wheat,Punjab,Ludhiana,2020-06-07,1947.4,2286.08,2116.74
Wheat,Punjab,Ludhiana,2020-06-14,1958.7,2299.34,2129.02
Wheat,Punjab,Ludhiana,2020-06-21,2035.2,2389.15,2212.17
Wheat,Punjab,Ludhiana,2020-06-28,1996.06,2343.2,2169.63
Wheat,Punjab,Ludhiana,2020-07-05,2077.88,2439.25,2258.57
Wheat,Punjab,Ludhiana,2020-07-12,1975.81,2319.43,2147.62
Wheat,Punjab,Ludhiana,2020-07-19,1946.31,2284.8,2115.56
Wheat,Punjab,Ludhiana,2020-07-26,2046.73,2402.68,2224.7
Wheat,Punjab,Ludhiana,2020-08-02,2013.3,2363.43,2188.36
Wheat,Punjab,Ludhiana,2020-08-09,2021.3,2372.83,2197.06
Wheat,Punjab,Ludhiana,2020-08-16,2123.74,2493.09,2308.42
Wheat,Punjab,Ludhiana,2020-08-23,1978.8,2322.94,2150.87
Wheat,Punjab,Ludhiana,2020-08-30,2004.86,2353.53,2179.19
Wheat,Punjab,Ludhiana,2020-09-06,1928.77,2264.21,2096.49
Wheat,Punjab,Ludhiana,2020-09-13,2030.54,2383.68,2207.11
Wheat,Punjab,Ludhiana,2020-09-20,2000.0,2347.83,2173.92
Wheat,Punjab,Ludhiana,2020-09-27,1864.76,2189.07,2026.92
Wheat,Punjab,Ludhiana,2020-10-04,1839.87,2159.85,1999.86
Wheat,Punjab,Ludhiana,2020-10-11,1803.09,2116.67,1959.88
Wheat,Punjab,Ludhiana,2020-10-18,1729.13,2029.85,1879.49
Wheat,Punjab,Ludhiana,2020-10-25,1775.16,2083.88,1929.52
Wheat,Punjab,Ludhiana,2020-11-01,1755.28,2060.54,1907.91
Wheat,Punjab,Ludhiana,2020-11-08,1772.05,2080.23,1926.14
Wheat,Punjab,Ludhiana,2020-11-15,1763.7,2070.44,1917.07
Wheat,Punjab,Ludhiana,2020-11-22,1709.88,2007.25,1858.56
Wheat,Punjab,Ludhiana,2020-11-29,1799.67,2112.65,1956.16
Wheat,Punjab,Ludhiana,2020-12-06,1769.1,2076.77,1922.94
Wheat,Punjab,Ludhiana,2020-12-13,1741.76,2044.68,1893.22
Wheat,Punjab,Ludhiana,2020-12-20,1755.73,2061.08,1908.41
Wheat,Punjab,Ludhiana,2020-12-27,1707.65,2004.63,1856.14
Wheat,Punjab,Ludhiana,2021-01-03,1805.15,2119.09,1962.12
Wheat,Punjab,Ludhiana,2021-01-10,1777.04,2086.09,1931.56
Wheat,Punjab,Ludhiana,2021-01-17,1804.3,2118.1,1961.2
Wheat,Punjab,Ludhiana,2021-01-24,1773.46,2081.88,1927.67
Wheat,Punjab,Ludhiana,2021-01-31,1815.33,2131.04,1973.18
Wheat,Punjab,Ludhiana,2021-02-07,1913.22,2245.95,2079.59
Wheat,Punjab,Ludhiana,2021-02-14,1822.39,2139.33,1980.86
Wheat,Punjab,Ludhiana,2021-02-21,1886.03,2214.03,2050.03
Wheat,Punjab,Ludhiana,2021-02-28,1860.38,2183.93,2022.16
Wheat,Punjab,Ludhiana,2021-03-07,1881.2,2208.37,2044.78
Wheat,Punjab,Ludhiana,2021-03-14,1849.31,2170.93,2010.12
Wheat,Punjab,Ludhiana,2021-03-21,1747.28,2051.15,1899.21
Wheat,Punjab,Ludhiana,2021-03-28,1839.46,2159.36,1999.41
Wheat,Punjab,Ludhiana,2021-04-04,1904.2,2235.36,2069.78
Wheat,Punjab,Ludhiana,2021-04-11,1809.74,2124.47,1967.1
Wheat,Punjab,Ludhiana,2021-04-18,1940.51,2277.99,2109.25
Wheat,Punjab,Ludhiana,2021-04-25,1837.03,2156.51,1996.77
Wheat,Punjab,Ludhiana,2021-05-02,2039.32,2393.99,2216.65
Wheat,Punjab,Ludhiana,2021-05-09,2072.79,2433.28,2253.04
Wheat,Punjab,Ludhiana,2021-05-16,1953.87,2293.67,2123.77
Wheat,Punjab,Ludhiana,2021-05-23,1953.87,2293.67,2123.77
Wheat,Punjab,Ludhiana,2021-05-30,1922.39,2256.72,2089.56
Wheat,Punjab,Ludhiana,2021-06-06,1963.1,2304.5,2133.8
Wheat,Punjab,Ludhiana,2021-06-13,1983.52,2328.48,2156.0
Wheat,Punjab,Ludhiana,2021-06-20,1916.45,2249.74,2083.1
Wheat,Punjab,Ludhiana,2021-06-27,2066.28,2425.64,2245.96
Wheat,Punjab,Ludhiana,2021-07-04,1999.37,2347.09,2173.23
Wheat,Punjab,Ludhiana,2021-07-11,1965.83,2307.71,2136.77
Wheat,Punjab,Ludhiana,2021-07-18,1947.53,2286.23,2116.88
Wheat,Punjab,Ludhiana,2021-07-25,1966.88,2308.94,2137.91
Wheat,Punjab,Ludhiana,2021-08-01,1860.58,2184.16,2022.37
Wheat,Punjab,Ludhiana,2021-08-08,1869.13,2194.2,2031.66
Wheat,Punjab,Ludhiana,2021-08-15,1979.11,2323.3,2151.21
Wheat,Punjab,Ludhiana,2021-08-22,1878.44,2205.13,2041.79
Wheat,Punjab,Ludhiana,2021-08-29,1881.76,2209.02,2045.39
Wheat,Punjab,Ludhiana,2021-09-05,1910.42,2242.67,2076.55
Wheat,Punjab,Ludhiana,2021-09-12,1881.36,2208.56,2044.96
Wheat,Punjab,Ludhiana,2021-09-19,1972.12,2315.1,2143.61
Wheat,Punjab,Ludhiana,2021-09-26,1976.86,2320.67,2148.77
Wheat,Punjab,Ludhiana,2021-10-03,1800.9,2114.1,1957.5
Wheat,Punjab,Ludhiana,2021-10-10,1866.58,2191.2,2028.89
Wheat,Punjab,Ludhiana,2021-10-17,1927.58,2262.81,2095.2
Wheat,Punjab,Ludhiana,2021-10-24,1763.06,2069.68,1916.37
Wheat,Punjab,Ludhiana,2021-10-31,1812.88,2128.17,1970.53
Wheat,Punjab,Ludhiana,2021-11-07,1812.68,2127.93,1970.31
Wheat,Punjab,Ludhiana,2021-11-14,2022.68,2374.45,2198.57
Wheat,Punjab,Ludhiana,2021-11-21,1833.77,2152.69,1993.23
Wheat,Punjab,Ludhiana,2021-11-28,1908.53,2240.45,2074.49
Wheat,Punjab,Ludhiana,2021-12-05,1907.29,2238.99,2073.14
Wheat,Punjab,Ludhiana,2021-12-12,1832.7,2151.43,1992.06
Wheat,Punjab,Ludhiana,2021-12-19,1840.2,2160.24,2000.22
Wheat,Punjab,Ludhiana,2021-12-26,1792.41,2104.13,1948.27
Wheat,Punjab,Ludhiana,2022-01-02,1815.39,2131.1,1973.24
Wheat,Punjab,Ludhiana,2022-01-09,1937.49,2274.44,2105.97
Wheat,Punjab,Ludhiana,2022-01-16,2000.21,2348.07,2174.14
Wheat,Punjab,Ludhiana,2022-01-23,1939.04,2276.26,2107.65
Wheat,Punjab,Ludhiana,2022-01-30,1855.04,2177.65,2016.35
Wheat,Punjab,Ludhiana,2022-02-06,1961.26,2302.35,2131.8
Wheat,Punjab,Ludhiana,2022-02-13,1900.0,2230.43,2065.22
Wheat,Punjab,Ludhiana,2022-02-20,1855.02,2177.63,2016.32
Wheat,Punjab,Ludhiana,2022-02-27,1927.84,2263.12,2095.48
Wheat,Punjab,Ludhiana,2022-03-06,1955.57,2295.67,2125.62
Wheat,Punjab,Ludhiana,2022-03-13,1912.58,2245.2,2078.89
Wheat,Punjab,Ludhiana,2022-03-20,1990.97,2337.22,2164.1
Wheat,Punjab,Ludhiana,2022-03-27,1942.43,2280.24,2111.33
Wheat,Punjab,Ludhiana,2022-04-03,2070.76,2430.9,2250.83
Wheat,Punjab,Ludhiana,2022-04-10,1943.03,2280.95,2111.99
Wheat,Punjab,Ludhiana,2022-04-17,1984.25,2329.34,2156.79
Wheat,Punjab,Ludhiana,2022-04-24,2064.83,2423.93,2244.38
Wheat,Punjab,Ludhiana,2022-05-01,2025.87,2378.2,2202.04
Wheat,Punjab,Ludhiana,2022-05-08,2146.75,2520.1,2333.43
Wheat,Punjab,Ludhiana,2022-05-15,2132.87,2503.8,2318.34
Wheat,Punjab,Ludhiana,2022-05-22,2116.62,2484.73,2300.67
Wheat,Punjab,Ludhiana,2022-05-29,1990.92,2337.17,2164.05
Wheat,Punjab,Ludhiana,2022-06-05,2163.4,2539.64,2351.52
Wheat,Punjab,Ludhiana,2022-06-12,2177.5,2556.2,2366.85
Wheat,Punjab,Ludhiana,2022-06-19,1970.94,2313.72,2142.33
Wheat,Punjab,Ludhiana,2022-06-26,2129.31,2499.63,2314.47
Wheat,Punjab,Ludhiana,2022-07-03,2036.63,2390.83,2213.73
Wheat,Punjab,Ludhiana,2022-07-10,2103.31,2469.1,2286.2
Wheat,Punjab,Ludhiana,2022-07-17,2181.15,2560.48,2370.81
Wheat,Punjab,Ludhiana,2022-07-24,2006.12,2355.01,2180.57
Wheat,Punjab,Ludhiana,2022-07-31,2094.91,2459.24,2277.08
Wheat,Punjab,Ludhiana,2022-08-07,1984.95,2330.15,2157.55
Wheat,Punjab,Ludhiana,2022-08-14,2046.37,2402.26,2224.32
Wheat,Punjab,Ludhiana,2022-08-21,2003.87,2352.37,2178.12
Wheat,Punjab,Ludhiana,2022-08-28,1989.61,2335.63,2162.62
Wheat,Punjab,Ludhiana,2022-09-04,2074.29,2435.04,2254.66
Wheat,Punjab,Ludhiana,2022-09-11,1921.36,2255.51,2088.44
Wheat,Punjab,Ludhiana,2022-09-18,1911.07,2243.43,2077.25
Wheat,Punjab,Ludhiana,2022-09-25,1861.0,2184.65,2022.82
Wheat,Punjab,Ludhiana,2022-10-02,1802.27,2115.7,1958.99
Wheat,Punjab,Ludhiana,2022-10-09,1871.21,2196.64,2033.93
Wheat,Punjab,Ludhiana,2022-10-16,1864.59,2188.87,2026.73
Wheat,Punjab,Ludhiana,2022-10-23,1827.4,2145.21,1986.31
Wheat,Punjab,Ludhiana,2022-10-30,1955.77,2295.91,2125.84
Wheat,Punjab,Ludhiana,2022-11-06,1832.09,2150.71,1991.4
Wheat,Punjab,Ludhiana,2022-11-13,1726.77,2027.07,1876.92
Wheat,Punjab,Ludhiana,2022-11-20,1904.79,2236.05,2070.42
Wheat,Punjab,Ludhiana,2022-11-27,1735.24,2037.03,1886.13
Wheat,Punjab,Ludhiana,2022-12-04,1775.47,2084.24,1929.85
Wheat,Punjab,Ludhiana,2022-12-11,1789.71,2100.96,1945.33
Wheat,Punjab,Ludhiana,2022-12-18,1695.6,1990.49,1843.04
Wheat,Punjab,Ludhiana,2022-12-25,1866.24,2190.8,2028.52
Wheat,Punjab,Ludhiana,2023-01-01,1850.87,2172.77,2011.82
Wheat,Punjab,Ludhiana,2023-01-08,1856.85,2179.78,2018.31
Wheat,Punjab,Ludhiana,2023-01-15,1832.27,2150.92,1991.6
Wheat,Punjab,Ludhiana,2023-01-22,1836.24,2155.59,1995.91
Wheat,Punjab,Ludhiana,2023-01-29,1804.9,2118.79,1961.84
Wheat,Punjab,Ludhiana,2023-02-05,1874.28,2200.25,2037.26
Wheat,Punjab,Ludhiana,2023-02-12,1866.54,2191.15,2028.84
Wheat,Punjab,Ludhiana,2023-02-19,1936.74,2273.56,2105.15
Wheat,Punjab,Ludhiana,2023-02-26,1781.07,2090.82,1935.95
Wheat,Punjab,Ludhiana,2023-03-05,2044.89,2400.52,2222.7
Wheat,Punjab,Ludhiana,2023-03-12,1979.34,2323.58,2151.46
Wheat,Punjab,Ludhiana,2023-03-19,1944.3,2282.44,2113.37
Wheat,Punjab,Ludhiana,2023-03-26,1919.43,2253.24,2086.34
Wheat,Punjab,Ludhiana,2023-04-02,1946.46,2284.97,2115.71
Wheat,Punjab,Ludhiana,2023-04-09,1921.19,2255.31,2088.25
Wheat,Punjab,Ludhiana,2023-04-16,1927.01,2262.14,2094.58
Wheat,Punjab,Ludhiana,2023-04-23,2073.2,2433.76,2253.48
Wheat,Punjab,Ludhiana,2023-04-30,1986.87,2332.41,2159.64
Wheat,Punjab,Ludhiana,2023-05-07,2079.09,2440.67,2259.88
Wheat,Punjab,Ludhiana,2023-05-14,2096.91,2461.59,2279.25
Wheat,Punjab,Ludhiana,2023-05-21,1985.45,2330.75,2158.1
Wheat,Punjab,Ludhiana,2023-05-28,2130.31,2500.8,2315.55
Wheat,Punjab,Ludhiana,2023-06-04,2115.34,2483.23,2299.29
Wheat,Punjab,Ludhiana,2023-06-11,2112.78,2480.22,2296.5
Wheat,Punjab,Ludhiana,2023-06-18,2288.57,2686.58,2487.57
Wheat,Punjab,Ludhiana,2023-06-25,2046.86,2402.84,2224.85
Wheat,Punjab,Ludhiana,2023-07-02,2198.55,2580.91,2389.73
Wheat,Punjab,Ludhiana,2023-07-09,2238.78,2628.13,2433.45
Wheat,Punjab,Ludhiana,2023-07-16,2168.22,2545.31,2356.77
Wheat,Punjab,Ludhiana,2023-07-23,2219.51,2605.52,2412.52
Wheat,Punjab,Ludhiana,2023-07-30,2104.86,2470.92,2287.89
Wheat,Punjab,Ludhiana,2023-08-06,2175.1,2553.38,2364.24
Wheat,Punjab,Ludhiana,2023-08-13,2113.1,2480.6,2296.85
Wheat,Punjab,Ludhiana,2023-08-20,1999.76,2347.54,2173.65
Wheat,Punjab,Ludhiana,2023-08-27,2074.19,2434.92,2254.55
Wheat,Punjab,Ludhiana,2023-09-03,2144.23,2517.14,2330.69
Wheat,Punjab,Ludhiana,2023-09-10,2083.06,2445.34,2264.2
Wheat,Punjab,Ludhiana,2023-09-17,2011.62,2361.46,2186.54
Wheat,Punjab,Ludhiana,2023-09-24,2063.65,2422.54,2243.1
Wheat,Punjab,Ludhiana,2023-10-01,2043.18,2398.52,2220.85
Wheat,Punjab,Ludhiana,2023-10-08,1941.19,2278.78,2109.98
Wheat,Punjab,Ludhiana,2023-10-15,1908.47,2240.38,2074.43
Wheat,Punjab,Ludhiana,2023-10-22,2087.89,2451.0,2269.45
Wheat,Punjab,Ludhiana,2023-10-29,1907.4,2239.13,2073.26
Wheat,Punjab,Ludhiana,2023-11-05,1960.71,2301.7,2131.21
Wheat,Punjab,Ludhiana,2023-11-12,1922.0,2256.26,2089.13
Wheat,Punjab,Ludhiana,2023-11-19,1955.1,2295.12,2125.11
Wheat,Punjab,Ludhiana,2023-11-26,1802.0,2115.39,1958.7
Wheat,Punjab,Ludhiana,2023-12-03,1830.36,2148.69,1989.53
Wheat,Punjab,Ludhiana,2023-12-10,2066.52,2425.91,2246.21
Wheat,Punjab,Ludhiana,2023-12-17,1872.91,2198.63,2035.77
Wheat,Punjab,Ludhiana,2023-12-24,1938.05,2275.1,2106.57
Wheat,Punjab,Ludhiana,2023-12-31,1953.24,2292.93,2123.09
Wheat,Punjab,Ludhiana,2024-01-07,1947.66,2286.38,2117.02
Wheat,Punjab,Ludhiana,2024-01-14,1968.7,2311.09,2139.89
Wheat,Punjab,Ludhiana,2024-01-21,1979.29,2323.51,2151.4
Wheat,Punjab,Ludhiana,2024-01-28,2009.55,2359.04,2184.29
Wheat,Punjab,Ludhiana,2024-02-04,2119.5,2488.11,2303.81
Wheat,Punjab,Ludhiana,2024-02-11,2044.38,2399.92,2222.15
Wheat,Punjab,Ludhiana,2024-02-18,1951.7,2291.12,2121.41
Wheat,Punjab,Ludhiana,2024-02-25,2005.43,2354.2,2179.82
Wheat,Punjab,Ludhiana,2024-03-03,2145.17,2518.24,2331.7
Wheat,Punjab,Ludhiana,2024-03-10,2059.49,2417.66,2238.58
Wheat,Punjab,Ludhiana,2024-03-17,2239.2,2628.63,2433.91
Wheat,Punjab,Ludhiana,2024-03-24,1969.35,2311.85,2140.6
Wheat,Punjab,Ludhiana,2024-03-31,2141.24,2513.63,2327.43
Wheat,Punjab,Ludhiana,2024-04-07,2203.23,2586.4,2394.81
Wheat,Punjab,Ludhiana,2024-04-14,2122.96,2492.17,2307.56
Wheat,Punjab,Ludhiana,2024-04-21,2184.84,2564.82,2374.83
Wheat,Punjab,Ludhiana,2024-04-28,2115.46,2483.36,2299.41
Wheat,Punjab,Ludhiana,2024-05-05,2177.9,2556.67,2367.29
Wheat,Punjab,Ludhiana,2024-05-12,2121.31,2490.23,2305.77
Wheat,Punjab,Ludhiana,2024-05-19,2167.48,2544.44,2355.96
Wheat,Punjab,Ludhiana,2024-05-26,2129.34,2499.66,2314.5
Wheat,Punjab,Ludhiana,2024-06-02,2106.83,2473.24,2290.04
Wheat,Punjab,Ludhiana,2024-06-09,2186.28,2566.51,2376.4
Wheat,Punjab,Ludhiana,2024-06-16,2169.55,2546.87,2358.21
Wheat,Punjab,Ludhiana,2024-06-23,2324.27,2728.5,2526.38
Wheat,Punjab,Ludhiana,2024-06-30,2375.64,2788.79,2582.22
Wheat,Punjab,Ludhiana,2024-07-07,2317.75,2720.84,2519.3
Wheat,Punjab,Ludhiana,2024-07-14,2367.45,2779.18,2573.32
Wheat,Punjab,Ludhiana,2024-07-21,2275.14,2670.81,2472.98
Wheat,Punjab,Ludhiana,2024-07-28,2276.77,2672.73,2474.75
Wheat,Punjab,Ludhiana,2024-08-04,2252.18,2643.86,2448.02
Wheat,Punjab,Ludhiana,2024-08-11,2250.81,2642.25,2446.53
Wheat,Punjab,Ludhiana,2024-08-18,2281.32,2678.07,2479.7
Wheat,Punjab,Ludhiana,2024-08-25,2156.82,2531.92,2344.37
Wheat,Punjab,Ludhiana,2024-09-01,2244.52,2634.87,2439.69
Wheat,Punjab,Ludhiana,2024-09-08,2223.68,2610.41,2417.04
Wheat,Punjab,Ludhiana,2024-09-15,2256.99,2649.52,2453.26
Wheat,Punjab,Ludhiana,2024-09-22,2135.56,2506.96,2321.26
Wheat,Punjab,Ludhiana,2024-09-29,2185.21,2565.25,2375.23
Wheat,Punjab,Ludhiana,2024-10-06,1982.48,2327.26,2154.87
Wheat,Punjab,Ludhiana,2024-10-13,2210.15,2594.53,2402.34
Wheat,Punjab,Ludhiana,2024-10-20,2075.53,2436.49,2256.01
Wheat,Punjab,Ludhiana,2024-10-27,2140.55,2512.81,2326.68
Wheat,Punjab,Ludhiana,2024-11-03,2123.43,2492.72,2308.08
Wheat,Punjab,Ludhiana,2024-11-10,2074.45,2435.23,2254.84
Wheat,Punjab,Ludhiana,2024-11-17,2166.2,2542.93,2354.57
Wheat,Punjab,Ludhiana,2024-11-24,2138.55,2510.47,2324.51
Wheat,Punjab,Ludhiana,2024-12-01,2127.3,2497.26,2312.28
Wheat,Punjab,Ludhiana,2024-12-08,1996.83,2344.11,2170.47
Wheat,Punjab,Ludhiana,2024-12-15,2117.06,2485.24,2301.15
Wheat,Punjab,Ludhiana,2024-12-22,2037.5,2391.84,2214.67
Wheat,Punjab,Ludhiana,2024-12-29,2100.14,2465.38,2282.76
Wheat,Punjab,Ludhiana,2025-01-05,2156.98,2532.11,2344.55
Wheat,Punjab,Ludhiana,2025-01-12,2234.11,2622.65,2428.38
Wheat,Punjab,Ludhiana,2025-01-19,2229.68,2617.44,2423.56
Wheat,Punjab,Ludhiana,2025-01-26,2177.87,2556.63,2367.25
Wheat,Punjab,Ludhiana,2025-02-02,2191.92,2573.12,2382.52
Wheat,Punjab,Ludhiana,2025-02-09,2150.12,2524.06,2337.09
Wheat,Punjab,Ludhiana,2025-02-16,2122.22,2491.3,2306.76
Wheat,Punjab,Ludhiana,2025-02-23,2077.77,2439.12,2258.45
Wheat,Punjab,Ludhiana,2025-03-02,2268.7,2663.26,2465.98
Wheat,Punjab,Ludhiana,2025-03-09,2289.63,2687.83,2488.73
Wheat,Punjab,Ludhiana,2025-03-16,2269.26,2663.91,2466.59
Wheat,Punjab,Ludhiana,2025-03-23,2246.59,2637.3,2441.94
Wheat,Punjab,Ludhiana,2025-03-30,2228.87,2616.49,2422.68
Wheat,Punjab,Ludhiana,2025-04-06,2280.53,2677.15,2478.84
Wheat,Punjab,Ludhiana,2025-04-13,2171.18,2548.77,2359.97
Wheat,Punjab,Ludhiana,2025-04-20,2178.82,2557.75,2368.28
Wheat,Punjab,Ludhiana,2025-04-27,2161.83,2537.8,2349.81
Wheat,Punjab,Ludhiana,2025-05-04,2254.45,2646.53,2450.49
Wheat,Punjab,Ludhiana,2025-05-11,2377.34,2790.79,2584.07
Wheat,Punjab,Ludhiana,2025-05-18,2362.0,2772.78,2567.39
Wheat,Punjab,Ludhiana,2025-05-25,2298.69,2698.46,2498.57
Wheat,Punjab,Ludhiana,2025-06-01,2244.37,2634.7,2439.54
Wheat,Punjab,Ludhiana,2025-06-08,2274.9,2670.53,2472.72
Wheat,Punjab,Ludhiana,2025-06-15,2355.65,2765.33,2560.49
Wheat,Punjab,Ludhiana,2025-06-22,2365.68,2777.1,2571.39
Wheat,Punjab,Ludhiana,2025-06-29,2422.46,2843.76,2633.11
Wheat,Punjab,Ludhiana,2025-07-06,2421.81,2842.99,2632.4
Wheat,Punjab,Ludhiana,2025-07-13,2317.92,2721.04,2519.48
Wheat,Punjab,Ludhiana,2025-07-20,2462.14,2890.33,2676.23
Wheat,Punjab,Ludhiana,2025-07-27,2391.61,2807.54,2599.57
Wheat,Punjab,Ludhiana,2025-08-03,2379.06,2792.8,2585.93
Wheat,Punjab,Ludhiana,2025-08-10,2480.22,2911.56,2695.89
Wheat,Punjab,Ludhiana,2025-08-17,2333.33,2739.13,2536.23
Wheat,Punjab,Ludhiana,2025-08-24,2505.03,2940.69,2722.86
Wheat,Punjab,Ludhiana,2025-08-31,2497.63,2932.0,2714.82
Wheat,Punjab,Ludhiana,2025-09-07,2479.69,2910.94,2695.32
Wheat,Punjab,Ludhiana,2025-09-14,2485.53,2917.8,2701.66
Wheat,Punjab,Ludhiana,2025-09-21,2426.16,2848.1,2637.13
Wheat,Punjab,Ludhiana,2025-09-28,2513.24,2950.33,2731.78
Wheat,Punjab,Ludhiana,2025-10-05,2427.45,2849.61,2638.53
Wheat,Punjab,Ludhiana,2025-10-12,2258.54,2651.33,2454.94
Wheat,Punjab,Ludhiana,2025-10-19,2222.69,2609.25,2415.97
Wheat,Punjab,Ludhiana,2025-10-26,2415.35,2835.41,2625.38
Wheat,Punjab,Ludhiana,2025-11-02,2289.31,2687.45,2488.38
Wheat,Punjab,Ludhiana,2025-11-09,2286.7,2684.38,2485.54
Wheat,Punjab,Ludhiana,2025-11-16,2388.08,2803.4,2595.74
Wheat,Punjab,Ludhiana,2025-11-23,2334.09,2740.02,2537.06
Wheat,Punjab,Ludhiana,2025-11-30,2433.75,2857.01,2645.38
Wheat,Punjab,Ludhiana,2025-12-07,2258.79,2651.62,2455.2
Wheat,Punjab,Ludhiana,2025-12-14,2412.99,2832.64,2622.82
Wheat,Punjab,Ludhiana,2025-12-21,2267.51,2661.86,2464.68
Wheat,Punjab,Ludhiana,2025-12-28,2324.89,2729.21,2527.05
Wheat,Punjab,Ludhiana,2026-01-04,2434.28,2857.63,2645.96
Wheat,Punjab,Ludhiana,2026-01-11,2493.66,2927.34,2710.5
Wheat,Punjab,Ludhiana,2026-01-18,2477.49,2908.36,2692.93
Wheat,Punjab,Ludhiana,2026-01-25,2484.04,2916.05,2700.05
Wheat,Punjab,Ludhiana,2026-02-01,2404.55,2822.74,2613.64
Wheat,Punjab,Ludhiana,2026-02-08,2357.07,2766.99,2562.03
Wheat,Punjab,Ludhiana,2026-02-15,2421.58,2842.73,2632.15
Wheat,Punjab,Ludhiana,2026-02-22,2561.49,3006.96,2784.23
Wheat,Punjab,Ludhiana,2026-03-01,2498.84,2933.42,2716.13
Wheat,Punjab,Ludhiana,2026-03-08,2479.23,2910.4,2694.81
Wheat,Punjab,Ludhiana,2026-03-15,2464.16,2892.71,2678.44
Wheat,Punjab,Ludhiana,2026-03-22,2527.42,2966.97,2747.2
Wheat,Punjab,Ludhiana,2026-03-29,2452.24,2878.72,2665.48
Wheat,Punjab,Ludhiana,2026-04-05,2548.04,2991.18,2769.61
Wheat,Punjab,Ludhiana,2026-04-12,2640.81,3100.08,2870.45
Wheat,Punjab,Ludhiana,2026-04-19,2618.0,3073.3,2845.65
Wheat,Punjab,Ludhiana,2026-04-26,2569.05,3015.84,2792.45
Wheat,Punjab,Ludhiana,2026-05-03,2600.9,3053.23,2827.06
Wheat,Punjab,Ludhiana,2026-05-10,2548.98,2992.28,2770.63
Wheat,Punjab,Ludhiana,2026-05-17,2616.77,3071.86,2844.31
Wheat,Punjab,Ludhiana,2026-05-24,2614.73,3069.47,2842.1
Wheat,Punjab,Ludhiana,2026-05-31,2657.38,3119.54,2888.46
Wheat,Punjab,Ludhiana,2026-06-07,2655.26,3117.04,2886.15
Wheat,Punjab,Ludhiana,2026-06-14,2609.52,3063.35,2836.44
Wheat,Punjab,Ludhiana,2026-06-21,2642.55,3102.13,2872.34
Wheat,Punjab,Ludhiana,2026-06-28,2571.19,3018.36,2794.78
Wheat,Punjab,Ludhiana,2026-07-05,2671.09,3135.63,2903.36
Wheat,Punjab,Ludhiana,2026-07-12,2637.07,3095.69,2866.38
Wheat,Punjab,Ludhiana,2026-07-19,2607.12,3060.53,2833.83
Wheat,Punjab,Ludhiana,2026-07-26,2611.3,3065.44,2838.37
Wheat,Punjab,Ludhiana,2026-08-02,2546.33,2989.17,2767.75
Wheat,Punjab,Ludhiana,2026-08-09,2666.5,3130.24,2898.37
Wheat,Punjab,Ludhiana,2026-08-16,2815.09,3304.67,3059.88
Wheat,Punjab,Ludhiana,2026-08-23,2596.97,3048.62,2822.8
Wheat,Punjab,Ludhiana,2026-08-30,2548.35,2991.54,2769.94
Wheat,Uttarakhand,Dehradun,2020-01-05,1658.64,1947.1,1802.87
Wheat,Uttarakhand,Dehradun,2020-01-12,1519.96,1784.3,1652.13
Wheat,Uttarakhand,Dehradun,2020-01-19,1770.47,2078.38,1924.43
Wheat,Uttarakhand,Dehradun,2020-01-26,1732.79,2034.14,1883.47
Wheat,Uttarakhand,Dehradun,2020-02-02,1751.27,2055.84,1903.56
Wheat,Uttarakhand,Dehradun,2020-02-09,1732.94,2034.32,1883.63
Wheat,Uttarakhand,Dehradun,2020-02-16,1672.74,1963.65,1818.19
Wheat,Uttarakhand,Dehradun,2020-02-23,1729.54,2030.33,1879.93
Wheat,Uttarakhand,Dehradun,2020-03-01,1634.83,1919.15,1776.99
Wheat,Uttarakhand,Dehradun,2020-03-08,1779.19,2088.61,1933.9
Wheat,Uttarakhand,Dehradun,2020-03-15,1775.34,2084.1,1929.72
Wheat,Uttarakhand,Dehradun,2020-03-22,1582.46,1857.67,1720.07
Wheat,Uttarakhand,Dehradun,2020-03-29,1713.72,2011.76,1862.74
Wheat,Uttarakhand,Dehradun,2020-04-05,1690.34,1984.31,1837.33
Wheat,Uttarakhand,Dehradun,2020-04-12,1923.17,2257.63,2090.4
Wheat,Uttarakhand,Dehradun,2020-04-19,1777.81,2086.99,1932.4
Wheat,Uttarakhand,Dehradun,2020-04-26,1751.94,2056.63,1904.29
Wheat,Uttarakhand,Dehradun,2020-05-03,1776.65,2085.64,1931.15
Wheat,Uttarakhand,Dehradun,2020-05-10,1746.37,2050.09,1898.23
Wheat,Uttarakhand,Dehradun,2020-05-17,1668.74,1958.96,1813.85
Wheat,Uttarakhand,Dehradun,2020-05-24,1694.08,1988.7,1841.39
Wheat,Uttarakhand,Dehradun,2020-05-31,1715.55,2013.91,1864.73
Wheat,Uttarakhand,Dehradun,2020-06-07,1805.91,2119.98,1962.94
Wheat,Uttarakhand,Dehradun,2020-06-14,1712.03,2009.77,1860.9
Wheat,Uttarakhand,Dehradun,2020-06-21,1835.38,2154.58,1994.98
Wheat,Uttarakhand,Dehradun,2020-06-28,1713.62,2011.65,1862.63
Wheat,Uttarakhand,Dehradun,2020-07-05,1819.17,2135.54,1977.35
Wheat,Uttarakhand,Dehradun,2020-07-12,1740.83,2043.58,1892.2
Wheat,Uttarakhand,Dehradun,2020-07-19,1746.67,2050.44,1898.56
Wheat,Uttarakhand,Dehradun,2020-07-26,1813.93,2129.39,1971.66
Wheat,Uttarakhand,Dehradun,2020-08-02,1790.89,2102.35,1946.62
Wheat,Uttarakhand,Dehradun,2020-08-09,1834.6,2153.66,1994.13
Wheat,Uttarakhand,Dehradun,2020-08-16,1718.3,2017.14,1867.72
Wheat,Uttarakhand,Dehradun,2020-08-23,1761.28,2067.59,1914.44
Wheat,Uttarakhand,Dehradun,2020-08-30,1790.62,2102.03,1946.32
Wheat,Uttarakhand,Dehradun,2020-09-06,1685.31,1978.41,1831.86
Wheat,Uttarakhand,Dehradun,2020-09-13,1782.59,2092.6,1937.59
Wheat,Uttarakhand,Dehradun,2020-09-20,1745.03,2048.52,1896.78
Wheat,Uttarakhand,Dehradun,2020-09-27,1683.0,1975.7,1829.35
Wheat,Uttarakhand,Dehradun,2020-10-04,1637.97,1922.83,1780.4
Wheat,Uttarakhand,Dehradun,2020-10-11,1722.2,2021.71,1871.95
Wheat,Uttarakhand,Dehradun,2020-10-18,1666.06,1955.81,1810.94
Wheat,Uttarakhand,Dehradun,2020-10-25,1790.81,2102.26,1946.53
Wheat,Uttarakhand,Dehradun,2020-11-01,1762.59,2069.13,1915.86
Wheat,Uttarakhand,Dehradun,2020-11-08,1697.01,1992.14,1844.57
Wheat,Uttarakhand,Dehradun,2020-11-15,1666.82,1956.71,1811.77
Wheat,Uttarakhand,Dehradun,2020-11-22,1706.5,2003.28,1854.89
Wheat,Uttarakhand,Dehradun,2020-11-29,1673.18,1964.16,1818.67
Wheat,Uttarakhand,Dehradun,2020-12-06,1591.26,1868.0,1729.63
Wheat,Uttarakhand,Dehradun,2020-12-13,1597.5,1875.33,1736.42
Wheat,Uttarakhand,Dehradun,2020-12-20,1623.34,1905.66,1764.5
Wheat,Uttarakhand,Dehradun,2020-12-27,1641.61,1927.11,1784.36
Wheat,Uttarakhand,Dehradun,2021-01-03,1720.25,2019.42,1869.83
Wheat,Uttarakhand,Dehradun,2021-01-10,1693.18,1987.64,1840.41
Wheat,Uttarakhand,Dehradun,2021-01-17,1781.52,2091.35,1936.44
Wheat,Uttarakhand,Dehradun,2021-01-24,1752.86,2057.7,1905.28
Wheat,Uttarakhand,Dehradun,2021-01-31,1799.26,2112.18,1955.72
Wheat,Uttarakhand,Dehradun,2021-02-07,1723.43,2023.16,1873.29
Wheat,Uttarakhand,Dehradun,2021-02-14,1817.68,2133.8,1975.74
Wheat,Uttarakhand,Dehradun,2021-02-21,1729.66,2030.47,1880.07
Wheat,Uttarakhand,Dehradun,2021-02-28,1866.73,2191.38,2029.06
Wheat,Uttarakhand,Dehradun,2021-03-07,1886.03,2214.03,2050.03
Wheat,Uttarakhand,Dehradun,2021-03-14,1776.54,2085.5,1931.02
Wheat,Uttarakhand,Dehradun,2021-03-21,1917.21,2250.64,2083.93
Wheat,Uttarakhand,Dehradun,2021-03-28,1756.65,2062.16,1909.41
Wheat,Uttarakhand,Dehradun,2021-04-04,1852.82,2175.05,2013.94
Wheat,Uttarakhand,Dehradun,2021-04-11,1810.43,2125.29,1967.86
Wheat,Uttarakhand,Dehradun,2021-04-18,1807.77,2122.17,1964.97
Wheat,Uttarakhand,Dehradun,2021-04-25,1876.05,2202.32,2039.18
Wheat,Uttarakhand,Dehradun,2021-05-02,1955.37,2295.43,2125.4
Wheat,Uttarakhand,Dehradun,2021-05-09,1896.49,2226.31,2061.4
Wheat,Uttarakhand,Dehradun,2021-05-16,1911.09,2243.46,2077.27
Wheat,Uttarakhand,Dehradun,2021-05-23,1998.27,2345.79,2172.03
Wheat,Uttarakhand,Dehradun,2021-05-30,1974.6,2318.01,2146.3
Wheat,Uttarakhand,Dehradun,2021-06-06,2067.75,2427.36,2247.55
Wheat,Uttarakhand,Dehradun,2021-06-13,1969.03,2311.47,2140.25
Wheat,Uttarakhand,Dehradun,2021-06-20,1911.44,2243.87,2077.66
Wheat,Uttarakhand,Dehradun,2021-06-27,2036.92,2391.17,2214.04
Wheat,Uttarakhand,Dehradun,2021-07-04,2055.33,2412.78,2234.05
Wheat,Uttarakhand,Dehradun,2021-07-11,1960.16,2301.05,2130.61
Wheat,Uttarakhand,Dehradun,2021-07-18,1860.4,2183.95,2022.18
Wheat,Uttarakhand,Dehradun,2021-07-25,2083.02,2445.28,2264.15
Wheat,Uttarakhand,Dehradun,2021-08-01,1847.02,2168.25,2007.63
Wheat,Uttarakhand,Dehradun,2021-08-08,1874.95,2201.03,2037.99
Wheat,Uttarakhand,Dehradun,2021-08-15,1937.11,2274.0,2105.56
Wheat,Uttarakhand,Dehradun,2021-08-22,1892.58,2221.72,2057.15
Wheat,Uttarakhand,Dehradun,2021-08-29,1992.2,2338.66,2165.43
Wheat,Uttarakhand,Dehradun,2021-09-05,1989.77,2335.82,2162.79
Wheat,Uttarakhand,Dehradun,2021-09-12,1997.74,2345.17,2171.46
Wheat,Uttarakhand,Dehradun,2021-09-19,1996.79,2344.06,2170.43
Wheat,Uttarakhand,Dehradun,2021-09-26,1983.87,2328.89,2156.38
Wheat,Uttarakhand,Dehradun,2021-10-03,1831.97,2150.57,1991.27
Wheat,Uttarakhand,Dehradun,2021-10-10,1862.72,2186.67,2024.7
Wheat,Uttarakhand,Dehradun,2021-10-17,1830.08,2148.35,1989.21
Wheat,Uttarakhand,Dehradun,2021-10-24,2005.39,2354.15,2179.77
Wheat,Uttarakhand,Dehradun,2021-10-31,1882.62,2210.03,2046.33
Wheat,Uttarakhand,Dehradun,2021-11-07,1804.43,2118.24,1961.34
Wheat,Uttarakhand,Dehradun,2021-11-14,1760.35,2066.5,1913.43
Wheat,Uttarakhand,Dehradun,2021-11-21,1753.26,2058.18,1905.72
Wheat,Uttarakhand,Dehradun,2021-11-28,1729.68,2030.49,1880.08
Wheat,Uttarakhand,Dehradun,2021-12-05,1707.23,2004.14,1855.68
Wheat,Uttarakhand,Dehradun,2021-12-12,1696.05,1991.01,1843.53
Wheat,Uttarakhand,Dehradun,2021-12-19,1667.73,1957.76,1812.75
Wheat,Uttarakhand,Dehradun,2021-12-26,1582.03,1857.17,1719.6
Wheat,Uttarakhand,Dehradun,2022-01-02,1653.98,1941.63,1797.8
Wheat,Uttarakhand,Dehradun,2022-01-09,1627.17,1910.16,1768.67
Wheat,Uttarakhand,Dehradun,2022-01-16,1612.89,1893.4,1753.14
Wheat,Uttarakhand,Dehradun,2022-01-23,1683.14,1975.86,1829.5
Wheat,Uttarakhand,Dehradun,2022-01-30,1597.93,1875.83,1736.88
Wheat,Uttarakhand,Dehradun,2022-02-06,1732.29,2033.56,1882.92
Wheat,Uttarakhand,Dehradun,2022-02-13,1554.04,1824.3,1689.17
Wheat,Uttarakhand,Dehradun,2022-02-20,1685.97,1979.18,1832.57
Wheat,Uttarakhand,Dehradun,2022-02-27,1822.27,2139.19,1980.73
Wheat,Uttarakhand,Dehradun,2022-03-06,1722.25,2021.77,1872.01
Wheat,Uttarakhand,Dehradun,2022-03-13,1713.58,2011.6,1862.59
Wheat,Uttarakhand,Dehradun,2022-03-20,1738.71,2041.1,1889.91
Wheat,Uttarakhand,Dehradun,2022-03-27,1797.18,2109.73,1953.45
Wheat,Uttarakhand,Dehradun,2022-04-03,1790.51,2101.91,1946.21
Wheat,Uttarakhand,Dehradun,2022-04-10,1783.2,2093.32,1938.26
Wheat,Uttarakhand,Dehradun,2022-04-17,1871.15,2196.56,2033.85
Wheat,Uttarakhand,Dehradun,2022-04-24,1799.34,2112.26,1955.8
Wheat,Uttarakhand,Dehradun,2022-05-01,1936.25,2272.99,2104.62
Wheat,Uttarakhand,Dehradun,2022-05-08,1900.11,2230.57,2065.34
Wheat,Uttarakhand,Dehradun,2022-05-15,1929.49,2265.05,2097.27
Wheat,Uttarakhand,Dehradun,2022-05-22,1819.7,2136.16,1977.93
Wheat,Uttarakhand,Dehradun,2022-05-29,1709.25,2006.51,1857.88
Wheat,Uttarakhand,Dehradun,2022-06-05,1967.47,2309.64,2138.55
Wheat,Uttarakhand,Dehradun,2022-06-12,1845.08,2165.96,2005.52
Wheat,Uttarakhand,Dehradun,2022-06-19,1858.23,2181.41,2019.82
Wheat,Uttarakhand,Dehradun,2022-06-26,1839.86,2159.84,1999.85
Wheat,Uttarakhand,Dehradun,2022-07-03,1940.71,2278.22,2109.46
Wheat,Uttarakhand,Dehradun,2022-07-10,1783.43,2093.59,1938.51
Wheat,Uttarakhand,Dehradun,2022-07-17,1870.04,2195.27,2032.66
Wheat,Uttarakhand,Dehradun,2022-07-24,1997.34,2344.71,2171.03
Wheat,Uttarakhand,Dehradun,2022-07-31,1903.12,2234.1,2068.61
Wheat,Uttarakhand,Dehradun,2022-08-07,1976.29,2319.99,2148.14
Wheat,Uttarakhand,Dehradun,2022-08-14,1954.09,2293.93,2124.01
Wheat,Uttarakhand,Dehradun,2022-08-21,1995.81,2342.91,2169.36
Wheat,Uttarakhand,Dehradun,2022-08-28,2058.13,2416.06,2237.1
Wheat,Uttarakhand,Dehradun,2022-09-04,1997.91,2345.37,2171.64
Wheat,Uttarakhand,Dehradun,2022-09-11,1927.58,2262.81,2095.19
Wheat,Uttarakhand,Dehradun,2022-09-18,1923.72,2258.28,2091.0
Wheat,Uttarakhand,Dehradun,2022-09-25,1833.49,2152.36,1992.93
Wheat,Uttarakhand,Dehradun,2022-10-02,1831.38,2149.88,1990.63
Wheat,Uttarakhand,Dehradun,2022-10-09,1929.22,2264.74,2096.98
Wheat,Uttarakhand,Dehradun,2022-10-16,1919.85,2253.74,2086.8
Wheat,Uttarakhand,Dehradun,2022-10-23,1914.13,2247.02,2080.58
Wheat,Uttarakhand,Dehradun,2022-10-30,1981.44,2326.04,2153.74
Wheat,Uttarakhand,Dehradun,2022-11-06,1922.15,2256.44,2089.3
Wheat,Uttarakhand,Dehradun,2022-11-13,2031.98,2385.37,2208.68
Wheat,Uttarakhand,Dehradun,2022-11-20,1904.07,2235.22,2069.65
Wheat,Uttarakhand,Dehradun,2022-11-27,1898.54,2228.72,2063.63
Wheat,Uttarakhand,Dehradun,2022-12-04,1946.11,2284.57,2115.34
Wheat,Uttarakhand,Dehradun,2022-12-11,1843.0,2163.52,2003.26
Wheat,Uttarakhand,Dehradun,2022-12-18,1861.91,2185.72,2023.81
Wheat,Uttarakhand,Dehradun,2022-12-25,1861.85,2185.65,2023.75
Wheat,Uttarakhand,Dehradun,2023-01-01,1938.25,2275.33,2106.79
Wheat,Uttarakhand,Dehradun,2023-01-08,1879.73,2206.64,2043.18
Wheat,Uttarakhand,Dehradun,2023-01-15,1893.26,2222.53,2057.89
Wheat,Uttarakhand,Dehradun,2023-01-22,1869.66,2194.82,2032.24
Wheat,Uttarakhand,Dehradun,2023-01-29,1889.75,2218.4,2054.07
Wheat,Uttarakhand,Dehradun,2023-02-05,1911.75,2244.23,2077.99
Wheat,Uttarakhand,Dehradun,2023-02-12,1958.54,2299.15,2128.84
Wheat,Uttarakhand,Dehradun,2023-02-19,1868.71,2193.7,2031.2
Wheat,Uttarakhand,Dehradun,2023-02-26,1901.06,2231.68,2066.37
Wheat,Uttarakhand,Dehradun,2023-03-05,1945.2,2283.5,2114.35
Wheat,Uttarakhand,Dehradun,2023-03-12,1962.67,2304.0,2133.34
Wheat,Uttarakhand,Dehradun,2023-03-19,1948.89,2287.83,2118.36
Wheat,Uttarakhand,Dehradun,2023-03-26,1894.29,2223.74,2059.01
Wheat,Uttarakhand,Dehradun,2023-04-02,1964.76,2306.46,2135.61
Wheat,Uttarakhand,Dehradun,2023-04-09,2010.1,2359.69,2184.9
Wheat,Uttarakhand,Dehradun,2023-04-16,1948.59,2287.47,2118.03
Wheat,Uttarakhand,Dehradun,2023-04-23,1908.7,2240.65,2074.68
Wheat,Uttarakhand,Dehradun,2023-04-30,1911.02,2243.37,2077.2
Wheat,Uttarakhand,Dehradun,2023-05-07,1986.96,2332.52,2159.74
Wheat,Uttarakhand,Dehradun,2023-05-14,1950.67,2289.92,2120.29
Wheat,Uttarakhand,Dehradun,2023-05-21,1860.03,2183.51,2021.77
Wheat,Uttarakhand,Dehradun,2023-05-28,1936.52,2273.31,2104.92
Wheat,Uttarakhand,Dehradun,2023-06-04,2113.51,2481.08,2297.29
Wheat,Uttarakhand,Dehradun,2023-06-11,2056.7,2414.39,2235.54
Wheat,Uttarakhand,Dehradun,2023-06-18,1970.61,2313.33,2141.97
Wheat,Uttarakhand,Dehradun,2023-06-25,2030.72,2383.89,2207.3
Wheat,Uttarakhand,Dehradun,2023-07-02,2078.11,2439.52,2258.81
Wheat,Uttarakhand,Dehradun,2023-07-09,2070.77,2430.91,2250.84
Wheat,Uttarakhand,Dehradun,2023-07-16,2129.63,2500.0,2314.81
Wheat,Uttarakhand,Dehradun,2023-07-23,2180.74,2560.0,2370.37
Wheat,Uttarakhand,Dehradun,2023-07-30,2048.44,2404.69,2226.57
Wheat,Uttarakhand,Dehradun,2023-08-06,2060.96,2419.38,2240.17
Wheat,Uttarakhand,Dehradun,2023-08-13,2199.03,2581.47,2390.25
Wheat,Uttarakhand,Dehradun,2023-08-20,2204.9,2588.36,2396.63
Wheat,Uttarakhand,Dehradun,2023-08-27,2099.63,2464.78,2282.21
Wheat,Uttarakhand,Dehradun,2023-09-03,2047.58,2403.68,2225.63
Wheat,Uttarakhand,Dehradun,2023-09-10,2097.51,2462.29,2279.9
Wheat,Uttarakhand,Dehradun,2023-09-17,2188.79,2569.45,2379.12
Wheat,Uttarakhand,Dehradun,2023-09-24,2153.82,2528.4,2341.11
Wheat,Uttarakhand,Dehradun,2023-10-01,1955.26,2295.31,2125.28
Wheat,Uttarakhand,Dehradun,2023-10-08,2149.47,2523.29,2336.38
Wheat,Uttarakhand,Dehradun,2023-10-15,1961.11,2302.18,2131.65
Wheat,Uttarakhand,Dehradun,2023-10-22,2042.33,2397.52,2219.93
Wheat,Uttarakhand,Dehradun,2023-10-29,2079.47,2441.11,2260.29
Wheat,Uttarakhand,Dehradun,2023-11-05,2022.21,2373.9,2198.06
Wheat,Uttarakhand,Dehradun,2023-11-12,1972.38,2315.41,2143.9
Wheat,Uttarakhand,Dehradun,2023-11-19,2002.99,2351.33,2177.16
Wheat,Uttarakhand,Dehradun,2023-11-26,2073.11,2433.66,2253.39
Wheat,Uttarakhand,Dehradun,2023-12-03,2087.22,2450.22,2268.72
Wheat,Uttarakhand,Dehradun,2023-12-10,2069.97,2429.96,2249.97
Wheat,Uttarakhand,Dehradun,2023-12-17,2093.91,2458.06,2275.98
Wheat,Uttarakhand,Dehradun,2023-12-24,1953.15,2292.83,2122.99
Wheat,Uttarakhand,Dehradun,2023-12-31,1949.95,2289.07,2119.51
Wheat,Uttarakhand,Dehradun,2024-01-07,2006.75,2355.74,2181.24
Wheat,Uttarakhand,Dehradun,2024-01-14,2115.05,2482.89,2298.97
Wheat,Uttarakhand,Dehradun,2024-01-21,2111.25,2478.42,2294.84
Wheat,Uttarakhand,Dehradun,2024-01-28,1957.86,2298.36,2128.11
Wheat,Uttarakhand,Dehradun,2024-02-04,2133.35,2504.37,2318.86
Wheat,Uttarakhand,Dehradun,2024-02-11,2093.82,2457.96,2275.89
Wheat,Uttarakhand,Dehradun,2024-02-18,2072.27,2432.67,2252.47
Wheat,Uttarakhand,Dehradun,2024-02-25,2076.63,2437.78,2257.21
Wheat,Uttarakhand,Dehradun,2024-03-03,2036.02,2390.11,2213.06
Wheat,Uttarakhand,Dehradun,2024-03-10,2107.21,2473.68,2290.44
Wheat,Uttarakhand,Dehradun,2024-03-17,2168.72,2545.89,2357.31
Wheat,Uttarakhand,Dehradun,2024-03-24,2312.06,2714.16,2513.11
Wheat,Uttarakhand,Dehradun,2024-03-31,2179.54,2558.59,2369.06
Wheat,Uttarakhand,Dehradun,2024-04-07,2203.64,2586.88,2395.26
Wheat,Uttarakhand,Dehradun,2024-04-14,2248.99,2640.11,2444.55
Wheat,Uttarakhand,Dehradun,2024-04-21,2227.11,2614.43,2420.77
Wheat,Uttarakhand,Dehradun,2024-04-28,2288.85,2686.91,2487.88
Wheat,Uttarakhand,Dehradun,2024-05-05,2344.41,2752.14,2548.27
Wheat,Uttarakhand,Dehradun,2024-05-12,2340.83,2747.93,2544.38
Wheat,Uttarakhand,Dehradun,2024-05-19,2423.59,2845.08,2634.33
Wheat,Uttarakhand,Dehradun,2024-05-26,2366.34,2777.88,2572.11
Wheat,Uttarakhand,Dehradun,2024-06-02,2344.32,2752.03,2548.18
Wheat,Uttarakhand,Dehradun,2024-06-09,2540.83,2982.71,2761.77
Wheat,Uttarakhand,Dehradun,2024-06-16,2381.08,2795.18,2588.13
Wheat,Uttarakhand,Dehradun,2024-06-23,2463.86,2892.36,2678.11
Wheat,Uttarakhand,Dehradun,2024-06-30,2424.42,2846.05,2635.23
Wheat,Uttarakhand,Dehradun,2024-07-07,2413.54,2833.29,2623.42
Wheat,Uttarakhand,Dehradun,2024-07-14,2463.36,2891.77,2677.56
Wheat,Uttarakhand,Dehradun,2024-07-21,2376.9,2790.28,2583.59
Wheat,Uttarakhand,Dehradun,2024-07-28,2405.13,2823.41,2614.27
Wheat,Uttarakhand,Dehradun,2024-08-04,2583.92,3033.29,2808.61
Wheat,Uttarakhand,Dehradun,2024-08-11,2366.66,2778.26,2572.46
Wheat,Uttarakhand,Dehradun,2024-08-18,2347.14,2755.33,2551.23
Wheat,Uttarakhand,Dehradun,2024-08-25,2382.17,2796.46,2589.32
Wheat,Uttarakhand,Dehradun,2024-09-01,2325.05,2729.41,2527.23
Wheat,Uttarakhand,Dehradun,2024-09-08,2378.75,2792.45,2585.6
Wheat,Uttarakhand,Dehradun,2024-09-15,2387.08,2802.22,2594.65
Wheat,Uttarakhand,Dehradun,2024-09-22,2432.91,2856.03,2644.47
Wheat,Uttarakhand,Dehradun,2024-09-29,2257.28,2649.85,2453.56
Wheat,Uttarakhand,Dehradun,2024-10-06,2378.71,2792.4,2585.55
Wheat,Uttarakhand,Dehradun,2024-10-13,2270.71,2665.62,2468.16
Wheat,Uttarakhand,Dehradun,2024-10-20,2298.07,2697.74,2497.91
Wheat,Uttarakhand,Dehradun,2024-10-27,2352.47,2761.6,2557.03
Wheat,Uttarakhand,Dehradun,2024-11-03,2309.43,2711.07,2510.25
Wheat,Uttarakhand,Dehradun,2024-11-10,2325.44,2729.86,2527.65
Wheat,Uttarakhand,Dehradun,2024-11-17,2360.63,2771.18,2565.9
Wheat,Uttarakhand,Dehradun,2024-11-24,2159.32,2534.85,2347.09
Wheat,Uttarakhand,Dehradun,2024-12-01,2254.62,2646.73,2450.68
Wheat,Uttarakhand,Dehradun,2024-12-08,2213.41,2598.35,2405.88
Wheat,Uttarakhand,Dehradun,2024-12-15,2235.54,2624.32,2429.93
Wheat,Uttarakhand,Dehradun,2024-12-22,2264.16,2657.93,2461.05
Wheat,Uttarakhand,Dehradun,2024-12-29,2418.83,2839.5,2629.17
Wheat,Uttarakhand,Dehradun,2025-01-05,2277.8,2673.94,2475.87
Wheat,Uttarakhand,Dehradun,2025-01-12,2389.66,2805.25,2597.45
Wheat,Uttarakhand,Dehradun,2025-01-19,2310.04,2711.78,2510.91
Wheat,Uttarakhand,Dehradun,2025-01-26,2405.31,2823.63,2614.47
Wheat,Uttarakhand,Dehradun,2025-02-02,2493.7,2927.39,2710.55
Wheat,Uttarakhand,Dehradun,2025-02-09,2483.93,2915.91,2699.92
Wheat,Uttarakhand,Dehradun,2025-02-16,2522.92,2961.68,2742.3
Wheat,Uttarakhand,Dehradun,2025-02-23,2346.55,2754.64,2550.59
Wheat,Uttarakhand,Dehradun,2025-03-02,2465.16,2893.88,2679.52
Wheat,Uttarakhand,Dehradun,2025-03-09,2399.78,2817.13,2608.46
Wheat,Uttarakhand,Dehradun,2025-03-16,2484.53,2916.63,2700.58
Wheat,Uttarakhand,Dehradun,2025-03-23,2374.14,2787.03,2580.58
Wheat,Uttarakhand,Dehradun,2025-03-30,2436.29,2859.99,2648.14
Wheat,Uttarakhand,Dehradun,2025-04-06,2427.79,2850.02,2638.9
Wheat,Uttarakhand,Dehradun,2025-04-13,2443.88,2868.91,2656.4
Wheat,Uttarakhand,Dehradun,2025-04-20,2522.25,2960.91,2741.58
Wheat,Uttarakhand,Dehradun,2025-04-27,2468.39,2897.68,2683.04
Wheat,Uttarakhand,Dehradun,2025-05-04,2545.96,2988.74,2767.35
Wheat,Uttarakhand,Dehradun,2025-05-11,2465.36,2894.12,2679.74
Wheat,Uttarakhand,Dehradun,2025-05-18,2475.58,2906.11,2690.84
Wheat,Uttarakhand,Dehradun,2025-05-25,2544.51,2987.04,2765.78
Wheat,Uttarakhand,Dehradun,2025-06-01,2497.71,2932.1,2714.9
Wheat,Uttarakhand,Dehradun,2025-06-08,2554.56,2998.84,2776.7
Wheat,Uttarakhand,Dehradun,2025-06-15,2636.05,3094.49,2865.27
Wheat,Uttarakhand,Dehradun,2025-06-22,2616.63,3071.7,2844.16
Wheat,Uttarakhand,Dehradun,2025-06-29,2707.32,3178.16,2942.74
Wheat,Uttarakhand,Dehradun,2025-07-06,2598.18,3050.04,2824.11
Wheat,Uttarakhand,Dehradun,2025-07-13,2577.99,3026.34,2802.17
Wheat,Uttarakhand,Dehradun,2025-07-20,2625.54,3082.15,2853.85
Wheat,Uttarakhand,Dehradun,2025-07-27,2544.58,2987.12,2765.85
Wheat,Uttarakhand,Dehradun,2025-08-03,2601.07,3053.43,2827.25
Wheat,Uttarakhand,Dehradun,2025-08-10,2607.81,3061.34,2834.57
Wheat,Uttarakhand,Dehradun,2025-08-17,2639.78,3098.87,2869.32
Wheat,Uttarakhand,Dehradun,2025-08-24,2509.51,2945.95,2727.73
Wheat,Uttarakhand,Dehradun,2025-08-31,2602.68,3055.32,2829.0
Wheat,Uttarakhand,Dehradun,2025-09-07,2462.58,2890.85,2676.72
Wheat,Uttarakhand,Dehradun,2025-09-14,2415.49,2835.57,2625.53
Wheat,Uttarakhand,Dehradun,2025-09-21,2481.98,2913.62,2697.8
Wheat,Uttarakhand,Dehradun,2025-09-28,2512.66,2949.64,2731.15
Wheat,Uttarakhand,Dehradun,2025-10-05,2373.09,2785.8,2579.45
Wheat,Uttarakhand,Dehradun,2025-10-12,2469.84,2899.38,2684.61
Wheat,Uttarakhand,Dehradun,2025-10-19,2485.21,2917.42,2701.31
Wheat,Uttarakhand,Dehradun,2025-10-26,2391.44,2807.34,2599.39
Wheat,Uttarakhand,Dehradun,2025-11-02,2340.07,2747.04,2543.55
Wheat,Uttarakhand,Dehradun,2025-11-09,2450.25,2876.38,2663.32
Wheat,Uttarakhand,Dehradun,2025-11-16,2450.06,2876.16,2663.11
Wheat,Uttarakhand,Dehradun,2025-11-23,2441.42,2866.02,2653.72
Wheat,Uttarakhand,Dehradun,2025-11-30,2487.01,2919.53,2703.27
Wheat,Uttarakhand,Dehradun,2025-12-07,2317.08,2720.05,2518.56
Wheat,Uttarakhand,Dehradun,2025-12-14,2451.86,2878.28,2665.07
Wheat,Uttarakhand,Dehradun,2025-12-21,2325.61,2730.06,2527.83
Wheat,Uttarakhand,Dehradun,2025-12-28,2406.16,2824.63,2615.39
Wheat,Uttarakhand,Dehradun,2026-01-04,2326.25,2730.82,2528.54
Wheat,Uttarakhand,Dehradun,2026-01-11,2493.57,2927.23,2710.4
Wheat,Uttarakhand,Dehradun,2026-01-18,2407.03,2825.64,2616.33
Wheat,Uttarakhand,Dehradun,2026-01-25,2477.04,2907.83,2692.43
Wheat,Uttarakhand,Dehradun,2026-02-01,2540.04,2981.79,2760.91
Wheat,Uttarakhand,Dehradun,2026-02-08,2583.55,3032.86,2808.21
Wheat,Uttarakhand,Dehradun,2026-02-15,2513.46,2950.58,2732.02
Wheat,Uttarakhand,Dehradun,2026-02-22,2484.63,2916.74,2700.69
Wheat,Uttarakhand,Dehradun,2026-03-01,2642.06,3101.55,2871.81
Wheat,Uttarakhand,Dehradun,2026-03-08,2583.71,3033.06,2808.39
Wheat,Uttarakhand,Dehradun,2026-03-15,2529.96,2969.95,2749.96
Wheat,Uttarakhand,Dehradun,2026-03-22,2525.4,2964.6,2745.0
Wheat,Uttarakhand,Dehradun,2026-03-29,2476.22,2906.87,2691.54
Wheat,Uttarakhand,Dehradun,2026-04-05,2515.27,2952.71,2733.99
Wheat,Uttarakhand,Dehradun,2026-04-12,2530.51,2970.59,2750.55
Wheat,Uttarakhand,Dehradun,2026-04-19,2392.26,2808.3,2600.28
Wheat,Uttarakhand,Dehradun,2026-04-26,2480.11,2911.44,2695.78
Wheat,Uttarakhand,Dehradun,2026-05-03,2577.56,3025.83,2801.69
Wheat,Uttarakhand,Dehradun,2026-05-10,2553.4,2997.46,2775.43
Wheat,Uttarakhand,Dehradun,2026-05-17,2510.52,2947.14,2728.83
Wheat,Uttarakhand,Dehradun,2026-05-24,2584.33,3033.78,2809.06
Wheat,Uttarakhand,Dehradun,2026-05-31,2587.73,3037.77,2812.75
Wheat,Uttarakhand,Dehradun,2026-06-07,2708.6,3179.66,2944.13
Wheat,Uttarakhand,Dehradun,2026-06-14,2713.34,3185.23,2949.28
Wheat,Uttarakhand,Dehradun,2026-06-21,2640.92,3100.22,2870.57
Wheat,Uttarakhand,Dehradun,2026-06-28,2647.43,3107.85,2877.64
Wheat,Uttarakhand,Dehradun,2026-07-05,2590.42,3040.93,2815.67
Wheat,Uttarakhand,Dehradun,2026-07-12,2643.7,3103.48,2873.59
Wheat,Uttarakhand,Dehradun,2026-07-19,2724.71,3198.57,2961.64
Wheat,Uttarakhand,Dehradun,2026-07-26,2549.48,2992.86,2771.17
Wheat,Uttarakhand,Dehradun,2026-08-02,2583.45,3032.74,2808.1
Wheat,Uttarakhand,Dehradun,2026-08-09,2604.83,3057.84,2831.33
Wheat,Uttarakhand,Dehradun,2026-08-16,2476.19,2906.83,2691.51
Wheat,Uttarakhand,Dehradun,2026-08-23,2585.03,3034.6,2809.82
Wheat,Uttarakhand,Dehradun,2026-08-30,2656.9,3118.97,2887.94
Rice,Maharashtra,Pune,2020-01-05,2945.83,3458.15,3201.99
Rice,Maharashtra,Pune,2020-01-12,2952.29,3465.73,3209.01
Rice,Maharashtra,Pune,2020-01-19,3005.77,3528.51,3267.14
Rice,Maharashtra,Pune,2020-01-26,2884.11,3385.7,3134.91
Rice,Maharashtra,Pune,2020-02-02,2968.3,3484.53,3226.41
Rice,Maharashtra,Pune,2020-02-09,2943.38,3455.27,3199.32
Rice,Maharashtra,Pune,2020-02-16,2945.16,3457.36,3201.26
Rice,Maharashtra,Pune,2020-02-23,2917.55,3424.95,3171.25
Rice,Maharashtra,Pune,2020-03-01,3032.08,3559.4,3295.74
Rice,Maharashtra,Pune,2020-03-08,3009.69,3533.12,3271.4
Rice,Maharashtra,Pune,2020-03-15,2835.24,3328.33,3081.79
Rice,Maharashtra,Pune,2020-03-22,2825.54,3316.93,3071.23
Rice,Maharashtra,Pune,2020-03-29,3121.73,3664.64,3393.18
Rice,Maharashtra,Pune,2020-04-05,2799.62,3286.51,3043.07
Rice,Maharashtra,Pune,2020-04-12,3045.56,3575.22,3310.39
Rice,Maharashtra,Pune,2020-04-19,2762.04,3242.39,3002.22
Rice,Maharashtra,Pune,2020-04-26,3021.56,3547.05,3284.31
Rice,Maharashtra,Pune,2020-05-03,2687.85,3155.3,2921.58
Rice,Maharashtra,Pune,2020-05-10,2955.41,3469.4,3212.4
Rice,Maharashtra,Pune,2020-05-17,2785.15,3269.53,3027.34
Rice,Maharashtra,Pune,2020-05-24,2834.4,3327.34,3080.87
Rice,Maharashtra,Pune,2020-05-31,2966.6,3482.53,3224.57
Rice,Maharashtra,Pune,2020-06-07,2724.25,3198.03,2961.14
Rice,Maharashtra,Pune,2020-06-14,2863.62,3361.64,3112.63
Rice,Maharashtra,Pune,2020-06-21,2968.68,3484.98,3226.83
Rice,Maharashtra,Pune,2020-06-28,2826.81,3318.43,3072.62
Rice,Maharashtra,Pune,2020-07-05,2671.44,3136.04,2903.74
Rice,Maharashtra,Pune,2020-07-12,2994.74,3515.56,3255.15
Rice,Maharashtra,Pune,2020-07-19,2755.49,3234.7,2995.1
Rice,Maharashtra,Pune,2020-07-26,2782.35,3266.23,3024.29
Rice,Maharashtra,Pune,2020-08-02,2694.46,3163.06,2928.76
Rice,Maharashtra,Pune,2020-08-09,2741.78,3218.61,2980.19
Rice,Maharashtra,Pune,2020-08-16,2841.81,3336.03,3088.92
Rice,Maharashtra,Pune,2020-08-23,2775.7,3258.43,3017.06
Rice,Maharashtra,Pune,2020-08-30,2860.04,3357.44,3108.74
Rice,Maharashtra,Pune,2020-09-06,2919.43,3427.16,3173.29
Rice,Maharashtra,Pune,2020-09-13,2944.06,3456.07,3200.07
Rice,Maharashtra,Pune,2020-09-20,2865.1,3363.38,3114.24
Rice,Maharashtra,Pune,2020-09-27,2842.84,3337.25,3090.04
Rice,Maharashtra,Pune,2020-10-04,2844.05,3338.67,3091.36
Rice,Maharashtra,Pune,2020-10-11,2792.07,3277.65,3034.86
Rice,Maharashtra,Pune,2020-10-18,3026.62,3552.99,3289.8
Rice,Maharashtra,Pune,2020-10-25,2873.75,3373.53,3123.64
Rice,Maharashtra,Pune,2020-11-01,2961.94,3477.06,3219.5
Rice,Maharashtra,Pune,2020-11-08,2974.82,3492.18,3233.5
Rice,Maharashtra,Pune,2020-11-15,3043.89,3573.27,3308.58
Rice,Maharashtra,Pune,2020-11-22,3145.97,3693.1,3419.53
Rice,Maharashtra,Pune,2020-11-29,3038.36,3566.77,3302.57
Rice,Maharashtra,Pune,2020-12-06,3337.83,3918.32,3628.08
Rice,Maharashtra,Pune,2020-12-13,3304.5,3879.19,3591.85
Rice,Maharashtra,Pune,2020-12-20,3216.88,3776.34,3496.61
Rice,Maharashtra,Pune,2020-12-27,3159.79,3709.31,3434.55
Rice,Maharashtra,Pune,2021-01-03,3390.63,3980.3,3685.46
Rice,Maharashtra,Pune,2021-01-10,3347.59,3929.77,3638.68
Rice,Maharashtra,Pune,2021-01-17,3474.24,4078.46,3776.35
Rice,Maharashtra,Pune,2021-01-24,3327.25,3905.9,3616.58
Rice,Maharashtra,Pune,2021-01-31,3368.73,3954.6,3661.67
Rice,Maharashtra,Pune,2021-02-07,3361.91,3946.59,3654.25
Rice,Maharashtra,Pune,2021-02-14,3404.16,3996.19,3700.17
Rice,Maharashtra,Pune,2021-02-21,3302.57,3876.93,3589.75
Rice,Maharashtra,Pune,2021-02-28,3421.37,4016.39,3718.88
Rice,Maharashtra,Pune,2021-03-07,3280.22,3850.69,3565.45
Rice,Maharashtra,Pune,2021-03-14,3210.82,3769.22,3490.02
Rice,Maharashtra,Pune,2021-03-21,3177.94,3730.62,3454.28
Rice,Maharashtra,Pune,2021-03-28,3290.89,3863.22,3577.05
Rice,Maharashtra,Pune,2021-04-04,3055.18,3586.51,3320.85
Rice,Maharashtra,Pune,2021-04-11,3068.89,3602.61,3335.75
Rice,Maharashtra,Pune,2021-04-18,3169.94,3721.24,3445.59
Rice,Maharashtra,Pune,2021-04-25,3142.83,3689.41,3416.12
Rice,Maharashtra,Pune,2021-05-02,3050.94,3581.54,3316.24
Rice,Maharashtra,Pune,2021-05-09,3054.86,3586.14,3320.5
Rice,Maharashtra,Pune,2021-05-16,2993.85,3514.52,3254.18
Rice,Maharashtra,Pune,2021-05-23,2982.3,3500.96,3241.63
Rice,Maharashtra,Pune,2021-05-30,2880.11,3381.0,3130.55
Rice,Maharashtra,Pune,2021-06-06,2921.29,3429.34,3175.32
Rice,Maharashtra,Pune,2021-06-13,2889.68,3392.24,3140.96
Rice,Maharashtra,Pune,2021-06-20,2975.03,3492.42,3233.72
Rice,Maharashtra,Pune,2021-06-27,2878.97,3379.66,3129.31
Rice,Maharashtra,Pune,2021-07-04,2949.72,3462.72,3206.22
Rice,Maharashtra,Pune,2021-07-11,2760.51,3240.6,3000.55
Rice,Maharashtra,Pune,2021-07-18,3096.46,3634.97,3365.71
Rice,Maharashtra,Pune,2021-07-25,2860.86,3358.4,3109.63
Rice,Maharashtra,Pune,2021-08-01,2974.57,3491.89,3233.23
Rice,Maharashtra,Pune,2021-08-08,2880.88,3381.9,3131.39
Rice,Maharashtra,Pune,2021-08-15,3040.67,3569.48,3305.07
Rice,Maharashtra,Pune,2021-08-22,3017.92,3542.77,3280.35
Rice,Maharashtra,Pune,2021-08-29,3083.02,3619.2,3351.11
Rice,Maharashtra,Pune,2021-09-05,3119.84,3662.42,3391.13
Rice,Maharashtra,Pune,2021-09-12,3060.59,3592.87,3326.73
Rice,Maharashtra,Pune,2021-09-19,3045.05,3574.62,3309.83
Rice,Maharashtra,Pune,2021-09-26,3077.82,3613.09,3345.45
Rice,Maharashtra,Pune,2021-10-03,3119.92,3662.51,3391.22
Rice,Maharashtra,Pune,2021-10-10,3249.47,3814.59,3532.03
Rice,Maharashtra,Pune,2021-10-17,3102.73,3642.33,3372.53
Rice,Maharashtra,Pune,2021-10-24,3246.53,3811.15,3528.84
Rice,Maharashtra,Pune,2021-10-31,3243.92,3808.08,3526.0
Rice,Maharashtra,Pune,2021-11-07,3424.88,4020.51,3722.7
Rice,Maharashtra,Pune,2021-11-14,3469.96,4073.43,3771.7
Rice,Maharashtra,Pune,2021-11-21,3384.12,3972.66,3678.39
Rice,Maharashtra,Pune,2021-11-28,3420.92,4015.86,3718.39
Rice,Maharashtra,Pune,2021-12-05,3466.98,4069.94,3768.46
Rice,Maharashtra,Pune,2021-12-12,3621.15,4250.92,3936.03
Rice,Maharashtra,Pune,2021-12-19,3422.97,4018.27,3720.62
Rice,Maharashtra,Pune,2021-12-26,3508.17,4118.28,3813.22
Rice,Maharashtra,Pune,2022-01-02,3704.42,4348.67,4026.54
Rice,Maharashtra,Pune,2022-01-09,3612.8,4241.12,3926.96
Rice,Maharashtra,Pune,2022-01-16,3474.78,4079.09,3776.93
Rice,Maharashtra,Pune,2022-01-23,3418.17,4012.64,3715.4
Rice,Maharashtra,Pune,2022-01-30,3594.23,4219.32,3906.78
Rice,Maharashtra,Pune,2022-02-06,3835.35,4502.37,4168.86
Rice,Maharashtra,Pune,2022-02-13,3644.57,4278.41,3961.49
Rice,Maharashtra,Pune,2022-02-20,3807.49,4469.66,4138.57
Rice,Maharashtra,Pune,2022-02-27,3499.84,4108.51,3804.17
Rice,Maharashtra,Pune,2022-03-06,3601.16,4227.44,3914.3
Rice,Maharashtra,Pune,2022-03-13,3650.31,4285.15,3967.73
Rice,Maharashtra,Pune,2022-03-20,3360.84,3945.33,3653.08
Rice,Maharashtra,Pune,2022-03-27,3495.72,4103.67,3799.69
Rice,Maharashtra,Pune,2022-04-03,3432.13,4029.03,3730.58
Rice,Maharashtra,Pune,2022-04-10,3429.88,4026.38,3728.13
Rice,Maharashtra,Pune,2022-04-17,3416.38,4010.54,3713.46
Rice,Maharashtra,Pune,2022-04-24,3315.93,3892.61,3604.27
Rice,Maharashtra,Pune,2022-05-01,3351.82,3934.75,3643.28
Rice,Maharashtra,Pune,2022-05-08,3331.98,3911.46,3621.72
Rice,Maharashtra,Pune,2022-05-15,3281.9,3852.66,3567.28
Rice,Maharashtra,Pune,2022-05-22,3259.24,3826.07,3542.65
Rice,Maharashtra,Pune,2022-05-29,3164.66,3715.03,3439.84
Rice,Maharashtra,Pune,2022-06-05,3223.08,3783.61,3503.34
Rice,Maharashtra,Pune,2022-06-12,3192.05,3747.19,3469.62
Rice,Maharashtra,Pune,2022-06-19,3058.48,3590.39,3324.44
Rice,Maharashtra,Pune,2022-06-26,3370.85,3957.08,3663.97
Rice,Maharashtra,Pune,2022-07-03,3193.1,3748.42,3470.76
Rice,Maharashtra,Pune,2022-07-10,3201.43,3758.2,3479.81
Rice,Maharashtra,Pune,2022-07-17,3247.06,3811.76,3529.41
Rice,Maharashtra,Pune,2022-07-24,3190.03,3744.82,3467.42
Rice,Maharashtra,Pune,2022-07-31,3266.79,3834.93,3550.86
Rice,Maharashtra,Pune,2022-08-07,3163.39,3713.54,3438.47
Rice,Maharashtra,Pune,2022-08-14,3190.89,3745.83,3468.36
Rice,Maharashtra,Pune,2022-08-21,3152.5,3700.77,3426.64
Rice,Maharashtra,Pune,2022-08-28,3206.6,3764.26,3485.43
Rice,Maharashtra,Pune,2022-09-04,3100.12,3639.27,3369.69
Rice,Maharashtra,Pune,2022-09-11,3140.28,3686.41,3413.35
Rice,Maharashtra,Pune,2022-09-18,3118.2,3660.49,3389.34
Rice,Maharashtra,Pune,2022-09-25,3028.68,3555.41,3292.05
Rice,Maharashtra,Pune,2022-10-02,3179.49,3732.45,3455.97
Rice,Maharashtra,Pune,2022-10-09,3160.96,3710.69,3435.83
Rice,Maharashtra,Pune,2022-10-16,3334.29,3914.17,3624.23
Rice,Maharashtra,Pune,2022-10-23,3215.29,3774.47,3494.88
Rice,Maharashtra,Pune,2022-10-30,3234.53,3797.05,3515.79
Rice,Maharashtra,Pune,2022-11-06,3320.14,3897.56,3608.85
Rice,Maharashtra,Pune,2022-11-13,3357.89,3941.87,3649.88
Rice,Maharashtra,Pune,2022-11-20,3239.96,3803.43,3521.7
Rice,Maharashtra,Pune,2022-11-27,3162.61,3712.62,3437.61
Rice,Maharashtra,Pune,2022-12-04,3337.73,3918.2,3627.96
Rice,Maharashtra,Pune,2022-12-11,3344.4,3926.03,3635.21
Rice,Maharashtra,Pune,2022-12-18,3153.38,3701.8,3427.59
Rice,Maharashtra,Pune,2022-12-25,3383.35,3971.76,3677.56
Rice,Maharashtra,Pune,2023-01-01,3457.82,4059.17,3758.49
Rice,Maharashtra,Pune,2023-01-08,3413.03,4006.6,3709.82
Rice,Maharashtra,Pune,2023-01-15,3237.6,3800.66,3519.13
Rice,Maharashtra,Pune,2023-01-22,3357.73,3941.69,3649.71
Rice,Maharashtra,Pune,2023-01-29,3266.57,3834.67,3550.62
Rice,Maharashtra,Pune,2023-02-05,3344.96,3926.7,3635.83
Rice,Maharashtra,Pune,2023-02-12,3337.21,3917.6,3627.41
Rice,Maharashtra,Pune,2023-02-19,3398.13,3989.1,3693.61
Rice,Maharashtra,Pune,2023-02-26,3317.99,3895.03,3606.51
Rice,Maharashtra,Pune,2023-03-05,3277.52,3847.53,3562.53
Rice,Maharashtra,Pune,2023-03-12,3194.84,3750.46,3472.65
Rice,Maharashtra,Pune,2023-03-19,3149.72,3697.49,3423.61
Rice,Maharashtra,Pune,2023-03-26,3206.47,3764.12,3485.29
Rice,Maharashtra,Pune,2023-04-02,3203.24,3760.32,3481.78
Rice,Maharashtra,Pune,2023-04-09,3127.46,3671.37,3399.42
Rice,Maharashtra,Pune,2023-04-16,3082.35,3618.41,3350.38
Rice,Maharashtra,Pune,2023-04-23,3053.89,3585.0,3319.44
Rice,Maharashtra,Pune,2023-04-30,3261.2,3828.36,3544.78
Rice,Maharashtra,Pune,2023-05-07,3094.71,3632.92,3363.81
Rice,Maharashtra,Pune,2023-05-14,3016.25,3540.82,3278.54
Rice,Maharashtra,Pune,2023-05-21,3152.99,3701.34,3427.17
Rice,Maharashtra,Pune,2023-05-28,3059.33,3591.39,3325.36
Rice,Maharashtra,Pune,2023-06-04,3057.38,3589.1,3323.24
Rice,Maharashtra,Pune,2023-06-11,3082.41,3618.48,3350.44
Rice,Maharashtra,Pune,2023-06-18,3004.83,3527.4,3266.11
Rice,Maharashtra,Pune,2023-06-25,2948.45,3461.22,3204.83
Rice,Maharashtra,Pune,2023-07-02,2967.97,3484.14,3226.05
Rice,Maharashtra,Pune,2023-07-09,2919.72,3427.49,3173.6
Rice,Maharashtra,Pune,2023-07-16,3111.21,3652.29,3381.75
Rice,Maharashtra,Pune,2023-07-23,3063.64,3596.45,3330.05
Rice,Maharashtra,Pune,2023-07-30,2966.62,3482.56,3224.59
Rice,Maharashtra,Pune,2023-08-06,2839.5,3333.33,3086.42
Rice,Maharashtra,Pune,2023-08-13,3028.61,3555.32,3291.97
Rice,Maharashtra,Pune,2023-08-20,2977.3,3495.1,3236.2
Rice,Maharashtra,Pune,2023-08-27,2907.82,3413.53,3160.68
Rice,Maharashtra,Pune,2023-09-03,3010.9,3534.53,3272.72
Rice,Maharashtra,Pune,2023-09-10,2885.78,3387.66,3136.72
Rice,Maharashtra,Pune,2023-09-17,2994.55,3515.34,3254.94
Rice,Maharashtra,Pune,2023-09-24,2889.66,3392.21,3140.93
Rice,Maharashtra,Pune,2023-10-01,3063.16,3595.88,3329.52
Rice,Maharashtra,Pune,2023-10-08,3058.59,3590.52,3324.55
Rice,Maharashtra,Pune,2023-10-15,2847.57,3342.8,3095.18
Rice,Maharashtra,Pune,2023-10-22,3063.31,3596.06,3329.69
Rice,Maharashtra,Pune,2023-10-29,3073.13,3607.58,3340.35
Rice,Maharashtra,Pune,2023-11-05,3149.51,3697.25,3423.38
Rice,Maharashtra,Pune,2023-11-12,3097.22,3635.87,3366.55
Rice,Maharashtra,Pune,2023-11-19,3073.13,3607.59,3340.36
Rice,Maharashtra,Pune,2023-11-26,3158.52,3707.83,3433.17
Rice,Maharashtra,Pune,2023-12-03,3172.77,3724.55,3448.66
Rice,Maharashtra,Pune,2023-12-10,3238.13,3801.28,3519.71
Rice,Maharashtra,Pune,2023-12-17,3279.15,3849.43,3564.29
Rice,Maharashtra,Pune,2023-12-24,3220.36,3780.43,3500.39
Rice,Maharashtra,Pune,2023-12-31,3243.81,3807.95,3525.88
Rice,Maharashtra,Pune,2024-01-07,3418.95,4013.54,3716.25
Rice,Maharashtra,Pune,2024-01-14,3394.0,3984.26,3689.13
Rice,Maharashtra,Pune,2024-01-21,3458.93,4060.49,3759.71
Rice,Maharashtra,Pune,2024-01-28,3309.03,3884.52,3596.77
Rice,Maharashtra,Pune,2024-02-04,3376.84,3964.11,3670.47
Rice,Maharashtra,Pune,2024-02-11,3460.84,4062.72,3761.78
Rice,Maharashtra,Pune,2024-02-18,3411.07,4004.29,3707.68
Rice,Maharashtra,Pune,2024-02-25,3531.41,4145.57,3838.49
Rice,Maharashtra,Pune,2024-03-03,3425.35,4021.06,3723.2
Rice,Maharashtra,Pune,2024-03-10,3397.95,3988.9,3693.43
Rice,Maharashtra,Pune,2024-03-17,3293.91,3866.77,3580.34
Rice,Maharashtra,Pune,2024-03-24,3329.11,3908.08,3618.59
Rice,Maharashtra,Pune,2024-03-31,3492.67,4100.09,3796.38
Rice,Maharashtra,Pune,2024-04-07,3107.04,3647.39,3377.21
Rice,Maharashtra,Pune,2024-04-14,3352.8,3935.89,3644.34
Rice,Maharashtra,Pune,2024-04-21,3327.76,3906.5,3617.13
Rice,Maharashtra,Pune,2024-04-28,3189.33,3744.0,3466.67
Rice,Maharashtra,Pune,2024-05-05,3143.65,3690.37,3417.01
Rice,Maharashtra,Pune,2024-05-12,3302.85,3877.26,3590.05
Rice,Maharashtra,Pune,2024-05-19,3198.05,3754.23,3476.14
Rice,Maharashtra,Pune,2024-05-26,3224.63,3785.44,3505.04
Rice,Maharashtra,Pune,2024-06-02,3216.09,3775.41,3495.75
Rice,Maharashtra,Pune,2024-06-09,3330.82,3910.09,3620.45
Rice,Maharashtra,Pune,2024-06-16,3245.28,3809.68,3527.48
Rice,Maharashtra,Pune,2024-06-23,3199.83,3756.32,3478.07
Rice,Maharashtra,Pune,2024-06-30,3032.95,3560.42,3296.68
Rice,Maharashtra,Pune,2024-07-07,3300.79,3874.84,3587.82
Rice,Maharashtra,Pune,2024-07-14,3106.66,3646.95,3376.8
Rice,Maharashtra,Pune,2024-07-21,3206.6,3764.27,3485.43
Rice,Maharashtra,Pune,2024-07-28,3222.95,3783.46,3503.21
Rice,Maharashtra,Pune,2024-08-04,3356.38,3940.1,3648.24
Rice,Maharashtra,Pune,2024-08-11,3176.59,3729.04,3452.81
Rice,Maharashtra,Pune,2024-08-18,3416.08,4010.18,3713.13
Rice,Maharashtra,Pune,2024-08-25,3275.55,3845.21,3560.38
Rice,Maharashtra,Pune,2024-09-01,3274.45,3843.91,3559.18
Rice,Maharashtra,Pune,2024-09-08,3405.81,3998.12,3701.97
Rice,Maharashtra,Pune,2024-09-15,3432.91,4029.93,3731.42
Rice,Maharashtra,Pune,2024-09-22,3417.19,4011.48,3714.33
Rice,Maharashtra,Pune,2024-09-29,3465.85,4068.61,3767.23
Rice,Maharashtra,Pune,2024-10-06,3454.13,4054.85,3754.49
Rice,Maharashtra,Pune,2024-10-13,3379.0,3966.66,3672.83
Rice,Maharashtra,Pune,2024-10-20,3469.73,4073.16,3771.44
Rice,Maharashtra,Pune,2024-10-27,3419.43,4014.11,3716.77
Rice,Maharashtra,Pune,2024-11-03,3550.78,4168.31,3859.54
Rice,Maharashtra,Pune,2024-11-10,3528.36,4141.99,3835.17
Rice,Maharashtra,Pune,2024-11-17,3371.19,3957.48,3664.34
Rice,Maharashtra,Pune,2024-11-24,3457.49,4058.79,3758.14
Rice,Maharashtra,Pune,2024-12-01,3367.8,3953.5,3660.65
Rice,Maharashtra,Pune,2024-12-08,3468.94,4072.23,3770.59
Rice,Maharashtra,Pune,2024-12-15,3407.0,3999.52,3703.26
Rice,Maharashtra,Pune,2024-12-22,3494.4,4102.13,3798.27
Rice,Maharashtra,Pune,2024-12-29,3421.79,4016.89,3719.34
Rice,Maharashtra,Pune,2025-01-05,3496.58,4104.68,3800.63
Rice,Maharashtra,Pune,2025-01-12,3624.22,4254.52,3939.37
Rice,Maharashtra,Pune,2025-01-19,3523.34,4136.1,3829.72
Rice,Maharashtra,Pune,2025-01-26,3509.75,4120.14,3814.94
Rice,Maharashtra,Pune,2025-02-02,3604.22,4231.04,3917.63
Rice,Maharashtra,Pune,2025-02-09,3452.78,4053.26,3753.02
Rice,Maharashtra,Pune,2025-02-16,3316.13,3892.85,3604.49
Rice,Maharashtra,Pune,2025-02-23,3590.7,4215.17,3902.94
Rice,Maharashtra,Pune,2025-03-02,3444.29,4043.29,3743.79
Rice,Maharashtra,Pune,2025-03-09,3407.65,4000.29,3703.97
Rice,Maharashtra,Pune,2025-03-16,3524.82,4137.84,3831.33
Rice,Maharashtra,Pune,2025-03-23,3451.33,4051.56,3751.45
Rice,Maharashtra,Pune,2025-03-30,3417.71,4012.1,3714.9
Rice,Maharashtra,Pune,2025-04-06,3591.55,4216.17,3903.86
Rice,Maharashtra,Pune,2025-04-13,3402.01,3993.67,3697.84
Rice,Maharashtra,Pune,2025-04-20,3368.51,3954.34,3661.43
Rice,Maharashtra,Pune,2025-04-27,3380.23,3968.1,3674.17
Rice,Maharashtra,Pune,2025-05-04,3265.48,3833.39,3549.44
Rice,Maharashtra,Pune,2025-05-11,3318.11,3895.17,3606.64
Rice,Maharashtra,Pune,2025-05-18,3287.42,3859.15,3573.28
Rice,Maharashtra,Pune,2025-05-25,3344.71,3926.39,3635.55
Rice,Maharashtra,Pune,2025-06-01,3258.34,3825.01,3541.68
Rice,Maharashtra,Pune,2025-06-08,3161.83,3711.71,3436.77
Rice,Maharashtra,Pune,2025-06-15,3238.1,3801.25,3519.67
Rice,Maharashtra,Pune,2025-06-22,3269.01,3837.53,3553.27
Rice,Maharashtra,Pune,2025-06-29,3146.36,3693.55,3419.95
Rice,Maharashtra,Pune,2025-07-06,3129.32,3673.55,3401.44
Rice,Maharashtra,Pune,2025-07-13,3138.92,3684.82,3411.87
Rice,Maharashtra,Pune,2025-07-20,2966.63,3482.56,3224.59
Rice,Maharashtra,Pune,2025-07-27,3089.14,3626.38,3357.76
Rice,Maharashtra,Pune,2025-08-03,3098.14,3636.95,3367.55
Rice,Maharashtra,Pune,2025-08-10,3043.29,3572.55,3307.92
Rice,Maharashtra,Pune,2025-08-17,3204.08,3761.31,3482.7
Rice,Maharashtra,Pune,2025-08-24,3247.51,3812.3,3529.91
Rice,Maharashtra,Pune,2025-08-31,3237.83,3800.93,3519.38
Rice,Maharashtra,Pune,2025-09-07,3419.42,4014.1,3716.76
Rice,Maharashtra,Pune,2025-09-14,3324.13,3902.24,3613.19
Rice,Maharashtra,Pune,2025-09-21,3255.89,3822.13,3539.01
Rice,Maharashtra,Pune,2025-09-28,3303.86,3878.44,3591.15
Rice,Maharashtra,Pune,2025-10-05,3443.97,4042.92,3743.44
Rice,Maharashtra,Pune,2025-10-12,3343.41,3924.87,3634.14
Rice,Maharashtra,Pune,2025-10-19,3503.41,4112.7,3808.05
Rice,Maharashtra,Pune,2025-10-26,3452.26,4052.65,3752.46
Rice,Maharashtra,Pune,2025-11-02,3623.49,4253.66,3938.57
Rice,Maharashtra,Pune,2025-11-09,3531.92,4146.17,3839.04
Rice,Maharashtra,Pune,2025-11-16,3480.5,4085.8,3783.15
Rice,Maharashtra,Pune,2025-11-23,3458.44,4059.91,3759.17
Rice,Maharashtra,Pune,2025-11-30,3585.69,4209.29,3897.49
Rice,Maharashtra,Pune,2025-12-07,3530.16,4144.1,3837.13
Rice,Maharashtra,Pune,2025-12-14,3585.32,4208.85,3897.08
Rice,Maharashtra,Pune,2025-12-21,3640.97,4274.19,3957.58
Rice,Maharashtra,Pune,2025-12-28,3689.83,4331.54,4010.69
Rice,Maharashtra,Pune,2026-01-04,3723.95,4371.6,4047.77
Rice,Maharashtra,Pune,2026-01-11,3927.2,4610.19,4268.7
Rice,Maharashtra,Pune,2026-01-18,3899.14,4577.25,4238.2
Rice,Maharashtra,Pune,2026-01-25,3765.69,4420.59,4093.14
Rice,Maharashtra,Pune,2026-02-01,3863.97,4535.97,4199.97
Rice,Maharashtra,Pune,2026-02-08,3733.11,4382.34,4057.72
Rice,Maharashtra,Pune,2026-02-15,3787.93,4446.7,4117.32
Rice,Maharashtra,Pune,2026-02-22,3782.8,4440.68,4111.74
Rice,Maharashtra,Pune,2026-03-01,3856.09,4526.71,4191.4
Rice,Maharashtra,Pune,2026-03-08,3762.4,4416.73,4089.57
Rice,Maharashtra,Pune,2026-03-15,3499.8,4108.46,3804.13
Rice,Maharashtra,Pune,2026-03-22,3704.78,4349.09,4026.93
Rice,Maharashtra,Pune,2026-03-29,3718.99,4365.77,4042.38
Rice,Maharashtra,Pune,2026-04-05,3693.93,4336.35,4015.14
Rice,Maharashtra,Pune,2026-04-12,3551.05,4168.62,3859.83
Rice,Maharashtra,Pune,2026-04-19,3614.94,4243.63,3929.29
Rice,Maharashtra,Pune,2026-04-26,3607.04,4234.35,3920.69
Rice,Maharashtra,Pune,2026-05-03,3543.37,4159.61,3851.49
Rice,Maharashtra,Pune,2026-05-10,3574.24,4195.85,3885.05
Rice,Maharashtra,Pune,2026-05-17,3389.02,3978.42,3683.72
Rice,Maharashtra,Pune,2026-05-24,3582.25,4205.25,3893.75
Rice,Maharashtra,Pune,2026-05-31,3494.97,4102.79,3798.88
Rice,Maharashtra,Pune,2026-06-07,3414.51,4008.33,3711.42
Rice,Maharashtra,Pune,2026-06-14,3421.34,4016.36,3718.85
Rice,Maharashtra,Pune,2026-06-21,3347.86,3930.1,3638.98
Rice,Maharashtra,Pune,2026-06-28,3456.45,4057.57,3757.01
Rice,Maharashtra,Pune,2026-07-05,3417.32,4011.64,3714.48
Rice,Maharashtra,Pune,2026-07-12,3409.14,4002.04,3705.59
Rice,Maharashtra,Pune,2026-07-19,3402.74,3994.53,3698.63
Rice,Maharashtra,Pune,2026-07-26,3377.27,3964.62,3670.95
Rice,Maharashtra,Pune,2026-08-02,3463.81,4066.21,3765.01
Rice,Maharashtra,Pune,2026-08-09,3435.15,4032.57,3733.86
Rice,Maharashtra,Pune,2026-08-16,3475.95,4080.46,3778.21
Rice,Maharashtra,Pune,2026-08-23,3510.37,4120.87,3815.62
Rice,Maharashtra,Pune,2026-08-30,3332.26,3911.79,3622.02
Rice,Maharashtra,Nashik,2020-01-05,2749.11,3227.22,2988.16
Rice,Maharashtra,Nashik,2020-01-12,2818.52,3308.7,3063.61
Rice,Maharashtra,Nashik,2020-01-19,2791.56,3277.05,3034.3
Rice,Maharashtra,Nashik,2020-01-26,2821.06,3311.68,3066.37
Rice,Maharashtra,Nashik,2020-02-02,2683.98,3150.76,2917.37
Rice,Maharashtra,Nashik,2020-02-09,2721.22,3194.47,2957.84
Rice,Maharashtra,Nashik,2020-02-16,2537.37,2978.66,2758.01
Rice,Maharashtra,Nashik,2020-02-23,2651.96,3113.17,2882.57
Rice,Maharashtra,Nashik,2020-03-01,2477.65,2908.55,2693.1
Rice,Maharashtra,Nashik,2020-03-08,2534.5,2975.29,2754.89
Rice,Maharashtra,Nashik,2020-03-15,2495.38,2929.36,2712.37
Rice,Maharashtra,Nashik,2020-03-22,2544.86,2987.44,2766.15
Rice,Maharashtra,Nashik,2020-03-29,2542.58,2984.77,2763.67
Rice,Maharashtra,Nashik,2020-04-05,2433.74,2857.0,2645.37
Rice,Maharashtra,Nashik,2020-04-12,2297.03,2696.51,2496.77
Rice,Maharashtra,Nashik,2020-04-19,2519.1,2957.2,2738.15
Rice,Maharashtra,Nashik,2020-04-26,2671.61,3136.24,2903.93
Rice,Maharashtra,Nashik,2020-05-03,2350.19,2758.92,2554.56
Rice,Maharashtra,Nashik,2020-05-10,2431.21,2854.02,2642.62
Rice,Maharashtra,Nashik,2020-05-17,2322.45,2726.35,2524.4
Rice,Maharashtra,Nashik,2020-05-24,2592.79,3043.71,2818.25
Rice,Maharashtra,Nashik,2020-05-31,2426.18,2848.12,2637.15
Rice,Maharashtra,Nashik,2020-06-07,2309.38,2711.01,2510.2
Rice,Maharashtra,Nashik,2020-06-14,2229.42,2617.15,2423.29
Rice,Maharashtra,Nashik,2020-06-21,2491.78,2925.13,2708.46
Rice,Maharashtra,Nashik,2020-06-28,2488.9,2921.75,2705.33
Rice,Maharashtra,Nashik,2020-07-05,2341.29,2748.47,2544.88
Rice,Maharashtra,Nashik,2020-07-12,2310.21,2711.98,2511.1
Rice,Maharashtra,Nashik,2020-07-19,2328.63,2733.61,2531.12
Rice,Maharashtra,Nashik,2020-07-26,2304.5,2705.28,2504.89
Rice,Maharashtra,Nashik,2020-08-02,2321.55,2725.29,2523.42
Rice,Maharashtra,Nashik,2020-08-09,2324.98,2729.33,2527.15
Rice,Maharashtra,Nashik,2020-08-16,2395.51,2812.12,2603.81
Rice,Maharashtra,Nashik,2020-08-23,2311.52,2713.53,2512.52
Rice,Maharashtra,Nashik,2020-08-30,2207.75,2591.7,2399.72
Rice,Maharashtra,Nashik,2020-09-06,2378.2,2791.8,2585.0
Rice,Maharashtra,Nashik,2020-09-13,2222.27,2608.76,2415.52
Rice,Maharashtra,Nashik,2020-09-20,2228.73,2616.34,2422.54
Rice,Maharashtra,Nashik,2020-09-27,2341.0,2748.14,2544.57
Rice,Maharashtra,Nashik,2020-10-04,2364.28,2775.46,2569.87
Rice,Maharashtra,Nashik,2020-10-11,2302.99,2703.51,2503.25
Rice,Maharashtra,Nashik,2020-10-18,2241.0,2630.74,2435.87
Rice,Maharashtra,Nashik,2020-10-25,2326.46,2731.06,2528.76
Rice,Maharashtra,Nashik,2020-11-01,2269.03,2663.64,2466.33
Rice,Maharashtra,Nashik,2020-11-08,2443.41,2868.35,2655.88
Rice,Maharashtra,Nashik,2020-11-15,2372.11,2784.65,2578.38
Rice,Maharashtra,Nashik,2020-11-22,2593.72,3044.81,2819.27
Rice,Maharashtra,Nashik,2020-11-29,2434.48,2857.87,2646.18
Rice,Maharashtra,Nashik,2020-12-06,2501.5,2936.54,2719.02
Rice,Maharashtra,Nashik,2020-12-13,2586.02,3035.77,2810.89
Rice,Maharashtra,Nashik,2020-12-20,2623.13,3079.32,2851.22
Rice,Maharashtra,Nashik,2020-12-27,2493.37,2927.0,2710.19
Rice,Maharashtra,Nashik,2021-01-03,2547.73,2990.81,2769.27
Rice,Maharashtra,Nashik,2021-01-10,2822.09,3312.89,3067.49
Rice,Maharashtra,Nashik,2021-01-17,2591.73,3042.46,2817.1
Rice,Maharashtra,Nashik,2021-01-24,2574.51,3022.25,2798.38
Rice,Maharashtra,Nashik,2021-01-31,2609.76,3063.63,2836.7
Rice,Maharashtra,Nashik,2021-02-07,2531.21,2971.42,2751.32
Rice,Maharashtra,Nashik,2021-02-14,2628.68,3085.84,2857.26
Rice,Maharashtra,Nashik,2021-02-21,2538.51,2979.99,2759.25
Rice,Maharashtra,Nashik,2021-02-28,2645.58,3105.68,2875.63
Rice,Maharashtra,Nashik,2021-03-07,2586.22,3036.0,2811.11
Rice,Maharashtra,Nashik,2021-03-14,2529.62,2969.55,2749.58
Rice,Maharashtra,Nashik,2021-03-21,2588.14,3038.26,2813.2
Rice,Maharashtra,Nashik,2021-03-28,2490.5,2923.63,2707.06
Rice,Maharashtra,Nashik,2021-04-04,2552.31,2996.19,2774.25
Rice,Maharashtra,Nashik,2021-04-11,2469.76,2899.29,2684.53
Rice,Maharashtra,Nashik,2021-04-18,2366.31,2777.84,2572.08
Rice,Maharashtra,Nashik,2021-04-25,2610.85,3064.91,2837.88
Rice,Maharashtra,Nashik,2021-05-02,2583.19,3032.44,2807.82
Rice,Maharashtra,Nashik,2021-05-09,2589.33,3039.65,2814.49
Rice,Maharashtra,Nashik,2021-05-16,2327.81,2732.65,2530.23
Rice,Maharashtra,Nashik,2021-05-23,2344.92,2752.73,2548.82
Rice,Maharashtra,Nashik,2021-05-30,2562.09,3007.68,2784.88
Rice,Maharashtra,Nashik,2021-06-06,2604.5,3057.45,2830.98
Rice,Maharashtra,Nashik,2021-06-13,2376.45,2789.75,2583.1
Rice,Maharashtra,Nashik,2021-06-20,2279.39,2675.81,2477.6
Rice,Maharashtra,Nashik,2021-06-27,2291.2,2689.67,2490.44
Rice,Maharashtra,Nashik,2021-07-04,2298.02,2697.68,2497.85
Rice,Maharashtra,Nashik,2021-07-11,2316.96,2719.91,2518.43
Rice,Maharashtra,Nashik,2021-07-18,2352.41,2761.52,2556.96
Rice,Maharashtra,Nashik,2021-07-25,2319.92,2723.39,2521.65
Rice,Maharashtra,Nashik,2021-08-01,2381.02,2795.11,2588.07
Rice,Maharashtra,Nashik,2021-08-08,2465.59,2894.39,2679.99
Rice,Maharashtra,Nashik,2021-08-15,2236.92,2625.95,2431.43
Rice,Maharashtra,Nashik,2021-08-22,2406.73,2825.3,2616.01
Rice,Maharashtra,Nashik,2021-08-29,2366.66,2778.26,2572.46
Rice,Maharashtra,Nashik,2021-09-05,2365.65,2777.07,2571.36
Rice,Maharashtra,Nashik,2021-09-12,2455.12,2882.1,2668.61
Rice,Maharashtra,Nashik,2021-09-19,2537.04,2978.27,2757.66
Rice,Maharashtra,Nashik,2021-09-26,2586.43,3036.24,2811.34
Rice,Maharashtra,Nashik,2021-10-03,2568.27,3014.92,2791.6
Rice,Maharashtra,Nashik,2021-10-10,2623.02,3079.2,2851.11
Rice,Maharashtra,Nashik,2021-10-17,2690.61,3158.54,2924.57
Rice,Maharashtra,Nashik,2021-10-24,2547.89,2991.0,2769.45
Rice,Maharashtra,Nashik,2021-10-31,2597.36,3049.08,2823.22
Rice,Maharashtra,Nashik,2021-11-07,2755.5,3234.72,2995.11
Rice,Maharashtra,Nashik,2021-11-14,2738.63,3214.91,2976.77
Rice,Maharashtra,Nashik,2021-11-21,2764.73,3245.55,3005.14
Rice,Maharashtra,Nashik,2021-11-28,2753.6,3232.48,2993.04
Rice,Maharashtra,Nashik,2021-12-05,2721.23,3194.48,2957.86
Rice,Maharashtra,Nashik,2021-12-12,2791.16,3276.58,3033.87
Rice,Maharashtra,Nashik,2021-12-19,2884.58,3386.24,3135.41
Rice,Maharashtra,Nashik,2021-12-26,2723.28,3196.9,2960.09
Rice,Maharashtra,Nashik,2022-01-02,2900.25,3404.64,3152.45
Rice,Maharashtra,Nashik,2022-01-09,2895.6,3399.18,3147.39
Rice,Maharashtra,Nashik,2022-01-16,3065.06,3598.12,3331.59
Rice,Maharashtra,Nashik,2022-01-23,2870.75,3370.01,3120.38
Rice,Maharashtra,Nashik,2022-01-30,2933.47,3443.64,3188.56
Rice,Maharashtra,Nashik,2022-02-06,2961.38,3476.41,3218.9
Rice,Maharashtra,Nashik,2022-02-13,2866.99,3365.6,3116.29
Rice,Maharashtra,Nashik,2022-02-20,2879.82,3380.66,3130.24
Rice,Maharashtra,Nashik,2022-02-27,2785.35,3269.76,3027.55
Rice,Maharashtra,Nashik,2022-03-06,2867.77,3366.51,3117.14
Rice,Maharashtra,Nashik,2022-03-13,2818.14,3308.25,3063.19
Rice,Maharashtra,Nashik,2022-03-20,2700.4,3170.03,2935.21
Rice,Maharashtra,Nashik,2022-03-27,2730.28,3205.11,2967.7
Rice,Maharashtra,Nashik,2022-04-03,2673.54,3138.5,2906.02
Rice,Maharashtra,Nashik,2022-04-10,2724.92,3198.82,2961.87
Rice,Maharashtra,Nashik,2022-04-17,2625.59,3082.21,2853.9
Rice,Maharashtra,Nashik,2022-04-24,2695.55,3164.34,2929.94
Rice,Maharashtra,Nashik,2022-05-01,2434.91,2858.37,2646.64
Rice,Maharashtra,Nashik,2022-05-08,2437.04,2860.87,2648.96
Rice,Maharashtra,Nashik,2022-05-15,2645.22,3105.26,2875.24
Rice,Maharashtra,Nashik,2022-05-22,2411.56,2830.96,2621.26
Rice,Maharashtra,Nashik,2022-05-29,2547.93,2991.05,2769.49
Rice,Maharashtra,Nashik,2022-06-05,2501.61,2936.67,2719.14
Rice,Maharashtra,Nashik,2022-06-12,2426.79,2848.85,2637.82
Rice,Maharashtra,Nashik,2022-06-19,2418.82,2839.49,2629.16
Rice,Maharashtra,Nashik,2022-06-26,2423.56,2845.05,2634.3
Rice,Maharashtra,Nashik,2022-07-03,2509.01,2945.36,2727.18
Rice,Maharashtra,Nashik,2022-07-10,2325.61,2730.06,2527.84
Rice,Maharashtra,Nashik,2022-07-17,2583.06,3032.29,2807.67
Rice,Maharashtra,Nashik,2022-07-24,2551.3,2995.0,2773.15
Rice,Maharashtra,Nashik,2022-07-31,2535.25,2976.17,2755.71
Rice,Maharashtra,Nashik,2022-08-07,2464.56,2893.18,2678.87
Rice,Maharashtra,Nashik,2022-08-14,2437.76,2861.71,2649.73
Rice,Maharashtra,Nashik,2022-08-21,2509.36,2945.77,2727.57
Rice,Maharashtra,Nashik,2022-08-28,2612.74,3067.12,2839.93
Rice,Maharashtra,Nashik,2022-09-04,2676.07,3141.48,2908.78
Rice,Maharashtra,Nashik,2022-09-11,2649.96,3110.82,2880.39
Rice,Maharashtra,Nashik,2022-09-18,2530.27,2970.32,2750.3
Rice,Maharashtra,Nashik,2022-09-25,2634.39,3092.55,2863.47
Rice,Maharashtra,Nashik,2022-10-02,2698.82,3168.18,2933.5
Rice,Maharashtra,Nashik,2022-10-09,2683.33,3150.0,2916.67
Rice,Maharashtra,Nashik,2022-10-16,2683.63,3150.35,2916.99
Rice,Maharashtra,Nashik,2022-10-23,2753.29,3232.12,2992.71
Rice,Maharashtra,Nashik,2022-10-30,2714.65,3186.77,2950.71
Rice,Maharashtra,Nashik,2022-11-06,2960.96,3475.91,3218.44
Rice,Maharashtra,Nashik,2022-11-13,2859.14,3356.38,3107.76
Rice,Maharashtra,Nashik,2022-11-20,2749.64,3227.84,2988.74
Rice,Maharashtra,Nashik,2022-11-27,2893.56,3396.78,3145.17
Rice,Maharashtra,Nashik,2022-12-04,2763.76,3244.42,3004.09
Rice,Maharashtra,Nashik,2022-12-11,2909.31,3415.28,3162.3
Rice,Maharashtra,Nashik,2022-12-18,2808.22,3296.61,3052.42
Rice,Maharashtra,Nashik,2022-12-25,2757.87,3237.5,2997.69
Rice,Maharashtra,Nashik,2023-01-01,3029.5,3556.37,3292.94
Rice,Maharashtra,Nashik,2023-01-08,3032.77,3560.21,3296.49
Rice,Maharashtra,Nashik,2023-01-15,3004.91,3527.51,3266.21
Rice,Maharashtra,Nashik,2023-01-22,3098.97,3637.92,3368.44
Rice,Maharashtra,Nashik,2023-01-29,3094.06,3632.16,3363.11
Rice,Maharashtra,Nashik,2023-02-05,2972.86,3489.88,3231.37
Rice,Maharashtra,Nashik,2023-02-12,2983.85,3502.78,3243.31
Rice,Maharashtra,Nashik,2023-02-19,3009.34,3532.7,3271.02
Rice,Maharashtra,Nashik,2023-02-26,3052.06,3582.85,3317.45
Rice,Maharashtra,Nashik,2023-03-05,2876.6,3376.88,3126.74
Rice,Maharashtra,Nashik,2023-03-12,3051.89,3582.66,3317.28
Rice,Maharashtra,Nashik,2023-03-19,3157.15,3706.22,3431.69
Rice,Maharashtra,Nashik,2023-03-26,3057.79,3589.57,3323.68
Rice,Maharashtra,Nashik,2023-04-02,3022.23,3547.84,3285.04
Rice,Maharashtra,Nashik,2023-04-09,3120.57,3663.27,3391.92
Rice,Maharashtra,Nashik,2023-04-16,3063.93,3596.79,3330.36
Rice,Maharashtra,Nashik,2023-04-23,3009.01,3532.32,3270.66
Rice,Maharashtra,Nashik,2023-04-30,3008.0,3531.13,3269.56
Rice,Maharashtra,Nashik,2023-05-07,2839.0,3332.74,3085.87
Rice,Maharashtra,Nashik,2023-05-14,2755.26,3234.44,2994.85
Rice,Maharashtra,Nashik,2023-05-21,2869.69,3368.76,3119.22
Rice,Maharashtra,Nashik,2023-05-28,2923.66,3432.12,3177.89
Rice,Maharashtra,Nashik,2023-06-04,2910.42,3416.59,3163.51
Rice,Maharashtra,Nashik,2023-06-11,2823.3,3314.3,3068.8
Rice,Maharashtra,Nashik,2023-06-18,2902.77,3407.6,3155.18
Rice,Maharashtra,Nashik,2023-06-25,2892.29,3395.3,3143.8
Rice,Maharashtra,Nashik,2023-07-02,2723.58,3197.25,2960.42
Rice,Maharashtra,Nashik,2023-07-09,2816.68,3306.54,3061.61
Rice,Maharashtra,Nashik,2023-07-16,2762.44,3242.86,3002.65
Rice,Maharashtra,Nashik,2023-07-23,2769.97,3251.7,3010.83
Rice,Maharashtra,Nashik,2023-07-30,2922.12,3430.32,3176.22
Rice,Maharashtra,Nashik,2023-08-06,2832.12,3324.66,3078.39
Rice,Maharashtra,Nashik,2023-08-13,2908.46,3414.28,3161.37
Rice,Maharashtra,Nashik,2023-08-20,2968.95,3485.29,3227.12
Rice,Maharashtra,Nashik,2023-08-27,2918.14,3425.65,3171.89
Rice,Maharashtra,Nashik,2023-09-03,2883.41,3384.87,3134.14
Rice,Maharashtra,Nashik,2023-09-10,2903.9,3408.93,3156.41
Rice,Maharashtra,Nashik,2023-09-17,3022.1,3547.68,3284.89
Rice,Maharashtra,Nashik,2023-09-24,2874.92,3374.91,3124.91
Rice,Maharashtra,Nashik,2023-10-01,3026.86,3553.27,3290.06
Rice,Maharashtra,Nashik,2023-10-08,2968.22,3484.44,3226.33
Rice,Maharashtra,Nashik,2023-10-15,2970.13,3486.67,3228.4
Rice,Maharashtra,Nashik,2023-10-22,3010.81,3534.43,3272.62
Rice,Maharashtra,Nashik,2023-10-29,3027.82,3554.4,3291.11
Rice,Maharashtra,Nashik,2023-11-05,3126.29,3669.99,3398.14
Rice,Maharashtra,Nashik,2023-11-12,3186.35,3740.5,3463.43
Rice,Maharashtra,Nashik,2023-11-19,3069.13,3602.89,3336.01
Rice,Maharashtra,Nashik,2023-11-26,3123.91,3667.2,3395.56
Rice,Maharashtra,Nashik,2023-12-03,3242.55,3806.47,3524.51
Rice,Maharashtra,Nashik,2023-12-10,3264.59,3832.34,3548.47
Rice,Maharashtra,Nashik,2023-12-17,3280.49,3851.01,3565.75
Rice,Maharashtra,Nashik,2023-12-24,3343.99,3925.55,3634.77
Rice,Maharashtra,Nashik,2023-12-31,3252.28,3817.89,3535.09
Rice,Maharashtra,Nashik,2024-01-07,3608.68,4236.28,3922.48
Rice,Maharashtra,Nashik,2024-01-14,3398.37,3989.39,3693.88
Rice,Maharashtra,Nashik,2024-01-21,3518.58,4130.51,3824.55
Rice,Maharashtra,Nashik,2024-01-28,3402.5,3994.24,3698.37
Rice,Maharashtra,Nashik,2024-02-04,3450.06,4050.07,3750.07
Rice,Maharashtra,Nashik,2024-02-11,3388.98,3978.37,3683.68
Rice,Maharashtra,Nashik,2024-02-18,3505.47,4115.12,3810.29
Rice,Maharashtra,Nashik,2024-02-25,3324.86,3903.1,3613.98
Rice,Maharashtra,Nashik,2024-03-03,3249.86,3815.05,3532.46
Rice,Maharashtra,Nashik,2024-03-10,3302.06,3876.33,3589.19
Rice,Maharashtra,Nashik,2024-03-17,3305.17,3879.98,3592.58
Rice,Maharashtra,Nashik,2024-03-24,3350.03,3932.64,3641.34
Rice,Maharashtra,Nashik,2024-03-31,3231.13,3793.07,3512.1
Rice,Maharashtra,Nashik,2024-04-07,3326.5,3905.02,3615.76
Rice,Maharashtra,Nashik,2024-04-14,3217.08,3776.57,3496.82
Rice,Maharashtra,Nashik,2024-04-21,3384.33,3972.91,3678.62
Rice,Maharashtra,Nashik,2024-04-28,3195.65,3751.41,3473.53
Rice,Maharashtra,Nashik,2024-05-05,3175.87,3728.2,3452.04
Rice,Maharashtra,Nashik,2024-05-12,3087.87,3624.89,3356.38
Rice,Maharashtra,Nashik,2024-05-19,3092.43,3630.24,3361.34
Rice,Maharashtra,Nashik,2024-05-26,3148.64,3696.22,3422.43
Rice,Maharashtra,Nashik,2024-06-02,3309.95,3885.59,3597.77
Rice,Maharashtra,Nashik,2024-06-09,2996.12,3517.19,3256.66
Rice,Maharashtra,Nashik,2024-06-16,3095.52,3633.87,3364.7
Rice,Maharashtra,Nashik,2024-06-23,3107.06,3647.41,3377.24
Rice,Maharashtra,Nashik,2024-06-30,3211.77,3770.34,3491.06
Rice,Maharashtra,Nashik,2024-07-07,3128.8,3672.94,3400.87
Rice,Maharashtra,Nashik,2024-07-14,3081.49,3617.4,3349.45
Rice,Maharashtra,Nashik,2024-07-21,3242.36,3806.25,3524.31
Rice,Maharashtra,Nashik,2024-07-28,3116.63,3658.66,3387.64
Rice,Maharashtra,Nashik,2024-08-04,2991.13,3511.32,3251.23
Rice,Maharashtra,Nashik,2024-08-11,3116.2,3658.14,3387.17
Rice,Maharashtra,Nashik,2024-08-18,2895.54,3399.11,3147.32
Rice,Maharashtra,Nashik,2024-08-25,3143.55,3690.26,3416.91
Rice,Maharashtra,Nashik,2024-09-01,3131.17,3675.73,3403.45
Rice,Maharashtra,Nashik,2024-09-08,3142.86,3689.45,3416.15
Rice,Maharashtra,Nashik,2024-09-15,3164.48,3714.82,3439.65
Rice,Maharashtra,Nashik,2024-09-22,3252.71,3818.4,3535.56
Rice,Maharashtra,Nashik,2024-09-29,3043.68,3573.02,3308.35
Rice,Maharashtra,Nashik,2024-10-06,3304.79,3879.53,3592.16
Rice,Maharashtra,Nashik,2024-10-13,3144.32,3691.16,3417.74
Rice,Maharashtra,Nashik,2024-10-20,3062.65,3595.28,3328.96
Rice,Maharashtra,Nashik,2024-10-27,3060.82,3593.14,3326.98
Rice,Maharashtra,Nashik,2024-11-03,3263.32,3830.86,3547.09
Rice,Maharashtra,Nashik,2024-11-10,3213.14,3771.95,3492.54
Rice,Maharashtra,Nashik,2024-11-17,3250.78,3816.13,3533.45
Rice,Maharashtra,Nashik,2024-11-24,3280.68,3851.24,3565.96
Rice,Maharashtra,Nashik,2024-12-01,3255.34,3821.49,3538.42
Rice,Maharashtra,Nashik,2024-12-08,3390.53,3980.19,3685.36
Rice,Maharashtra,Nashik,2024-12-15,3337.06,3917.41,3627.23
Rice,Maharashtra,Nashik,2024-12-22,3409.73,4002.72,3706.23
Rice,Maharashtra,Nashik,2024-12-29,3343.14,3924.56,3633.85
Rice,Maharashtra,Nashik,2025-01-05,3398.74,3989.83,3694.28
Rice,Maharashtra,Nashik,2025-01-12,3490.35,4097.36,3793.86
Rice,Maharashtra,Nashik,2025-01-19,3342.82,3924.19,3633.5
Rice,Maharashtra,Nashik,2025-01-26,3552.84,4170.73,3861.78
Rice,Maharashtra,Nashik,2025-02-02,3432.34,4029.27,3730.81
Rice,Maharashtra,Nashik,2025-02-09,3498.08,4106.44,3802.26
Rice,Maharashtra,Nashik,2025-02-16,3574.19,4195.79,3884.99
Rice,Maharashtra,Nashik,2025-02-23,3392.49,3982.49,3687.49
Rice,Maharashtra,Nashik,2025-03-02,3480.41,4085.7,3783.06
Rice,Maharashtra,Nashik,2025-03-09,3446.81,4046.26,3746.54
Rice,Maharashtra,Nashik,2025-03-16,3259.15,3825.96,3542.55
Rice,Maharashtra,Nashik,2025-03-23,3327.45,3906.14,3616.79
Rice,Maharashtra,Nashik,2025-03-30,3339.12,3919.83,3629.48
Rice,Maharashtra,Nashik,2025-04-06,3262.99,3830.46,3546.72
Rice,Maharashtra,Nashik,2025-04-13,3174.15,3726.18,3450.16
Rice,Maharashtra,Nashik,2025-04-20,3194.03,3749.51,3471.77
Rice,Maharashtra,Nashik,2025-04-27,3180.36,3733.47,3456.91
Rice,Maharashtra,Nashik,2025-05-04,3095.1,3633.38,3364.24
Rice,Maharashtra,Nashik,2025-05-11,3268.62,3837.07,3552.85
Rice,Maharashtra,Nashik,2025-05-18,3044.21,3573.64,3308.93
Rice,Maharashtra,Nashik,2025-05-25,3093.03,3630.95,3361.99
Rice,Maharashtra,Nashik,2025-06-01,3012.31,3536.18,3274.24
Rice,Maharashtra,Nashik,2025-06-08,3006.44,3529.3,3267.87
Rice,Maharashtra,Nashik,2025-06-15,3051.05,3581.67,3316.36
Rice,Maharashtra,Nashik,2025-06-22,3014.23,3538.44,3276.34
Rice,Maharashtra,Nashik,2025-06-29,3055.4,3586.77,3321.09
Rice,Maharashtra,Nashik,2025-07-06,3190.56,3745.44,3468.0
Rice,Maharashtra,Nashik,2025-07-13,3027.32,3553.81,3290.56
Rice,Maharashtra,Nashik,2025-07-20,3053.38,3584.4,3318.89
Rice,Maharashtra,Nashik,2025-07-27,3129.51,3673.77,3401.64
Rice,Maharashtra,Nashik,2025-08-03,3167.24,3718.07,3442.66
Rice,Maharashtra,Nashik,2025-08-10,3222.72,3783.19,3502.95
Rice,Maharashtra,Nashik,2025-08-17,3216.0,3775.31,3495.66
Rice,Maharashtra,Nashik,2025-08-24,3166.57,3717.28,3441.92
Rice,Maharashtra,Nashik,2025-08-31,3052.76,3583.67,3318.22
Rice,Maharashtra,Nashik,2025-09-07,3208.73,3766.77,3487.75
Rice,Maharashtra,Nashik,2025-09-14,3293.65,3866.45,3580.05
Rice,Maharashtra,Nashik,2025-09-21,3039.42,3568.01,3303.71
Rice,Maharashtra,Nashik,2025-09-28,3198.58,3754.86,3476.72
Rice,Maharashtra,Nashik,2025-10-05,3369.09,3955.02,3662.06
Rice,Maharashtra,Nashik,2025-10-12,3215.76,3775.02,3495.39
Rice,Maharashtra,Nashik,2025-10-19,3178.94,3731.8,3455.37
Rice,Maharashtra,Nashik,2025-10-26,3145.5,3692.55,3419.03
Rice,Maharashtra,Nashik,2025-11-02,3255.57,3821.76,3538.66
Rice,Maharashtra,Nashik,2025-11-09,3457.63,4058.96,3758.3
Rice,Maharashtra,Nashik,2025-11-16,3140.58,3686.76,3413.67
Rice,Maharashtra,Nashik,2025-11-23,3325.33,3903.65,3614.49
Rice,Maharashtra,Nashik,2025-11-30,3213.61,3772.5,3493.06
Rice,Maharashtra,Nashik,2025-12-07,3360.42,3944.84,3652.63
Rice,Maharashtra,Nashik,2025-12-14,3323.78,3901.83,3612.81
Rice,Maharashtra,Nashik,2025-12-21,3368.36,3954.17,3661.26
Rice,Maharashtra,Nashik,2025-12-28,3467.98,4071.11,3769.54
Rice,Maharashtra,Nashik,2026-01-04,3497.38,4105.62,3801.5
Rice,Maharashtra,Nashik,2026-01-11,3498.01,4106.36,3802.19
Rice,Maharashtra,Nashik,2026-01-18,3525.05,4138.11,3831.58
Rice,Maharashtra,Nashik,2026-01-25,3525.71,4138.87,3832.29
Rice,Maharashtra,Nashik,2026-02-01,3308.27,3883.62,3595.94
Rice,Maharashtra,Nashik,2026-02-08,3411.33,4004.61,3707.97
Rice,Maharashtra,Nashik,2026-02-15,3412.8,4006.33,3709.57
Rice,Maharashtra,Nashik,2026-02-22,3509.53,4119.88,3814.7
Rice,Maharashtra,Nashik,2026-03-01,3345.55,3927.39,3636.47
Rice,Maharashtra,Nashik,2026-03-08,3450.63,4050.74,3750.68
Rice,Maharashtra,Nashik,2026-03-15,3280.8,3851.37,3566.08
Rice,Maharashtra,Nashik,2026-03-22,3185.36,3739.34,3462.35
Rice,Maharashtra,Nashik,2026-03-29,3426.85,4022.82,3724.83
Rice,Maharashtra,Nashik,2026-04-05,3138.34,3684.14,3411.24
Rice,Maharashtra,Nashik,2026-04-12,3256.36,3822.68,3539.52
Rice,Maharashtra,Nashik,2026-04-19,3315.67,3892.31,3603.99
Rice,Maharashtra,Nashik,2026-04-26,3166.19,3716.83,3441.51
Rice,Maharashtra,Nashik,2026-05-03,3133.6,3678.57,3406.09
Rice,Maharashtra,Nashik,2026-05-10,3005.53,3528.23,3266.88
Rice,Maharashtra,Nashik,2026-05-17,3140.3,3686.43,3413.36
Rice,Maharashtra,Nashik,2026-05-24,3208.75,3766.79,3487.77
Rice,Maharashtra,Nashik,2026-05-31,3150.73,3698.68,3424.71
Rice,Maharashtra,Nashik,2026-06-07,3095.4,3633.73,3364.56
Rice,Maharashtra,Nashik,2026-06-14,3077.65,3612.89,3345.27
Rice,Maharashtra,Nashik,2026-06-21,2968.56,3484.83,3226.7
Rice,Maharashtra,Nashik,2026-06-28,2946.06,3458.42,3202.24
Rice,Maharashtra,Nashik,2026-07-05,2892.92,3396.04,3144.48
Rice,Maharashtra,Nashik,2026-07-12,2915.93,3423.05,3169.49
Rice,Maharashtra,Nashik,2026-07-19,3002.45,3524.61,3263.53
Rice,Maharashtra,Nashik,2026-07-26,3053.36,3584.38,3318.87
Rice,Maharashtra,Nashik,2026-08-02,2941.47,3453.03,3197.25
Rice,Maharashtra,Nashik,2026-08-09,2869.65,3368.71,3119.18
Rice,Maharashtra,Nashik,2026-08-16,2974.02,3491.24,3232.63
Rice,Maharashtra,Nashik,2026-08-23,3053.41,3584.44,3318.92
Rice,Maharashtra,Nashik,2026-08-30,2956.68,3470.89,3213.79
Rice,Uttar Pradesh,Lucknow,2020-01-05,2706.64,3177.36,2942.0
Rice,Uttar Pradesh,Lucknow,2020-01-12,2617.44,3072.65,2845.05
Rice,Uttar Pradesh,Lucknow,2020-01-19,2558.72,3003.72,2781.22
Rice,Uttar Pradesh,Lucknow,2020-01-26,2701.86,3171.75,2936.8
Rice,Uttar Pradesh,Lucknow,2020-02-02,2607.25,3060.68,2833.96
Rice,Uttar Pradesh,Lucknow,2020-02-09,2444.81,2870.0,2657.41
Rice,Uttar Pradesh,Lucknow,2020-02-16,2516.25,2953.86,2735.06
Rice,Uttar Pradesh,Lucknow,2020-02-23,2500.4,2935.26,2717.83
Rice,Uttar Pradesh,Lucknow,2020-03-01,2308.11,2709.52,2508.82
Rice,Uttar Pradesh,Lucknow,2020-03-08,2456.89,2884.17,2670.53
Rice,Uttar Pradesh,Lucknow,2020-03-15,2322.49,2726.4,2524.44
Rice,Uttar Pradesh,Lucknow,2020-03-22,2348.47,2756.9,2552.69
Rice,Uttar Pradesh,Lucknow,2020-03-29,2464.0,2892.52,2678.26
Rice,Uttar Pradesh,Lucknow,2020-04-05,2199.61,2582.15,2390.88
Rice,Uttar Pradesh,Lucknow,2020-04-12,2231.32,2619.37,2425.35
Rice,Uttar Pradesh,Lucknow,2020-04-19,2385.36,2800.21,2592.79
Rice,Uttar Pradesh,Lucknow,2020-04-26,2314.33,2716.82,2515.58
Rice,Uttar Pradesh,Lucknow,2020-05-03,2196.97,2579.05,2388.01
Rice,Uttar Pradesh,Lucknow,2020-05-10,2176.24,2554.72,2365.48
Rice,Uttar Pradesh,Lucknow,2020-05-17,2336.5,2742.84,2539.67
Rice,Uttar Pradesh,Lucknow,2020-05-24,2298.75,2698.54,2498.65
Rice,Uttar Pradesh,Lucknow,2020-05-31,2398.07,2815.13,2606.6
Rice,Uttar Pradesh,Lucknow,2020-06-07,2193.07,2574.48,2383.77
Rice,Uttar Pradesh,Lucknow,2020-06-14,2239.84,2629.38,2434.61
Rice,Uttar Pradesh,Lucknow,2020-06-21,2180.42,2559.62,2370.02
Rice,Uttar Pradesh,Lucknow,2020-06-28,2047.57,2403.67,2225.62
Rice,Uttar Pradesh,Lucknow,2020-07-05,2314.57,2717.11,2515.84
Rice,Uttar Pradesh,Lucknow,2020-07-12,2259.17,2652.07,2455.62
Rice,Uttar Pradesh,Lucknow,2020-07-19,2312.3,2714.44,2513.37
Rice,Uttar Pradesh,Lucknow,2020-07-26,2131.83,2502.59,2317.21
Rice,Uttar Pradesh,Lucknow,2020-08-02,2262.41,2655.87,2459.14
Rice,Uttar Pradesh,Lucknow,2020-08-09,2223.94,2610.72,2417.33
Rice,Uttar Pradesh,Lucknow,2020-08-16,2401.12,2818.71,2609.92
Rice,Uttar Pradesh,Lucknow,2020-08-23,2200.46,2583.15,2391.8
Rice,Uttar Pradesh,Lucknow,2020-08-30,2328.23,2733.14,2530.69
Rice,Uttar Pradesh,Lucknow,2020-09-06,2464.41,2893.01,2678.71
Rice,Uttar Pradesh,Lucknow,2020-09-13,2460.81,2888.78,2674.8
Rice,Uttar Pradesh,Lucknow,2020-09-20,2286.1,2683.68,2484.89
Rice,Uttar Pradesh,Lucknow,2020-09-27,2470.85,2900.56,2685.71
Rice,Uttar Pradesh,Lucknow,2020-10-04,2518.61,2956.63,2737.62
Rice,Uttar Pradesh,Lucknow,2020-10-11,2392.76,2808.89,2600.82
Rice,Uttar Pradesh,Lucknow,2020-10-18,2493.37,2926.99,2710.18
Rice,Uttar Pradesh,Lucknow,2020-10-25,2436.06,2859.73,2647.9
Rice,Uttar Pradesh,Lucknow,2020-11-01,2611.0,3065.08,2838.04
Rice,Uttar Pradesh,Lucknow,2020-11-08,2629.94,3087.32,2858.63
Rice,Uttar Pradesh,Lucknow,2020-11-15,2546.85,2989.78,2768.32
Rice,Uttar Pradesh,Lucknow,2020-11-22,2368.54,2780.46,2574.5
Rice,Uttar Pradesh,Lucknow,2020-11-29,2389.44,2804.99,2597.22
Rice,Uttar Pradesh,Lucknow,2020-12-06,2603.87,3056.71,2830.29
Rice,Uttar Pradesh,Lucknow,2020-12-13,2432.35,2855.37,2643.86
Rice,Uttar Pradesh,Lucknow,2020-12-20,2644.73,3104.68,2874.7
Rice,Uttar Pradesh,Lucknow,2020-12-27,2571.45,3018.66,2795.05
Rice,Uttar Pradesh,Lucknow,2021-01-03,2850.02,3345.68,3097.85
Rice,Uttar Pradesh,Lucknow,2021-01-10,2723.85,3197.56,2960.7
Rice,Uttar Pradesh,Lucknow,2021-01-17,2907.81,3413.52,3160.67
Rice,Uttar Pradesh,Lucknow,2021-01-24,2727.08,3201.35,2964.22
Rice,Uttar Pradesh,Lucknow,2021-01-31,2715.42,3187.66,2951.54
Rice,Uttar Pradesh,Lucknow,2021-02-07,2627.94,3084.97,2856.46
Rice,Uttar Pradesh,Lucknow,2021-02-14,2888.78,3391.18,3139.98
Rice,Uttar Pradesh,Lucknow,2021-02-21,2601.41,3053.83,2827.62
Rice,Uttar Pradesh,Lucknow,2021-02-28,2622.09,3078.1,2850.1
Rice,Uttar Pradesh,Lucknow,2021-03-07,2522.64,2961.36,2742.0
Rice,Uttar Pradesh,Lucknow,2021-03-14,2466.67,2895.65,2681.16
Rice,Uttar Pradesh,Lucknow,2021-03-21,2627.14,3084.04,2855.59
Rice,Uttar Pradesh,Lucknow,2021-03-28,2561.49,3006.96,2784.22
Rice,Uttar Pradesh,Lucknow,2021-04-04,2574.17,3021.85,2798.01
Rice,Uttar Pradesh,Lucknow,2021-04-11,2499.32,2933.98,2716.65
Rice,Uttar Pradesh,Lucknow,2021-04-18,2479.91,2911.2,2695.55
Rice,Uttar Pradesh,Lucknow,2021-04-25,2628.48,3085.61,2857.05
Rice,Uttar Pradesh,Lucknow,2021-05-02,2413.03,2832.69,2622.86
Rice,Uttar Pradesh,Lucknow,2021-05-09,2324.11,2728.31,2526.21
Rice,Uttar Pradesh,Lucknow,2021-05-16,2253.01,2644.84,2448.92
Rice,Uttar Pradesh,Lucknow,2021-05-23,2334.0,2739.91,2536.96
Rice,Uttar Pradesh,Lucknow,2021-05-30,2371.45,2783.88,2577.67
Rice,Uttar Pradesh,Lucknow,2021-06-06,2369.11,2781.13,2575.12
Rice,Uttar Pradesh,Lucknow,2021-06-13,2436.27,2859.97,2648.12
Rice,Uttar Pradesh,Lucknow,2021-06-20,2397.89,2814.92,2606.4
Rice,Uttar Pradesh,Lucknow,2021-06-27,2557.91,3002.76,2780.34
Rice,Uttar Pradesh,Lucknow,2021-07-04,2345.81,2753.78,2549.8
Rice,Uttar Pradesh,Lucknow,2021-07-11,2466.14,2895.04,2680.59
Rice,Uttar Pradesh,Lucknow,2021-07-18,2317.32,2720.34,2518.83
Rice,Uttar Pradesh,Lucknow,2021-07-25,2381.34,2795.48,2588.41
Rice,Uttar Pradesh,Lucknow,2021-08-01,2570.77,3017.86,2794.32
Rice,Uttar Pradesh,Lucknow,2021-08-08,2438.2,2862.24,2650.22
Rice,Uttar Pradesh,Lucknow,2021-08-15,2451.49,2877.83,2664.66
Rice,Uttar Pradesh,Lucknow,2021-08-22,2509.96,2946.47,2728.21
Rice,Uttar Pradesh,Lucknow,2021-08-29,2469.77,2899.3,2684.53
Rice,Uttar Pradesh,Lucknow,2021-09-05,2443.21,2868.12,2655.66
Rice,Uttar Pradesh,Lucknow,2021-09-12,2547.83,2990.93,2769.38
Rice,Uttar Pradesh,Lucknow,2021-09-19,2510.36,2946.94,2728.65
Rice,Uttar Pradesh,Lucknow,2021-09-26,2616.95,3072.07,2844.51
Rice,Uttar Pradesh,Lucknow,2021-10-03,2516.63,2954.31,2735.47
Rice,Uttar Pradesh,Lucknow,2021-10-10,2621.68,3077.62,2849.65
Rice,Uttar Pradesh,Lucknow,2021-10-17,2762.47,3242.9,3002.69
Rice,Uttar Pradesh,Lucknow,2021-10-24,2660.11,3122.74,2891.42
Rice,Uttar Pradesh,Lucknow,2021-10-31,2593.45,3044.49,2818.97
Rice,Uttar Pradesh,Lucknow,2021-11-07,2596.36,3047.9,2822.13
Rice,Uttar Pradesh,Lucknow,2021-11-14,2729.01,3203.61,2966.31
Rice,Uttar Pradesh,Lucknow,2021-11-21,2802.32,3289.69,3046.01
Rice,Uttar Pradesh,Lucknow,2021-11-28,2844.15,3338.79,3091.47
Rice,Uttar Pradesh,Lucknow,2021-12-05,2784.74,3269.05,3026.9
Rice,Uttar Pradesh,Lucknow,2021-12-12,2693.57,3162.01,2927.79
Rice,Uttar Pradesh,Lucknow,2021-12-19,2978.02,3495.94,3236.98
Rice,Uttar Pradesh,Lucknow,2021-12-26,2837.0,3330.39,3083.7
Rice,Uttar Pradesh,Lucknow,2022-01-02,2872.48,3372.04,3122.26
Rice,Uttar Pradesh,Lucknow,2022-01-09,2830.87,3323.2,3077.03
Rice,Uttar Pradesh,Lucknow,2022-01-16,2984.84,3503.94,3244.39
Rice,Uttar Pradesh,Lucknow,2022-01-23,2823.74,3314.83,3069.28
Rice,Uttar Pradesh,Lucknow,2022-01-30,2784.4,3268.64,3026.52
Rice,Uttar Pradesh,Lucknow,2022-02-06,2833.92,3326.77,3080.35
Rice,Uttar Pradesh,Lucknow,2022-02-13,2891.28,3394.11,3142.69
Rice,Uttar Pradesh,Lucknow,2022-02-20,2864.3,3362.44,3113.37
Rice,Uttar Pradesh,Lucknow,2022-02-27,2883.13,3384.54,3133.83
Rice,Uttar Pradesh,Lucknow,2022-03-06,2779.88,3263.33,3021.61
Rice,Uttar Pradesh,Lucknow,2022-03-13,2757.69,3237.29,2997.49
Rice,Uttar Pradesh,Lucknow,2022-03-20,2936.52,3447.22,3191.87
Rice,Uttar Pradesh,Lucknow,2022-03-27,2630.84,3088.37,2859.6
Rice,Uttar Pradesh,Lucknow,2022-04-03,2684.38,3151.23,2917.81
Rice,Uttar Pradesh,Lucknow,2022-04-10,2637.49,3096.18,2866.83
Rice,Uttar Pradesh,Lucknow,2022-04-17,2709.48,3180.69,2945.09
Rice,Uttar Pradesh,Lucknow,2022-04-24,2580.64,3029.45,2805.04
Rice,Uttar Pradesh,Lucknow,2022-05-01,2510.99,2947.69,2729.34
Rice,Uttar Pradesh,Lucknow,2022-05-08,2479.52,2910.74,2695.13
Rice,Uttar Pradesh,Lucknow,2022-05-15,2524.9,2964.02,2744.46
Rice,Uttar Pradesh,Lucknow,2022-05-22,2537.03,2978.26,2757.64
Rice,Uttar Pradesh,Lucknow,2022-05-29,2604.79,3057.8,2831.3
Rice,Uttar Pradesh,Lucknow,2022-06-05,2516.39,2954.02,2735.2
Rice,Uttar Pradesh,Lucknow,2022-06-12,2448.53,2874.37,2661.45
Rice,Uttar Pradesh,Lucknow,2022-06-19,2512.1,2948.99,2730.55
Rice,Uttar Pradesh,Lucknow,2022-06-26,2388.79,2804.23,2596.51
Rice,Uttar Pradesh,Lucknow,2022-07-03,2443.21,2868.12,2655.66
Rice,Uttar Pradesh,Lucknow,2022-07-10,2394.24,2810.63,2602.43
Rice,Uttar Pradesh,Lucknow,2022-07-17,2456.32,2883.51,2669.91
Rice,Uttar Pradesh,Lucknow,2022-07-24,2427.56,2849.74,2638.65
Rice,Uttar Pradesh,Lucknow,2022-07-31,2486.37,2918.78,2702.57
Rice,Uttar Pradesh,Lucknow,2022-08-07,2472.76,2902.8,2687.78
Rice,Uttar Pradesh,Lucknow,2022-08-14,2509.73,2946.21,2727.97
Rice,Uttar Pradesh,Lucknow,2022-08-21,2529.64,2969.57,2749.61
Rice,Uttar Pradesh,Lucknow,2022-08-28,2759.18,3239.04,2999.11
Rice,Uttar Pradesh,Lucknow,2022-09-04,2509.4,2945.82,2727.61
Rice,Uttar Pradesh,Lucknow,2022-09-11,2442.74,2867.57,2655.15
Rice,Uttar Pradesh,Lucknow,2022-09-18,2602.18,3054.73,2828.45
Rice,Uttar Pradesh,Lucknow,2022-09-25,2694.6,3163.23,2928.92
Rice,Uttar Pradesh,Lucknow,2022-10-02,2688.05,3155.53,2921.79
Rice,Uttar Pradesh,Lucknow,2022-10-09,2594.75,3046.01,2820.38
Rice,Uttar Pradesh,Lucknow,2022-10-16,2590.69,3041.24,2815.96
Rice,Uttar Pradesh,Lucknow,2022-10-23,2602.59,3055.21,2828.9
Rice,Uttar Pradesh,Lucknow,2022-10-30,2831.45,3323.88,3077.67
Rice,Uttar Pradesh,Lucknow,2022-11-06,2610.86,3064.93,2837.89
Rice,Uttar Pradesh,Lucknow,2022-11-13,2752.38,3231.06,2991.72
Rice,Uttar Pradesh,Lucknow,2022-11-20,2721.75,3195.09,2958.42
Rice,Uttar Pradesh,Lucknow,2022-11-27,2779.99,3263.46,3021.73
Rice,Uttar Pradesh,Lucknow,2022-12-04,2691.97,3160.14,2926.05
Rice,Uttar Pradesh,Lucknow,2022-12-11,2851.03,3346.86,3098.94
Rice,Uttar Pradesh,Lucknow,2022-12-18,2947.01,3459.53,3203.27
Rice,Uttar Pradesh,Lucknow,2022-12-25,2795.3,3281.44,3038.37
Rice,Uttar Pradesh,Lucknow,2023-01-01,2893.38,3396.57,3144.97
Rice,Uttar Pradesh,Lucknow,2023-01-08,2863.13,3361.07,3112.1
Rice,Uttar Pradesh,Lucknow,2023-01-15,2894.09,3397.41,3145.75
Rice,Uttar Pradesh,Lucknow,2023-01-22,2972.04,3488.92,3230.48
Rice,Uttar Pradesh,Lucknow,2023-01-29,2853.41,3349.65,3101.53
Rice,Uttar Pradesh,Lucknow,2023-02-05,2931.21,3440.99,3186.1
Rice,Uttar Pradesh,Lucknow,2023-02-12,2990.79,3510.93,3250.86
Rice,Uttar Pradesh,Lucknow,2023-02-19,2914.65,3421.55,3168.1
Rice,Uttar Pradesh,Lucknow,2023-02-26,2934.79,3445.19,3189.99
Rice,Uttar Pradesh,Lucknow,2023-03-05,2781.76,3265.54,3023.65
Rice,Uttar Pradesh,Lucknow,2023-03-12,2891.9,3394.84,3143.37
Rice,Uttar Pradesh,Lucknow,2023-03-19,2908.37,3414.17,3161.27
Rice,Uttar Pradesh,Lucknow,2023-03-26,2836.96,3330.35,3083.66
Rice,Uttar Pradesh,Lucknow,2023-04-02,2679.58,3145.59,2912.58
Rice,Uttar Pradesh,Lucknow,2023-04-09,2814.65,3304.15,3059.4
Rice,Uttar Pradesh,Lucknow,2023-04-16,2736.62,3212.55,2974.59
Rice,Uttar Pradesh,Lucknow,2023-04-23,2793.51,3279.34,3036.42
Rice,Uttar Pradesh,Lucknow,2023-04-30,2898.65,3402.76,3150.71
Rice,Uttar Pradesh,Lucknow,2023-05-07,2862.46,3360.28,3111.37
Rice,Uttar Pradesh,Lucknow,2023-05-14,2869.45,3368.49,3118.97
Rice,Uttar Pradesh,Lucknow,2023-05-21,2786.0,3270.52,3028.26
Rice,Uttar Pradesh,Lucknow,2023-05-28,2972.82,3489.84,3231.33
Rice,Uttar Pradesh,Lucknow,2023-06-04,2806.17,3294.2,3050.18
Rice,Uttar Pradesh,Lucknow,2023-06-11,2782.15,3266.01,3024.08
Rice,Uttar Pradesh,Lucknow,2023-06-18,2649.94,3110.8,2880.37
Rice,Uttar Pradesh,Lucknow,2023-06-25,2783.02,3267.03,3025.03
Rice,Uttar Pradesh,Lucknow,2023-07-02,2729.31,3203.97,2966.64
Rice,Uttar Pradesh,Lucknow,2023-07-09,2595.97,3047.44,2821.7
Rice,Uttar Pradesh,Lucknow,2023-07-16,2768.18,3249.61,3008.89
Rice,Uttar Pradesh,Lucknow,2023-07-23,2671.41,3136.01,2903.71
Rice,Uttar Pradesh,Lucknow,2023-07-30,2587.61,3037.63,2812.62
Rice,Uttar Pradesh,Lucknow,2023-08-06,2620.28,3075.99,2848.13
Rice,Uttar Pradesh,Lucknow,2023-08-13,2641.26,3100.61,2870.93
Rice,Uttar Pradesh,Lucknow,2023-08-20,2816.93,3306.83,3061.88
Rice,Uttar Pradesh,Lucknow,2023-08-27,2629.46,3086.76,2858.11
Rice,Uttar Pradesh,Lucknow,2023-09-03,2795.59,3281.78,3038.68
Rice,Uttar Pradesh,Lucknow,2023-09-10,2727.68,3202.06,2964.87
Rice,Uttar Pradesh,Lucknow,2023-09-17,2773.92,3256.34,3015.13
Rice,Uttar Pradesh,Lucknow,2023-09-24,2841.25,3335.38,3088.32
Rice,Uttar Pradesh,Lucknow,2023-10-01,3107.21,3647.59,3377.4
Rice,Uttar Pradesh,Lucknow,2023-10-08,2933.41,3443.57,3188.49
Rice,Uttar Pradesh,Lucknow,2023-10-15,2930.44,3440.08,3185.26
Rice,Uttar Pradesh,Lucknow,2023-10-22,2738.22,3214.43,2976.33
Rice,Uttar Pradesh,Lucknow,2023-10-29,2823.92,3315.04,3069.48
Rice,Uttar Pradesh,Lucknow,2023-11-05,2945.89,3458.22,3202.05
Rice,Uttar Pradesh,Lucknow,2023-11-12,2965.1,3480.77,3222.93
Rice,Uttar Pradesh,Lucknow,2023-11-19,2988.43,3508.16,3248.29
Rice,Uttar Pradesh,Lucknow,2023-11-26,3033.44,3561.0,3297.22
Rice,Uttar Pradesh,Lucknow,2023-12-03,3051.76,3582.5,3317.13
Rice,Uttar Pradesh,Lucknow,2023-12-10,3053.18,3584.17,3318.67
Rice,Uttar Pradesh,Lucknow,2023-12-17,2912.24,3418.72,3165.48
Rice,Uttar Pradesh,Lucknow,2023-12-24,3000.8,3522.67,3261.73
Rice,Uttar Pradesh,Lucknow,2023-12-31,3074.35,3609.02,3341.69
Rice,Uttar Pradesh,Lucknow,2024-01-07,3181.09,3734.32,3457.71
Rice,Uttar Pradesh,Lucknow,2024-01-14,3130.54,3674.99,3402.77
Rice,Uttar Pradesh,Lucknow,2024-01-21,3217.38,3776.92,3497.15
Rice,Uttar Pradesh,Lucknow,2024-01-28,3252.26,3817.87,3535.06
Rice,Uttar Pradesh,Lucknow,2024-02-04,3075.17,3609.98,3342.58
Rice,Uttar Pradesh,Lucknow,2024-02-11,3047.76,3577.8,3312.78
Rice,Uttar Pradesh,Lucknow,2024-02-18,3212.42,3771.1,3491.76
Rice,Uttar Pradesh,Lucknow,2024-02-25,3112.98,3654.36,3383.67
Rice,Uttar Pradesh,Lucknow,2024-03-03,2995.72,3516.72,3256.22
Rice,Uttar Pradesh,Lucknow,2024-03-10,2963.79,3479.23,3221.51
Rice,Uttar Pradesh,Lucknow,2024-03-17,3018.09,3542.98,3280.54
Rice,Uttar Pradesh,Lucknow,2024-03-24,2888.9,3391.32,3140.11
Rice,Uttar Pradesh,Lucknow,2024-03-31,3022.9,3548.63,3285.76
Rice,Uttar Pradesh,Lucknow,2024-04-07,2918.54,3426.11,3172.33
Rice,Uttar Pradesh,Lucknow,2024-04-14,2924.08,3432.61,3178.35
Rice,Uttar Pradesh,Lucknow,2024-04-21,2783.27,3267.32,3025.3
Rice,Uttar Pradesh,Lucknow,2024-04-28,2886.08,3388.01,3137.04
Rice,Uttar Pradesh,Lucknow,2024-05-05,2911.94,3418.37,3165.15
Rice,Uttar Pradesh,Lucknow,2024-05-12,2763.35,3243.93,3003.64
Rice,Uttar Pradesh,Lucknow,2024-05-19,2728.01,3202.44,2965.22
Rice,Uttar Pradesh,Lucknow,2024-05-26,2841.47,3335.63,3088.55
Rice,Uttar Pradesh,Lucknow,2024-06-02,2723.18,3196.77,2959.98
Rice,Uttar Pradesh,Lucknow,2024-06-09,2607.28,3060.72,2834.0
Rice,Uttar Pradesh,Lucknow,2024-06-16,2772.45,3254.62,3013.54
Rice,Uttar Pradesh,Lucknow,2024-06-23,2466.54,2895.5,2681.02
Rice,Uttar Pradesh,Lucknow,2024-06-30,2592.94,3043.88,2818.41
Rice,Uttar Pradesh,Lucknow,2024-07-07,2608.9,3062.62,2835.76
Rice,Uttar Pradesh,Lucknow,2024-07-14,2673.59,3138.56,2906.08
Rice,Uttar Pradesh,Lucknow,2024-07-21,2640.42,3099.62,2870.02
Rice,Uttar Pradesh,Lucknow,2024-07-28,2463.49,2891.92,2677.71
Rice,Uttar Pradesh,Lucknow,2024-08-04,2494.94,2928.84,2711.89
Rice,Uttar Pradesh,Lucknow,2024-08-11,2523.93,2962.87,2743.4
Rice,Uttar Pradesh,Lucknow,2024-08-18,2444.86,2870.06,2657.46
Rice,Uttar Pradesh,Lucknow,2024-08-25,2396.41,2813.18,2604.79
Rice,Uttar Pradesh,Lucknow,2024-09-01,2587.62,3037.64,2812.63
Rice,Uttar Pradesh,Lucknow,2024-09-08,2722.55,3196.03,2959.29
Rice,Uttar Pradesh,Lucknow,2024-09-15,2483.97,2915.96,2699.96
Rice,Uttar Pradesh,Lucknow,2024-09-22,2540.29,2982.08,2761.19
Rice,Uttar Pradesh,Lucknow,2024-09-29,2612.71,3067.09,2839.9
Rice,Uttar Pradesh,Lucknow,2024-10-06,2533.34,2973.92,2753.63
Rice,Uttar Pradesh,Lucknow,2024-10-13,2678.23,3144.01,2911.12
Rice,Uttar Pradesh,Lucknow,2024-10-20,2659.8,3122.37,2891.08
Rice,Uttar Pradesh,Lucknow,2024-10-27,2816.8,3306.68,3061.74
Rice,Uttar Pradesh,Lucknow,2024-11-03,2799.94,3286.89,3043.42
Rice,Uttar Pradesh,Lucknow,2024-11-10,2712.58,3184.34,2948.46
Rice,Uttar Pradesh,Lucknow,2024-11-17,2630.31,3087.75,2859.03
Rice,Uttar Pradesh,Lucknow,2024-11-24,2794.9,3280.97,3037.94
Rice,Uttar Pradesh,Lucknow,2024-12-01,2863.68,3361.71,3112.7
Rice,Uttar Pradesh,Lucknow,2024-12-08,2881.49,3382.62,3132.06
Rice,Uttar Pradesh,Lucknow,2024-12-15,2881.63,3382.78,3132.21
Rice,Uttar Pradesh,Lucknow,2024-12-22,2805.17,3293.03,3049.1
Rice,Uttar Pradesh,Lucknow,2024-12-29,2722.86,3196.4,2959.63
Rice,Uttar Pradesh,Lucknow,2025-01-05,2900.68,3405.15,3152.91
Rice,Uttar Pradesh,Lucknow,2025-01-12,2874.38,3374.28,3124.33
Rice,Uttar Pradesh,Lucknow,2025-01-19,2927.29,3436.38,3181.83
Rice,Uttar Pradesh,Lucknow,2025-01-26,2920.07,3427.91,3173.99
Rice,Uttar Pradesh,Lucknow,2025-02-02,2756.31,3235.67,2995.99
Rice,Uttar Pradesh,Lucknow,2025-02-09,2846.77,3341.86,3094.31
Rice,Uttar Pradesh,Lucknow,2025-02-16,2812.42,3301.54,3056.98
Rice,Uttar Pradesh,Lucknow,2025-02-23,2601.04,3053.4,2827.22
Rice,Uttar Pradesh,Lucknow,2025-03-02,2582.05,3031.1,2806.58
Rice,Uttar Pradesh,Lucknow,2025-03-09,2581.96,3031.0,2806.48
Rice,Uttar Pradesh,Lucknow,2025-03-16,2688.39,3155.93,2922.16
Rice,Uttar Pradesh,Lucknow,2025-03-23,2742.0,3218.87,2980.43
Rice,Uttar Pradesh,Lucknow,2025-03-30,2712.1,3183.77,2947.94
Rice,Uttar Pradesh,Lucknow,2025-04-06,2466.68,2895.67,2681.18
Rice,Uttar Pradesh,Lucknow,2025-04-13,2540.17,2981.94,2761.06
Rice,Uttar Pradesh,Lucknow,2025-04-20,2563.68,3009.54,2786.61
Rice,Uttar Pradesh,Lucknow,2025-04-27,2558.93,3003.96,2781.45
Rice,Uttar Pradesh,Lucknow,2025-05-04,2604.48,3057.43,2830.96
Rice,Uttar Pradesh,Lucknow,2025-05-11,2516.27,2953.88,2735.07
Rice,Uttar Pradesh,Lucknow,2025-05-18,2458.01,2885.49,2671.75
Rice,Uttar Pradesh,Lucknow,2025-05-25,2445.42,2870.71,2658.07
Rice,Uttar Pradesh,Lucknow,2025-06-01,2420.25,2841.17,2630.71
Rice,Uttar Pradesh,Lucknow,2025-06-08,2542.75,2984.97,2763.86
Rice,Uttar Pradesh,Lucknow,2025-06-15,2304.8,2705.63,2505.21
Rice,Uttar Pradesh,Lucknow,2025-06-22,2411.85,2831.3,2621.58
Rice,Uttar Pradesh,Lucknow,2025-06-29,2357.17,2767.11,2562.14
Rice,Uttar Pradesh,Lucknow,2025-07-06,2548.93,2992.22,2770.58
Rice,Uttar Pradesh,Lucknow,2025-07-13,2404.76,2822.97,2613.87
Rice,Uttar Pradesh,Lucknow,2025-07-20,2386.45,2801.49,2593.97
Rice,Uttar Pradesh,Lucknow,2025-07-27,2452.31,2878.79,2665.55
Rice,Uttar Pradesh,Lucknow,2025-08-03,2393.44,2809.69,2601.57
Rice,Uttar Pradesh,Lucknow,2025-08-10,2404.0,2822.09,2613.05
Rice,Uttar Pradesh,Lucknow,2025-08-17,2431.72,2854.63,2643.18
Rice,Uttar Pradesh,Lucknow,2025-08-24,2414.52,2834.43,2624.47
Rice,Uttar Pradesh,Lucknow,2025-08-31,2469.51,2898.99,2684.25
Rice,Uttar Pradesh,Lucknow,2025-09-07,2460.05,2887.88,2673.96
Rice,Uttar Pradesh,Lucknow,2025-09-14,2621.25,3077.12,2849.19
Rice,Uttar Pradesh,Lucknow,2025-09-21,2488.99,2921.85,2705.42
Rice,Uttar Pradesh,Lucknow,2025-09-28,2564.26,3010.22,2787.24
Rice,Uttar Pradesh,Lucknow,2025-10-05,2651.59,3112.74,2882.17
Rice,Uttar Pradesh,Lucknow,2025-10-12,2621.53,3077.45,2849.49
Rice,Uttar Pradesh,Lucknow,2025-10-19,2621.0,3076.82,2848.91
Rice,Uttar Pradesh,Lucknow,2025-10-26,2599.62,3051.73,2825.68
Rice,Uttar Pradesh,Lucknow,2025-11-02,2612.32,3066.63,2839.47
Rice,Uttar Pradesh,Lucknow,2025-11-09,2711.45,3183.01,2947.23
Rice,Uttar Pradesh,Lucknow,2025-11-16,2784.66,3268.95,3026.81
Rice,Uttar Pradesh,Lucknow,2025-11-23,2535.12,2976.01,2755.57
Rice,Uttar Pradesh,Lucknow,2025-11-30,2580.36,3029.12,2804.74
Rice,Uttar Pradesh,Lucknow,2025-12-07,2770.81,3252.69,3011.75
Rice,Uttar Pradesh,Lucknow,2025-12-14,2704.71,3175.09,2939.9
Rice,Uttar Pradesh,Lucknow,2025-12-21,2560.53,3005.84,2783.19
Rice,Uttar Pradesh,Lucknow,2025-12-28,2721.18,3194.43,2957.8
Rice,Uttar Pradesh,Lucknow,2026-01-04,2563.79,3009.67,2786.73
Rice,Uttar Pradesh,Lucknow,2026-01-11,2743.22,3220.31,2981.76
Rice,Uttar Pradesh,Lucknow,2026-01-18,2813.62,3302.95,3058.28
Rice,Uttar Pradesh,Lucknow,2026-01-25,2792.1,3277.68,3034.89
Rice,Uttar Pradesh,Lucknow,2026-02-01,2657.78,3120.01,2888.9
Rice,Uttar Pradesh,Lucknow,2026-02-08,2835.29,3328.38,3081.83
Rice,Uttar Pradesh,Lucknow,2026-02-15,2641.99,3101.46,2871.73
Rice,Uttar Pradesh,Lucknow,2026-02-22,2689.71,3157.49,2923.6
Rice,Uttar Pradesh,Lucknow,2026-03-01,2643.46,3103.2,2873.33
Rice,Uttar Pradesh,Lucknow,2026-03-08,2623.83,3080.15,2851.99
Rice,Uttar Pradesh,Lucknow,2026-03-15,2698.04,3167.27,2932.66
Rice,Uttar Pradesh,Lucknow,2026-03-22,2684.38,3151.23,2917.8
Rice,Uttar Pradesh,Lucknow,2026-03-29,2664.94,3128.41,2896.67
Rice,Uttar Pradesh,Lucknow,2026-04-05,2677.6,3143.27,2910.44
Rice,Uttar Pradesh,Lucknow,2026-04-12,2850.88,3346.69,3098.79
Rice,Uttar Pradesh,Lucknow,2026-04-19,2605.81,3058.99,2832.4
Rice,Uttar Pradesh,Lucknow,2026-04-26,2678.17,3143.94,2911.06
Rice,Uttar Pradesh,Lucknow,2026-05-03,2680.78,3147.0,2913.89
Rice,Uttar Pradesh,Lucknow,2026-05-10,2564.83,3010.89,2787.86
Rice,Uttar Pradesh,Lucknow,2026-05-17,2442.49,2867.27,2654.88
Rice,Uttar Pradesh,Lucknow,2026-05-24,2655.08,3116.83,2885.96
Rice,Uttar Pradesh,Lucknow,2026-05-31,2710.06,3181.38,2945.72
Rice,Uttar Pradesh,Lucknow,2026-06-07,2548.95,2992.25,2770.6
Rice,Uttar Pradesh,Lucknow,2026-06-14,2562.89,3008.61,2785.75
Rice,Uttar Pradesh,Lucknow,2026-06-21,2399.93,2817.31,2608.62
Rice,Uttar Pradesh,Lucknow,2026-06-28,2594.86,3046.14,2820.5
Rice,Uttar Pradesh,Lucknow,2026-07-05,2548.38,2991.58,2769.98
Rice,Uttar Pradesh,Lucknow,2026-07-12,2462.21,2890.42,2676.31
Rice,Uttar Pradesh,Lucknow,2026-07-19,2507.49,2943.57,2725.53
Rice,Uttar Pradesh,Lucknow,2026-07-26,2503.82,2939.27,2721.54
Rice,Uttar Pradesh,Lucknow,2026-08-02,2553.81,2997.95,2775.88
Rice,Uttar Pradesh,Lucknow,2026-08-09,2429.55,2852.08,2640.81
Rice,Uttar Pradesh,Lucknow,2026-08-16,2465.43,2894.2,2679.81
Rice,Uttar Pradesh,Lucknow,2026-08-23,2469.71,2899.22,2684.46
Rice,Uttar Pradesh,Lucknow,2026-08-30,2324.67,2728.96,2526.81
Rice,Punjab,Ludhiana,2020-01-05,2761.58,3241.85,3001.72
Rice,Punjab,Ludhiana,2020-01-12,2732.02,3207.16,2969.59
Rice,Punjab,Ludhiana,2020-01-19,3007.34,3530.36,3268.85
Rice,Punjab,Ludhiana,2020-01-26,2924.57,3433.19,3178.88
Rice,Punjab,Ludhiana,2020-02-02,2913.39,3420.06,3166.73
Rice,Punjab,Ludhiana,2020-02-09,2829.7,3321.82,3075.76
Rice,Punjab,Ludhiana,2020-02-16,2885.78,3387.66,3136.72
Rice,Punjab,Ludhiana,2020-02-23,2856.49,3353.28,3104.89
Rice,Punjab,Ludhiana,2020-03-01,2674.13,3139.2,2906.67
Rice,Punjab,Ludhiana,2020-03-08,2794.1,3280.03,3037.07
Rice,Punjab,Ludhiana,2020-03-15,2789.0,3274.05,3031.53
Rice,Punjab,Ludhiana,2020-03-22,2722.05,3195.46,2958.75
Rice,Punjab,Ludhiana,2020-03-29,2736.97,3212.97,2974.97
Rice,Punjab,Ludhiana,2020-04-05,2748.23,3226.18,2987.21
Rice,Punjab,Ludhiana,2020-04-12,2583.62,3032.95,2808.28
Rice,Punjab,Ludhiana,2020-04-19,2662.85,3125.95,2894.4
Rice,Punjab,Ludhiana,2020-04-26,2726.43,3200.59,2963.51
Rice,Punjab,Ludhiana,2020-05-03,2543.92,2986.34,2765.13
Rice,Punjab,Ludhiana,2020-05-10,2694.57,3163.19,2928.88
Rice,Punjab,Ludhiana,2020-05-17,2599.08,3051.09,2825.09
Rice,Punjab,Ludhiana,2020-05-24,2488.4,2921.16,2704.78
Rice,Punjab,Ludhiana,2020-05-31,2591.35,3042.02,2816.68
Rice,Punjab,Ludhiana,2020-06-07,2521.6,2960.13,2740.86
Rice,Punjab,Ludhiana,2020-06-14,2459.02,2886.68,2672.85
Rice,Punjab,Ludhiana,2020-06-21,2600.59,3052.87,2826.73
Rice,Punjab,Ludhiana,2020-06-28,2690.24,3158.1,2924.17
Rice,Punjab,Ludhiana,2020-07-05,2551.5,2995.24,2773.37
Rice,Punjab,Ludhiana,2020-07-12,2583.99,3033.38,2808.69
Rice,Punjab,Ludhiana,2020-07-19,2678.53,3144.36,2911.44
Rice,Punjab,Ludhiana,2020-07-26,2494.82,2928.7,2711.76
Rice,Punjab,Ludhiana,2020-08-02,2708.34,3179.35,2943.84
Rice,Punjab,Ludhiana,2020-08-09,2697.91,3167.12,2932.52
Rice,Punjab,Ludhiana,2020-08-16,2759.6,3239.53,2999.56
Rice,Punjab,Ludhiana,2020-08-23,2582.26,3031.35,2806.81
Rice,Punjab,Ludhiana,2020-08-30,2693.55,3162.0,2927.77
Rice,Punjab,Ludhiana,2020-09-06,2664.05,3127.37,2895.71
Rice,Punjab,Ludhiana,2020-09-13,2861.56,3359.22,3110.39
Rice,Punjab,Ludhiana,2020-09-20,2721.51,3194.81,2958.16
Rice,Punjab,Ludhiana,2020-09-27,2616.71,3071.79,2844.25
Rice,Punjab,Ludhiana,2020-10-04,2894.99,3398.46,3146.72
Rice,Punjab,Ludhiana,2020-10-11,2837.15,3330.57,3083.86
Rice,Punjab,Ludhiana,2020-10-18,2823.29,3314.29,3068.79
Rice,Punjab,Ludhiana,2020-10-25,2858.79,3355.97,3107.38
Rice,Punjab,Ludhiana,2020-11-01,2863.75,3361.79,3112.77
Rice,Punjab,Ludhiana,2020-11-08,2860.63,3358.13,3109.38
Rice,Punjab,Ludhiana,2020-11-15,2934.41,3444.74,3189.57
Rice,Punjab,Ludhiana,2020-11-22,2939.74,3451.0,3195.37
Rice,Punjab,Ludhiana,2020-11-29,2698.45,3167.75,2933.1
Rice,Punjab,Ludhiana,2020-12-06,3137.7,3683.38,3410.54
Rice,Punjab,Ludhiana,2020-12-13,2734.01,3209.49,2971.75
Rice,Punjab,Ludhiana,2020-12-20,2981.88,3500.47,3241.18
Rice,Punjab,Ludhiana,2020-12-27,3002.3,3524.44,3263.37
Rice,Punjab,Ludhiana,2021-01-03,3156.36,3705.3,3430.83
Rice,Punjab,Ludhiana,2021-01-10,3031.75,3559.01,3295.38
Rice,Punjab,Ludhiana,2021-01-17,3047.97,3578.05,3313.01
Rice,Punjab,Ludhiana,2021-01-24,2959.2,3473.85,3216.52
Rice,Punjab,Ludhiana,2021-01-31,3170.34,3721.7,3446.02
Rice,Punjab,Ludhiana,2021-02-07,2964.71,3480.31,3222.51
Rice,Punjab,Ludhiana,2021-02-14,2998.21,3519.64,3258.93
Rice,Punjab,Ludhiana,2021-02-21,3177.96,3730.65,3454.31
Rice,Punjab,Ludhiana,2021-02-28,3040.63,3569.44,3305.03
Rice,Punjab,Ludhiana,2021-03-07,2920.76,3428.72,3174.74
Rice,Punjab,Ludhiana,2021-03-14,2940.12,3451.44,3195.78
Rice,Punjab,Ludhiana,2021-03-21,2958.73,3473.29,3216.01
Rice,Punjab,Ludhiana,2021-03-28,2941.2,3452.71,3196.95
Rice,Punjab,Ludhiana,2021-04-04,2850.59,3346.34,3098.46
Rice,Punjab,Ludhiana,2021-04-11,2820.03,3310.47,3065.25
Rice,Punjab,Ludhiana,2021-04-18,2937.17,3447.98,3192.58
Rice,Punjab,Ludhiana,2021-04-25,2880.62,3381.59,3131.1
Rice,Punjab,Ludhiana,2021-05-02,2787.89,3272.74,3030.31
Rice,Punjab,Ludhiana,2021-05-09,2743.5,3220.63,2982.07
Rice,Punjab,Ludhiana,2021-05-16,2778.23,3261.39,3019.81
Rice,Punjab,Ludhiana,2021-05-23,2800.22,3287.22,3043.72
Rice,Punjab,Ludhiana,2021-05-30,2800.16,3287.14,3043.65
Rice,Punjab,Ludhiana,2021-06-06,2746.12,3223.71,2984.91
Rice,Punjab,Ludhiana,2021-06-13,2687.6,3155.01,2921.31
Rice,Punjab,Ludhiana,2021-06-20,2615.73,3070.64,2843.18
Rice,Punjab,Ludhiana,2021-06-27,2577.58,3025.86,2801.72
Rice,Punjab,Ludhiana,2021-07-04,2439.53,2863.8,2651.67
Rice,Punjab,Ludhiana,2021-07-11,2508.17,2944.38,2726.27
Rice,Punjab,Ludhiana,2021-07-18,2621.81,3077.77,2849.79
Rice,Punjab,Ludhiana,2021-07-25,2565.17,3011.29,2788.23
Rice,Punjab,Ludhiana,2021-08-01,2665.94,3129.58,2897.76
Rice,Punjab,Ludhiana,2021-08-08,2589.73,3040.12,2814.92
Rice,Punjab,Ludhiana,2021-08-15,2796.21,3282.51,3039.36
Rice,Punjab,Ludhiana,2021-08-22,2657.02,3119.11,2888.06
Rice,Punjab,Ludhiana,2021-08-29,2709.93,3181.22,2945.57
Rice,Punjab,Ludhiana,2021-09-05,2753.99,3232.95,2993.47
Rice,Punjab,Ludhiana,2021-09-12,2828.0,3319.83,3073.92
Rice,Punjab,Ludhiana,2021-09-19,2738.76,3215.06,2976.91
Rice,Punjab,Ludhiana,2021-09-26,2672.01,3136.71,2904.36
Rice,Punjab,Ludhiana,2021-10-03,2785.47,3269.9,3027.69
Rice,Punjab,Ludhiana,2021-10-10,2681.27,3147.58,2914.42
Rice,Punjab,Ludhiana,2021-10-17,2691.0,3159.0,2925.0
Rice,Punjab,Ludhiana,2021-10-24,2719.01,3191.88,2955.44
Rice,Punjab,Ludhiana,2021-10-31,2671.14,3135.69,2903.41
Rice,Punjab,Ludhiana,2021-11-07,2913.17,3419.8,3166.48
Rice,Punjab,Ludhiana,2021-11-14,2943.43,3455.34,3199.39
Rice,Punjab,Ludhiana,2021-11-21,2729.58,3204.29,2966.94
Rice,Punjab,Ludhiana,2021-11-28,2654.43,3116.07,2885.25
Rice,Punjab,Ludhiana,2021-12-05,2797.7,3284.25,3040.98
Rice,Punjab,Ludhiana,2021-12-12,2746.66,3224.34,2985.5
Rice,Punjab,Ludhiana,2021-12-19,2689.02,3156.67,2922.85
Rice,Punjab,Ludhiana,2021-12-26,2589.07,3039.34,2814.21
Rice,Punjab,Ludhiana,2022-01-02,2834.96,3328.0,3081.48
Rice,Punjab,Ludhiana,2022-01-09,2801.96,3289.26,3045.61
Rice,Punjab,Ludhiana,2022-01-16,2748.58,3226.59,2987.58
Rice,Punjab,Ludhiana,2022-01-23,2794.43,3280.42,3037.43
Rice,Punjab,Ludhiana,2022-01-30,2948.39,3461.15,3204.77
Rice,Punjab,Ludhiana,2022-02-06,2974.23,3491.49,3232.86
Rice,Punjab,Ludhiana,2022-02-13,2893.98,3397.29,3145.63
Rice,Punjab,Ludhiana,2022-02-20,2923.76,3432.24,3178.0
Rice,Punjab,Ludhiana,2022-02-27,2973.26,3490.35,3231.8
Rice,Punjab,Ludhiana,2022-03-06,2728.53,3203.05,2965.79
Rice,Punjab,Ludhiana,2022-03-13,2987.04,3506.53,3246.78
Rice,Punjab,Ludhiana,2022-03-20,2711.36,3182.91,2947.13
Rice,Punjab,Ludhiana,2022-03-27,2887.52,3389.7,3138.61
Rice,Punjab,Ludhiana,2022-04-03,2828.87,3320.85,3074.86
Rice,Punjab,Ludhiana,2022-04-10,2778.88,3262.16,3020.52
Rice,Punjab,Ludhiana,2022-04-17,2756.95,3236.42,2996.69
Rice,Punjab,Ludhiana,2022-04-24,2674.66,3139.82,2907.24
Rice,Punjab,Ludhiana,2022-05-01,2550.41,2993.96,2772.19
Rice,Punjab,Ludhiana,2022-05-08,2613.8,3068.37,2841.09
Rice,Punjab,Ludhiana,2022-05-15,2767.71,3249.05,3008.38
Rice,Punjab,Ludhiana,2022-05-22,2684.79,3151.71,2918.25
Rice,Punjab,Ludhiana,2022-05-29,2676.43,3141.9,2909.17
Rice,Punjab,Ludhiana,2022-06-05,2663.8,3127.06,2895.43
Rice,Punjab,Ludhiana,2022-06-12,2700.05,3169.62,2934.84
Rice,Punjab,Ludhiana,2022-06-19,2801.01,3288.14,3044.58
Rice,Punjab,Ludhiana,2022-06-26,2531.39,2971.63,2751.51
Rice,Punjab,Ludhiana,2022-07-03,2529.6,2969.53,2749.56
Rice,Punjab,Ludhiana,2022-07-10,2725.46,3199.46,2962.46
Rice,Punjab,Ludhiana,2022-07-17,2516.57,2954.23,2735.4
Rice,Punjab,Ludhiana,2022-07-24,2643.51,3103.25,2873.38
Rice,Punjab,Ludhiana,2022-07-31,2531.12,2971.31,2751.22
Rice,Punjab,Ludhiana,2022-08-07,2551.52,2995.26,2773.39
Rice,Punjab,Ludhiana,2022-08-14,2603.5,3056.29,2829.9
Rice,Punjab,Ludhiana,2022-08-21,2270.85,2665.78,2468.31
Rice,Punjab,Ludhiana,2022-08-28,2422.63,2843.95,2633.29
Rice,Punjab,Ludhiana,2022-09-04,2438.01,2862.01,2650.01
Rice,Punjab,Ludhiana,2022-09-11,2580.78,3029.61,2805.19
Rice,Punjab,Ludhiana,2022-09-18,2460.83,2888.8,2674.81
Rice,Punjab,Ludhiana,2022-09-25,2487.8,2920.46,2704.13
Rice,Punjab,Ludhiana,2022-10-02,2473.96,2904.21,2689.09
Rice,Punjab,Ludhiana,2022-10-09,2484.12,2916.14,2700.13
Rice,Punjab,Ludhiana,2022-10-16,2616.72,3071.8,2844.26
Rice,Punjab,Ludhiana,2022-10-23,2669.74,3134.04,2901.89
Rice,Punjab,Ludhiana,2022-10-30,2453.32,2879.99,2666.66
Rice,Punjab,Ludhiana,2022-11-06,2567.07,3013.52,2790.29
Rice,Punjab,Ludhiana,2022-11-13,2572.71,3020.14,2796.42
Rice,Punjab,Ludhiana,2022-11-20,2651.27,3112.36,2881.81
Rice,Punjab,Ludhiana,2022-11-27,2560.5,3005.81,2783.15
Rice,Punjab,Ludhiana,2022-12-04,2531.28,2971.5,2751.39
Rice,Punjab,Ludhiana,2022-12-11,2660.67,3123.4,2892.03
Rice,Punjab,Ludhiana,2022-12-18,2534.27,2975.01,2754.64
Rice,Punjab,Ludhiana,2022-12-25,2642.2,3101.71,2871.95
Rice,Punjab,Ludhiana,2023-01-01,2948.41,3461.18,3204.79
Rice,Punjab,Ludhiana,2023-01-08,2809.4,3297.99,3053.69
Rice,Punjab,Ludhiana,2023-01-15,2816.9,3306.79,3061.85
Rice,Punjab,Ludhiana,2023-01-22,2838.47,3332.11,3085.29
Rice,Punjab,Ludhiana,2023-01-29,2742.91,3219.94,2981.43
Rice,Punjab,Ludhiana,2023-02-05,2681.3,3147.62,2914.46
Rice,Punjab,Ludhiana,2023-02-12,2699.15,3168.57,2933.86
Rice,Punjab,Ludhiana,2023-02-19,2825.51,3316.91,3071.21
Rice,Punjab,Ludhiana,2023-02-26,2727.15,3201.44,2964.29
Rice,Punjab,Ludhiana,2023-03-05,2627.99,3085.04,2856.52
Rice,Punjab,Ludhiana,2023-03-12,2502.06,2937.2,2719.63
Rice,Punjab,Ludhiana,2023-03-19,2623.87,3080.19,2852.03
Rice,Punjab,Ludhiana,2023-03-26,2636.01,3094.45,2865.23
Rice,Punjab,Ludhiana,2023-04-02,2672.03,3136.73,2904.38
Rice,Punjab,Ludhiana,2023-04-09,2439.84,2864.16,2652.0
Rice,Punjab,Ludhiana,2023-04-16,2566.22,3012.52,2789.37
Rice,Punjab,Ludhiana,2023-04-23,2417.54,2837.99,2627.76
Rice,Punjab,Ludhiana,2023-04-30,2478.89,2910.01,2694.45
Rice,Punjab,Ludhiana,2023-05-07,2508.46,2944.72,2726.59
Rice,Punjab,Ludhiana,2023-05-14,2407.99,2826.77,2617.38
Rice,Punjab,Ludhiana,2023-05-21,2415.31,2835.37,2625.34
Rice,Punjab,Ludhiana,2023-05-28,2545.29,2987.95,2766.62
Rice,Punjab,Ludhiana,2023-06-04,2539.15,2980.74,2759.94
Rice,Punjab,Ludhiana,2023-06-11,2606.9,3060.28,2833.59
Rice,Punjab,Ludhiana,2023-06-18,2571.54,3018.77,2795.15
Rice,Punjab,Ludhiana,2023-06-25,2493.08,2926.66,2709.87
Rice,Punjab,Ludhiana,2023-07-02,2446.11,2871.52,2658.82
Rice,Punjab,Ludhiana,2023-07-09,2506.12,2941.96,2724.04
Rice,Punjab,Ludhiana,2023-07-16,2580.86,3029.71,2805.29
Rice,Punjab,Ludhiana,2023-07-23,2370.41,2782.65,2576.53
Rice,Punjab,Ludhiana,2023-07-30,2441.47,2866.07,2653.77
Rice,Punjab,Ludhiana,2023-08-06,2452.11,2878.56,2665.33
Rice,Punjab,Ludhiana,2023-08-13,2477.73,2908.64,2693.18
Rice,Punjab,Ludhiana,2023-08-20,2533.55,2974.17,2753.86
Rice,Punjab,Ludhiana,2023-08-27,2489.31,2922.23,2705.77
Rice,Punjab,Ludhiana,2023-09-03,2637.29,3095.95,2866.62
Rice,Punjab,Ludhiana,2023-09-10,2635.39,3093.72,2864.56
Rice,Punjab,Ludhiana,2023-09-17,2796.46,3282.8,3039.63
Rice,Punjab,Ludhiana,2023-09-24,2802.71,3290.13,3046.42
Rice,Punjab,Ludhiana,2023-10-01,2840.61,3334.63,3087.62
Rice,Punjab,Ludhiana,2023-10-08,2955.28,3469.24,3212.26
Rice,Punjab,Ludhiana,2023-10-15,2783.72,3267.84,3025.78
Rice,Punjab,Ludhiana,2023-10-22,2796.77,3283.16,3039.96
Rice,Punjab,Ludhiana,2023-10-29,2699.88,3169.42,2934.65
Rice,Punjab,Ludhiana,2023-11-05,2913.26,3419.92,3166.59
Rice,Punjab,Ludhiana,2023-11-12,3012.43,3536.33,3274.38
Rice,Punjab,Ludhiana,2023-11-19,2840.84,3334.89,3087.86
Rice,Punjab,Ludhiana,2023-11-26,3037.85,3566.17,3302.01
Rice,Punjab,Ludhiana,2023-12-03,3107.8,3648.28,3378.04
Rice,Punjab,Ludhiana,2023-12-10,3042.66,3571.82,3307.24
Rice,Punjab,Ludhiana,2023-12-17,2911.65,3418.03,3164.84
Rice,Punjab,Ludhiana,2023-12-24,2917.7,3425.12,3171.41
Rice,Punjab,Ludhiana,2023-12-31,3056.16,3587.67,3321.91
Rice,Punjab,Ludhiana,2024-01-07,3153.83,3702.33,3428.08
Rice,Punjab,Ludhiana,2024-01-14,3164.23,3714.53,3439.38
Rice,Punjab,Ludhiana,2024-01-21,2981.09,3499.54,3240.31
Rice,Punjab,Ludhiana,2024-01-28,2982.42,3501.1,3241.76
Rice,Punjab,Ludhiana,2024-02-04,2915.93,3423.05,3169.49
Rice,Punjab,Ludhiana,2024-02-11,2969.22,3485.6,3227.41
Rice,Punjab,Ludhiana,2024-02-18,2973.99,3491.2,3232.59
Rice,Punjab,Ludhiana,2024-02-25,3110.91,3651.93,3381.42
Rice,Punjab,Ludhiana,2024-03-03,2934.3,3444.61,3189.45
Rice,Punjab,Ludhiana,2024-03-10,2921.28,3429.33,3175.3
Rice,Punjab,Ludhiana,2024-03-17,3058.12,3589.97,3324.04
Rice,Punjab,Ludhiana,2024-03-24,2966.8,3482.77,3224.78
Rice,Punjab,Ludhiana,2024-03-31,2866.9,3365.49,3116.2
Rice,Punjab,Ludhiana,2024-04-07,2796.49,3282.83,3039.66
Rice,Punjab,Ludhiana,2024-04-14,2751.55,3230.08,2990.82
Rice,Punjab,Ludhiana,2024-04-21,2620.07,3075.73,2847.9
Rice,Punjab,Ludhiana,2024-04-28,2710.94,3182.41,2946.67
Rice,Punjab,Ludhiana,2024-05-05,2813.74,3303.09,3058.42
Rice,Punjab,Ludhiana,2024-05-12,2568.64,3015.36,2792.0
Rice,Punjab,Ludhiana,2024-05-19,2643.04,3102.7,2872.87
Rice,Punjab,Ludhiana,2024-05-26,2701.12,3170.88,2936.0
Rice,Punjab,Ludhiana,2024-06-02,2671.58,3136.2,2903.89
Rice,Punjab,Ludhiana,2024-06-09,2748.88,3226.95,2987.91
Rice,Punjab,Ludhiana,2024-06-16,2590.44,3040.95,2815.69
Rice,Punjab,Ludhiana,2024-06-23,2655.8,3117.68,2886.74
Rice,Punjab,Ludhiana,2024-06-30,2560.51,3005.82,2783.17
Rice,Punjab,Ludhiana,2024-07-07,2451.59,2877.95,2664.77
Rice,Punjab,Ludhiana,2024-07-14,2602.97,3055.66,2829.31
Rice,Punjab,Ludhiana,2024-07-21,2546.79,2989.71,2768.25
Rice,Punjab,Ludhiana,2024-07-28,2635.69,3094.07,2864.88
Rice,Punjab,Ludhiana,2024-08-04,2904.25,3409.34,3156.8
Rice,Punjab,Ludhiana,2024-08-11,2761.75,3242.05,3001.9
Rice,Punjab,Ludhiana,2024-08-18,2825.06,3316.37,3070.72
Rice,Punjab,Ludhiana,2024-08-25,2754.34,3233.35,2993.84
Rice,Punjab,Ludhiana,2024-09-01,2906.21,3411.64,3158.92
Rice,Punjab,Ludhiana,2024-09-08,2731.78,3206.88,2969.33
Rice,Punjab,Ludhiana,2024-09-15,2849.69,3345.29,3097.49
Rice,Punjab,Ludhiana,2024-09-22,2834.66,3327.64,3081.15
Rice,Punjab,Ludhiana,2024-09-29,2938.63,3449.69,3194.16
Rice,Punjab,Ludhiana,2024-10-06,2972.18,3489.09,3230.64
Rice,Punjab,Ludhiana,2024-10-13,2987.61,3507.2,3247.4
Rice,Punjab,Ludhiana,2024-10-20,2867.34,3366.01,3116.67
Rice,Punjab,Ludhiana,2024-10-27,2842.82,3337.23,3090.03
Rice,Punjab,Ludhiana,2024-11-03,3098.9,3637.83,3368.36
Rice,Punjab,Ludhiana,2024-11-10,2896.01,3399.66,3147.83
Rice,Punjab,Ludhiana,2024-11-17,2921.75,3429.88,3175.81
Rice,Punjab,Ludhiana,2024-11-24,2985.59,3504.82,3245.2
Rice,Punjab,Ludhiana,2024-12-01,3017.44,3542.21,3279.83
Rice,Punjab,Ludhiana,2024-12-08,3022.24,3547.84,3285.04
Rice,Punjab,Ludhiana,2024-12-15,3010.12,3533.62,3271.87
Rice,Punjab,Ludhiana,2024-12-22,3254.16,3820.1,3537.13
Rice,Punjab,Ludhiana,2024-12-29,3091.74,3629.43,3360.58
Rice,Punjab,Ludhiana,2025-01-05,3131.2,3675.76,3403.48
Rice,Punjab,Ludhiana,2025-01-12,3163.95,3714.2,3439.08
Rice,Punjab,Ludhiana,2025-01-19,3176.16,3728.53,3452.34
Rice,Punjab,Ludhiana,2025-01-26,3079.63,3615.22,3347.42
Rice,Punjab,Ludhiana,2025-02-02,3199.87,3756.37,3478.12
Rice,Punjab,Ludhiana,2025-02-09,3234.51,3797.03,3515.77
Rice,Punjab,Ludhiana,2025-02-16,3165.21,3715.69,3440.45
Rice,Punjab,Ludhiana,2025-02-23,3142.31,3688.8,3415.56
Rice,Punjab,Ludhiana,2025-03-02,2974.57,3491.89,3233.23
Rice,Punjab,Ludhiana,2025-03-09,3058.23,3590.09,3324.16
Rice,Punjab,Ludhiana,2025-03-16,2905.44,3410.73,3158.08
Rice,Punjab,Ludhiana,2025-03-23,2936.29,3446.95,3191.62
Rice,Punjab,Ludhiana,2025-03-30,3116.27,3658.23,3387.25
Rice,Punjab,Ludhiana,2025-04-06,2956.47,3470.64,3213.56
Rice,Punjab,Ludhiana,2025-04-13,2853.95,3350.29,3102.12
Rice,Punjab,Ludhiana,2025-04-20,3014.63,3538.92,3276.78
Rice,Punjab,Ludhiana,2025-04-27,2915.48,3422.52,3169.0
Rice,Punjab,Ludhiana,2025-05-04,2635.94,3094.37,2865.15
Rice,Punjab,Ludhiana,2025-05-11,2734.15,3209.66,2971.91
Rice,Punjab,Ludhiana,2025-05-18,2756.42,3235.8,2996.11
Rice,Punjab,Ludhiana,2025-05-25,2605.94,3059.14,2832.54
Rice,Punjab,Ludhiana,2025-06-01,2751.37,3229.87,2990.62
Rice,Punjab,Ludhiana,2025-06-08,2461.49,2889.58,2675.53
Rice,Punjab,Ludhiana,2025-06-15,2669.01,3133.18,2901.1
Rice,Punjab,Ludhiana,2025-06-22,2543.23,2985.53,2764.38
Rice,Punjab,Ludhiana,2025-06-29,2547.55,2990.6,2769.08
Rice,Punjab,Ludhiana,2025-07-06,2513.12,2950.18,2731.65
Rice,Punjab,Ludhiana,2025-07-13,2596.22,3047.74,2821.98
Rice,Punjab,Ludhiana,2025-07-20,2483.25,2915.11,2699.18
Rice,Punjab,Ludhiana,2025-07-27,2481.82,2913.44,2697.63
Rice,Punjab,Ludhiana,2025-08-03,2521.91,2960.5,2741.21
Rice,Punjab,Ludhiana,2025-08-10,2285.67,2683.18,2484.42
Rice,Punjab,Ludhiana,2025-08-17,2546.46,2989.32,2767.89
Rice,Punjab,Ludhiana,2025-08-24,2282.15,2679.05,2480.6
Rice,Punjab,Ludhiana,2025-08-31,2369.0,2781.0,2575.0
Rice,Punjab,Ludhiana,2025-09-07,2446.25,2871.69,2658.97
Rice,Punjab,Ludhiana,2025-09-14,2615.27,3070.1,2842.69
Rice,Punjab,Ludhiana,2025-09-21,2583.13,3032.37,2807.75
Rice,Punjab,Ludhiana,2025-09-28,2477.04,2907.83,2692.43
Rice,Punjab,Ludhiana,2025-10-05,2596.2,3047.72,2821.96
Rice,Punjab,Ludhiana,2025-10-12,2663.36,3126.55,2894.96
Rice,Punjab,Ludhiana,2025-10-19,2608.07,3061.65,2834.86
Rice,Punjab,Ludhiana,2025-10-26,2683.82,3150.57,2917.19
Rice,Punjab,Ludhiana,2025-11-02,2576.96,3025.12,2801.04
Rice,Punjab,Ludhiana,2025-11-09,2559.15,3004.22,2781.69
Rice,Punjab,Ludhiana,2025-11-16,2640.53,3099.76,2870.15
Rice,Punjab,Ludhiana,2025-11-23,2714.49,3186.58,2950.53
Rice,Punjab,Ludhiana,2025-11-30,2500.26,2935.08,2717.67
Rice,Punjab,Ludhiana,2025-12-07,2750.83,3229.23,2990.03
Rice,Punjab,Ludhiana,2025-12-14,2768.23,3249.66,3008.94
Rice,Punjab,Ludhiana,2025-12-21,2666.17,3129.85,2898.01
Rice,Punjab,Ludhiana,2025-12-28,2666.05,3129.71,2897.88
Rice,Punjab,Ludhiana,2026-01-04,2969.24,3485.63,3227.44
Rice,Punjab,Ludhiana,2026-01-11,2817.06,3306.98,3062.02
Rice,Punjab,Ludhiana,2026-01-18,2839.55,3333.38,3086.47
Rice,Punjab,Ludhiana,2026-01-25,2897.78,3401.74,3149.76
Rice,Punjab,Ludhiana,2026-02-01,2638.19,3097.01,2867.6
Rice,Punjab,Ludhiana,2026-02-08,2932.97,3443.05,3188.01
Rice,Punjab,Ludhiana,2026-02-15,2827.33,3319.04,3073.18
Rice,Punjab,Ludhiana,2026-02-22,2911.52,3417.87,3164.7
Rice,Punjab,Ludhiana,2026-03-01,2685.18,3152.16,2918.67
Rice,Punjab,Ludhiana,2026-03-08,2841.5,3335.68,3088.59
Rice,Punjab,Ludhiana,2026-03-15,2764.79,3245.63,3005.21
Rice,Punjab,Ludhiana,2026-03-22,2607.03,3060.43,2833.73
Rice,Punjab,Ludhiana,2026-03-29,2721.98,3195.37,2958.67
Rice,Punjab,Ludhiana,2026-04-05,2675.16,3140.41,2907.78
Rice,Punjab,Ludhiana,2026-04-12,2781.1,3264.77,3022.93
Rice,Punjab,Ludhiana,2026-04-19,2718.42,3191.19,2954.8
Rice,Punjab,Ludhiana,2026-04-26,2799.81,3286.73,3043.27
Rice,Punjab,Ludhiana,2026-05-03,2647.37,3107.79,2877.58
Rice,Punjab,Ludhiana,2026-05-10,2799.03,3285.82,3042.43
Rice,Punjab,Ludhiana,2026-05-17,2597.02,3048.67,2822.85
Rice,Punjab,Ludhiana,2026-05-24,2580.94,3029.8,2805.37
Rice,Punjab,Ludhiana,2026-05-31,2705.24,3175.71,2940.47
Rice,Punjab,Ludhiana,2026-06-07,2470.64,2900.32,2685.48
Rice,Punjab,Ludhiana,2026-06-14,2539.94,2981.67,2760.81
Rice,Punjab,Ludhiana,2026-06-21,2425.55,2847.38,2636.46
Rice,Punjab,Ludhiana,2026-06-28,2441.94,2866.63,2654.29
Rice,Punjab,Ludhiana,2026-07-05,2510.73,2947.38,2729.06
Rice,Punjab,Ludhiana,2026-07-12,2453.86,2880.62,2667.24
Rice,Punjab,Ludhiana,2026-07-19,2578.21,3026.59,2802.4
Rice,Punjab,Ludhiana,2026-07-26,2564.48,3010.48,2787.48
Rice,Punjab,Ludhiana,2026-08-02,2520.9,2959.32,2740.11
Rice,Punjab,Ludhiana,2026-08-09,2546.91,2989.85,2768.38
Rice,Punjab,Ludhiana,2026-08-16,2569.16,3015.97,2792.57
Rice,Punjab,Ludhiana,2026-08-23,2612.85,3067.26,2840.05
Rice,Punjab,Ludhiana,2026-08-30,2651.56,3112.7,2882.13
Rice,Uttarakhand,Dehradun,2020-01-05,2598.6,3050.53,2824.57
Rice,Uttarakhand,Dehradun,2020-01-12,2684.31,3151.15,2917.73
Rice,Uttarakhand,Dehradun,2020-01-19,2544.18,2986.64,2765.41
Rice,Uttarakhand,Dehradun,2020-01-26,2621.68,3077.63,2849.65
Rice,Uttarakhand,Dehradun,2020-02-02,2552.26,2996.14,2774.2
Rice,Uttarakhand,Dehradun,2020-02-09,2684.37,3151.22,2917.79
Rice,Uttarakhand,Dehradun,2020-02-16,2616.45,3071.48,2843.97
Rice,Uttarakhand,Dehradun,2020-02-23,2607.58,3061.07,2834.33
Rice,Uttarakhand,Dehradun,2020-03-01,2378.6,2792.27,2585.44
Rice,Uttarakhand,Dehradun,2020-03-08,2412.93,2832.57,2622.75
Rice,Uttarakhand,Dehradun,2020-03-15,2341.7,2748.95,2545.33
Rice,Uttarakhand,Dehradun,2020-03-22,2562.44,3008.08,2785.26
Rice,Uttarakhand,Dehradun,2020-03-29,2505.76,2941.54,2723.65
Rice,Uttarakhand,Dehradun,2020-04-05,2385.58,2800.46,2593.02
Rice,Uttarakhand,Dehradun,2020-04-12,2319.99,2723.46,2521.73
Rice,Uttarakhand,Dehradun,2020-04-19,2407.15,2825.78,2616.46
Rice,Uttarakhand,Dehradun,2020-04-26,2331.71,2737.22,2534.47
Rice,Uttarakhand,Dehradun,2020-05-03,2273.63,2669.04,2471.33
Rice,Uttarakhand,Dehradun,2020-05-10,2231.29,2619.34,2425.31
Rice,Uttarakhand,Dehradun,2020-05-17,2286.16,2683.75,2484.96
Rice,Uttarakhand,Dehradun,2020-05-24,2322.36,2726.25,2524.3
Rice,Uttarakhand,Dehradun,2020-05-31,2414.89,2834.88,2624.88
Rice,Uttarakhand,Dehradun,2020-06-07,2126.04,2495.79,2310.91
Rice,Uttarakhand,Dehradun,2020-06-14,2271.07,2666.04,2468.56
Rice,Uttarakhand,Dehradun,2020-06-21,2264.09,2657.85,2460.97
Rice,Uttarakhand,Dehradun,2020-06-28,2181.11,2560.43,2370.77
Rice,Uttarakhand,Dehradun,2020-07-05,2228.84,2616.46,2422.65
Rice,Uttarakhand,Dehradun,2020-07-12,2254.98,2647.15,2451.07
Rice,Uttarakhand,Dehradun,2020-07-19,2230.13,2617.97,2424.05
Rice,Uttarakhand,Dehradun,2020-07-26,2264.24,2658.02,2461.13
Rice,Uttarakhand,Dehradun,2020-08-02,2262.13,2655.54,2458.83
Rice,Uttarakhand,Dehradun,2020-08-09,2254.82,2646.96,2450.89
Rice,Uttarakhand,Dehradun,2020-08-16,2274.16,2669.67,2471.92
Rice,Uttarakhand,Dehradun,2020-08-23,2356.65,2766.5,2561.57
Rice,Uttarakhand,Dehradun,2020-08-30,2175.46,2553.81,2364.63
Rice,Uttarakhand,Dehradun,2020-09-06,2282.76,2679.77,2481.26
Rice,Uttarakhand,Dehradun,2020-09-13,2388.35,2803.72,2596.04
Rice,Uttarakhand,Dehradun,2020-09-20,2265.26,2659.21,2462.23
Rice,Uttarakhand,Dehradun,2020-09-27,2213.79,2598.8,2406.3
Rice,Uttarakhand,Dehradun,2020-10-04,2263.38,2657.01,2460.2
Rice,Uttarakhand,Dehradun,2020-10-11,2486.99,2919.51,2703.25
Rice,Uttarakhand,Dehradun,2020-10-18,2440.98,2865.5,2653.24
Rice,Uttarakhand,Dehradun,2020-10-25,2558.54,3003.5,2781.02
Rice,Uttarakhand,Dehradun,2020-11-01,2328.84,2733.86,2531.35
Rice,Uttarakhand,Dehradun,2020-11-08,2454.69,2881.59,2668.14
Rice,Uttarakhand,Dehradun,2020-11-15,2467.15,2896.22,2681.68
Rice,Uttarakhand,Dehradun,2020-11-22,2606.1,3059.33,2832.71
Rice,Uttarakhand,Dehradun,2020-11-29,2588.52,3038.7,2813.61
Rice,Uttarakhand,Dehradun,2020-12-06,2584.25,3033.69,2808.97
Rice,Uttarakhand,Dehradun,2020-12-13,2605.87,3059.06,2832.47
Rice,Uttarakhand,Dehradun,2020-12-20,2536.83,2978.02,2757.43
Rice,Uttarakhand,Dehradun,2020-12-27,2626.27,3083.02,2854.64
Rice,Uttarakhand,Dehradun,2021-01-03,2871.92,3371.38,3121.65
Rice,Uttarakhand,Dehradun,2021-01-10,2663.45,3126.66,2895.06
Rice,Uttarakhand,Dehradun,2021-01-17,2851.24,3347.11,3099.17
Rice,Uttarakhand,Dehradun,2021-01-24,2747.58,3225.42,2986.5
Rice,Uttarakhand,Dehradun,2021-01-31,2659.65,3122.19,2890.92
Rice,Uttarakhand,Dehradun,2021-02-07,2727.97,3202.4,2965.18
Rice,Uttarakhand,Dehradun,2021-02-14,2568.79,3015.53,2792.16
Rice,Uttarakhand,Dehradun,2021-02-21,2577.74,3026.04,2801.89
Rice,Uttarakhand,Dehradun,2021-02-28,2633.29,3091.25,2862.27
Rice,Uttarakhand,Dehradun,2021-03-07,2659.34,3121.83,2890.58
Rice,Uttarakhand,Dehradun,2021-03-14,2735.78,3211.57,2973.67
Rice,Uttarakhand,Dehradun,2021-03-21,2654.23,3115.84,2885.04
Rice,Uttarakhand,Dehradun,2021-03-28,2634.47,3092.63,2863.55
Rice,Uttarakhand,Dehradun,2021-04-04,2530.99,2971.17,2751.08
Rice,Uttarakhand,Dehradun,2021-04-11,2522.39,2961.06,2741.73
Rice,Uttarakhand,Dehradun,2021-04-18,2452.66,2879.21,2665.94
Rice,Uttarakhand,Dehradun,2021-04-25,2589.5,3039.85,2814.68
Rice,Uttarakhand,Dehradun,2021-05-02,2377.14,2790.55,2583.84
Rice,Uttarakhand,Dehradun,2021-05-09,2304.97,2705.83,2505.4
Rice,Uttarakhand,Dehradun,2021-05-16,2409.32,2828.33,2618.82
Rice,Uttarakhand,Dehradun,2021-05-23,2425.3,2847.09,2636.2
Rice,Uttarakhand,Dehradun,2021-05-30,2483.02,2914.85,2698.93
Rice,Uttarakhand,Dehradun,2021-06-06,2294.99,2694.12,2494.56
Rice,Uttarakhand,Dehradun,2021-06-13,2114.14,2481.82,2297.98
Rice,Uttarakhand,Dehradun,2021-06-20,2178.61,2557.5,2368.05
Rice,Uttarakhand,Dehradun,2021-06-27,2260.05,2653.1,2456.57
Rice,Uttarakhand,Dehradun,2021-07-04,2207.69,2591.63,2399.66
Rice,Uttarakhand,Dehradun,2021-07-11,2281.92,2678.78,2480.35
Rice,Uttarakhand,Dehradun,2021-07-18,2187.18,2567.56,2377.37
Rice,Uttarakhand,Dehradun,2021-07-25,2234.7,2623.35,2429.03
Rice,Uttarakhand,Dehradun,2021-08-01,2138.45,2510.35,2324.4
Rice,Uttarakhand,Dehradun,2021-08-08,2154.44,2529.13,2341.79
Rice,Uttarakhand,Dehradun,2021-08-15,2163.82,2540.14,2351.98
Rice,Uttarakhand,Dehradun,2021-08-22,2206.51,2590.25,2398.38
Rice,Uttarakhand,Dehradun,2021-08-29,2058.22,2416.18,2237.2
Rice,Uttarakhand,Dehradun,2021-09-05,2060.88,2419.29,2240.09
Rice,Uttarakhand,Dehradun,2021-09-12,2188.06,2568.59,2378.32
Rice,Uttarakhand,Dehradun,2021-09-19,2104.5,2470.5,2287.5
Rice,Uttarakhand,Dehradun,2021-09-26,1987.97,2333.7,2160.83
Rice,Uttarakhand,Dehradun,2021-10-03,2220.47,2606.64,2413.55
Rice,Uttarakhand,Dehradun,2021-10-10,2208.7,2592.82,2400.76
Rice,Uttarakhand,Dehradun,2021-10-17,2089.14,2452.47,2270.81
Rice,Uttarakhand,Dehradun,2021-10-24,2087.5,2450.55,2269.02
Rice,Uttarakhand,Dehradun,2021-10-31,2115.32,2483.21,2299.27
Rice,Uttarakhand,Dehradun,2021-11-07,2050.66,2407.3,2228.98
Rice,Uttarakhand,Dehradun,2021-11-14,2239.83,2629.36,2434.59
Rice,Uttarakhand,Dehradun,2021-11-21,2145.91,2519.11,2332.51
Rice,Uttarakhand,Dehradun,2021-11-28,2233.39,2621.8,2427.6
Rice,Uttarakhand,Dehradun,2021-12-05,2137.33,2509.04,2323.19
Rice,Uttarakhand,Dehradun,2021-12-12,2247.79,2638.71,2443.25
Rice,Uttarakhand,Dehradun,2021-12-19,2482.87,2914.67,2698.77
Rice,Uttarakhand,Dehradun,2021-12-26,2175.78,2554.17,2364.97
Rice,Uttarakhand,Dehradun,2022-01-02,2523.61,2962.5,2743.05
Rice,Uttarakhand,Dehradun,2022-01-09,2353.96,2763.35,2558.65
Rice,Uttarakhand,Dehradun,2022-01-16,2497.52,2931.87,2714.69
Rice,Uttarakhand,Dehradun,2022-01-23,2451.93,2878.35,2665.14
Rice,Uttarakhand,Dehradun,2022-01-30,2536.91,2978.11,2757.51
Rice,Uttarakhand,Dehradun,2022-02-06,2391.71,2807.65,2599.68
Rice,Uttarakhand,Dehradun,2022-02-13,2354.31,2763.76,2559.03
Rice,Uttarakhand,Dehradun,2022-02-20,2352.12,2761.19,2556.66
Rice,Uttarakhand,Dehradun,2022-02-27,2462.76,2891.06,2676.91
Rice,Uttarakhand,Dehradun,2022-03-06,2482.74,2914.52,2698.63
Rice,Uttarakhand,Dehradun,2022-03-13,2526.5,2965.89,2746.19
Rice,Uttarakhand,Dehradun,2022-03-20,2520.55,2958.91,2739.73
Rice,Uttarakhand,Dehradun,2022-03-27,2411.06,2830.38,2620.72
Rice,Uttarakhand,Dehradun,2022-04-03,2291.7,2690.25,2490.98
Rice,Uttarakhand,Dehradun,2022-04-10,2396.47,2813.25,2604.86
Rice,Uttarakhand,Dehradun,2022-04-17,2348.87,2757.37,2553.12
Rice,Uttarakhand,Dehradun,2022-04-24,2308.78,2710.31,2509.54
Rice,Uttarakhand,Dehradun,2022-05-01,2276.39,2672.29,2474.34
Rice,Uttarakhand,Dehradun,2022-05-08,2261.86,2655.22,2458.54
Rice,Uttarakhand,Dehradun,2022-05-15,2228.92,2616.56,2422.74
Rice,Uttarakhand,Dehradun,2022-05-22,2170.56,2548.05,2359.3
Rice,Uttarakhand,Dehradun,2022-05-29,2281.54,2678.34,2479.94
Rice,Uttarakhand,Dehradun,2022-06-05,2311.37,2713.35,2512.36
Rice,Uttarakhand,Dehradun,2022-06-12,2261.85,2655.22,2458.54
Rice,Uttarakhand,Dehradun,2022-06-19,2230.2,2618.06,2424.13
Rice,Uttarakhand,Dehradun,2022-06-26,2085.36,2448.03,2266.7
Rice,Uttarakhand,Dehradun,2022-07-03,1939.59,2276.91,2108.25
Rice,Uttarakhand,Dehradun,2022-07-10,2091.97,2455.79,2273.88
Rice,Uttarakhand,Dehradun,2022-07-17,2079.05,2440.63,2259.84
Rice,Uttarakhand,Dehradun,2022-07-24,2007.77,2356.95,2182.36
Rice,Uttarakhand,Dehradun,2022-07-31,2125.01,2494.57,2309.79
Rice,Uttarakhand,Dehradun,2022-08-07,2193.72,2575.24,2384.48
Rice,Uttarakhand,Dehradun,2022-08-14,2055.77,2413.3,2234.53
Rice,Uttarakhand,Dehradun,2022-08-21,1998.62,2346.2,2172.41
Rice,Uttarakhand,Dehradun,2022-08-28,2190.47,2571.42,2380.94
Rice,Uttarakhand,Dehradun,2022-09-04,2296.11,2695.43,2495.77
Rice,Uttarakhand,Dehradun,2022-09-11,2284.77,2682.12,2483.44
Rice,Uttarakhand,Dehradun,2022-09-18,2289.98,2688.24,2489.11
Rice,Uttarakhand,Dehradun,2022-09-25,2230.41,2618.3,2424.35
Rice,Uttarakhand,Dehradun,2022-10-02,2287.0,2684.74,2485.87
Rice,Uttarakhand,Dehradun,2022-10-09,2406.62,2825.16,2615.89
Rice,Uttarakhand,Dehradun,2022-10-16,2201.85,2584.78,2393.32
Rice,Uttarakhand,Dehradun,2022-10-23,2317.31,2720.32,2518.82
Rice,Uttarakhand,Dehradun,2022-10-30,2446.63,2872.13,2659.38
Rice,Uttarakhand,Dehradun,2022-11-06,2357.3,2767.26,2562.28
Rice,Uttarakhand,Dehradun,2022-11-13,2302.5,2702.94,2502.72
Rice,Uttarakhand,Dehradun,2022-11-20,2453.33,2880.0,2666.66
Rice,Uttarakhand,Dehradun,2022-11-27,2308.86,2710.4,2509.63
Rice,Uttarakhand,Dehradun,2022-12-04,2540.45,2982.26,2761.35
Rice,Uttarakhand,Dehradun,2022-12-11,2545.53,2988.23,2766.88
Rice,Uttarakhand,Dehradun,2022-12-18,2566.02,3012.29,2789.16
Rice,Uttarakhand,Dehradun,2022-12-25,2449.2,2875.15,2662.18
Rice,Uttarakhand,Dehradun,2023-01-01,2653.9,3115.44,2884.67
Rice,Uttarakhand,Dehradun,2023-01-08,2761.96,3242.3,3002.13
Rice,Uttarakhand,Dehradun,2023-01-15,2600.66,3052.94,2826.8
Rice,Uttarakhand,Dehradun,2023-01-22,2741.24,3217.98,2979.61
Rice,Uttarakhand,Dehradun,2023-01-29,2581.32,3030.25,2805.78
Rice,Uttarakhand,Dehradun,2023-02-05,2605.9,3059.1,2832.5
Rice,Uttarakhand,Dehradun,2023-02-12,2440.42,2864.85,2652.64
Rice,Uttarakhand,Dehradun,2023-02-19,2567.67,3014.22,2790.95
Rice,Uttarakhand,Dehradun,2023-02-26,2550.62,2994.21,2772.42
Rice,Uttarakhand,Dehradun,2023-03-05,2557.75,3002.57,2780.16
Rice,Uttarakhand,Dehradun,2023-03-12,2624.69,3081.16,2852.93
Rice,Uttarakhand,Dehradun,2023-03-19,2472.6,2902.61,2687.6
Rice,Uttarakhand,Dehradun,2023-03-26,2680.79,3147.01,2913.9
Rice,Uttarakhand,Dehradun,2023-04-02,2355.23,2764.83,2560.03
Rice,Uttarakhand,Dehradun,2023-04-09,2332.38,2738.01,2535.2
Rice,Uttarakhand,Dehradun,2023-04-16,2322.94,2726.93,2524.93
Rice,Uttarakhand,Dehradun,2023-04-23,2152.4,2526.73,2339.57
Rice,Uttarakhand,Dehradun,2023-04-30,2431.92,2854.87,2643.4
Rice,Uttarakhand,Dehradun,2023-05-07,2247.75,2638.67,2443.21
Rice,Uttarakhand,Dehradun,2023-05-14,2212.72,2597.55,2405.13
Rice,Uttarakhand,Dehradun,2023-05-21,2109.35,2476.19,2292.77
Rice,Uttarakhand,Dehradun,2023-05-28,2120.22,2488.96,2304.59
Rice,Uttarakhand,Dehradun,2023-06-04,1990.76,2336.97,2163.86
Rice,Uttarakhand,Dehradun,2023-06-11,2079.75,2441.44,2260.6
Rice,Uttarakhand,Dehradun,2023-06-18,2196.32,2578.29,2387.3
Rice,Uttarakhand,Dehradun,2023-06-25,1985.95,2331.33,2158.64
Rice,Uttarakhand,Dehradun,2023-07-02,2129.34,2499.66,2314.5
Rice,Uttarakhand,Dehradun,2023-07-09,1930.79,2266.58,2098.69
Rice,Uttarakhand,Dehradun,2023-07-16,2044.33,2399.86,2222.1
Rice,Uttarakhand,Dehradun,2023-07-23,2008.16,2357.41,2182.78
Rice,Uttarakhand,Dehradun,2023-07-30,2043.51,2398.9,2221.21
Rice,Uttarakhand,Dehradun,2023-08-06,2169.82,2547.18,2358.5
Rice,Uttarakhand,Dehradun,2023-08-13,2118.71,2487.18,2302.94
Rice,Uttarakhand,Dehradun,2023-08-20,2020.53,2371.92,2196.23
Rice,Uttarakhand,Dehradun,2023-08-27,1968.02,2310.29,2139.16
Rice,Uttarakhand,Dehradun,2023-09-03,1894.88,2224.42,2059.65
Rice,Uttarakhand,Dehradun,2023-09-10,2016.01,2366.62,2191.32
Rice,Uttarakhand,Dehradun,2023-09-17,2041.75,2396.84,2219.29
Rice,Uttarakhand,Dehradun,2023-09-24,2121.61,2490.58,2306.09
Rice,Uttarakhand,Dehradun,2023-10-01,2113.44,2481.0,2297.22
Rice,Uttarakhand,Dehradun,2023-10-08,2183.05,2562.71,2372.88
Rice,Uttarakhand,Dehradun,2023-10-15,2255.19,2647.39,2451.29
Rice,Uttarakhand,Dehradun,2023-10-22,2126.51,2496.34,2311.43
Rice,Uttarakhand,Dehradun,2023-10-29,2138.23,2510.09,2324.16
Rice,Uttarakhand,Dehradun,2023-11-05,2286.12,2683.71,2484.91
Rice,Uttarakhand,Dehradun,2023-11-12,2278.04,2674.22,2476.13
Rice,Uttarakhand,Dehradun,2023-11-19,2293.43,2692.29,2492.86
Rice,Uttarakhand,Dehradun,2023-11-26,2198.89,2581.3,2390.09
Rice,Uttarakhand,Dehradun,2023-12-03,2243.33,2633.47,2438.4
Rice,Uttarakhand,Dehradun,2023-12-10,2253.7,2645.65,2449.67
Rice,Uttarakhand,Dehradun,2023-12-17,2338.55,2745.26,2541.9
Rice,Uttarakhand,Dehradun,2023-12-24,2231.15,2619.18,2425.16
Rice,Uttarakhand,Dehradun,2023-12-31,2424.82,2846.52,2635.67
Rice,Uttarakhand,Dehradun,2024-01-07,2375.52,2788.66,2582.09
Rice,Uttarakhand,Dehradun,2024-01-14,2455.46,2882.49,2668.97
Rice,Uttarakhand,Dehradun,2024-01-21,2307.17,2708.42,2507.8
Rice,Uttarakhand,Dehradun,2024-01-28,2319.68,2723.1,2521.39
Rice,Uttarakhand,Dehradun,2024-02-04,2377.83,2791.36,2584.6
Rice,Uttarakhand,Dehradun,2024-02-11,2386.78,2801.87,2594.32
Rice,Uttarakhand,Dehradun,2024-02-18,2544.51,2987.03,2765.77
Rice,Uttarakhand,Dehradun,2024-02-25,2489.35,2922.28,2705.81
Rice,Uttarakhand,Dehradun,2024-03-03,2390.09,2805.76,2597.92
Rice,Uttarakhand,Dehradun,2024-03-10,2372.52,2785.13,2578.83
Rice,Uttarakhand,Dehradun,2024-03-17,2485.68,2917.97,2701.82
Rice,Uttarakhand,Dehradun,2024-03-24,2516.36,2953.99,2735.18
Rice,Uttarakhand,Dehradun,2024-03-31,2247.49,2638.36,2442.92
Rice,Uttarakhand,Dehradun,2024-04-07,2429.08,2851.53,2640.3
Rice,Uttarakhand,Dehradun,2024-04-14,2300.57,2700.67,2500.62
Rice,Uttarakhand,Dehradun,2024-04-21,2431.48,2854.34,2642.91
Rice,Uttarakhand,Dehradun,2024-04-28,2264.29,2658.08,2461.19
Rice,Uttarakhand,Dehradun,2024-05-05,2191.43,2572.54,2381.98
Rice,Uttarakhand,Dehradun,2024-05-12,2297.66,2697.25,2497.46
Rice,Uttarakhand,Dehradun,2024-05-19,2302.74,2703.22,2502.98
Rice,Uttarakhand,Dehradun,2024-05-26,2265.71,2659.74,2462.72
Rice,Uttarakhand,Dehradun,2024-06-02,2207.76,2591.72,2399.74
Rice,Uttarakhand,Dehradun,2024-06-09,2086.45,2449.31,2267.88
Rice,Uttarakhand,Dehradun,2024-06-16,2107.3,2473.79,2290.55
Rice,Uttarakhand,Dehradun,2024-06-23,2196.49,2578.48,2387.49
Rice,Uttarakhand,Dehradun,2024-06-30,2130.83,2501.41,2316.12
Rice,Uttarakhand,Dehradun,2024-07-07,2081.56,2443.57,2262.57
Rice,Uttarakhand,Dehradun,2024-07-14,2162.92,2539.08,2351.0
Rice,Uttarakhand,Dehradun,2024-07-21,1905.33,2236.69,2071.01
Rice,Uttarakhand,Dehradun,2024-07-28,2135.68,2507.11,2321.4
Rice,Uttarakhand,Dehradun,2024-08-04,2182.39,2561.93,2372.16
Rice,Uttarakhand,Dehradun,2024-08-11,2174.07,2552.17,2363.12
Rice,Uttarakhand,Dehradun,2024-08-18,2324.91,2729.24,2527.08
Rice,Uttarakhand,Dehradun,2024-08-25,2178.79,2557.71,2368.25
Rice,Uttarakhand,Dehradun,2024-09-01,2285.48,2682.95,2484.22
Rice,Uttarakhand,Dehradun,2024-09-08,2253.32,2645.21,2449.27
Rice,Uttarakhand,Dehradun,2024-09-15,2303.8,2704.46,2504.13
Rice,Uttarakhand,Dehradun,2024-09-22,2159.52,2535.09,2347.3
Rice,Uttarakhand,Dehradun,2024-09-29,2287.89,2685.79,2486.84
Rice,Uttarakhand,Dehradun,2024-10-06,2361.63,2772.34,2566.98
Rice,Uttarakhand,Dehradun,2024-10-13,2343.0,2750.48,2546.74
Rice,Uttarakhand,Dehradun,2024-10-20,2384.23,2798.88,2591.56
Rice,Uttarakhand,Dehradun,2024-10-27,2364.37,2775.57,2569.97
Rice,Uttarakhand,Dehradun,2024-11-03,2460.22,2888.08,2674.15
Rice,Uttarakhand,Dehradun,2024-11-10,2427.91,2850.16,2639.03
Rice,Uttarakhand,Dehradun,2024-11-17,2543.05,2985.32,2764.18
Rice,Uttarakhand,Dehradun,2024-11-24,2452.8,2879.37,2666.08
Rice,Uttarakhand,Dehradun,2024-12-01,2528.93,2968.74,2748.83
Rice,Uttarakhand,Dehradun,2024-12-08,2679.35,3145.32,2912.33
Rice,Uttarakhand,Dehradun,2024-12-15,2728.41,3202.92,2965.67
Rice,Uttarakhand,Dehradun,2024-12-22,2695.47,3164.24,2929.86
Rice,Uttarakhand,Dehradun,2024-12-29,2508.27,2944.49,2726.38
Rice,Uttarakhand,Dehradun,2025-01-05,2780.83,3264.46,3022.65
Rice,Uttarakhand,Dehradun,2025-01-12,2621.75,3077.7,2849.72
Rice,Uttarakhand,Dehradun,2025-01-19,2664.14,3127.47,2895.81
Rice,Uttarakhand,Dehradun,2025-01-26,2500.88,2935.81,2718.34
Rice,Uttarakhand,Dehradun,2025-02-02,2476.5,2907.2,2691.85
Rice,Uttarakhand,Dehradun,2025-02-09,2405.06,2823.34,2614.2
Rice,Uttarakhand,Dehradun,2025-02-16,2548.67,2991.92,2770.29
Rice,Uttarakhand,Dehradun,2025-02-23,2374.86,2787.88,2581.37
Rice,Uttarakhand,Dehradun,2025-03-02,2379.91,2793.81,2586.86
Rice,Uttarakhand,Dehradun,2025-03-09,2609.83,3063.71,2836.77
Rice,Uttarakhand,Dehradun,2025-03-16,2491.04,2924.26,2707.65
Rice,Uttarakhand,Dehradun,2025-03-23,2419.18,2839.91,2629.55
Rice,Uttarakhand,Dehradun,2025-03-30,2429.73,2852.29,2641.01
Rice,Uttarakhand,Dehradun,2025-04-06,2301.0,2701.17,2501.09
Rice,Uttarakhand,Dehradun,2025-04-13,2286.91,2684.64,2485.78
Rice,Uttarakhand,Dehradun,2025-04-20,2326.65,2731.29,2528.97
Rice,Uttarakhand,Dehradun,2025-04-27,2236.24,2625.15,2430.7
Rice,Uttarakhand,Dehradun,2025-05-04,2119.86,2488.54,2304.2
Rice,Uttarakhand,Dehradun,2025-05-11,2223.35,2610.01,2416.68
Rice,Uttarakhand,Dehradun,2025-05-18,2184.87,2564.84,2374.86
Rice,Uttarakhand,Dehradun,2025-05-25,2206.16,2589.84,2398.0
Rice,Uttarakhand,Dehradun,2025-06-01,2294.94,2694.06,2494.5
Rice,Uttarakhand,Dehradun,2025-06-08,2300.1,2700.12,2500.11
Rice,Uttarakhand,Dehradun,2025-06-15,2245.17,2635.63,2440.4
Rice,Uttarakhand,Dehradun,2025-06-22,2237.64,2626.79,2432.22
Rice,Uttarakhand,Dehradun,2025-06-29,2163.35,2539.59,2351.47
Rice,Uttarakhand,Dehradun,2025-07-06,2403.46,2821.46,2612.46
Rice,Uttarakhand,Dehradun,2025-07-13,2253.48,2645.39,2449.43
Rice,Uttarakhand,Dehradun,2025-07-20,2331.2,2736.63,2533.92
Rice,Uttarakhand,Dehradun,2025-07-27,2385.31,2800.14,2592.73
Rice,Uttarakhand,Dehradun,2025-08-03,2331.93,2737.49,2534.71
Rice,Uttarakhand,Dehradun,2025-08-10,2391.48,2807.38,2599.43
Rice,Uttarakhand,Dehradun,2025-08-17,2274.92,2670.56,2472.74
Rice,Uttarakhand,Dehradun,2025-08-24,2222.81,2609.39,2416.1
Rice,Uttarakhand,Dehradun,2025-08-31,2386.0,2800.96,2593.48
Rice,Uttarakhand,Dehradun,2025-09-07,2335.36,2741.51,2538.43
Rice,Uttarakhand,Dehradun,2025-09-14,2269.84,2664.6,2467.22
Rice,Uttarakhand,Dehradun,2025-09-21,2295.39,2694.59,2494.99
Rice,Uttarakhand,Dehradun,2025-09-28,2219.34,2605.32,2412.33
Rice,Uttarakhand,Dehradun,2025-10-05,2438.02,2862.02,2650.02
Rice,Uttarakhand,Dehradun,2025-10-12,2409.93,2829.05,2619.49
Rice,Uttarakhand,Dehradun,2025-10-19,2365.74,2777.18,2571.46
Rice,Uttarakhand,Dehradun,2025-10-26,2534.03,2974.73,2754.38
Rice,Uttarakhand,Dehradun,2025-11-02,2464.33,2892.91,2678.62
Rice,Uttarakhand,Dehradun,2025-11-09,2767.97,3249.36,3008.66
Rice,Uttarakhand,Dehradun,2025-11-16,2501.16,2936.14,2718.65
Rice,Uttarakhand,Dehradun,2025-11-23,2408.35,2827.19,2617.77
Rice,Uttarakhand,Dehradun,2025-11-30,2346.3,2754.35,2550.33
Rice,Uttarakhand,Dehradun,2025-12-07,2385.73,2800.64,2593.19
Rice,Uttarakhand,Dehradun,2025-12-14,2525.88,2965.17,2745.53
Rice,Uttarakhand,Dehradun,2025-12-21,2495.4,2929.38,2712.39
Rice,Uttarakhand,Dehradun,2025-12-28,2545.14,2987.77,2766.45
Rice,Uttarakhand,Dehradun,2026-01-04,2595.95,3047.42,2821.69
Rice,Uttarakhand,Dehradun,2026-01-11,2534.87,2975.71,2755.29
Rice,Uttarakhand,Dehradun,2026-01-18,2658.28,3120.59,2889.43
Rice,Uttarakhand,Dehradun,2026-01-25,2628.76,3085.94,2857.35
Rice,Uttarakhand,Dehradun,2026-02-01,2439.6,2863.88,2651.74
Rice,Uttarakhand,Dehradun,2026-02-08,2711.63,3183.21,2947.42
Rice,Uttarakhand,Dehradun,2026-02-15,2551.91,2995.72,2773.81
Rice,Uttarakhand,Dehradun,2026-02-22,2511.56,2948.35,2729.96
Rice,Uttarakhand,Dehradun,2026-03-01,2447.56,2873.23,2660.39
Rice,Uttarakhand,Dehradun,2026-03-08,2353.74,2763.08,2558.41
Rice,Uttarakhand,Dehradun,2026-03-15,2368.95,2780.94,2574.94
Rice,Uttarakhand,Dehradun,2026-03-22,2371.75,2784.23,2577.99
Rice,Uttarakhand,Dehradun,2026-03-29,2502.59,2937.83,2720.21
Rice,Uttarakhand,Dehradun,2026-04-05,2349.65,2758.29,2553.97
Rice,Uttarakhand,Dehradun,2026-04-12,2407.92,2826.68,2617.3
Rice,Uttarakhand,Dehradun,2026-04-19,2368.77,2780.74,2574.75
Rice,Uttarakhand,Dehradun,2026-04-26,2293.8,2692.72,2493.26
Rice,Uttarakhand,Dehradun,2026-05-03,2366.96,2778.61,2572.79
Rice,Uttarakhand,Dehradun,2026-05-10,2396.76,2813.58,2605.17
Rice,Uttarakhand,Dehradun,2026-05-17,2364.65,2775.9,2570.28
Rice,Uttarakhand,Dehradun,2026-05-24,2307.73,2709.08,2508.4
Rice,Uttarakhand,Dehradun,2026-05-31,2284.09,2681.32,2482.71
Rice,Uttarakhand,Dehradun,2026-06-07,2222.07,2608.51,2415.29
Rice,Uttarakhand,Dehradun,2026-06-14,2045.94,2401.75,2223.84
Rice,Uttarakhand,Dehradun,2026-06-21,1938.88,2276.08,2107.48
Rice,Uttarakhand,Dehradun,2026-06-28,2216.22,2601.65,2408.93
Rice,Uttarakhand,Dehradun,2026-07-05,2121.33,2490.26,2305.8
Rice,Uttarakhand,Dehradun,2026-07-12,2157.65,2532.89,2345.27
Rice,Uttarakhand,Dehradun,2026-07-19,2124.84,2494.37,2309.61
Rice,Uttarakhand,Dehradun,2026-07-26,2197.34,2579.48,2388.41
Rice,Uttarakhand,Dehradun,2026-08-02,2161.05,2536.89,2348.97
Rice,Uttarakhand,Dehradun,2026-08-09,2229.55,2617.3,2423.43
Rice,Uttarakhand,Dehradun,2026-08-16,2136.99,2508.64,2322.81
Rice,Uttarakhand,Dehradun,2026-08-23,2275.26,2670.96,2473.11
Rice,Uttarakhand,Dehradun,2026-08-30,2218.47,2604.29,2411.38
Onion,Maharashtra,Pune,2020-01-05,2863.7,3361.74,3112.72
Onion,Maharashtra,Pune,2020-01-12,2795.44,3281.6,3038.52
Onion,Maharashtra,Pune,2020-01-19,2574.04,3021.7,2797.87
Onion,Maharashtra,Pune,2020-01-26,2454.07,2880.86,2667.46
Onion,Maharashtra,Pune,2020-02-02,1905.07,2236.39,2070.73
Onion,Maharashtra,Pune,2020-02-09,1962.75,2304.1,2133.42
Onion,Maharashtra,Pune,2020-02-16,2252.69,2644.47,2448.58
Onion,Maharashtra,Pune,2020-02-23,2198.44,2580.78,2389.61
Onion,Maharashtra,Pune,2020-03-01,2244.32,2634.64,2439.48
Onion,Maharashtra,Pune,2020-03-08,2210.11,2594.48,2402.29
Onion,Maharashtra,Pune,2020-03-15,1786.13,2096.76,1941.44
Onion,Maharashtra,Pune,2020-03-22,1888.38,2216.79,2052.59
Onion,Maharashtra,Pune,2020-03-29,1649.74,1936.65,1793.2
Onion,Maharashtra,Pune,2020-04-05,1422.85,1670.3,1546.58
Onion,Maharashtra,Pune,2020-04-12,1507.36,1769.51,1638.44
Onion,Maharashtra,Pune,2020-04-19,1399.41,1642.79,1521.1
Onion,Maharashtra,Pune,2020-04-26,1776.92,2085.95,1931.43
Onion,Maharashtra,Pune,2020-05-03,1563.07,1834.91,1698.99
Onion,Maharashtra,Pune,2020-05-10,1813.0,2128.3,1970.65
Onion,Maharashtra,Pune,2020-05-17,1408.47,1653.42,1530.95
Onion,Maharashtra,Pune,2020-05-24,817.69,959.9,888.8
Onion,Maharashtra,Pune,2020-05-31,1790.0,2101.31,1945.66
Onion,Maharashtra,Pune,2020-06-07,2078.31,2439.76,2259.03
Onion,Maharashtra,Pune,2020-06-14,1342.0,1575.39,1458.69
Onion,Maharashtra,Pune,2020-06-21,1503.27,1764.71,1633.99
Onion,Maharashtra,Pune,2020-06-28,1951.03,2290.34,2120.69
Onion,Maharashtra,Pune,2020-07-05,1714.72,2012.93,1863.82
Onion,Maharashtra,Pune,2020-07-12,1480.3,1737.74,1609.02
Onion,Maharashtra,Pune,2020-07-19,2082.25,2444.38,2263.31
Onion,Maharashtra,Pune,2020-07-26,1692.65,1987.02,1839.83
Onion,Maharashtra,Pune,2020-08-02,2131.84,2502.59,2317.21
Onion,Maharashtra,Pune,2020-08-09,1409.77,1654.95,1532.36
Onion,Maharashtra,Pune,2020-08-16,1887.71,2216.01,2051.86
Onion,Maharashtra,Pune,2020-08-23,2056.43,2414.07,2235.25
Onion,Maharashtra,Pune,2020-08-30,2087.83,2450.93,2269.38
Onion,Maharashtra,Pune,2020-09-06,2405.26,2823.57,2614.42
Onion,Maharashtra,Pune,2020-09-13,2315.97,2718.75,2517.36
Onion,Maharashtra,Pune,2020-09-20,1868.22,2193.12,2030.67
Onion,Maharashtra,Pune,2020-09-27,2495.23,2929.19,2712.21
Onion,Maharashtra,Pune,2020-10-04,2780.5,3264.07,3022.29
Onion,Maharashtra,Pune,2020-10-11,2678.39,3144.2,2911.3
Onion,Maharashtra,Pune,2020-10-18,2343.79,2751.41,2547.6
Onion,Maharashtra,Pune,2020-10-25,2910.72,3416.94,3163.83
Onion,Maharashtra,Pune,2020-11-01,3220.04,3780.04,3500.04
Onion,Maharashtra,Pune,2020-11-08,2870.1,3369.25,3119.68
Onion,Maharashtra,Pune,2020-11-15,2499.05,2933.67,2716.36
Onion,Maharashtra,Pune,2020-11-22,2703.09,3173.19,2938.14
Onion,Maharashtra,Pune,2020-11-29,2949.71,3462.7,3206.2
Onion,Maharashtra,Pune,2020-12-06,2623.26,3079.48,2851.37
Onion,Maharashtra,Pune,2020-12-13,3257.99,3824.59,3541.29
Onion,Maharashtra,Pune,2020-12-20,2898.82,3402.96,3150.89
Onion,Maharashtra,Pune,2020-12-27,3190.0,3744.78,3467.39
Onion,Maharashtra,Pune,2021-01-03,2797.68,3284.24,3040.96
Onion,Maharashtra,Pune,2021-01-10,2345.13,2752.98,2549.06
Onion,Maharashtra,Pune,2021-01-17,2427.11,2849.22,2638.16
Onion,Maharashtra,Pune,2021-01-24,2400.39,2817.85,2609.12
Onion,Maharashtra,Pune,2021-01-31,2567.79,3014.36,2791.07
Onion,Maharashtra,Pune,2021-02-07,2120.0,2488.7,2304.35
Onion,Maharashtra,Pune,2021-02-14,2013.43,2363.59,2188.51
Onion,Maharashtra,Pune,2021-02-21,2940.07,3451.39,3195.73
Onion,Maharashtra,Pune,2021-02-28,2293.76,2692.67,2493.21
Onion,Maharashtra,Pune,2021-03-07,1618.08,1899.48,1758.78
Onion,Maharashtra,Pune,2021-03-14,1798.3,2111.05,1954.67
Onion,Maharashtra,Pune,2021-03-21,1846.77,2167.95,2007.36
Onion,Maharashtra,Pune,2021-03-28,1109.89,1302.92,1206.41
Onion,Maharashtra,Pune,2021-04-04,757.39,889.11,823.25
Onion,Maharashtra,Pune,2021-04-11,890.24,1045.07,967.66
Onion,Maharashtra,Pune,2021-04-18,1397.49,1640.54,1519.01
Onion,Maharashtra,Pune,2021-04-25,1347.82,1582.22,1465.02
Onion,Maharashtra,Pune,2021-05-02,771.48,905.65,838.57
Onion,Maharashtra,Pune,2021-05-09,900.81,1057.47,979.14
Onion,Maharashtra,Pune,2021-05-16,599.4,703.64,651.52
Onion,Maharashtra,Pune,2021-05-23,260.58,305.9,283.24
Onion,Maharashtra,Pune,2021-05-30,569.48,668.52,619.0
Onion,Maharashtra,Pune,2021-06-06,619.76,727.55,673.66
Onion,Maharashtra,Pune,2021-06-13,714.08,838.27,776.17
Onion,Maharashtra,Pune,2021-06-20,669.11,785.47,727.29
Onion,Maharashtra,Pune,2021-06-27,268.28,314.93,291.6
Onion,Maharashtra,Pune,2021-07-04,593.94,697.23,645.58
Onion,Maharashtra,Pune,2021-07-11,927.98,1089.36,1008.67
Onion,Maharashtra,Pune,2021-07-18,188.85,221.69,205.27
Onion,Maharashtra,Pune,2021-07-25,622.09,730.28,676.18
Onion,Maharashtra,Pune,2021-08-01,948.47,1113.43,1030.95
Onion,Maharashtra,Pune,2021-08-08,1292.62,1517.42,1405.02
Onion,Maharashtra,Pune,2021-08-15,816.39,958.37,887.38
Onion,Maharashtra,Pune,2021-08-22,977.18,1147.13,1062.15
Onion,Maharashtra,Pune,2021-08-29,1092.88,1282.94,1187.91
Onion,Maharashtra,Pune,2021-09-05,956.97,1123.4,1040.18
Onion,Maharashtra,Pune,2021-09-12,988.88,1160.86,1074.87
Onion,Maharashtra,Pune,2021-09-19,1309.56,1537.3,1423.43
Onion,Maharashtra,Pune,2021-09-26,743.63,872.96,808.29
Onion,Maharashtra,Pune,2021-10-03,1819.04,2135.39,1977.21
Onion,Maharashtra,Pune,2021-10-10,1129.24,1325.63,1227.44
Onion,Maharashtra,Pune,2021-10-17,1803.8,2117.5,1960.65
Onion,Maharashtra,Pune,2021-10-24,1478.89,1736.09,1607.49
Onion,Maharashtra,Pune,2021-10-31,926.83,1088.01,1007.42
Onion,Maharashtra,Pune,2021-11-07,1915.72,2248.89,2082.31
Onion,Maharashtra,Pune,2021-11-14,1714.3,2012.44,1863.37
Onion,Maharashtra,Pune,2021-11-21,1500.63,1761.61,1631.12
Onion,Maharashtra,Pune,2021-11-28,1769.46,2077.19,1923.32
Onion,Maharashtra,Pune,2021-12-05,1761.82,2068.22,1915.02
Onion,Maharashtra,Pune,2021-12-12,2356.26,2766.05,2561.15
Onion,Maharashtra,Pune,2021-12-19,1666.34,1956.13,1811.23
Onion,Maharashtra,Pune,2021-12-26,1814.57,2130.15,1972.36
Onion,Maharashtra,Pune,2022-01-02,1962.29,2303.55,2132.92
Onion,Maharashtra,Pune,2022-01-09,2265.26,2659.22,2462.24
Onion,Maharashtra,Pune,2022-01-16,2166.89,2543.74,2355.32
Onion,Maharashtra,Pune,2022-01-23,2349.88,2758.55,2554.21
Onion,Maharashtra,Pune,2022-01-30,2587.64,3037.67,2812.65
Onion,Maharashtra,Pune,2022-02-06,1751.99,2056.68,1904.33
Onion,Maharashtra,Pune,2022-02-13,2241.32,2631.11,2436.22
Onion,Maharashtra,Pune,2022-02-20,1563.86,1835.84,1699.85
Onion,Maharashtra,Pune,2022-02-27,2385.49,2800.36,2592.92
Onion,Maharashtra,Pune,2022-03-06,1700.0,1995.65,1847.83
Onion,Maharashtra,Pune,2022-03-13,1276.89,1498.96,1387.93
Onion,Maharashtra,Pune,2022-03-20,1013.52,1189.79,1101.65
Onion,Maharashtra,Pune,2022-03-27,2088.61,2451.85,2270.23
Onion,Maharashtra,Pune,2022-04-03,1077.24,1264.58,1170.91
Onion,Maharashtra,Pune,2022-04-10,979.88,1150.29,1065.08
Onion,Maharashtra,Pune,2022-04-17,1373.78,1612.69,1493.24
Onion,Maharashtra,Pune,2022-04-24,1117.85,1312.26,1215.05
Onion,Maharashtra,Pune,2022-05-01,1117.69,1312.07,1214.88
Onion,Maharashtra,Pune,2022-05-08,958.49,1125.18,1041.84
Onion,Maharashtra,Pune,2022-05-15,1082.48,1270.74,1176.61
Onion,Maharashtra,Pune,2022-05-22,778.05,913.36,845.7
Onion,Maharashtra,Pune,2022-05-29,664.52,780.09,722.31
Onion,Maharashtra,Pune,2022-06-05,683.69,802.59,743.14
Onion,Maharashtra,Pune,2022-06-12,552.46,648.54,600.5
Onion,Maharashtra,Pune,2022-06-19,1088.99,1278.38,1183.68
Onion,Maharashtra,Pune,2022-06-26,727.02,853.45,790.24
Onion,Maharashtra,Pune,2022-07-03,731.83,859.1,795.47
Onion,Maharashtra,Pune,2022-07-10,1133.65,1330.81,1232.23
Onion,Maharashtra,Pune,2022-07-17,1180.55,1385.86,1283.2
Onion,Maharashtra,Pune,2022-07-24,1080.28,1268.16,1174.22
Onion,Maharashtra,Pune,2022-07-31,895.31,1051.01,973.16
Onion,Maharashtra,Pune,2022-08-07,1361.72,1598.54,1480.13
Onion,Maharashtra,Pune,2022-08-14,1380.26,1620.3,1500.28
Onion,Maharashtra,Pune,2022-08-21,1211.71,1422.44,1317.08
Onion,Maharashtra,Pune,2022-08-28,1558.21,1829.2,1693.7
Onion,Maharashtra,Pune,2022-09-04,1780.77,2090.47,1935.62
Onion,Maharashtra,Pune,2022-09-11,2220.74,2606.95,2413.85
Onion,Maharashtra,Pune,2022-09-18,2162.74,2538.86,2350.8
Onion,Maharashtra,Pune,2022-09-25,2079.95,2441.68,2260.82
Onion,Maharashtra,Pune,2022-10-02,2044.6,2400.18,2222.39
Onion,Maharashtra,Pune,2022-10-09,3210.5,3768.85,3489.68
Onion,Maharashtra,Pune,2022-10-16,2573.85,3021.48,2797.66
Onion,Maharashtra,Pune,2022-10-23,2807.37,3295.61,3051.49
Onion,Maharashtra,Pune,2022-10-30,2828.15,3320.0,3074.07
Onion,Maharashtra,Pune,2022-11-06,3328.26,3907.09,3617.68
Onion,Maharashtra,Pune,2022-11-13,2946.13,3458.5,3202.32
Onion,Maharashtra,Pune,2022-11-20,3016.55,3541.17,3278.86
Onion,Maharashtra,Pune,2022-11-27,2786.1,3270.64,3028.37
Onion,Maharashtra,Pune,2022-12-04,3361.79,3946.45,3654.12
Onion,Maharashtra,Pune,2022-12-11,3398.97,3990.1,3694.54
Onion,Maharashtra,Pune,2022-12-18,3597.37,4222.99,3910.18
Onion,Maharashtra,Pune,2022-12-25,3340.05,3920.93,3630.49
Onion,Maharashtra,Pune,2023-01-01,2920.48,3428.39,3174.43
Onion,Maharashtra,Pune,2023-01-08,2949.67,3462.65,3206.16
Onion,Maharashtra,Pune,2023-01-15,3042.0,3571.04,3306.52
Onion,Maharashtra,Pune,2023-01-22,2759.03,3238.87,2998.95
Onion,Maharashtra,Pune,2023-01-29,2667.3,3131.18,2899.24
Onion,Maharashtra,Pune,2023-02-05,2443.97,2869.01,2656.49
Onion,Maharashtra,Pune,2023-02-12,2315.53,2718.23,2516.88
Onion,Maharashtra,Pune,2023-02-19,2747.85,3225.74,2986.8
Onion,Maharashtra,Pune,2023-02-26,2937.85,3448.78,3193.32
Onion,Maharashtra,Pune,2023-03-05,2374.96,2788.0,2581.48
Onion,Maharashtra,Pune,2023-03-12,2232.29,2620.51,2426.4
Onion,Maharashtra,Pune,2023-03-19,1991.65,2338.02,2164.84
Onion,Maharashtra,Pune,2023-03-26,2493.84,2927.55,2710.69
Onion,Maharashtra,Pune,2023-04-02,1922.54,2256.89,2089.71
Onion,Maharashtra,Pune,2023-04-09,1783.63,2093.83,1938.73
Onion,Maharashtra,Pune,2023-04-16,2004.13,2352.67,2178.4
Onion,Maharashtra,Pune,2023-04-23,1791.75,2103.36,1947.55
Onion,Maharashtra,Pune,2023-04-30,2033.91,2387.64,2210.78
Onion,Maharashtra,Pune,2023-05-07,2104.87,2470.93,2287.9
Onion,Maharashtra,Pune,2023-05-14,2014.42,2364.75,2189.59
Onion,Maharashtra,Pune,2023-05-21,1338.02,1570.72,1454.37
Onion,Maharashtra,Pune,2023-05-28,2414.8,2834.76,2624.78
Onion,Maharashtra,Pune,2023-06-04,1807.8,2122.21,1965.0
Onion,Maharashtra,Pune,2023-06-11,1650.03,1936.99,1793.51
Onion,Maharashtra,Pune,2023-06-18,1851.21,2173.16,2012.18
Onion,Maharashtra,Pune,2023-06-25,1988.9,2334.8,2161.85
Onion,Maharashtra,Pune,2023-07-02,1911.08,2243.44,2077.26
Onion,Maharashtra,Pune,2023-07-09,2132.74,2503.65,2318.19
Onion,Maharashtra,Pune,2023-07-16,1705.28,2001.85,1853.57
Onion,Maharashtra,Pune,2023-07-23,1770.15,2078.0,1924.07
Onion,Maharashtra,Pune,2023-07-30,1559.09,1830.24,1694.67
Onion,Maharashtra,Pune,2023-08-06,2167.15,2544.04,2355.6
Onion,Maharashtra,Pune,2023-08-13,2586.36,3036.16,2811.26
Onion,Maharashtra,Pune,2023-08-20,2659.83,3122.41,2891.12
Onion,Maharashtra,Pune,2023-08-27,2271.02,2665.98,2468.5
Onion,Maharashtra,Pune,2023-09-03,2434.5,2857.9,2646.2
Onion,Maharashtra,Pune,2023-09-10,2988.94,3508.75,3248.84
Onion,Maharashtra,Pune,2023-09-17,3107.82,3648.31,3378.07
Onion,Maharashtra,Pune,2023-09-24,3043.25,3572.51,3307.88
Onion,Maharashtra,Pune,2023-10-01,2822.99,3313.95,3068.47
Onion,Maharashtra,Pune,2023-10-08,3164.18,3714.47,3439.33
Onion,Maharashtra,Pune,2023-10-15,3400.57,3991.98,3696.28
Onion,Maharashtra,Pune,2023-10-22,3616.16,4245.05,3930.61
Onion,Maharashtra,Pune,2023-10-29,3370.34,3956.49,3663.41
Onion,Maharashtra,Pune,2023-11-05,3911.44,4591.69,4251.56
Onion,Maharashtra,Pune,2023-11-12,3763.43,4417.94,4090.69
Onion,Maharashtra,Pune,2023-11-19,4318.44,5069.47,4693.95
Onion,Maharashtra,Pune,2023-11-26,4107.43,4821.77,4464.6
Onion,Maharashtra,Pune,2023-12-03,3653.55,4288.95,3971.25
Onion,Maharashtra,Pune,2023-12-10,4250.77,4990.03,4620.4
Onion,Maharashtra,Pune,2023-12-17,4306.77,5055.78,4681.28
Onion,Maharashtra,Pune,2023-12-24,4365.09,5124.24,4744.66
Onion,Maharashtra,Pune,2023-12-31,4061.67,4768.04,4414.86
Onion,Maharashtra,Pune,2024-01-07,4294.44,5041.29,4667.86
Onion,Maharashtra,Pune,2024-01-14,3977.27,4668.97,4323.12
Onion,Maharashtra,Pune,2024-01-21,3893.38,4570.49,4231.93
Onion,Maharashtra,Pune,2024-01-28,4006.05,4702.75,4354.4
Onion,Maharashtra,Pune,2024-02-04,4191.02,4919.89,4555.45
Onion,Maharashtra,Pune,2024-02-11,4472.68,5250.53,4861.61
Onion,Maharashtra,Pune,2024-02-18,3296.6,3869.92,3583.26
Onion,Maharashtra,Pune,2024-02-25,3649.0,4283.61,3966.31
Onion,Maharashtra,Pune,2024-03-03,3480.86,4086.22,3783.54
Onion,Maharashtra,Pune,2024-03-10,3380.61,3968.54,3674.57
Onion,Maharashtra,Pune,2024-03-17,3438.86,4036.93,3737.9
Onion,Maharashtra,Pune,2024-03-24,3314.45,3890.88,3602.66
Onion,Maharashtra,Pune,2024-03-31,3587.9,4211.88,3899.89
Onion,Maharashtra,Pune,2024-04-07,2727.86,3202.28,2965.07
Onion,Maharashtra,Pune,2024-04-14,2812.51,3301.64,3057.08
Onion,Maharashtra,Pune,2024-04-21,2574.24,3021.93,2798.09
Onion,Maharashtra,Pune,2024-04-28,3068.72,3602.42,3335.57
Onion,Maharashtra,Pune,2024-05-05,3246.41,3811.0,3528.7
Onion,Maharashtra,Pune,2024-05-12,2933.37,3443.53,3188.45
Onion,Maharashtra,Pune,2024-05-19,3143.9,3690.66,3417.28
Onion,Maharashtra,Pune,2024-05-26,3182.93,3736.48,3459.7
Onion,Maharashtra,Pune,2024-06-02,2912.99,3419.6,3166.29
Onion,Maharashtra,Pune,2024-06-09,2627.51,3084.47,2855.99
Onion,Maharashtra,Pune,2024-06-16,2517.29,2955.08,2736.19
Onion,Maharashtra,Pune,2024-06-23,2622.92,3079.08,2851.0
Onion,Maharashtra,Pune,2024-06-30,2930.16,3439.76,3184.96
Onion,Maharashtra,Pune,2024-07-07,2794.45,3280.44,3037.45
Onion,Maharashtra,Pune,2024-07-14,2276.34,2672.22,2474.28
Onion,Maharashtra,Pune,2024-07-21,3075.47,3610.34,3342.91
Onion,Maharashtra,Pune,2024-07-28,2269.7,2664.42,2467.06
Onion,Maharashtra,Pune,2024-08-04,3059.12,3591.14,3325.13
Onion,Maharashtra,Pune,2024-08-11,2921.97,3430.14,3176.05
Onion,Maharashtra,Pune,2024-08-18,2595.4,3046.78,2821.09
Onion,Maharashtra,Pune,2024-08-25,3179.27,3732.19,3455.73
Onion,Maharashtra,Pune,2024-09-01,3205.32,3762.77,3484.05
Onion,Maharashtra,Pune,2024-09-08,3568.89,4189.57,3879.23
Onion,Maharashtra,Pune,2024-09-15,3806.9,4468.97,4137.94
Onion,Maharashtra,Pune,2024-09-22,3007.13,3530.11,3268.62
Onion,Maharashtra,Pune,2024-09-29,3683.73,4324.38,4004.06
Onion,Maharashtra,Pune,2024-10-06,4138.94,4858.75,4498.84
Onion,Maharashtra,Pune,2024-10-13,3670.34,4308.66,3989.5
Onion,Maharashtra,Pune,2024-10-20,3481.85,4087.39,3784.62
Onion,Maharashtra,Pune,2024-10-27,3945.79,4632.02,4288.91
Onion,Maharashtra,Pune,2024-11-03,4111.56,4826.62,4469.09
Onion,Maharashtra,Pune,2024-11-10,3547.83,4164.85,3856.34
Onion,Maharashtra,Pune,2024-11-17,4366.29,5125.64,4745.96
Onion,Maharashtra,Pune,2024-11-24,4023.78,4723.57,4373.67
Onion,Maharashtra,Pune,2024-12-01,4945.88,5806.04,5375.96
Onion,Maharashtra,Pune,2024-12-08,4683.04,5497.49,5090.27
Onion,Maharashtra,Pune,2024-12-15,4437.59,5209.35,4823.47
Onion,Maharashtra,Pune,2024-12-22,4538.34,5327.61,4932.98
Onion,Maharashtra,Pune,2024-12-29,4051.61,4756.24,4403.92
Onion,Maharashtra,Pune,2025-01-05,4265.21,5006.98,4636.09
Onion,Maharashtra,Pune,2025-01-12,4686.39,5501.42,5093.91
Onion,Maharashtra,Pune,2025-01-19,3969.91,4660.32,4315.12
Onion,Maharashtra,Pune,2025-01-26,4770.02,5599.59,5184.8
Onion,Maharashtra,Pune,2025-02-02,3665.54,4303.02,3984.28
Onion,Maharashtra,Pune,2025-02-09,3986.34,4679.62,4332.98
Onion,Maharashtra,Pune,2025-02-16,3962.25,4651.34,4306.79
Onion,Maharashtra,Pune,2025-02-23,3955.99,4643.99,4299.99
Onion,Maharashtra,Pune,2025-03-02,3698.87,4342.15,4020.51
Onion,Maharashtra,Pune,2025-03-09,3816.2,4479.89,4148.05
Onion,Maharashtra,Pune,2025-03-16,3461.63,4063.65,3762.64
Onion,Maharashtra,Pune,2025-03-23,3682.62,4323.07,4002.84
Onion,Maharashtra,Pune,2025-03-30,3170.92,3722.39,3446.66
Onion,Maharashtra,Pune,2025-04-06,2832.83,3325.49,3079.16
Onion,Maharashtra,Pune,2025-04-13,2796.81,3283.21,3040.01
Onion,Maharashtra,Pune,2025-04-20,3355.79,3939.41,3647.6
Onion,Maharashtra,Pune,2025-04-27,3184.22,3738.0,3461.11
Onion,Maharashtra,Pune,2025-05-04,3034.53,3562.28,3298.41
Onion,Maharashtra,Pune,2025-05-11,2857.24,3354.16,3105.7
Onion,Maharashtra,Pune,2025-05-18,2963.0,3478.3,3220.65
Onion,Maharashtra,Pune,2025-05-25,2511.74,2948.56,2730.15
Onion,Maharashtra,Pune,2025-06-01,3025.37,3551.52,3288.45
Onion,Maharashtra,Pune,2025-06-08,3048.62,3578.82,3313.72
Onion,Maharashtra,Pune,2025-06-15,2611.35,3065.5,2838.43
Onion,Maharashtra,Pune,2025-06-22,2603.03,3055.73,2829.38
Onion,Maharashtra,Pune,2025-06-29,2558.5,3003.46,2780.98
Onion,Maharashtra,Pune,2025-07-06,2844.75,3339.49,3092.12
Onion,Maharashtra,Pune,2025-07-13,2889.89,3392.47,3141.18
Onion,Maharashtra,Pune,2025-07-20,2360.41,2770.91,2565.66
Onion,Maharashtra,Pune,2025-07-27,3008.16,3531.32,3269.74
Onion,Maharashtra,Pune,2025-08-03,2827.96,3319.78,3073.87
Onion,Maharashtra,Pune,2025-08-10,2702.44,3172.43,2937.44
Onion,Maharashtra,Pune,2025-08-17,2274.55,2670.12,2472.34
Onion,Maharashtra,Pune,2025-08-24,2586.57,3036.41,2811.49
Onion,Maharashtra,Pune,2025-08-31,2737.1,3213.12,2975.11
Onion,Maharashtra,Pune,2025-09-07,3244.74,3809.04,3526.89
Onion,Maharashtra,Pune,2025-09-14,3036.45,3564.52,3300.49
Onion,Maharashtra,Pune,2025-09-21,3315.93,3892.61,3604.27
Onion,Maharashtra,Pune,2025-09-28,3060.05,3592.23,3326.14
Onion,Maharashtra,Pune,2025-10-05,3811.03,4473.82,4142.42
Onion,Maharashtra,Pune,2025-10-12,3518.04,4129.87,3823.96
Onion,Maharashtra,Pune,2025-10-19,3808.04,4470.3,4139.17
Onion,Maharashtra,Pune,2025-10-26,3672.8,4311.55,3992.18
Onion,Maharashtra,Pune,2025-11-02,3568.41,4189.01,3878.71
Onion,Maharashtra,Pune,2025-11-09,3719.28,4366.12,4042.7
Onion,Maharashtra,Pune,2025-11-16,4193.42,4922.71,4558.07
Onion,Maharashtra,Pune,2025-11-23,3487.5,4094.02,3790.76
Onion,Maharashtra,Pune,2025-11-30,3737.01,4386.93,4061.97
Onion,Maharashtra,Pune,2025-12-07,3969.36,4659.68,4314.52
Onion,Maharashtra,Pune,2025-12-14,4035.94,4737.84,4386.89
Onion,Maharashtra,Pune,2025-12-21,3709.98,4355.19,4032.59
Onion,Maharashtra,Pune,2025-12-28,3689.79,4331.49,4010.64
Onion,Maharashtra,Pune,2026-01-04,3600.44,4226.61,3913.53
Onion,Maharashtra,Pune,2026-01-11,3336.49,3916.75,3626.62
Onion,Maharashtra,Pune,2026-01-18,3821.65,4486.28,4153.96
Onion,Maharashtra,Pune,2026-01-25,4044.47,4747.86,4396.17
Onion,Maharashtra,Pune,2026-02-01,3261.09,3828.23,3544.66
Onion,Maharashtra,Pune,2026-02-08,3283.66,3854.73,3569.19
Onion,Maharashtra,Pune,2026-02-15,3075.12,3609.92,3342.52
Onion,Maharashtra,Pune,2026-02-22,3528.24,4141.85,3835.05
Onion,Maharashtra,Pune,2026-03-01,2847.06,3342.21,3094.64
Onion,Maharashtra,Pune,2026-03-08,3472.37,4076.26,3774.31
Onion,Maharashtra,Pune,2026-03-15,2864.99,3363.24,3114.12
Onion,Maharashtra,Pune,2026-03-22,2897.87,3401.85,3149.86
Onion,Maharashtra,Pune,2026-03-29,3487.77,4094.34,3791.06
Onion,Maharashtra,Pune,2026-04-05,3025.73,3551.95,3288.84
Onion,Maharashtra,Pune,2026-04-12,2338.57,2745.27,2541.92
Onion,Maharashtra,Pune,2026-04-19,2688.82,3156.45,2922.64
Onion,Maharashtra,Pune,2026-04-26,2472.09,2902.02,2687.06
Onion,Maharashtra,Pune,2026-05-03,1853.86,2176.27,2015.06
Onion,Maharashtra,Pune,2026-05-10,2706.0,3176.61,2941.3
Onion,Maharashtra,Pune,2026-05-17,2151.16,2525.27,2338.22
Onion,Maharashtra,Pune,2026-05-24,1811.68,2126.75,1969.21
Onion,Maharashtra,Pune,2026-05-31,1740.72,2043.46,1892.09
Onion,Maharashtra,Pune,2026-06-07,2190.5,2571.45,2380.97
Onion,Maharashtra,Pune,2026-06-14,1864.7,2189.0,2026.85
Onion,Maharashtra,Pune,2026-06-21,2223.26,2609.91,2416.59
Onion,Maharashtra,Pune,2026-06-28,2006.64,2355.62,2181.13
Onion,Maharashtra,Pune,2026-07-05,1783.96,2094.22,1939.09
Onion,Maharashtra,Pune,2026-07-12,2248.28,2639.29,2443.79
Onion,Maharashtra,Pune,2026-07-19,1648.54,1935.25,1791.89
Onion,Maharashtra,Pune,2026-07-26,1777.04,2086.09,1931.57
Onion,Maharashtra,Pune,2026-08-02,2146.0,2519.22,2332.61
Onion,Maharashtra,Pune,2026-08-09,1598.34,1876.31,1737.32
Onion,Maharashtra,Pune,2026-08-16,1869.11,2194.18,2031.64
Onion,Maharashtra,Pune,2026-08-23,1680.84,1973.16,1827.0
Onion,Maharashtra,Pune,2026-08-30,2071.62,2431.91,2251.77
Onion,Maharashtra,Nashik,2020-01-05,2658.82,3121.22,2890.02
Onion,Maharashtra,Nashik,2020-01-12,2532.33,2972.74,2752.53
Onion,Maharashtra,Nashik,2020-01-19,2331.3,2736.74,2534.02
Onion,Maharashtra,Nashik,2020-01-26,2262.25,2655.68,2458.96
Onion,Maharashtra,Nashik,2020-02-02,2178.95,2557.9,2368.43
Onion,Maharashtra,Nashik,2020-02-09,2626.38,3083.14,2854.76
Onion,Maharashtra,Nashik,2020-02-16,1991.71,2338.1,2164.91
Onion,Maharashtra,Nashik,2020-02-23,2586.16,3035.93,2811.05
Onion,Maharashtra,Nashik,2020-03-01,1750.76,2055.24,1903.0
Onion,Maharashtra,Nashik,2020-03-08,2225.39,2612.41,2418.9
Onion,Maharashtra,Nashik,2020-03-15,1847.13,2168.37,2007.75
Onion,Maharashtra,Nashik,2020-03-22,2027.14,2379.68,2203.41
Onion,Maharashtra,Nashik,2020-03-29,1766.85,2074.13,1920.49
Onion,Maharashtra,Nashik,2020-04-05,1264.49,1484.4,1374.45
Onion,Maharashtra,Nashik,2020-04-12,1659.99,1948.68,1804.33
Onion,Maharashtra,Nashik,2020-04-19,1839.85,2159.82,1999.83
Onion,Maharashtra,Nashik,2020-04-26,1913.53,2246.32,2079.93
Onion,Maharashtra,Nashik,2020-05-03,988.48,1160.39,1074.43
Onion,Maharashtra,Nashik,2020-05-10,1639.85,1925.04,1782.44
Onion,Maharashtra,Nashik,2020-05-17,1298.03,1523.77,1410.9
Onion,Maharashtra,Nashik,2020-05-24,1061.37,1245.96,1153.67
Onion,Maharashtra,Nashik,2020-05-31,919.74,1079.7,999.72
Onion,Maharashtra,Nashik,2020-06-07,1279.32,1501.81,1390.56
Onion,Maharashtra,Nashik,2020-06-14,1413.4,1659.21,1536.31
Onion,Maharashtra,Nashik,2020-06-21,1323.25,1553.38,1438.32
Onion,Maharashtra,Nashik,2020-06-28,916.31,1075.67,995.99
Onion,Maharashtra,Nashik,2020-07-05,1773.62,2082.07,1927.85
Onion,Maharashtra,Nashik,2020-07-12,1812.94,2128.23,1970.59
Onion,Maharashtra,Nashik,2020-07-19,1678.08,1969.93,1824.0
Onion,Maharashtra,Nashik,2020-07-26,1814.86,2130.49,1972.68
Onion,Maharashtra,Nashik,2020-08-02,1796.59,2109.04,1952.82
Onion,Maharashtra,Nashik,2020-08-09,2176.39,2554.89,2365.64
Onion,Maharashtra,Nashik,2020-08-16,2503.66,2939.07,2721.36
Onion,Maharashtra,Nashik,2020-08-23,2238.26,2627.53,2432.9
Onion,Maharashtra,Nashik,2020-08-30,2039.84,2394.6,2217.22
Onion,Maharashtra,Nashik,2020-09-06,2669.11,3133.3,2901.21
Onion,Maharashtra,Nashik,2020-09-13,3142.38,3688.88,3415.63
Onion,Maharashtra,Nashik,2020-09-20,2139.36,2511.42,2325.39
Onion,Maharashtra,Nashik,2020-09-27,2736.92,3212.91,2974.91
Onion,Maharashtra,Nashik,2020-10-04,3048.14,3578.25,3313.2
Onion,Maharashtra,Nashik,2020-10-11,2999.16,3520.75,3259.95
Onion,Maharashtra,Nashik,2020-10-18,2772.08,3254.18,3013.13
Onion,Maharashtra,Nashik,2020-10-25,3541.81,4157.77,3849.79
Onion,Maharashtra,Nashik,2020-11-01,3570.77,4191.78,3881.27
Onion,Maharashtra,Nashik,2020-11-08,3710.22,4355.47,4032.84
Onion,Maharashtra,Nashik,2020-11-15,3810.33,4473.0,4141.67
Onion,Maharashtra,Nashik,2020-11-22,3485.1,4091.2,3788.15
Onion,Maharashtra,Nashik,2020-11-29,3487.71,4094.27,3790.99
Onion,Maharashtra,Nashik,2020-12-06,4055.55,4760.86,4408.21
Onion,Maharashtra,Nashik,2020-12-13,4458.96,5234.43,4846.7
Onion,Maharashtra,Nashik,2020-12-20,3840.66,4508.6,4174.63
Onion,Maharashtra,Nashik,2020-12-27,3675.31,4314.49,3994.9
Onion,Maharashtra,Nashik,2021-01-03,4064.88,4771.82,4418.35
Onion,Maharashtra,Nashik,2021-01-10,3596.14,4221.55,3908.85
Onion,Maharashtra,Nashik,2021-01-17,3612.47,4240.72,3926.59
Onion,Maharashtra,Nashik,2021-01-24,4026.29,4726.51,4376.4
Onion,Maharashtra,Nashik,2021-01-31,3550.46,4167.93,3859.2
Onion,Maharashtra,Nashik,2021-02-07,2882.1,3383.33,3132.72
Onion,Maharashtra,Nashik,2021-02-14,3106.59,3646.86,3376.73
Onion,Maharashtra,Nashik,2021-02-21,3263.82,3831.44,3547.63
Onion,Maharashtra,Nashik,2021-02-28,3066.26,3599.52,3332.89
Onion,Maharashtra,Nashik,2021-03-07,3250.1,3815.33,3532.71
Onion,Maharashtra,Nashik,2021-03-14,2466.62,2895.6,2681.11
Onion,Maharashtra,Nashik,2021-03-21,2943.02,3454.85,3198.94
Onion,Maharashtra,Nashik,2021-03-28,2899.87,3404.2,3152.04
Onion,Maharashtra,Nashik,2021-04-04,2631.18,3088.78,2859.98
Onion,Maharashtra,Nashik,2021-04-11,2327.77,2732.6,2530.18
Onion,Maharashtra,Nashik,2021-04-18,2575.18,3023.04,2799.11
Onion,Maharashtra,Nashik,2021-04-25,2773.6,3255.96,3014.78
Onion,Maharashtra,Nashik,2021-05-02,2292.24,2690.89,2491.56
Onion,Maharashtra,Nashik,2021-05-09,2582.99,3032.21,2807.6
Onion,Maharashtra,Nashik,2021-05-16,2234.19,2622.75,2428.47
Onion,Maharashtra,Nashik,2021-05-23,2017.73,2368.64,2193.18
Onion,Maharashtra,Nashik,2021-05-30,2473.84,2904.08,2688.96
Onion,Maharashtra,Nashik,2021-06-06,2158.66,2534.08,2346.37
Onion,Maharashtra,Nashik,2021-06-13,2037.17,2391.47,2214.32
Onion,Maharashtra,Nashik,2021-06-20,2275.11,2670.78,2472.95
Onion,Maharashtra,Nashik,2021-06-27,2184.03,2563.86,2373.94
Onion,Maharashtra,Nashik,2021-07-04,2268.87,2663.46,2466.16
Onion,Maharashtra,Nashik,2021-07-11,2330.98,2736.37,2533.67
Onion,Maharashtra,Nashik,2021-07-18,2911.83,3418.24,3165.04
Onion,Maharashtra,Nashik,2021-07-25,2498.75,2933.32,2716.03
Onion,Maharashtra,Nashik,2021-08-01,2654.88,3116.6,2885.74
Onion,Maharashtra,Nashik,2021-08-08,2808.84,3297.33,3053.09
Onion,Maharashtra,Nashik,2021-08-15,3046.55,3576.38,3311.47
Onion,Maharashtra,Nashik,2021-08-22,2625.11,3081.65,2853.38
Onion,Maharashtra,Nashik,2021-08-29,2527.57,2967.15,2747.36
Onion,Maharashtra,Nashik,2021-09-05,3084.53,3620.98,3352.75
Onion,Maharashtra,Nashik,2021-09-12,3139.06,3684.98,3412.02
Onion,Maharashtra,Nashik,2021-09-19,2837.13,3330.55,3083.84
Onion,Maharashtra,Nashik,2021-09-26,2709.83,3181.11,2945.47
Onion,Maharashtra,Nashik,2021-10-03,3641.97,4275.36,3958.67
Onion,Maharashtra,Nashik,2021-10-10,3534.71,4149.44,3842.08
Onion,Maharashtra,Nashik,2021-10-17,3940.97,4626.36,4283.67
Onion,Maharashtra,Nashik,2021-10-24,3457.84,4059.2,3758.52
Onion,Maharashtra,Nashik,2021-10-31,3804.37,4466.0,4135.18
Onion,Maharashtra,Nashik,2021-11-07,4232.52,4968.61,4600.56
Onion,Maharashtra,Nashik,2021-11-14,4207.02,4938.68,4572.85
Onion,Maharashtra,Nashik,2021-11-21,3950.22,4637.21,4293.72
Onion,Maharashtra,Nashik,2021-11-28,4091.15,4802.66,4446.91
Onion,Maharashtra,Nashik,2021-12-05,4344.86,5100.49,4722.68
Onion,Maharashtra,Nashik,2021-12-12,3902.89,4581.65,4242.27
Onion,Maharashtra,Nashik,2021-12-19,4291.0,5037.26,4664.13
Onion,Maharashtra,Nashik,2021-12-26,4633.32,5439.11,5036.21
Onion,Maharashtra,Nashik,2022-01-02,3984.8,4677.81,4331.31
Onion,Maharashtra,Nashik,2022-01-09,3955.7,4643.65,4299.68
Onion,Maharashtra,Nashik,2022-01-16,4161.3,4885.01,4523.16
Onion,Maharashtra,Nashik,2022-01-23,3970.75,4661.31,4316.03
Onion,Maharashtra,Nashik,2022-01-30,3701.02,4344.68,4022.85
Onion,Maharashtra,Nashik,2022-02-06,3414.83,4008.72,3711.77
Onion,Maharashtra,Nashik,2022-02-13,3771.67,4427.61,4099.64
Onion,Maharashtra,Nashik,2022-02-20,3726.57,4374.66,4050.62
Onion,Maharashtra,Nashik,2022-02-27,4047.84,4751.82,4399.83
Onion,Maharashtra,Nashik,2022-03-06,3604.57,4231.45,3918.01
Onion,Maharashtra,Nashik,2022-03-13,3583.15,4206.31,3894.73
Onion,Maharashtra,Nashik,2022-03-20,3423.85,4019.3,3721.57
Onion,Maharashtra,Nashik,2022-03-27,3289.25,3861.3,3575.27
Onion,Maharashtra,Nashik,2022-04-03,3053.65,3584.72,3319.18
Onion,Maharashtra,Nashik,2022-04-10,3326.04,3904.48,3615.26
Onion,Maharashtra,Nashik,2022-04-17,3261.74,3829.0,3545.37
Onion,Maharashtra,Nashik,2022-04-24,3067.01,3600.41,3333.71
Onion,Maharashtra,Nashik,2022-05-01,2582.46,3031.58,2807.02
Onion,Maharashtra,Nashik,2022-05-08,2201.79,2584.71,2393.25
Onion,Maharashtra,Nashik,2022-05-15,2950.23,3463.31,3206.77
Onion,Maharashtra,Nashik,2022-05-22,2940.75,3452.18,3196.46
Onion,Maharashtra,Nashik,2022-05-29,2799.78,3286.7,3043.24
Onion,Maharashtra,Nashik,2022-06-05,2913.31,3419.97,3166.64
Onion,Maharashtra,Nashik,2022-06-12,2353.23,2762.48,2557.86
Onion,Maharashtra,Nashik,2022-06-19,2348.51,2756.95,2552.73
Onion,Maharashtra,Nashik,2022-06-26,2279.87,2676.37,2478.12
Onion,Maharashtra,Nashik,2022-07-03,2077.12,2438.36,2257.74
Onion,Maharashtra,Nashik,2022-07-10,2594.61,3045.84,2820.23
Onion,Maharashtra,Nashik,2022-07-17,2469.42,2898.89,2684.15
Onion,Maharashtra,Nashik,2022-07-24,2604.64,3057.62,2831.13
Onion,Maharashtra,Nashik,2022-07-31,1996.37,2343.56,2169.96
Onion,Maharashtra,Nashik,2022-08-07,3266.9,3835.06,3550.98
Onion,Maharashtra,Nashik,2022-08-14,3278.66,3848.86,3563.76
Onion,Maharashtra,Nashik,2022-08-21,2654.64,3116.31,2885.47
Onion,Maharashtra,Nashik,2022-08-28,3108.81,3649.47,3379.14
Onion,Maharashtra,Nashik,2022-09-04,3240.66,3804.26,3522.46
Onion,Maharashtra,Nashik,2022-09-11,2902.01,3406.71,3154.36
Onion,Maharashtra,Nashik,2022-09-18,2998.73,3520.25,3259.49
Onion,Maharashtra,Nashik,2022-09-25,3344.35,3925.98,3635.17
Onion,Maharashtra,Nashik,2022-10-02,3756.14,4409.38,4082.76
Onion,Maharashtra,Nashik,2022-10-09,3420.37,4015.22,3717.8
Onion,Maharashtra,Nashik,2022-10-16,3632.88,4264.69,3948.79
Onion,Maharashtra,Nashik,2022-10-23,3659.15,4295.52,3977.34
Onion,Maharashtra,Nashik,2022-10-30,3059.74,3591.87,3325.8
Onion,Maharashtra,Nashik,2022-11-06,3594.54,4219.68,3907.11
Onion,Maharashtra,Nashik,2022-11-13,4183.63,4911.22,4547.43
Onion,Maharashtra,Nashik,2022-11-20,3523.24,4135.97,3829.61
Onion,Maharashtra,Nashik,2022-11-27,3661.07,4297.77,3979.42
Onion,Maharashtra,Nashik,2022-12-04,4027.87,4728.37,4378.12
Onion,Maharashtra,Nashik,2022-12-11,3967.74,4657.78,4312.76
Onion,Maharashtra,Nashik,2022-12-18,4321.46,5073.02,4697.24
Onion,Maharashtra,Nashik,2022-12-25,4592.12,5390.74,4991.43
Onion,Maharashtra,Nashik,2023-01-01,3815.42,4478.97,4147.19
Onion,Maharashtra,Nashik,2023-01-08,4662.16,5472.97,5067.56
Onion,Maharashtra,Nashik,2023-01-15,4018.47,4717.34,4367.9
Onion,Maharashtra,Nashik,2023-01-22,4308.27,5057.54,4682.9
Onion,Maharashtra,Nashik,2023-01-29,4367.67,5127.26,4747.46
Onion,Maharashtra,Nashik,2023-02-05,4302.58,5050.85,4676.71
Onion,Maharashtra,Nashik,2023-02-12,4163.24,4887.28,4525.26
Onion,Maharashtra,Nashik,2023-02-19,3992.76,4687.15,4339.95
Onion,Maharashtra,Nashik,2023-02-26,3863.35,4535.24,4199.3
Onion,Maharashtra,Nashik,2023-03-05,3769.17,4424.67,4096.92
Onion,Maharashtra,Nashik,2023-03-12,3196.61,3752.55,3474.58
Onion,Maharashtra,Nashik,2023-03-19,3781.44,4439.08,4110.26
Onion,Maharashtra,Nashik,2023-03-26,3220.39,3780.46,3500.43
Onion,Maharashtra,Nashik,2023-04-02,2575.62,3023.56,2799.59
Onion,Maharashtra,Nashik,2023-04-09,2543.87,2986.28,2765.07
Onion,Maharashtra,Nashik,2023-04-16,2507.68,2943.79,2725.74
Onion,Maharashtra,Nashik,2023-04-23,2392.29,2808.34,2600.31
Onion,Maharashtra,Nashik,2023-04-30,2713.86,3185.83,2949.85
Onion,Maharashtra,Nashik,2023-05-07,2337.96,2744.56,2541.26
Onion,Maharashtra,Nashik,2023-05-14,2611.71,3065.92,2838.81
Onion,Maharashtra,Nashik,2023-05-21,1654.16,1941.84,1798.0
Onion,Maharashtra,Nashik,2023-05-28,2556.47,3001.07,2778.77
Onion,Maharashtra,Nashik,2023-06-04,1825.04,2142.43,1983.73
Onion,Maharashtra,Nashik,2023-06-11,1998.07,2345.56,2171.82
Onion,Maharashtra,Nashik,2023-06-18,2030.14,2383.21,2206.67
Onion,Maharashtra,Nashik,2023-06-25,1611.7,1891.99,1751.85
Onion,Maharashtra,Nashik,2023-07-02,1822.64,2139.63,1981.14
Onion,Maharashtra,Nashik,2023-07-09,1428.83,1677.32,1553.07
Onion,Maharashtra,Nashik,2023-07-16,1568.22,1840.95,1704.59
Onion,Maharashtra,Nashik,2023-07-23,1765.5,2072.54,1919.02
Onion,Maharashtra,Nashik,2023-07-30,1583.95,1859.42,1721.68
Onion,Maharashtra,Nashik,2023-08-06,1725.94,2026.1,1876.02
Onion,Maharashtra,Nashik,2023-08-13,2017.49,2368.36,2192.92
Onion,Maharashtra,Nashik,2023-08-20,2115.4,2483.3,2299.35
Onion,Maharashtra,Nashik,2023-08-27,1824.82,2142.18,1983.5
Onion,Maharashtra,Nashik,2023-09-03,2533.1,2973.64,2753.37
Onion,Maharashtra,Nashik,2023-09-10,2215.67,2601.01,2408.34
Onion,Maharashtra,Nashik,2023-09-17,2543.92,2986.34,2765.13
Onion,Maharashtra,Nashik,2023-09-24,2132.79,2503.71,2318.25
Onion,Maharashtra,Nashik,2023-10-01,2628.08,3085.13,2856.6
Onion,Maharashtra,Nashik,2023-10-08,2865.88,3364.3,3115.09
Onion,Maharashtra,Nashik,2023-10-15,2941.83,3453.45,3197.64
Onion,Maharashtra,Nashik,2023-10-22,2841.16,3335.27,3088.21
Onion,Maharashtra,Nashik,2023-10-29,2712.18,3183.86,2948.02
Onion,Maharashtra,Nashik,2023-11-05,2771.8,3253.85,3012.82
Onion,Maharashtra,Nashik,2023-11-12,2499.13,2933.76,2716.45
Onion,Maharashtra,Nashik,2023-11-19,2468.9,2898.27,2683.58
Onion,Maharashtra,Nashik,2023-11-26,2730.2,3205.02,2967.61
Onion,Maharashtra,Nashik,2023-12-03,2501.64,2936.7,2719.17
Onion,Maharashtra,Nashik,2023-12-10,3281.32,3851.98,3566.65
Onion,Maharashtra,Nashik,2023-12-17,3001.11,3523.04,3262.08
Onion,Maharashtra,Nashik,2023-12-24,2786.14,3270.69,3028.41
Onion,Maharashtra,Nashik,2023-12-31,2397.57,2814.54,2606.05
Onion,Maharashtra,Nashik,2024-01-07,2020.0,2371.31,2195.65
Onion,Maharashtra,Nashik,2024-01-14,1907.43,2239.16,2073.3
Onion,Maharashtra,Nashik,2024-01-21,2600.0,3052.17,2826.09
Onion,Maharashtra,Nashik,2024-01-28,2582.13,3031.19,2806.66
Onion,Maharashtra,Nashik,2024-02-04,1624.31,1906.8,1765.55
Onion,Maharashtra,Nashik,2024-02-11,1658.1,1946.46,1802.28
Onion,Maharashtra,Nashik,2024-02-18,1867.39,2192.16,2029.77
Onion,Maharashtra,Nashik,2024-02-25,1915.7,2248.87,2082.28
Onion,Maharashtra,Nashik,2024-03-03,1402.81,1646.78,1524.79
Onion,Maharashtra,Nashik,2024-03-10,1191.99,1399.29,1295.64
Onion,Maharashtra,Nashik,2024-03-17,1512.89,1776.0,1644.45
Onion,Maharashtra,Nashik,2024-03-24,1711.41,2009.05,1860.23
Onion,Maharashtra,Nashik,2024-03-31,1321.91,1551.8,1436.86
Onion,Maharashtra,Nashik,2024-04-07,1199.29,1407.87,1303.58
Onion,Maharashtra,Nashik,2024-04-14,1254.42,1472.58,1363.5
Onion,Maharashtra,Nashik,2024-04-21,1585.26,1860.96,1723.11
Onion,Maharashtra,Nashik,2024-04-28,985.6,1157.01,1071.31
Onion,Maharashtra,Nashik,2024-05-05,795.3,933.62,864.46
Onion,Maharashtra,Nashik,2024-05-12,610.76,716.98,663.87
Onion,Maharashtra,Nashik,2024-05-19,295.42,346.79,321.1
Onion,Maharashtra,Nashik,2024-05-26,260.37,305.65,283.01
Onion,Maharashtra,Nashik,2024-06-02,339.52,398.57,369.04
Onion,Maharashtra,Nashik,2024-06-09,806.05,946.23,876.14
Onion,Maharashtra,Nashik,2024-06-16,273.4,320.95,297.17
Onion,Maharashtra,Nashik,2024-06-23,311.82,366.05,338.94
Onion,Maharashtra,Nashik,2024-06-30,184.0,216.0,200.0
Onion,Maharashtra,Nashik,2024-07-07,493.51,579.34,536.42
Onion,Maharashtra,Nashik,2024-07-14,345.63,405.74,375.68
Onion,Maharashtra,Nashik,2024-07-21,446.18,523.78,484.98
Onion,Maharashtra,Nashik,2024-07-28,842.94,989.54,916.24
Onion,Maharashtra,Nashik,2024-08-04,981.41,1152.09,1066.75
Onion,Maharashtra,Nashik,2024-08-11,1598.54,1876.55,1737.54
Onion,Maharashtra,Nashik,2024-08-18,1164.74,1367.3,1266.02
Onion,Maharashtra,Nashik,2024-08-25,900.88,1057.56,979.22
Onion,Maharashtra,Nashik,2024-09-01,1616.54,1897.68,1757.11
Onion,Maharashtra,Nashik,2024-09-08,1127.38,1323.44,1225.41
Onion,Maharashtra,Nashik,2024-09-15,1565.59,1837.86,1701.72
Onion,Maharashtra,Nashik,2024-09-22,1785.96,2096.56,1941.26
Onion,Maharashtra,Nashik,2024-09-29,1399.98,1643.46,1521.72
Onion,Maharashtra,Nashik,2024-10-06,1708.99,2006.21,1857.6
Onion,Maharashtra,Nashik,2024-10-13,1669.81,1960.22,1815.01
Onion,Maharashtra,Nashik,2024-10-20,1309.61,1537.37,1423.49
Onion,Maharashtra,Nashik,2024-10-27,1837.64,2157.23,1997.43
Onion,Maharashtra,Nashik,2024-11-03,2269.64,2664.36,2467.0
Onion,Maharashtra,Nashik,2024-11-10,1977.68,2321.62,2149.65
Onion,Maharashtra,Nashik,2024-11-17,2096.88,2461.56,2279.22
Onion,Maharashtra,Nashik,2024-11-24,2330.23,2735.49,2532.86
Onion,Maharashtra,Nashik,2024-12-01,2757.18,3236.69,2996.94
Onion,Maharashtra,Nashik,2024-12-08,2425.38,2847.19,2636.29
Onion,Maharashtra,Nashik,2024-12-15,2426.92,2848.99,2637.96
Onion,Maharashtra,Nashik,2024-12-22,1880.33,2207.35,2043.84
Onion,Maharashtra,Nashik,2024-12-29,1938.78,2275.96,2107.37
Onion,Maharashtra,Nashik,2025-01-05,1663.3,1952.57,1807.94
Onion,Maharashtra,Nashik,2025-01-12,2055.59,2413.09,2234.34
Onion,Maharashtra,Nashik,2025-01-19,2176.13,2554.59,2365.36
Onion,Maharashtra,Nashik,2025-01-26,1715.12,2013.41,1864.26
Onion,Maharashtra,Nashik,2025-02-02,1676.89,1968.52,1822.7
Onion,Maharashtra,Nashik,2025-02-09,1219.42,1431.49,1325.45
Onion,Maharashtra,Nashik,2025-02-16,1380.51,1620.6,1500.56
Onion,Maharashtra,Nashik,2025-02-23,1828.62,2146.64,1987.63
Onion,Maharashtra,Nashik,2025-03-02,1326.65,1557.37,1442.01
Onion,Maharashtra,Nashik,2025-03-09,1164.48,1367.0,1265.74
Onion,Maharashtra,Nashik,2025-03-16,1794.34,2106.4,1950.37
Onion,Maharashtra,Nashik,2025-03-23,1415.64,1661.84,1538.74
Onion,Maharashtra,Nashik,2025-03-30,774.4,909.08,841.74
Onion,Maharashtra,Nashik,2025-04-06,601.38,705.97,653.67
Onion,Maharashtra,Nashik,2025-04-13,1019.71,1197.05,1108.38
Onion,Maharashtra,Nashik,2025-04-20,646.84,759.33,703.08
Onion,Maharashtra,Nashik,2025-04-27,772.75,907.14,839.95
Onion,Maharashtra,Nashik,2025-05-04,722.65,848.33,785.49
Onion,Maharashtra,Nashik,2025-05-11,1044.77,1226.47,1135.62
Onion,Maharashtra,Nashik,2025-05-18,324.48,380.91,352.69
Onion,Maharashtra,Nashik,2025-05-25,561.89,659.62,610.75
Onion,Maharashtra,Nashik,2025-06-01,970.01,1138.7,1054.36
Onion,Maharashtra,Nashik,2025-06-08,509.12,597.66,553.39
Onion,Maharashtra,Nashik,2025-06-15,376.68,442.18,409.43
Onion,Maharashtra,Nashik,2025-06-22,994.45,1167.4,1080.93
Onion,Maharashtra,Nashik,2025-06-29,780.4,916.12,848.26
Onion,Maharashtra,Nashik,2025-07-06,877.11,1029.66,953.39
Onion,Maharashtra,Nashik,2025-07-13,1198.53,1406.98,1302.76
Onion,Maharashtra,Nashik,2025-07-20,736.15,864.17,800.16
Onion,Maharashtra,Nashik,2025-07-27,543.93,638.52,591.22
Onion,Maharashtra,Nashik,2025-08-03,692.65,813.11,752.88
Onion,Maharashtra,Nashik,2025-08-10,1098.84,1289.94,1194.39
Onion,Maharashtra,Nashik,2025-08-17,1054.65,1238.07,1146.36
Onion,Maharashtra,Nashik,2025-08-24,655.72,769.75,712.73
Onion,Maharashtra,Nashik,2025-08-31,839.11,985.04,912.07
Onion,Maharashtra,Nashik,2025-09-07,1536.63,1803.87,1670.25
Onion,Maharashtra,Nashik,2025-09-14,1560.19,1831.53,1695.86
Onion,Maharashtra,Nashik,2025-09-21,1595.93,1873.48,1734.7
Onion,Maharashtra,Nashik,2025-09-28,583.54,685.03,634.28
Onion,Maharashtra,Nashik,2025-10-05,1888.38,2216.79,2052.59
Onion,Maharashtra,Nashik,2025-10-12,1410.79,1656.15,1533.47
Onion,Maharashtra,Nashik,2025-10-19,1144.37,1343.39,1243.88
Onion,Maharashtra,Nashik,2025-10-26,2160.43,2536.16,2348.29
Onion,Maharashtra,Nashik,2025-11-02,2518.45,2956.44,2737.44
Onion,Maharashtra,Nashik,2025-11-09,2295.33,2694.52,2494.92
Onion,Maharashtra,Nashik,2025-11-16,2280.92,2677.61,2479.27
Onion,Maharashtra,Nashik,2025-11-23,2429.77,2852.34,2641.06
Onion,Maharashtra,Nashik,2025-11-30,2162.38,2538.44,2350.41
Onion,Maharashtra,Nashik,2025-12-07,2373.25,2785.99,2579.62
Onion,Maharashtra,Nashik,2025-12-14,2598.97,3050.96,2824.97
Onion,Maharashtra,Nashik,2025-12-21,2769.44,3251.08,3010.26
Onion,Maharashtra,Nashik,2025-12-28,2180.97,2560.27,2370.62
Onion,Maharashtra,Nashik,2026-01-04,2805.12,3292.97,3049.05
Onion,Maharashtra,Nashik,2026-01-11,1941.51,2279.17,2110.34
Onion,Maharashtra,Nashik,2026-01-18,2408.33,2827.17,2617.75
Onion,Maharashtra,Nashik,2026-01-25,2412.09,2831.59,2621.84
Onion,Maharashtra,Nashik,2026-02-01,1716.28,2014.76,1865.52
Onion,Maharashtra,Nashik,2026-02-08,1360.05,1596.58,1478.31
Onion,Maharashtra,Nashik,2026-02-15,2231.35,2619.41,2425.38
Onion,Maharashtra,Nashik,2026-02-22,2241.59,2631.44,2436.52
Onion,Maharashtra,Nashik,2026-03-01,1342.13,1575.54,1458.84
Onion,Maharashtra,Nashik,2026-03-08,1375.77,1615.04,1495.41
Onion,Maharashtra,Nashik,2026-03-15,1674.79,1966.06,1820.42
Onion,Maharashtra,Nashik,2026-03-22,1578.94,1853.54,1716.24
Onion,Maharashtra,Nashik,2026-03-29,1575.24,1849.2,1712.22
Onion,Maharashtra,Nashik,2026-04-05,656.46,770.63,713.54
Onion,Maharashtra,Nashik,2026-04-12,961.06,1128.2,1044.63
Onion,Maharashtra,Nashik,2026-04-19,1006.12,1181.1,1093.61
Onion,Maharashtra,Nashik,2026-04-26,872.21,1023.9,948.05
Onion,Maharashtra,Nashik,2026-05-03,833.84,978.86,906.35
Onion,Maharashtra,Nashik,2026-05-10,801.74,941.17,871.45
Onion,Maharashtra,Nashik,2026-05-17,1085.71,1274.53,1180.12
Onion,Maharashtra,Nashik,2026-05-24,516.13,605.89,561.01
Onion,Maharashtra,Nashik,2026-05-31,877.75,1030.41,954.08
Onion,Maharashtra,Nashik,2026-06-07,976.29,1146.08,1061.19
Onion,Maharashtra,Nashik,2026-06-14,513.48,602.78,558.13
Onion,Maharashtra,Nashik,2026-06-21,545.39,640.24,592.81
Onion,Maharashtra,Nashik,2026-06-28,805.28,945.33,875.3
Onion,Maharashtra,Nashik,2026-07-05,645.46,757.71,701.58
Onion,Maharashtra,Nashik,2026-07-12,906.48,1064.13,985.31
Onion,Maharashtra,Nashik,2026-07-19,956.62,1122.99,1039.81
Onion,Maharashtra,Nashik,2026-07-26,1041.34,1222.44,1131.89
Onion,Maharashtra,Nashik,2026-08-02,1029.53,1208.58,1119.06
Onion,Maharashtra,Nashik,2026-08-09,669.34,785.74,727.54
Onion,Maharashtra,Nashik,2026-08-16,1210.75,1421.31,1316.03
Onion,Maharashtra,Nashik,2026-08-23,929.61,1091.29,1010.45
Onion,Maharashtra,Nashik,2026-08-30,1277.84,1500.07,1388.96
Onion,Uttar Pradesh,Lucknow,2020-01-05,2712.2,3183.88,2948.04
Onion,Uttar Pradesh,Lucknow,2020-01-12,2522.82,2961.58,2742.2
Onion,Uttar Pradesh,Lucknow,2020-01-19,2984.74,3503.83,3244.28
Onion,Uttar Pradesh,Lucknow,2020-01-26,2805.62,3293.55,3049.58
Onion,Uttar Pradesh,Lucknow,2020-02-02,1878.37,2205.04,2041.7
Onion,Uttar Pradesh,Lucknow,2020-02-09,2351.02,2759.89,2555.45
Onion,Uttar Pradesh,Lucknow,2020-02-16,2479.42,2910.63,2695.03
Onion,Uttar Pradesh,Lucknow,2020-02-23,1910.4,2242.64,2076.52
Onion,Uttar Pradesh,Lucknow,2020-03-01,2133.4,2504.42,2318.91
Onion,Uttar Pradesh,Lucknow,2020-03-08,1971.04,2313.84,2142.44
Onion,Uttar Pradesh,Lucknow,2020-03-15,2027.97,2380.66,2204.32
Onion,Uttar Pradesh,Lucknow,2020-03-22,2090.79,2454.41,2272.6
Onion,Uttar Pradesh,Lucknow,2020-03-29,1971.45,2314.31,2142.88
Onion,Uttar Pradesh,Lucknow,2020-04-05,1622.46,1904.62,1763.54
Onion,Uttar Pradesh,Lucknow,2020-04-12,1754.96,2060.17,1907.56
Onion,Uttar Pradesh,Lucknow,2020-04-19,952.51,1118.16,1035.33
Onion,Uttar Pradesh,Lucknow,2020-04-26,1089.83,1279.36,1184.59
Onion,Uttar Pradesh,Lucknow,2020-05-03,838.56,984.4,911.48
Onion,Uttar Pradesh,Lucknow,2020-05-10,1105.8,1298.12,1201.96
Onion,Uttar Pradesh,Lucknow,2020-05-17,1044.9,1226.63,1135.77
Onion,Uttar Pradesh,Lucknow,2020-05-24,468.19,549.61,508.9
Onion,Uttar Pradesh,Lucknow,2020-05-31,1300.52,1526.69,1413.61
Onion,Uttar Pradesh,Lucknow,2020-06-07,291.36,342.03,316.7
Onion,Uttar Pradesh,Lucknow,2020-06-14,577.61,678.06,627.83
Onion,Uttar Pradesh,Lucknow,2020-06-21,781.26,917.13,849.19
Onion,Uttar Pradesh,Lucknow,2020-06-28,912.71,1071.45,992.08
Onion,Uttar Pradesh,Lucknow,2020-07-05,864.43,1014.77,939.6
Onion,Uttar Pradesh,Lucknow,2020-07-12,837.35,982.97,910.16
Onion,Uttar Pradesh,Lucknow,2020-07-19,1331.33,1562.87,1447.1
Onion,Uttar Pradesh,Lucknow,2020-07-26,1292.37,1517.13,1404.75
Onion,Uttar Pradesh,Lucknow,2020-08-02,1239.08,1454.57,1346.82
Onion,Uttar Pradesh,Lucknow,2020-08-09,1474.77,1731.25,1603.01
Onion,Uttar Pradesh,Lucknow,2020-08-16,1286.41,1510.13,1398.27
Onion,Uttar Pradesh,Lucknow,2020-08-23,1178.24,1383.15,1280.7
Onion,Uttar Pradesh,Lucknow,2020-08-30,1762.12,2068.57,1915.34
Onion,Uttar Pradesh,Lucknow,2020-09-06,1554.63,1825.0,1689.81
Onion,Uttar Pradesh,Lucknow,2020-09-13,1746.73,2050.5,1898.61
Onion,Uttar Pradesh,Lucknow,2020-09-20,2029.12,2382.01,2205.57
Onion,Uttar Pradesh,Lucknow,2020-09-27,1868.01,2192.88,2030.45
Onion,Uttar Pradesh,Lucknow,2020-10-04,2336.02,2742.28,2539.15
Onion,Uttar Pradesh,Lucknow,2020-10-11,1893.71,2223.05,2058.38
Onion,Uttar Pradesh,Lucknow,2020-10-18,1929.4,2264.95,2097.17
Onion,Uttar Pradesh,Lucknow,2020-10-25,1808.0,2122.43,1965.22
Onion,Uttar Pradesh,Lucknow,2020-11-01,2343.26,2750.78,2547.02
Onion,Uttar Pradesh,Lucknow,2020-11-08,2325.45,2729.88,2527.66
Onion,Uttar Pradesh,Lucknow,2020-11-15,2096.97,2461.66,2279.32
Onion,Uttar Pradesh,Lucknow,2020-11-22,2302.93,2703.44,2503.18
Onion,Uttar Pradesh,Lucknow,2020-11-29,1961.59,2302.73,2132.16
Onion,Uttar Pradesh,Lucknow,2020-12-06,2746.54,3224.2,2985.37
Onion,Uttar Pradesh,Lucknow,2020-12-13,2259.7,2652.69,2456.19
Onion,Uttar Pradesh,Lucknow,2020-12-20,2197.83,2580.06,2388.94
Onion,Uttar Pradesh,Lucknow,2020-12-27,2316.18,2718.99,2517.59
Onion,Uttar Pradesh,Lucknow,2021-01-03,1974.62,2318.04,2146.33
Onion,Uttar Pradesh,Lucknow,2021-01-10,1902.55,2233.43,2067.99
Onion,Uttar Pradesh,Lucknow,2021-01-17,1978.31,2322.37,2150.34
Onion,Uttar Pradesh,Lucknow,2021-01-24,2668.64,3132.75,2900.7
Onion,Uttar Pradesh,Lucknow,2021-01-31,1660.21,1948.94,1804.57
Onion,Uttar Pradesh,Lucknow,2021-02-07,2455.14,2882.12,2668.63
Onion,Uttar Pradesh,Lucknow,2021-02-14,2246.67,2637.39,2442.03
Onion,Uttar Pradesh,Lucknow,2021-02-21,1604.83,1883.93,1744.38
Onion,Uttar Pradesh,Lucknow,2021-02-28,1983.41,2328.35,2155.88
Onion,Uttar Pradesh,Lucknow,2021-03-07,1470.35,1726.07,1598.21
Onion,Uttar Pradesh,Lucknow,2021-03-14,1785.05,2095.5,1940.27
Onion,Uttar Pradesh,Lucknow,2021-03-21,1476.95,1733.81,1605.38
Onion,Uttar Pradesh,Lucknow,2021-03-28,1579.37,1854.04,1716.7
Onion,Uttar Pradesh,Lucknow,2021-04-04,1239.04,1454.52,1346.78
Onion,Uttar Pradesh,Lucknow,2021-04-11,777.68,912.93,845.3
Onion,Uttar Pradesh,Lucknow,2021-04-18,1125.53,1321.28,1223.41
Onion,Uttar Pradesh,Lucknow,2021-04-25,1098.36,1289.38,1193.87
Onion,Uttar Pradesh,Lucknow,2021-05-02,832.01,976.71,904.36
Onion,Uttar Pradesh,Lucknow,2021-05-09,906.31,1063.93,985.12
Onion,Uttar Pradesh,Lucknow,2021-05-16,1463.76,1718.32,1591.04
Onion,Uttar Pradesh,Lucknow,2021-05-23,1224.85,1437.87,1331.36
Onion,Uttar Pradesh,Lucknow,2021-05-30,1393.16,1635.45,1514.31
Onion,Uttar Pradesh,Lucknow,2021-06-06,1189.62,1396.51,1293.07
Onion,Uttar Pradesh,Lucknow,2021-06-13,1231.33,1445.48,1338.41
Onion,Uttar Pradesh,Lucknow,2021-06-20,361.68,424.58,393.13
Onion,Uttar Pradesh,Lucknow,2021-06-27,901.24,1057.98,979.61
Onion,Uttar Pradesh,Lucknow,2021-07-04,1161.86,1363.93,1262.9
Onion,Uttar Pradesh,Lucknow,2021-07-11,1079.13,1266.8,1172.97
Onion,Uttar Pradesh,Lucknow,2021-07-18,803.09,942.76,872.92
Onion,Uttar Pradesh,Lucknow,2021-07-25,604.59,709.74,657.16
Onion,Uttar Pradesh,Lucknow,2021-08-01,1450.04,1702.22,1576.13
Onion,Uttar Pradesh,Lucknow,2021-08-08,1551.85,1821.73,1686.79
Onion,Uttar Pradesh,Lucknow,2021-08-15,1422.52,1669.92,1546.22
Onion,Uttar Pradesh,Lucknow,2021-08-22,1503.23,1764.66,1633.94
Onion,Uttar Pradesh,Lucknow,2021-08-29,1374.68,1613.75,1494.22
Onion,Uttar Pradesh,Lucknow,2021-09-05,2175.69,2554.07,2364.88
Onion,Uttar Pradesh,Lucknow,2021-09-12,1738.91,2041.33,1890.12
Onion,Uttar Pradesh,Lucknow,2021-09-19,1657.46,1945.72,1801.59
Onion,Uttar Pradesh,Lucknow,2021-09-26,2185.92,2566.08,2376.0
Onion,Uttar Pradesh,Lucknow,2021-10-03,2629.19,3086.44,2857.81
Onion,Uttar Pradesh,Lucknow,2021-10-10,2456.16,2883.31,2669.74
Onion,Uttar Pradesh,Lucknow,2021-10-17,2601.38,3053.8,2827.59
Onion,Uttar Pradesh,Lucknow,2021-10-24,2436.27,2859.97,2648.12
Onion,Uttar Pradesh,Lucknow,2021-10-31,2451.76,2878.16,2664.96
Onion,Uttar Pradesh,Lucknow,2021-11-07,3169.49,3720.71,3445.1
Onion,Uttar Pradesh,Lucknow,2021-11-14,2674.09,3139.14,2906.62
Onion,Uttar Pradesh,Lucknow,2021-11-21,3261.21,3828.38,3544.79
Onion,Uttar Pradesh,Lucknow,2021-11-28,2785.22,3269.6,3027.41
Onion,Uttar Pradesh,Lucknow,2021-12-05,2466.06,2894.95,2680.51
Onion,Uttar Pradesh,Lucknow,2021-12-12,2879.97,3380.84,3130.41
Onion,Uttar Pradesh,Lucknow,2021-12-19,2996.11,3517.18,3256.64
Onion,Uttar Pradesh,Lucknow,2021-12-26,2646.36,3106.6,2876.48
Onion,Uttar Pradesh,Lucknow,2022-01-02,3429.77,4026.25,3728.01
Onion,Uttar Pradesh,Lucknow,2022-01-09,2818.31,3308.45,3063.38
Onion,Uttar Pradesh,Lucknow,2022-01-16,2704.93,3175.35,2940.14
Onion,Uttar Pradesh,Lucknow,2022-01-23,2549.53,2992.93,2771.23
Onion,Uttar Pradesh,Lucknow,2022-01-30,2834.08,3326.96,3080.52
Onion,Uttar Pradesh,Lucknow,2022-02-06,2129.86,2500.27,2315.07
Onion,Uttar Pradesh,Lucknow,2022-02-13,2823.28,3314.28,3068.78
Onion,Uttar Pradesh,Lucknow,2022-02-20,3204.74,3762.08,3483.41
Onion,Uttar Pradesh,Lucknow,2022-02-27,2129.27,2499.58,2314.43
Onion,Uttar Pradesh,Lucknow,2022-03-06,2349.16,2757.71,2553.44
Onion,Uttar Pradesh,Lucknow,2022-03-13,2479.01,2910.14,2694.57
Onion,Uttar Pradesh,Lucknow,2022-03-20,2492.39,2925.85,2709.12
Onion,Uttar Pradesh,Lucknow,2022-03-27,2345.02,2752.85,2548.94
Onion,Uttar Pradesh,Lucknow,2022-04-03,2277.64,2673.75,2475.7
Onion,Uttar Pradesh,Lucknow,2022-04-10,1975.63,2319.22,2147.43
Onion,Uttar Pradesh,Lucknow,2022-04-17,1780.16,2089.75,1934.96
Onion,Uttar Pradesh,Lucknow,2022-04-24,1991.95,2338.38,2165.16
Onion,Uttar Pradesh,Lucknow,2022-05-01,2161.16,2537.02,2349.09
Onion,Uttar Pradesh,Lucknow,2022-05-08,1752.91,2057.76,1905.33
Onion,Uttar Pradesh,Lucknow,2022-05-15,1976.12,2319.79,2147.95
Onion,Uttar Pradesh,Lucknow,2022-05-22,1304.88,1531.82,1418.35
Onion,Uttar Pradesh,Lucknow,2022-05-29,1632.2,1916.07,1774.13
Onion,Uttar Pradesh,Lucknow,2022-06-05,1602.69,1881.42,1742.06
Onion,Uttar Pradesh,Lucknow,2022-06-12,1667.49,1957.49,1812.49
Onion,Uttar Pradesh,Lucknow,2022-06-19,1888.63,2217.08,2052.86
Onion,Uttar Pradesh,Lucknow,2022-06-26,1620.31,1902.1,1761.21
Onion,Uttar Pradesh,Lucknow,2022-07-03,2106.73,2473.12,2289.93
Onion,Uttar Pradesh,Lucknow,2022-07-10,1374.01,1612.97,1493.49
Onion,Uttar Pradesh,Lucknow,2022-07-17,1366.94,1604.67,1485.81
Onion,Uttar Pradesh,Lucknow,2022-07-24,1788.62,2099.69,1944.15
Onion,Uttar Pradesh,Lucknow,2022-07-31,1224.66,1437.65,1331.16
Onion,Uttar Pradesh,Lucknow,2022-08-07,2132.88,2503.82,2318.35
Onion,Uttar Pradesh,Lucknow,2022-08-14,1956.42,2296.67,2126.55
Onion,Uttar Pradesh,Lucknow,2022-08-21,2373.51,2786.29,2579.9
Onion,Uttar Pradesh,Lucknow,2022-08-28,2246.42,2637.1,2441.76
Onion,Uttar Pradesh,Lucknow,2022-09-04,2632.34,3090.13,2861.23
Onion,Uttar Pradesh,Lucknow,2022-09-11,2228.23,2615.75,2421.99
Onion,Uttar Pradesh,Lucknow,2022-09-18,2873.4,3373.12,3123.26
Onion,Uttar Pradesh,Lucknow,2022-09-25,2721.52,3194.83,2958.18
Onion,Uttar Pradesh,Lucknow,2022-10-02,3116.45,3658.44,3387.44
Onion,Uttar Pradesh,Lucknow,2022-10-09,3126.35,3670.06,3398.21
Onion,Uttar Pradesh,Lucknow,2022-10-16,3313.2,3889.41,3601.31
Onion,Uttar Pradesh,Lucknow,2022-10-23,3808.0,4470.26,4139.13
Onion,Uttar Pradesh,Lucknow,2022-10-30,2952.86,3466.41,3209.63
Onion,Uttar Pradesh,Lucknow,2022-11-06,3457.98,4059.37,3758.67
Onion,Uttar Pradesh,Lucknow,2022-11-13,3619.76,4249.29,3934.53
Onion,Uttar Pradesh,Lucknow,2022-11-20,3722.87,4370.33,4046.6
Onion,Uttar Pradesh,Lucknow,2022-11-27,2991.8,3512.11,3251.95
Onion,Uttar Pradesh,Lucknow,2022-12-04,3693.96,4336.39,4015.17
Onion,Uttar Pradesh,Lucknow,2022-12-11,3623.63,4253.83,3938.73
Onion,Uttar Pradesh,Lucknow,2022-12-18,3868.25,4540.99,4204.62
Onion,Uttar Pradesh,Lucknow,2022-12-25,3886.04,4561.87,4223.96
Onion,Uttar Pradesh,Lucknow,2023-01-01,3717.6,4364.14,4040.87
Onion,Uttar Pradesh,Lucknow,2023-01-08,3176.75,3729.22,3452.99
Onion,Uttar Pradesh,Lucknow,2023-01-15,3429.59,4026.03,3727.81
Onion,Uttar Pradesh,Lucknow,2023-01-22,3441.2,4039.67,3740.43
Onion,Uttar Pradesh,Lucknow,2023-01-29,3694.85,4337.44,4016.15
Onion,Uttar Pradesh,Lucknow,2023-02-05,3383.76,3972.24,3678.0
Onion,Uttar Pradesh,Lucknow,2023-02-12,3224.17,3784.89,3504.53
Onion,Uttar Pradesh,Lucknow,2023-02-19,3648.0,4282.43,3965.22
Onion,Uttar Pradesh,Lucknow,2023-02-26,3378.03,3965.51,3671.77
Onion,Uttar Pradesh,Lucknow,2023-03-05,3196.2,3752.06,3474.13
Onion,Uttar Pradesh,Lucknow,2023-03-12,2315.86,2718.61,2517.24
Onion,Uttar Pradesh,Lucknow,2023-03-19,2548.54,2991.77,2770.16
Onion,Uttar Pradesh,Lucknow,2023-03-26,2430.25,2852.9,2641.58
Onion,Uttar Pradesh,Lucknow,2023-04-02,2710.09,3181.41,2945.75
Onion,Uttar Pradesh,Lucknow,2023-04-09,1993.42,2340.1,2166.76
Onion,Uttar Pradesh,Lucknow,2023-04-16,2446.13,2871.55,2658.84
Onion,Uttar Pradesh,Lucknow,2023-04-23,2549.85,2993.31,2771.58
Onion,Uttar Pradesh,Lucknow,2023-04-30,2325.55,2730.0,2527.78
Onion,Uttar Pradesh,Lucknow,2023-05-07,2084.51,2447.04,2265.78
Onion,Uttar Pradesh,Lucknow,2023-05-14,1732.93,2034.31,1883.62
Onion,Uttar Pradesh,Lucknow,2023-05-21,1369.49,1607.66,1488.58
Onion,Uttar Pradesh,Lucknow,2023-05-28,2059.43,2417.59,2238.51
Onion,Uttar Pradesh,Lucknow,2023-06-04,1757.63,2063.3,1910.47
Onion,Uttar Pradesh,Lucknow,2023-06-11,2204.05,2587.36,2395.71
Onion,Uttar Pradesh,Lucknow,2023-06-18,1747.35,2051.24,1899.29
Onion,Uttar Pradesh,Lucknow,2023-06-25,1178.74,1383.74,1281.24
Onion,Uttar Pradesh,Lucknow,2023-07-02,1619.87,1901.59,1760.73
Onion,Uttar Pradesh,Lucknow,2023-07-09,2114.81,2482.61,2298.71
Onion,Uttar Pradesh,Lucknow,2023-07-16,2064.98,2424.11,2244.54
Onion,Uttar Pradesh,Lucknow,2023-07-23,1851.72,2173.75,2012.73
Onion,Uttar Pradesh,Lucknow,2023-07-30,2004.89,2353.57,2179.23
Onion,Uttar Pradesh,Lucknow,2023-08-06,2297.92,2697.56,2497.74
Onion,Uttar Pradesh,Lucknow,2023-08-13,2661.92,3124.86,2893.39
Onion,Uttar Pradesh,Lucknow,2023-08-20,2017.87,2368.8,2193.33
Onion,Uttar Pradesh,Lucknow,2023-08-27,2625.74,3082.39,2854.06
Onion,Uttar Pradesh,Lucknow,2023-09-03,3015.03,3539.39,3277.21
Onion,Uttar Pradesh,Lucknow,2023-09-10,2771.67,3253.7,3012.68
Onion,Uttar Pradesh,Lucknow,2023-09-17,3259.16,3825.97,3542.57
Onion,Uttar Pradesh,Lucknow,2023-09-24,2510.56,2947.17,2728.87
Onion,Uttar Pradesh,Lucknow,2023-10-01,3624.52,4254.87,3939.69
Onion,Uttar Pradesh,Lucknow,2023-10-08,3124.47,3667.85,3396.16
Onion,Uttar Pradesh,Lucknow,2023-10-15,3929.53,4612.92,4271.23
Onion,Uttar Pradesh,Lucknow,2023-10-22,3213.01,3771.8,3492.4
Onion,Uttar Pradesh,Lucknow,2023-10-29,3611.58,4239.68,3925.63
Onion,Uttar Pradesh,Lucknow,2023-11-05,4232.74,4968.87,4600.8
Onion,Uttar Pradesh,Lucknow,2023-11-12,3702.19,4346.05,4024.12
Onion,Uttar Pradesh,Lucknow,2023-11-19,4005.97,4702.66,4354.32
Onion,Uttar Pradesh,Lucknow,2023-11-26,3691.85,4333.91,4012.88
Onion,Uttar Pradesh,Lucknow,2023-12-03,3866.73,4539.2,4202.97
Onion,Uttar Pradesh,Lucknow,2023-12-10,3688.3,4329.75,4009.03
Onion,Uttar Pradesh,Lucknow,2023-12-17,4057.32,4762.94,4410.13
Onion,Uttar Pradesh,Lucknow,2023-12-24,3803.86,4465.4,4134.63
Onion,Uttar Pradesh,Lucknow,2023-12-31,4155.0,4877.61,4516.3
Onion,Uttar Pradesh,Lucknow,2024-01-07,3785.72,4444.1,4114.91
Onion,Uttar Pradesh,Lucknow,2024-01-14,3402.25,3993.95,3698.1
Onion,Uttar Pradesh,Lucknow,2024-01-21,3804.4,4466.03,4135.21
Onion,Uttar Pradesh,Lucknow,2024-01-28,3847.09,4516.15,4181.62
Onion,Uttar Pradesh,Lucknow,2024-02-04,3952.43,4639.81,4296.12
Onion,Uttar Pradesh,Lucknow,2024-02-11,3699.11,4342.44,4020.78
Onion,Uttar Pradesh,Lucknow,2024-02-18,4012.58,4710.42,4361.5
Onion,Uttar Pradesh,Lucknow,2024-02-25,3942.32,4627.94,4285.13
Onion,Uttar Pradesh,Lucknow,2024-03-03,3787.06,4445.68,4116.37
Onion,Uttar Pradesh,Lucknow,2024-03-10,3237.44,3800.48,3518.96
Onion,Uttar Pradesh,Lucknow,2024-03-17,3361.65,3946.29,3653.97
Onion,Uttar Pradesh,Lucknow,2024-03-24,3212.21,3770.86,3491.54
Onion,Uttar Pradesh,Lucknow,2024-03-31,2819.01,3309.28,3064.15
Onion,Uttar Pradesh,Lucknow,2024-04-07,2638.9,3097.84,2868.37
Onion,Uttar Pradesh,Lucknow,2024-04-14,3114.75,3656.45,3385.6
Onion,Uttar Pradesh,Lucknow,2024-04-21,3076.07,3611.04,3343.56
Onion,Uttar Pradesh,Lucknow,2024-04-28,2902.09,3406.81,3154.45
Onion,Uttar Pradesh,Lucknow,2024-05-05,3066.99,3600.38,3333.68
Onion,Uttar Pradesh,Lucknow,2024-05-12,2333.75,2739.62,2536.68
Onion,Uttar Pradesh,Lucknow,2024-05-19,3123.54,3666.77,3395.15
Onion,Uttar Pradesh,Lucknow,2024-05-26,2585.59,3035.26,2810.43
Onion,Uttar Pradesh,Lucknow,2024-06-02,2473.44,2903.61,2688.52
Onion,Uttar Pradesh,Lucknow,2024-06-09,2789.34,3274.44,3031.89
Onion,Uttar Pradesh,Lucknow,2024-06-16,2559.2,3004.27,2781.74
Onion,Uttar Pradesh,Lucknow,2024-06-23,2753.36,3232.2,2992.78
Onion,Uttar Pradesh,Lucknow,2024-06-30,2819.26,3309.57,3064.41
Onion,Uttar Pradesh,Lucknow,2024-07-07,2899.19,3403.39,3151.29
Onion,Uttar Pradesh,Lucknow,2024-07-14,3291.28,3863.68,3577.48
Onion,Uttar Pradesh,Lucknow,2024-07-21,3270.2,3838.93,3554.57
Onion,Uttar Pradesh,Lucknow,2024-07-28,2749.72,3227.93,2988.83
Onion,Uttar Pradesh,Lucknow,2024-08-04,3258.54,3825.24,3541.89
Onion,Uttar Pradesh,Lucknow,2024-08-11,3064.23,3597.14,3330.69
Onion,Uttar Pradesh,Lucknow,2024-08-18,3512.61,4123.5,3818.05
Onion,Uttar Pradesh,Lucknow,2024-08-25,2688.91,3156.55,2922.73
Onion,Uttar Pradesh,Lucknow,2024-09-01,3746.18,4397.68,4071.93
Onion,Uttar Pradesh,Lucknow,2024-09-08,3576.59,4198.6,3887.6
Onion,Uttar Pradesh,Lucknow,2024-09-15,3647.84,4282.25,3965.04
Onion,Uttar Pradesh,Lucknow,2024-09-22,3477.6,4082.4,3780.0
Onion,Uttar Pradesh,Lucknow,2024-09-29,3236.8,3799.72,3518.26
Onion,Uttar Pradesh,Lucknow,2024-10-06,3566.71,4187.01,3876.86
Onion,Uttar Pradesh,Lucknow,2024-10-13,3961.98,4651.02,4306.5
Onion,Uttar Pradesh,Lucknow,2024-10-20,4272.65,5015.72,4644.19
Onion,Uttar Pradesh,Lucknow,2024-10-27,3933.16,4617.19,4275.18
Onion,Uttar Pradesh,Lucknow,2024-11-03,4148.24,4869.67,4508.96
Onion,Uttar Pradesh,Lucknow,2024-11-10,4037.86,4740.1,4388.98
Onion,Uttar Pradesh,Lucknow,2024-11-17,4469.69,5247.03,4858.36
Onion,Uttar Pradesh,Lucknow,2024-11-24,4528.53,5316.11,4922.32
Onion,Uttar Pradesh,Lucknow,2024-12-01,3883.21,4558.55,4220.88
Onion,Uttar Pradesh,Lucknow,2024-12-08,4828.54,5668.29,5248.42
Onion,Uttar Pradesh,Lucknow,2024-12-15,3992.39,4686.72,4339.56
Onion,Uttar Pradesh,Lucknow,2024-12-22,4391.25,5154.94,4773.09
Onion,Uttar Pradesh,Lucknow,2024-12-29,4277.17,5021.03,4649.1
Onion,Uttar Pradesh,Lucknow,2025-01-05,4065.35,4772.36,4418.85
Onion,Uttar Pradesh,Lucknow,2025-01-12,4091.11,4802.61,4446.86
Onion,Uttar Pradesh,Lucknow,2025-01-19,4280.78,5025.26,4653.02
Onion,Uttar Pradesh,Lucknow,2025-01-26,4430.29,5200.77,4815.53
Onion,Uttar Pradesh,Lucknow,2025-02-02,4302.94,5051.27,4677.1
Onion,Uttar Pradesh,Lucknow,2025-02-09,3648.52,4283.04,3965.78
Onion,Uttar Pradesh,Lucknow,2025-02-16,3962.93,4652.13,4307.53
Onion,Uttar Pradesh,Lucknow,2025-02-23,3819.08,4483.26,4151.17
Onion,Uttar Pradesh,Lucknow,2025-03-02,2794.49,3280.49,3037.49
Onion,Uttar Pradesh,Lucknow,2025-03-09,3327.12,3905.75,3616.44
Onion,Uttar Pradesh,Lucknow,2025-03-16,3222.47,3782.9,3502.68
Onion,Uttar Pradesh,Lucknow,2025-03-23,3022.28,3547.9,3285.09
Onion,Uttar Pradesh,Lucknow,2025-03-30,2577.24,3025.45,2801.35
Onion,Uttar Pradesh,Lucknow,2025-04-06,2240.36,2629.99,2435.17
Onion,Uttar Pradesh,Lucknow,2025-04-13,2720.02,3193.06,2956.54
Onion,Uttar Pradesh,Lucknow,2025-04-20,2399.95,2817.33,2608.64
Onion,Uttar Pradesh,Lucknow,2025-04-27,2703.97,3174.23,2939.1
Onion,Uttar Pradesh,Lucknow,2025-05-04,2350.37,2759.13,2554.75
Onion,Uttar Pradesh,Lucknow,2025-05-11,2312.76,2714.98,2513.87
Onion,Uttar Pradesh,Lucknow,2025-05-18,2480.45,2911.83,2696.14
Onion,Uttar Pradesh,Lucknow,2025-05-25,2371.5,2783.93,2577.72
Onion,Uttar Pradesh,Lucknow,2025-06-01,2098.95,2463.98,2281.47
Onion,Uttar Pradesh,Lucknow,2025-06-08,2621.77,3077.73,2849.75
Onion,Uttar Pradesh,Lucknow,2025-06-15,2119.74,2488.39,2304.06
Onion,Uttar Pradesh,Lucknow,2025-06-22,2306.14,2707.2,2506.67
Onion,Uttar Pradesh,Lucknow,2025-06-29,2377.24,2790.67,2583.96
Onion,Uttar Pradesh,Lucknow,2025-07-06,2409.99,2829.12,2619.56
Onion,Uttar Pradesh,Lucknow,2025-07-13,2097.9,2462.75,2280.33
Onion,Uttar Pradesh,Lucknow,2025-07-20,2829.12,3321.14,3075.13
Onion,Uttar Pradesh,Lucknow,2025-07-27,2633.19,3091.14,2862.17
Onion,Uttar Pradesh,Lucknow,2025-08-03,2643.29,3103.0,2873.15
Onion,Uttar Pradesh,Lucknow,2025-08-10,2633.63,3091.65,2862.64
Onion,Uttar Pradesh,Lucknow,2025-08-17,2420.61,2841.59,2631.1
Onion,Uttar Pradesh,Lucknow,2025-08-24,2896.47,3400.21,3148.34
Onion,Uttar Pradesh,Lucknow,2025-08-31,2639.89,3099.01,2869.45
Onion,Uttar Pradesh,Lucknow,2025-09-07,3458.38,4059.83,3759.1
Onion,Uttar Pradesh,Lucknow,2025-09-14,3115.4,3657.21,3386.31
Onion,Uttar Pradesh,Lucknow,2025-09-21,3122.75,3665.84,3394.3
Onion,Uttar Pradesh,Lucknow,2025-09-28,3173.99,3725.99,3449.99
Onion,Uttar Pradesh,Lucknow,2025-10-05,3653.19,4288.53,3970.86
Onion,Uttar Pradesh,Lucknow,2025-10-12,4242.72,4980.58,4611.65
Onion,Uttar Pradesh,Lucknow,2025-10-19,3442.04,4040.65,3741.35
Onion,Uttar Pradesh,Lucknow,2025-10-26,3414.74,4008.61,3711.67
Onion,Uttar Pradesh,Lucknow,2025-11-02,3522.9,4135.58,3829.24
Onion,Uttar Pradesh,Lucknow,2025-11-09,3721.28,4368.46,4044.87
Onion,Uttar Pradesh,Lucknow,2025-11-16,3713.64,4359.49,4036.56
Onion,Uttar Pradesh,Lucknow,2025-11-23,4081.98,4791.88,4436.93
Onion,Uttar Pradesh,Lucknow,2025-11-30,4136.87,4856.32,4496.59
Onion,Uttar Pradesh,Lucknow,2025-12-07,4095.49,4807.74,4451.62
Onion,Uttar Pradesh,Lucknow,2025-12-14,4029.9,4730.75,4380.32
Onion,Uttar Pradesh,Lucknow,2025-12-21,4081.78,4791.66,4436.72
Onion,Uttar Pradesh,Lucknow,2025-12-28,4132.51,4851.2,4491.85
Onion,Uttar Pradesh,Lucknow,2026-01-04,4864.06,5709.99,5287.03
Onion,Uttar Pradesh,Lucknow,2026-01-11,4172.89,4898.61,4535.75
Onion,Uttar Pradesh,Lucknow,2026-01-18,3881.07,4556.04,4218.55
Onion,Uttar Pradesh,Lucknow,2026-01-25,3059.81,3591.95,3325.88
Onion,Uttar Pradesh,Lucknow,2026-02-01,3424.37,4019.91,3722.14
Onion,Uttar Pradesh,Lucknow,2026-02-08,3480.88,4086.25,3783.57
Onion,Uttar Pradesh,Lucknow,2026-02-15,3417.59,4011.95,3714.77
Onion,Uttar Pradesh,Lucknow,2026-02-22,3404.35,3996.41,3700.38
Onion,Uttar Pradesh,Lucknow,2026-03-01,2764.38,3245.14,3004.76
Onion,Uttar Pradesh,Lucknow,2026-03-08,2960.36,3475.21,3217.78
Onion,Uttar Pradesh,Lucknow,2026-03-15,3130.8,3675.29,3403.04
Onion,Uttar Pradesh,Lucknow,2026-03-22,2845.9,3340.84,3093.37
Onion,Uttar Pradesh,Lucknow,2026-03-29,2817.14,3307.07,3062.11
Onion,Uttar Pradesh,Lucknow,2026-04-05,2787.69,3272.51,3030.1
Onion,Uttar Pradesh,Lucknow,2026-04-12,2608.74,3062.44,2835.59
Onion,Uttar Pradesh,Lucknow,2026-04-19,2486.75,2919.23,2702.99
Onion,Uttar Pradesh,Lucknow,2026-04-26,2994.94,3515.8,3255.37
Onion,Uttar Pradesh,Lucknow,2026-05-03,2726.84,3201.07,2963.96
Onion,Uttar Pradesh,Lucknow,2026-05-10,1999.8,2347.59,2173.7
Onion,Uttar Pradesh,Lucknow,2026-05-17,2497.9,2932.32,2715.11
Onion,Uttar Pradesh,Lucknow,2026-05-24,2041.37,2396.39,2218.88
Onion,Uttar Pradesh,Lucknow,2026-05-31,2275.07,2670.73,2472.9
Onion,Uttar Pradesh,Lucknow,2026-06-07,2344.6,2752.35,2548.47
Onion,Uttar Pradesh,Lucknow,2026-06-14,1887.53,2215.8,2051.67
Onion,Uttar Pradesh,Lucknow,2026-06-21,2679.63,3145.66,2912.64
Onion,Uttar Pradesh,Lucknow,2026-06-28,2286.8,2684.5,2485.65
Onion,Uttar Pradesh,Lucknow,2026-07-05,2100.47,2465.76,2283.11
Onion,Uttar Pradesh,Lucknow,2026-07-12,2477.58,2908.46,2693.02
Onion,Uttar Pradesh,Lucknow,2026-07-19,1829.63,2147.82,1988.73
Onion,Uttar Pradesh,Lucknow,2026-07-26,2059.94,2418.19,2239.07
Onion,Uttar Pradesh,Lucknow,2026-08-02,2552.64,2996.57,2774.6
Onion,Uttar Pradesh,Lucknow,2026-08-09,2733.06,3208.37,2970.71
Onion,Uttar Pradesh,Lucknow,2026-08-16,2591.62,3042.33,2816.98
Onion,Uttar Pradesh,Lucknow,2026-08-23,3021.26,3546.69,3283.98
Onion,Uttar Pradesh,Lucknow,2026-08-30,2507.45,2943.53,2725.49
Onion,Punjab,Ludhiana,2020-01-05,2709.16,3180.31,2944.73
Onion,Punjab,Ludhiana,2020-01-12,2876.56,3376.83,3126.69
Onion,Punjab,Ludhiana,2020-01-19,2741.21,3217.94,2979.57
Onion,Punjab,Ludhiana,2020-01-26,3048.91,3579.16,3314.03
Onion,Punjab,Ludhiana,2020-02-02,2820.91,3311.5,3066.2
Onion,Punjab,Ludhiana,2020-02-09,2975.69,3493.21,3234.45
Onion,Punjab,Ludhiana,2020-02-16,2116.94,2485.1,2301.02
Onion,Punjab,Ludhiana,2020-02-23,2524.52,2963.56,2744.04
Onion,Punjab,Ludhiana,2020-03-01,2168.14,2545.2,2356.67
Onion,Punjab,Ludhiana,2020-03-08,1992.39,2338.89,2165.64
Onion,Punjab,Ludhiana,2020-03-15,2484.21,2916.25,2700.23
Onion,Punjab,Ludhiana,2020-03-22,2828.32,3320.2,3074.26
Onion,Punjab,Ludhiana,2020-03-29,2414.38,2834.27,2624.33
Onion,Punjab,Ludhiana,2020-04-05,1686.83,1980.19,1833.51
Onion,Punjab,Ludhiana,2020-04-12,2065.35,2424.54,2244.94
Onion,Punjab,Ludhiana,2020-04-19,1956.73,2297.03,2126.88
Onion,Punjab,Ludhiana,2020-04-26,1714.79,2013.01,1863.9
Onion,Punjab,Ludhiana,2020-05-03,1377.11,1616.61,1496.86
Onion,Punjab,Ludhiana,2020-05-10,1018.83,1196.02,1107.43
Onion,Punjab,Ludhiana,2020-05-17,1304.6,1531.49,1418.04
Onion,Punjab,Ludhiana,2020-05-24,1488.92,1747.87,1618.39
Onion,Punjab,Ludhiana,2020-05-31,1492.13,1751.63,1621.88
Onion,Punjab,Ludhiana,2020-06-07,1540.67,1808.61,1674.64
Onion,Punjab,Ludhiana,2020-06-14,1260.74,1480.0,1370.37
Onion,Punjab,Ludhiana,2020-06-21,1541.55,1809.64,1675.6
Onion,Punjab,Ludhiana,2020-06-28,1799.08,2111.96,1955.52
Onion,Punjab,Ludhiana,2020-07-05,1548.43,1817.73,1683.08
Onion,Punjab,Ludhiana,2020-07-12,1889.07,2217.6,2053.33
Onion,Punjab,Ludhiana,2020-07-19,1677.88,1969.69,1823.78
Onion,Punjab,Ludhiana,2020-07-26,1352.16,1587.32,1469.74
Onion,Punjab,Ludhiana,2020-08-02,2008.69,2358.03,2183.36
Onion,Punjab,Ludhiana,2020-08-09,1852.88,2175.12,2014.0
Onion,Punjab,Ludhiana,2020-08-16,1602.89,1881.65,1742.27
Onion,Punjab,Ludhiana,2020-08-23,1877.42,2203.92,2040.67
Onion,Punjab,Ludhiana,2020-08-30,1932.4,2268.47,2100.44
Onion,Punjab,Ludhiana,2020-09-06,2288.61,2686.62,2487.62
Onion,Punjab,Ludhiana,2020-09-13,2298.82,2698.61,2498.72
Onion,Punjab,Ludhiana,2020-09-20,2462.18,2890.38,2676.28
Onion,Punjab,Ludhiana,2020-09-27,2350.04,2758.74,2554.39
Onion,Punjab,Ludhiana,2020-10-04,2750.39,3228.72,2989.55
Onion,Punjab,Ludhiana,2020-10-11,3046.44,3576.26,3311.35
Onion,Punjab,Ludhiana,2020-10-18,2127.25,2497.2,2312.23
Onion,Punjab,Ludhiana,2020-10-25,2708.56,3179.62,2944.09
Onion,Punjab,Ludhiana,2020-11-01,2470.42,2900.06,2685.24
Onion,Punjab,Ludhiana,2020-11-08,3316.24,3892.98,3604.61
Onion,Punjab,Ludhiana,2020-11-15,2665.79,3129.4,2897.59
Onion,Punjab,Ludhiana,2020-11-22,2785.37,3269.78,3027.58
Onion,Punjab,Ludhiana,2020-11-29,2796.83,3283.23,3040.03
Onion,Punjab,Ludhiana,2020-12-06,2471.0,2900.74,2685.87
Onion,Punjab,Ludhiana,2020-12-13,2515.12,2952.53,2733.82
Onion,Punjab,Ludhiana,2020-12-20,3211.56,3770.09,3490.82
Onion,Punjab,Ludhiana,2020-12-27,2653.6,3115.09,2884.34
Onion,Punjab,Ludhiana,2021-01-03,3061.27,3593.66,3327.47
Onion,Punjab,Ludhiana,2021-01-10,3181.54,3734.85,3458.19
Onion,Punjab,Ludhiana,2021-01-17,3039.64,3568.28,3303.96
Onion,Punjab,Ludhiana,2021-01-24,2803.03,3290.51,3046.77
Onion,Punjab,Ludhiana,2021-01-31,2880.22,3381.13,3130.68
Onion,Punjab,Ludhiana,2021-02-07,2313.98,2716.41,2515.19
Onion,Punjab,Ludhiana,2021-02-14,2627.55,3084.51,2856.03
Onion,Punjab,Ludhiana,2021-02-21,2390.23,2805.92,2598.08
Onion,Punjab,Ludhiana,2021-02-28,2419.09,2839.8,2629.45
Onion,Punjab,Ludhiana,2021-03-07,2158.63,2534.04,2346.33
Onion,Punjab,Ludhiana,2021-03-14,1968.5,2310.85,2139.67
Onion,Punjab,Ludhiana,2021-03-21,1763.13,2069.76,1916.45
Onion,Punjab,Ludhiana,2021-03-28,1714.01,2012.1,1863.05
Onion,Punjab,Ludhiana,2021-04-04,1351.42,1586.45,1468.94
Onion,Punjab,Ludhiana,2021-04-11,1694.67,1989.39,1842.03
Onion,Punjab,Ludhiana,2021-04-18,1435.0,1684.56,1559.78
Onion,Punjab,Ludhiana,2021-04-25,1497.93,1758.44,1628.19
Onion,Punjab,Ludhiana,2021-05-02,1166.9,1369.83,1268.36
Onion,Punjab,Ludhiana,2021-05-09,1095.96,1286.57,1191.27
Onion,Punjab,Ludhiana,2021-05-16,1868.69,2193.68,2031.19
Onion,Punjab,Ludhiana,2021-05-23,1093.03,1283.13,1188.08
Onion,Punjab,Ludhiana,2021-05-30,1317.89,1547.09,1432.49
Onion,Punjab,Ludhiana,2021-06-06,990.54,1162.81,1076.68
Onion,Punjab,Ludhiana,2021-06-13,1406.57,1651.19,1528.88
Onion,Punjab,Ludhiana,2021-06-20,1696.6,1991.66,1844.13
Onion,Punjab,Ludhiana,2021-06-27,1180.71,1386.05,1283.38
Onion,Punjab,Ludhiana,2021-07-04,1579.78,1854.53,1717.16
Onion,Punjab,Ludhiana,2021-07-11,915.68,1074.93,995.3
Onion,Punjab,Ludhiana,2021-07-18,1419.48,1666.34,1542.91
Onion,Punjab,Ludhiana,2021-07-25,1956.29,2296.52,2126.4
Onion,Punjab,Ludhiana,2021-08-01,2123.85,2493.21,2308.53
Onion,Punjab,Ludhiana,2021-08-08,1354.97,1590.62,1472.79
Onion,Punjab,Ludhiana,2021-08-15,1885.79,2213.75,2049.77
Onion,Punjab,Ludhiana,2021-08-22,1676.26,1967.79,1822.02
Onion,Punjab,Ludhiana,2021-08-29,1864.2,2188.41,2026.31
Onion,Punjab,Ludhiana,2021-09-05,2363.29,2774.3,2568.8
Onion,Punjab,Ludhiana,2021-09-12,1577.27,1851.58,1714.43
Onion,Punjab,Ludhiana,2021-09-19,2332.89,2738.61,2535.75
Onion,Punjab,Ludhiana,2021-09-26,2458.56,2886.13,2672.35
Onion,Punjab,Ludhiana,2021-10-03,2684.54,3151.42,2917.98
Onion,Punjab,Ludhiana,2021-10-10,2585.3,3034.92,2810.11
Onion,Punjab,Ludhiana,2021-10-17,2382.6,2796.97,2589.79
Onion,Punjab,Ludhiana,2021-10-24,2396.74,2813.56,2605.15
Onion,Punjab,Ludhiana,2021-10-31,2318.73,2721.99,2520.36
Onion,Punjab,Ludhiana,2021-11-07,3127.61,3671.54,3399.57
Onion,Punjab,Ludhiana,2021-11-14,2517.8,2955.68,2736.74
Onion,Punjab,Ludhiana,2021-11-21,3264.07,3831.74,3547.91
Onion,Punjab,Ludhiana,2021-11-28,3185.71,3739.75,3462.73
Onion,Punjab,Ludhiana,2021-12-05,3476.88,4081.56,3779.22
Onion,Punjab,Ludhiana,2021-12-12,3127.04,3670.87,3398.96
Onion,Punjab,Ludhiana,2021-12-19,3422.7,4017.95,3720.33
Onion,Punjab,Ludhiana,2021-12-26,3052.78,3583.7,3318.24
Onion,Punjab,Ludhiana,2022-01-02,3120.82,3663.57,3392.2
Onion,Punjab,Ludhiana,2022-01-09,3061.18,3593.56,3327.37
Onion,Punjab,Ludhiana,2022-01-16,3199.64,3756.1,3477.87
Onion,Punjab,Ludhiana,2022-01-23,2906.63,3412.13,3159.38
Onion,Punjab,Ludhiana,2022-01-30,3289.91,3862.07,3575.99
Onion,Punjab,Ludhiana,2022-02-06,3104.43,3644.33,3374.38
Onion,Punjab,Ludhiana,2022-02-13,3005.02,3527.64,3266.33
Onion,Punjab,Ludhiana,2022-02-20,2882.5,3383.8,3133.15
Onion,Punjab,Ludhiana,2022-02-27,3133.15,3678.05,3405.6
Onion,Punjab,Ludhiana,2022-03-06,2494.05,2927.8,2710.93
Onion,Punjab,Ludhiana,2022-03-13,2591.56,3042.26,2816.91
Onion,Punjab,Ludhiana,2022-03-20,2651.99,3113.21,2882.6
Onion,Punjab,Ludhiana,2022-03-27,2596.35,3047.89,2822.12
Onion,Punjab,Ludhiana,2022-04-03,2377.69,2791.2,2584.45
Onion,Punjab,Ludhiana,2022-04-10,2229.29,2617.0,2423.15
Onion,Punjab,Ludhiana,2022-04-17,2480.37,2911.74,2696.06
Onion,Punjab,Ludhiana,2022-04-24,2257.1,2649.64,2453.37
Onion,Punjab,Ludhiana,2022-05-01,2179.88,2558.99,2369.44
Onion,Punjab,Ludhiana,2022-05-08,2027.4,2379.99,2203.69
Onion,Punjab,Ludhiana,2022-05-15,1944.41,2282.57,2113.49
Onion,Punjab,Ludhiana,2022-05-22,2059.45,2417.61,2238.53
Onion,Punjab,Ludhiana,2022-05-29,1921.09,2255.19,2088.14
Onion,Punjab,Ludhiana,2022-06-05,2190.68,2571.67,2381.18
Onion,Punjab,Ludhiana,2022-06-12,1871.94,2197.49,2034.71
Onion,Punjab,Ludhiana,2022-06-19,1547.31,1816.41,1681.86
Onion,Punjab,Ludhiana,2022-06-26,2227.79,2615.24,2421.51
Onion,Punjab,Ludhiana,2022-07-03,2171.37,2548.99,2360.18
Onion,Punjab,Ludhiana,2022-07-10,1955.03,2295.03,2125.03
Onion,Punjab,Ludhiana,2022-07-17,2005.7,2354.51,2180.1
Onion,Punjab,Ludhiana,2022-07-24,1608.36,1888.08,1748.22
Onion,Punjab,Ludhiana,2022-07-31,2012.78,2362.82,2187.8
Onion,Punjab,Ludhiana,2022-08-07,2021.59,2373.17,2197.38
Onion,Punjab,Ludhiana,2022-08-14,1717.24,2015.89,1866.57
Onion,Punjab,Ludhiana,2022-08-21,1638.85,1923.86,1781.35
Onion,Punjab,Ludhiana,2022-08-28,1925.74,2260.65,2093.2
Onion,Punjab,Ludhiana,2022-09-04,2623.21,3079.42,2851.31
Onion,Punjab,Ludhiana,2022-09-11,2466.72,2895.71,2681.22
Onion,Punjab,Ludhiana,2022-09-18,2633.15,3091.09,2862.12
Onion,Punjab,Ludhiana,2022-09-25,2232.99,2621.34,2427.17
Onion,Punjab,Ludhiana,2022-10-02,2841.76,3335.98,3088.87
Onion,Punjab,Ludhiana,2022-10-09,2596.87,3048.5,2822.68
Onion,Punjab,Ludhiana,2022-10-16,2834.12,3327.01,3080.57
Onion,Punjab,Ludhiana,2022-10-23,2630.76,3088.28,2859.52
Onion,Punjab,Ludhiana,2022-10-30,2558.69,3003.68,2781.19
Onion,Punjab,Ludhiana,2022-11-06,3408.19,4000.92,3704.56
Onion,Punjab,Ludhiana,2022-11-13,2764.49,3245.27,3004.88
Onion,Punjab,Ludhiana,2022-11-20,3178.22,3730.95,3454.58
Onion,Punjab,Ludhiana,2022-11-27,2613.45,3067.96,2840.71
Onion,Punjab,Ludhiana,2022-12-04,2890.88,3393.65,3142.27
Onion,Punjab,Ludhiana,2022-12-11,2678.39,3144.2,2911.29
Onion,Punjab,Ludhiana,2022-12-18,3124.81,3668.26,3396.54
Onion,Punjab,Ludhiana,2022-12-25,2975.33,3492.78,3234.06
Onion,Punjab,Ludhiana,2023-01-01,3084.1,3620.46,3352.28
Onion,Punjab,Ludhiana,2023-01-08,3064.79,3597.79,3331.29
Onion,Punjab,Ludhiana,2023-01-15,3106.74,3647.04,3376.89
Onion,Punjab,Ludhiana,2023-01-22,2876.0,3376.17,3126.09
Onion,Punjab,Ludhiana,2023-01-29,3384.11,3972.65,3678.38
Onion,Punjab,Ludhiana,2023-02-05,2435.68,2859.28,2647.48
Onion,Punjab,Ludhiana,2023-02-12,2462.67,2890.96,2676.81
Onion,Punjab,Ludhiana,2023-02-19,2383.12,2797.58,2590.35
Onion,Punjab,Ludhiana,2023-02-26,2717.39,3189.98,2953.69
Onion,Punjab,Ludhiana,2023-03-05,2366.13,2777.63,2571.88
Onion,Punjab,Ludhiana,2023-03-12,2198.57,2580.93,2389.75
Onion,Punjab,Ludhiana,2023-03-19,2208.27,2592.31,2400.29
Onion,Punjab,Ludhiana,2023-03-26,1863.3,2187.35,2025.33
Onion,Punjab,Ludhiana,2023-04-02,1684.45,1977.4,1830.93
Onion,Punjab,Ludhiana,2023-04-09,1977.15,2321.0,2149.08
Onion,Punjab,Ludhiana,2023-04-16,1883.66,2211.25,2047.45
Onion,Punjab,Ludhiana,2023-04-23,1790.85,2102.3,1946.58
Onion,Punjab,Ludhiana,2023-04-30,1609.8,1889.76,1749.78
Onion,Punjab,Ludhiana,2023-05-07,1559.87,1831.15,1695.51
Onion,Punjab,Ludhiana,2023-05-14,1574.73,1848.6,1711.66
Onion,Punjab,Ludhiana,2023-05-21,1643.09,1928.84,1785.96
Onion,Punjab,Ludhiana,2023-05-28,1710.32,2007.77,1859.05
Onion,Punjab,Ludhiana,2023-06-04,1264.68,1484.63,1374.66
Onion,Punjab,Ludhiana,2023-06-11,1219.97,1432.14,1326.05
Onion,Punjab,Ludhiana,2023-06-18,1607.46,1887.02,1747.24
Onion,Punjab,Ludhiana,2023-06-25,2053.13,2410.19,2231.66
Onion,Punjab,Ludhiana,2023-07-02,1507.95,1770.2,1639.07
Onion,Punjab,Ludhiana,2023-07-09,1483.42,1741.41,1612.41
Onion,Punjab,Ludhiana,2023-07-16,1890.97,2219.83,2055.4
Onion,Punjab,Ludhiana,2023-07-23,1764.14,2070.94,1917.54
Onion,Punjab,Ludhiana,2023-07-30,1440.19,1690.66,1565.43
Onion,Punjab,Ludhiana,2023-08-06,1814.69,2130.29,1972.49
Onion,Punjab,Ludhiana,2023-08-13,1956.92,2297.26,2127.09
Onion,Punjab,Ludhiana,2023-08-20,1920.0,2253.91,2086.95
Onion,Punjab,Ludhiana,2023-08-27,1654.11,1941.78,1797.95
Onion,Punjab,Ludhiana,2023-09-03,2005.74,2354.57,2180.15
Onion,Punjab,Ludhiana,2023-09-10,2082.17,2444.29,2263.23
Onion,Punjab,Ludhiana,2023-09-17,1615.25,1896.16,1755.7
Onion,Punjab,Ludhiana,2023-09-24,2188.91,2569.6,2379.25
Onion,Punjab,Ludhiana,2023-10-01,2840.82,3334.87,3087.85
Onion,Punjab,Ludhiana,2023-10-08,2735.8,3211.59,2973.7
Onion,Punjab,Ludhiana,2023-10-15,2165.78,2542.44,2354.11
Onion,Punjab,Ludhiana,2023-10-22,2804.13,3291.81,3047.97
Onion,Punjab,Ludhiana,2023-10-29,2729.65,3204.38,2967.01
Onion,Punjab,Ludhiana,2023-11-05,3027.97,3554.57,3291.27
Onion,Punjab,Ludhiana,2023-11-12,2390.51,2806.25,2598.38
Onion,Punjab,Ludhiana,2023-11-19,2654.79,3116.49,2885.64
Onion,Punjab,Ludhiana,2023-11-26,2397.72,2814.72,2606.22
Onion,Punjab,Ludhiana,2023-12-03,3276.63,3846.48,3561.55
Onion,Punjab,Ludhiana,2023-12-10,2865.42,3363.75,3114.59
Onion,Punjab,Ludhiana,2023-12-17,3535.12,4149.92,3842.52
Onion,Punjab,Ludhiana,2023-12-24,3653.22,4288.56,3970.89
Onion,Punjab,Ludhiana,2023-12-31,2841.48,3335.65,3088.56
Onion,Punjab,Ludhiana,2024-01-07,3021.45,3546.92,3284.19
Onion,Punjab,Ludhiana,2024-01-14,2887.06,3389.16,3138.11
Onion,Punjab,Ludhiana,2024-01-21,3291.22,3863.61,3577.42
Onion,Punjab,Ludhiana,2024-01-28,2723.13,3196.72,2959.93
Onion,Punjab,Ludhiana,2024-02-04,2513.28,2950.37,2731.83
Onion,Punjab,Ludhiana,2024-02-11,2822.99,3313.95,3068.47
Onion,Punjab,Ludhiana,2024-02-18,2398.98,2816.19,2607.59
Onion,Punjab,Ludhiana,2024-02-25,2355.85,2765.56,2560.7
Onion,Punjab,Ludhiana,2024-03-03,2001.43,2349.51,2175.47
Onion,Punjab,Ludhiana,2024-03-10,2216.48,2601.95,2409.22
Onion,Punjab,Ludhiana,2024-03-17,2483.05,2914.88,2698.97
Onion,Punjab,Ludhiana,2024-03-24,1740.89,2043.65,1892.27
Onion,Punjab,Ludhiana,2024-03-31,2295.81,2695.08,2495.45
Onion,Punjab,Ludhiana,2024-04-07,1849.01,2170.57,2009.79
Onion,Punjab,Ludhiana,2024-04-14,2372.11,2784.65,2578.38
Onion,Punjab,Ludhiana,2024-04-21,1945.79,2284.19,2114.99
Onion,Punjab,Ludhiana,2024-04-28,1637.25,1921.99,1779.62
Onion,Punjab,Ludhiana,2024-05-05,1194.39,1402.11,1298.25
Onion,Punjab,Ludhiana,2024-05-12,1781.97,2091.87,1936.92
Onion,Punjab,Ludhiana,2024-05-19,1497.24,1757.62,1627.43
Onion,Punjab,Ludhiana,2024-05-26,1526.43,1791.89,1659.16
Onion,Punjab,Ludhiana,2024-06-02,1353.24,1588.59,1470.91
Onion,Punjab,Ludhiana,2024-06-09,1280.41,1503.09,1391.75
Onion,Punjab,Ludhiana,2024-06-16,701.38,823.36,762.37
Onion,Punjab,Ludhiana,2024-06-23,1203.46,1412.76,1308.11
Onion,Punjab,Ludhiana,2024-06-30,1480.6,1738.09,1609.34
Onion,Punjab,Ludhiana,2024-07-07,1239.68,1455.27,1347.47
Onion,Punjab,Ludhiana,2024-07-14,1083.03,1271.39,1177.21
Onion,Punjab,Ludhiana,2024-07-21,1385.77,1626.77,1506.27
Onion,Punjab,Ludhiana,2024-07-28,1013.47,1189.72,1101.59
Onion,Punjab,Ludhiana,2024-08-04,1882.3,2209.66,2045.98
Onion,Punjab,Ludhiana,2024-08-11,1782.88,2092.95,1937.91
Onion,Punjab,Ludhiana,2024-08-18,1572.41,1845.87,1709.14
Onion,Punjab,Ludhiana,2024-08-25,2025.48,2377.74,2201.61
Onion,Punjab,Ludhiana,2024-09-01,2052.73,2409.72,2231.23
Onion,Punjab,Ludhiana,2024-09-08,2083.04,2445.31,2264.18
Onion,Punjab,Ludhiana,2024-09-15,2054.31,2411.58,2232.94
Onion,Punjab,Ludhiana,2024-09-22,2286.22,2683.83,2485.02
Onion,Punjab,Ludhiana,2024-09-29,1890.95,2219.81,2055.38
Onion,Punjab,Ludhiana,2024-10-06,2841.84,3336.08,3088.96
Onion,Punjab,Ludhiana,2024-10-13,2362.2,2773.01,2567.6
Onion,Punjab,Ludhiana,2024-10-20,2271.99,2667.12,2469.55
Onion,Punjab,Ludhiana,2024-10-27,2315.46,2718.15,2516.8
Onion,Punjab,Ludhiana,2024-11-03,1958.1,2298.64,2128.37
Onion,Punjab,Ludhiana,2024-11-10,2490.91,2924.11,2707.51
Onion,Punjab,Ludhiana,2024-11-17,2174.43,2552.59,2363.51
Onion,Punjab,Ludhiana,2024-11-24,2381.12,2795.23,2588.17
Onion,Punjab,Ludhiana,2024-12-01,2553.33,2997.39,2775.36
Onion,Punjab,Ludhiana,2024-12-08,2915.11,3422.09,3168.6
Onion,Punjab,Ludhiana,2024-12-15,2433.24,2856.41,2644.83
Onion,Punjab,Ludhiana,2024-12-22,3212.47,3771.16,3491.81
Onion,Punjab,Ludhiana,2024-12-29,3058.36,3590.25,3324.3
Onion,Punjab,Ludhiana,2025-01-05,2632.1,3089.85,2860.97
Onion,Punjab,Ludhiana,2025-01-12,2462.14,2890.34,2676.24
Onion,Punjab,Ludhiana,2025-01-19,2279.54,2675.98,2477.76
Onion,Punjab,Ludhiana,2025-01-26,2995.11,3516.0,3255.56
Onion,Punjab,Ludhiana,2025-02-02,2214.88,2600.08,2407.48
Onion,Punjab,Ludhiana,2025-02-09,2240.83,2630.54,2435.68
Onion,Punjab,Ludhiana,2025-02-16,2183.44,2563.17,2373.31
Onion,Punjab,Ludhiana,2025-02-23,2078.74,2440.26,2259.5
Onion,Punjab,Ludhiana,2025-03-02,1767.7,2075.13,1921.42
Onion,Punjab,Ludhiana,2025-03-09,1851.74,2173.78,2012.76
Onion,Punjab,Ludhiana,2025-03-16,2050.22,2406.78,2228.5
Onion,Punjab,Ludhiana,2025-03-23,2273.6,2669.01,2471.3
Onion,Punjab,Ludhiana,2025-03-30,2251.9,2643.53,2447.71
Onion,Punjab,Ludhiana,2025-04-06,1101.44,1292.99,1197.22
Onion,Punjab,Ludhiana,2025-04-13,1689.79,1983.66,1836.72
Onion,Punjab,Ludhiana,2025-04-20,1722.22,2021.74,1871.98
Onion,Punjab,Ludhiana,2025-04-27,1683.02,1975.72,1829.37
Onion,Punjab,Ludhiana,2025-05-04,1595.98,1873.54,1734.76
Onion,Punjab,Ludhiana,2025-05-11,1175.95,1380.47,1278.21
Onion,Punjab,Ludhiana,2025-05-18,1268.83,1489.49,1379.16
Onion,Punjab,Ludhiana,2025-05-25,1312.49,1540.75,1426.62
Onion,Punjab,Ludhiana,2025-06-01,630.79,740.49,685.64
Onion,Punjab,Ludhiana,2025-06-08,1443.93,1695.05,1569.49
Onion,Punjab,Ludhiana,2025-06-15,1393.48,1635.82,1514.65
Onion,Punjab,Ludhiana,2025-06-22,1018.06,1195.12,1106.59
Onion,Punjab,Ludhiana,2025-06-29,646.28,758.67,702.47
Onion,Punjab,Ludhiana,2025-07-06,982.07,1152.86,1067.46
Onion,Punjab,Ludhiana,2025-07-13,1363.01,1600.06,1481.53
Onion,Punjab,Ludhiana,2025-07-20,597.83,701.81,649.82
Onion,Punjab,Ludhiana,2025-07-27,1047.8,1230.02,1138.91
Onion,Punjab,Ludhiana,2025-08-03,1239.17,1454.68,1346.92
Onion,Punjab,Ludhiana,2025-08-10,1446.09,1697.59,1571.84
Onion,Punjab,Ludhiana,2025-08-17,1287.53,1511.45,1399.49
Onion,Punjab,Ludhiana,2025-08-24,1647.49,1934.01,1790.75
Onion,Punjab,Ludhiana,2025-08-31,1214.49,1425.7,1320.1
Onion,Punjab,Ludhiana,2025-09-07,2091.06,2454.72,2272.89
Onion,Punjab,Ludhiana,2025-09-14,2025.47,2377.72,2201.6
Onion,Punjab,Ludhiana,2025-09-21,1863.32,2187.37,2025.34
Onion,Punjab,Ludhiana,2025-09-28,2426.93,2849.0,2637.96
Onion,Punjab,Ludhiana,2025-10-05,2227.08,2614.4,2420.74
Onion,Punjab,Ludhiana,2025-10-12,2584.53,3034.01,2809.27
Onion,Punjab,Ludhiana,2025-10-19,2238.15,2627.4,2432.78
Onion,Punjab,Ludhiana,2025-10-26,2337.83,2744.41,2541.12
Onion,Punjab,Ludhiana,2025-11-02,2411.88,2831.34,2621.61
Onion,Punjab,Ludhiana,2025-11-09,2568.63,3015.35,2791.99
Onion,Punjab,Ludhiana,2025-11-16,2755.82,3235.09,2995.45
Onion,Punjab,Ludhiana,2025-11-23,2710.4,3181.78,2946.09
Onion,Punjab,Ludhiana,2025-11-30,2574.1,3021.77,2797.93
Onion,Punjab,Ludhiana,2025-12-07,2418.03,2838.56,2628.29
Onion,Punjab,Ludhiana,2025-12-14,2821.43,3312.12,3066.78
Onion,Punjab,Ludhiana,2025-12-21,2917.23,3424.58,3170.91
Onion,Punjab,Ludhiana,2025-12-28,2415.26,2835.3,2625.28
Onion,Punjab,Ludhiana,2026-01-04,2745.36,3222.82,2984.09
Onion,Punjab,Ludhiana,2026-01-11,2688.85,3156.48,2922.66
Onion,Punjab,Ludhiana,2026-01-18,2981.88,3500.46,3241.17
Onion,Punjab,Ludhiana,2026-01-25,2530.9,2971.05,2750.97
Onion,Punjab,Ludhiana,2026-02-01,2455.13,2882.1,2668.62
Onion,Punjab,Ludhiana,2026-02-08,2612.8,3067.2,2840.0
Onion,Punjab,Ludhiana,2026-02-15,2154.91,2529.68,2342.3
Onion,Punjab,Ludhiana,2026-02-22,2677.73,3143.42,2910.57
Onion,Punjab,Ludhiana,2026-03-01,1976.99,2320.82,2148.9
Onion,Punjab,Ludhiana,2026-03-08,1944.82,2283.05,2113.93
Onion,Punjab,Ludhiana,2026-03-15,2087.11,2450.08,2268.59
Onion,Punjab,Ludhiana,2026-03-22,1761.62,2067.98,1914.8
Onion,Punjab,Ludhiana,2026-03-29,1738.41,2040.74,1889.58
Onion,Punjab,Ludhiana,2026-04-05,1142.54,1341.25,1241.9
Onion,Punjab,Ludhiana,2026-04-12,1451.1,1703.46,1577.28
Onion,Punjab,Ludhiana,2026-04-19,1306.42,1533.63,1420.03
Onion,Punjab,Ludhiana,2026-04-26,1466.69,1721.77,1594.23
Onion,Punjab,Ludhiana,2026-05-03,759.64,891.75,825.69
Onion,Punjab,Ludhiana,2026-05-10,978.44,1148.6,1063.52
Onion,Punjab,Ludhiana,2026-05-17,749.0,879.26,814.13
Onion,Punjab,Ludhiana,2026-05-24,1173.57,1377.67,1275.62
Onion,Punjab,Ludhiana,2026-05-31,850.27,998.14,924.2
Onion,Punjab,Ludhiana,2026-06-07,852.04,1000.23,926.14
Onion,Punjab,Ludhiana,2026-06-14,992.56,1165.18,1078.87
Onion,Punjab,Ludhiana,2026-06-21,724.0,849.91,786.96
Onion,Punjab,Ludhiana,2026-06-28,579.04,679.74,629.39
Onion,Punjab,Ludhiana,2026-07-05,1070.12,1256.23,1163.18
Onion,Punjab,Ludhiana,2026-07-12,387.81,455.26,421.53
Onion,Punjab,Ludhiana,2026-07-19,681.67,800.22,740.95
Onion,Punjab,Ludhiana,2026-07-26,374.31,439.41,406.86
Onion,Punjab,Ludhiana,2026-08-02,1180.12,1385.36,1282.74
Onion,Punjab,Ludhiana,2026-08-09,960.26,1127.26,1043.76
Onion,Punjab,Ludhiana,2026-08-16,564.55,662.74,613.65
Onion,Punjab,Ludhiana,2026-08-23,1053.02,1236.16,1144.59
Onion,Punjab,Ludhiana,2026-08-30,847.57,994.97,921.27
Onion,Uttarakhand,Dehradun,2020-01-05,2276.77,2672.73,2474.75
Onion,Uttarakhand,Dehradun,2020-01-12,2328.06,2732.94,2530.5
Onion,Uttarakhand,Dehradun,2020-01-19,1967.59,2309.78,2138.68
Onion,Uttarakhand,Dehradun,2020-01-26,2023.33,2375.22,2199.28
Onion,Uttarakhand,Dehradun,2020-02-02,1955.17,2295.19,2125.18
Onion,Uttarakhand,Dehradun,2020-02-09,1791.66,2103.25,1947.45
Onion,Uttarakhand,Dehradun,2020-02-16,1815.56,2131.31,1973.43
Onion,Uttarakhand,Dehradun,2020-02-23,1832.44,2151.13,1991.79
Onion,Uttarakhand,Dehradun,2020-03-01,1694.07,1988.7,1841.38
Onion,Uttarakhand,Dehradun,2020-03-08,1302.28,1528.77,1415.52
Onion,Uttarakhand,Dehradun,2020-03-15,993.07,1165.77,1079.42
Onion,Uttarakhand,Dehradun,2020-03-22,1054.62,1238.03,1146.32
Onion,Uttarakhand,Dehradun,2020-03-29,1379.16,1619.01,1499.09
Onion,Uttarakhand,Dehradun,2020-04-05,489.17,574.24,531.71
Onion,Uttarakhand,Dehradun,2020-04-12,401.15,470.91,436.03
Onion,Uttarakhand,Dehradun,2020-04-19,990.61,1162.89,1076.75
Onion,Uttarakhand,Dehradun,2020-04-26,956.1,1122.38,1039.24
Onion,Uttarakhand,Dehradun,2020-05-03,208.58,244.85,226.72
Onion,Uttarakhand,Dehradun,2020-05-10,253.83,297.97,275.9
Onion,Uttarakhand,Dehradun,2020-05-17,184.0,216.0,200.0
Onion,Uttarakhand,Dehradun,2020-05-24,395.41,464.17,429.79
Onion,Uttarakhand,Dehradun,2020-05-31,239.46,281.1,260.28
Onion,Uttarakhand,Dehradun,2020-06-07,184.0,216.0,200.0
Onion,Uttarakhand,Dehradun,2020-06-14,314.82,369.57,342.19
Onion,Uttarakhand,Dehradun,2020-06-21,184.0,216.0,200.0
Onion,Uttarakhand,Dehradun,2020-06-28,304.67,357.65,331.16
Onion,Uttarakhand,Dehradun,2020-07-05,493.22,579.0,536.11
Onion,Uttarakhand,Dehradun,2020-07-12,666.7,782.65,724.68
Onion,Uttarakhand,Dehradun,2020-07-19,468.41,549.87,509.14
Onion,Uttarakhand,Dehradun,2020-07-26,393.11,461.48,427.29
Onion,Uttarakhand,Dehradun,2020-08-02,184.0,216.0,200.0
Onion,Uttarakhand,Dehradun,2020-08-09,647.19,759.75,703.47
Onion,Uttarakhand,Dehradun,2020-08-16,575.48,675.57,625.53
Onion,Uttarakhand,Dehradun,2020-08-23,820.74,963.48,892.11
Onion,Uttarakhand,Dehradun,2020-08-30,545.55,640.43,592.99
Onion,Uttarakhand,Dehradun,2020-09-06,965.85,1133.83,1049.84
Onion,Uttarakhand,Dehradun,2020-09-13,790.6,928.1,859.35
Onion,Uttarakhand,Dehradun,2020-09-20,924.17,1084.9,1004.54
Onion,Uttarakhand,Dehradun,2020-09-27,715.97,840.49,778.23
Onion,Uttarakhand,Dehradun,2020-10-04,1599.44,1877.61,1738.52
Onion,Uttarakhand,Dehradun,2020-10-11,1520.24,1784.63,1652.43
Onion,Uttarakhand,Dehradun,2020-10-18,1326.39,1557.07,1441.73
Onion,Uttarakhand,Dehradun,2020-10-25,1095.39,1285.89,1190.64
Onion,Uttarakhand,Dehradun,2020-11-01,1408.99,1654.04,1531.52
Onion,Uttarakhand,Dehradun,2020-11-08,2043.96,2399.43,2221.69
Onion,Uttarakhand,Dehradun,2020-11-15,1980.65,2325.11,2152.88
Onion,Uttarakhand,Dehradun,2020-11-22,1489.66,1748.73,1619.2
Onion,Uttarakhand,Dehradun,2020-11-29,2141.54,2513.98,2327.76
Onion,Uttarakhand,Dehradun,2020-12-06,2088.96,2452.25,2270.6
Onion,Uttarakhand,Dehradun,2020-12-13,2147.73,2521.24,2334.48
Onion,Uttarakhand,Dehradun,2020-12-20,2282.78,2679.78,2481.28
Onion,Uttarakhand,Dehradun,2020-12-27,1953.1,2292.78,2122.94
Onion,Uttarakhand,Dehradun,2021-01-03,2375.33,2788.43,2581.88
Onion,Uttarakhand,Dehradun,2021-01-10,2450.46,2876.63,2663.55
Onion,Uttarakhand,Dehradun,2021-01-17,2074.2,2434.94,2254.57
Onion,Uttarakhand,Dehradun,2021-01-24,2243.46,2633.62,2438.54
Onion,Uttarakhand,Dehradun,2021-01-31,2009.37,2358.83,2184.1
Onion,Uttarakhand,Dehradun,2021-02-07,1904.88,2236.17,2070.52
Onion,Uttarakhand,Dehradun,2021-02-14,1966.61,2308.63,2137.62
Onion,Uttarakhand,Dehradun,2021-02-21,1837.94,2157.59,1997.77
Onion,Uttarakhand,Dehradun,2021-02-28,1879.25,2206.08,2042.66
Onion,Uttarakhand,Dehradun,2021-03-07,1090.01,1279.57,1184.79
Onion,Uttarakhand,Dehradun,2021-03-14,1393.17,1635.46,1514.32
Onion,Uttarakhand,Dehradun,2021-03-21,1601.07,1879.51,1740.29
Onion,Uttarakhand,Dehradun,2021-03-28,1119.79,1314.53,1217.16
Onion,Uttarakhand,Dehradun,2021-04-04,357.24,419.37,388.31
Onion,Uttarakhand,Dehradun,2021-04-11,851.52,999.61,925.56
Onion,Uttarakhand,Dehradun,2021-04-18,184.0,216.0,200.0
Onion,Uttarakhand,Dehradun,2021-04-25,543.05,637.49,590.27
Onion,Uttarakhand,Dehradun,2021-05-02,248.16,291.32,269.74
Onion,Uttarakhand,Dehradun,2021-05-09,615.76,722.85,669.3
Onion,Uttarakhand,Dehradun,2021-05-16,453.29,532.12,492.7
Onion,Uttarakhand,Dehradun,2021-05-23,525.75,617.19,571.47
Onion,Uttarakhand,Dehradun,2021-05-30,760.37,892.61,826.49
Onion,Uttarakhand,Dehradun,2021-06-06,184.0,216.0,200.0
Onion,Uttarakhand,Dehradun,2021-06-13,184.0,216.0,200.0
Onion,Uttarakhand,Dehradun,2021-06-20,574.33,674.21,624.27
Onion,Uttarakhand,Dehradun,2021-06-27,794.06,932.15,863.1
Onion,Uttarakhand,Dehradun,2021-07-04,686.54,805.94,746.24
Onion,Uttarakhand,Dehradun,2021-07-11,438.74,515.04,476.89
Onion,Uttarakhand,Dehradun,2021-07-18,951.55,1117.04,1034.3
Onion,Uttarakhand,Dehradun,2021-07-25,961.82,1129.09,1045.46
Onion,Uttarakhand,Dehradun,2021-08-01,1165.03,1367.65,1266.34
Onion,Uttarakhand,Dehradun,2021-08-08,813.44,954.91,884.18
Onion,Uttarakhand,Dehradun,2021-08-15,694.09,814.8,754.44
Onion,Uttarakhand,Dehradun,2021-08-22,1111.61,1304.94,1208.28
Onion,Uttarakhand,Dehradun,2021-08-29,672.18,789.09,730.64
Onion,Uttarakhand,Dehradun,2021-09-05,1066.21,1251.64,1158.92
Onion,Uttarakhand,Dehradun,2021-09-12,1003.04,1177.48,1090.26
Onion,Uttarakhand,Dehradun,2021-09-19,1165.51,1368.2,1266.85
Onion,Uttarakhand,Dehradun,2021-09-26,1379.61,1619.54,1499.57
Onion,Uttarakhand,Dehradun,2021-10-03,1957.38,2297.8,2127.59
Onion,Uttarakhand,Dehradun,2021-10-10,2150.95,2525.03,2337.99
Onion,Uttarakhand,Dehradun,2021-10-17,1617.06,1898.29,1757.67
Onion,Uttarakhand,Dehradun,2021-10-24,1951.36,2290.72,2121.04
Onion,Uttarakhand,Dehradun,2021-10-31,1474.51,1730.95,1602.73
Onion,Uttarakhand,Dehradun,2021-11-07,1876.72,2203.11,2039.92
Onion,Uttarakhand,Dehradun,2021-11-14,2168.49,2545.61,2357.05
Onion,Uttarakhand,Dehradun,2021-11-21,2183.01,2562.67,2372.84
Onion,Uttarakhand,Dehradun,2021-11-28,1808.63,2123.17,1965.9
Onion,Uttarakhand,Dehradun,2021-12-05,2464.45,2893.05,2678.75
Onion,Uttarakhand,Dehradun,2021-12-12,1744.9,2048.36,1896.63
Onion,Uttarakhand,Dehradun,2021-12-19,2288.98,2687.07,2488.02
Onion,Uttarakhand,Dehradun,2021-12-26,1932.42,2268.49,2100.45
Onion,Uttarakhand,Dehradun,2022-01-02,1888.54,2216.99,2052.76
Onion,Uttarakhand,Dehradun,2022-01-09,2700.91,3170.64,2935.78
Onion,Uttarakhand,Dehradun,2022-01-16,2521.36,2959.86,2740.61
Onion,Uttarakhand,Dehradun,2022-01-23,2321.37,2725.09,2523.23
Onion,Uttarakhand,Dehradun,2022-01-30,1951.73,2291.16,2121.45
Onion,Uttarakhand,Dehradun,2022-02-06,1790.27,2101.62,1945.95
Onion,Uttarakhand,Dehradun,2022-02-13,2049.05,2405.41,2227.23
Onion,Uttarakhand,Dehradun,2022-02-20,1972.98,2316.1,2144.54
Onion,Uttarakhand,Dehradun,2022-02-27,2266.69,2660.9,2463.79
Onion,Uttarakhand,Dehradun,2022-03-06,1317.29,1546.39,1431.84
Onion,Uttarakhand,Dehradun,2022-03-13,1223.21,1435.94,1329.58
Onion,Uttarakhand,Dehradun,2022-03-20,1425.9,1673.89,1549.89
Onion,Uttarakhand,Dehradun,2022-03-27,1704.2,2000.58,1852.39
Onion,Uttarakhand,Dehradun,2022-04-03,882.2,1035.63,958.91
Onion,Uttarakhand,Dehradun,2022-04-10,1210.33,1420.82,1315.58
Onion,Uttarakhand,Dehradun,2022-04-17,1395.78,1638.53,1517.16
Onion,Uttarakhand,Dehradun,2022-04-24,840.51,986.69,913.6
Onion,Uttarakhand,Dehradun,2022-05-01,426.3,500.44,463.37
Onion,Uttarakhand,Dehradun,2022-05-08,570.29,669.47,619.88
Onion,Uttarakhand,Dehradun,2022-05-15,588.95,691.37,640.16
Onion,Uttarakhand,Dehradun,2022-05-22,729.88,856.82,793.35
Onion,Uttarakhand,Dehradun,2022-05-29,1046.72,1228.76,1137.74
Onion,Uttarakhand,Dehradun,2022-06-05,1268.45,1489.04,1378.74
Onion,Uttarakhand,Dehradun,2022-06-12,532.44,625.03,578.73
Onion,Uttarakhand,Dehradun,2022-06-19,667.97,784.14,726.06
Onion,Uttarakhand,Dehradun,2022-06-26,491.25,576.69,533.97
Onion,Uttarakhand,Dehradun,2022-07-03,549.88,645.51,597.69
Onion,Uttarakhand,Dehradun,2022-07-10,506.45,594.52,550.49
Onion,Uttarakhand,Dehradun,2022-07-17,854.72,1003.37,929.05
Onion,Uttarakhand,Dehradun,2022-07-24,661.63,776.7,719.16
Onion,Uttarakhand,Dehradun,2022-07-31,389.61,457.37,423.49
Onion,Uttarakhand,Dehradun,2022-08-07,1171.93,1375.74,1273.84
Onion,Uttarakhand,Dehradun,2022-08-14,961.7,1128.95,1045.33
Onion,Uttarakhand,Dehradun,2022-08-21,1165.43,1368.11,1266.77
Onion,Uttarakhand,Dehradun,2022-08-28,1053.81,1237.08,1145.44
Onion,Uttarakhand,Dehradun,2022-09-04,1258.01,1476.79,1367.4
Onion,Uttarakhand,Dehradun,2022-09-11,1490.15,1749.31,1619.73
Onion,Uttarakhand,Dehradun,2022-09-18,784.19,920.57,852.38
Onion,Uttarakhand,Dehradun,2022-09-25,1175.57,1380.01,1277.79
Onion,Uttarakhand,Dehradun,2022-10-02,1689.88,1983.78,1836.83
Onion,Uttarakhand,Dehradun,2022-10-09,1768.37,2075.91,1922.14
Onion,Uttarakhand,Dehradun,2022-10-16,1436.8,1686.68,1561.74
Onion,Uttarakhand,Dehradun,2022-10-23,1921.36,2255.51,2088.44
Onion,Uttarakhand,Dehradun,2022-10-30,1503.86,1765.4,1634.63
Onion,Uttarakhand,Dehradun,2022-11-06,1939.68,2277.01,2108.35
Onion,Uttarakhand,Dehradun,2022-11-13,2202.07,2585.04,2393.56
Onion,Uttarakhand,Dehradun,2022-11-20,2164.44,2540.87,2352.65
Onion,Uttarakhand,Dehradun,2022-11-27,1864.81,2189.13,2026.97
Onion,Uttarakhand,Dehradun,2022-12-04,2390.37,2806.09,2598.23
Onion,Uttarakhand,Dehradun,2022-12-11,2597.15,3048.82,2822.98
Onion,Uttarakhand,Dehradun,2022-12-18,1914.69,2247.68,2081.18
Onion,Uttarakhand,Dehradun,2022-12-25,2478.67,2909.75,2694.21
Onion,Uttarakhand,Dehradun,2023-01-01,2318.63,2721.87,2520.25
Onion,Uttarakhand,Dehradun,2023-01-08,2099.62,2464.78,2282.2
Onion,Uttarakhand,Dehradun,2023-01-15,2263.72,2657.41,2460.56
Onion,Uttarakhand,Dehradun,2023-01-22,2058.61,2416.63,2237.62
Onion,Uttarakhand,Dehradun,2023-01-29,2003.84,2352.33,2178.09
Onion,Uttarakhand,Dehradun,2023-02-05,1749.52,2053.78,1901.65
Onion,Uttarakhand,Dehradun,2023-02-12,1579.77,1854.51,1717.14
Onion,Uttarakhand,Dehradun,2023-02-19,1689.9,1983.8,1836.85
Onion,Uttarakhand,Dehradun,2023-02-26,1527.52,1793.18,1660.35
Onion,Uttarakhand,Dehradun,2023-03-05,1003.83,1178.41,1091.12
Onion,Uttarakhand,Dehradun,2023-03-12,979.92,1150.34,1065.13
Onion,Uttarakhand,Dehradun,2023-03-19,1258.76,1477.68,1368.22
Onion,Uttarakhand,Dehradun,2023-03-26,1006.13,1181.11,1093.62
Onion,Uttarakhand,Dehradun,2023-04-02,633.18,743.3,688.24
Onion,Uttarakhand,Dehradun,2023-04-09,1199.73,1408.37,1304.05
Onion,Uttarakhand,Dehradun,2023-04-16,337.46,396.14,366.8
Onion,Uttarakhand,Dehradun,2023-04-23,617.99,725.46,671.73
Onion,Uttarakhand,Dehradun,2023-04-30,635.91,746.51,691.21
Onion,Uttarakhand,Dehradun,2023-05-07,325.1,381.64,353.37
Onion,Uttarakhand,Dehradun,2023-05-14,394.58,463.21,428.9
Onion,Uttarakhand,Dehradun,2023-05-21,208.91,245.25,227.08
Onion,Uttarakhand,Dehradun,2023-05-28,872.28,1023.98,948.13
Onion,Uttarakhand,Dehradun,2023-06-04,184.0,216.0,200.0
Onion,Uttarakhand,Dehradun,2023-06-11,343.38,403.1,373.24
Onion,Uttarakhand,Dehradun,2023-06-18,184.0,216.0,200.0
Onion,Uttarakhand,Dehradun,2023-06-25,485.1,569.46,527.28
Onion,Uttarakhand,Dehradun,2023-07-02,184.0,216.0,200.0
Onion,Uttarakhand,Dehradun,2023-07-09,666.26,782.13,724.2
Onion,Uttarakhand,Dehradun,2023-07-16,622.94,731.27,677.11
Onion,Uttarakhand,Dehradun,2023-07-23,291.59,342.3,316.95
Onion,Uttarakhand,Dehradun,2023-07-30,1088.2,1277.45,1182.83
Onion,Uttarakhand,Dehradun,2023-08-06,759.24,891.28,825.26
Onion,Uttarakhand,Dehradun,2023-08-13,1304.71,1531.61,1418.16
Onion,Uttarakhand,Dehradun,2023-08-20,881.26,1034.52,957.89
Onion,Uttarakhand,Dehradun,2023-08-27,713.75,837.88,775.81
Onion,Uttarakhand,Dehradun,2023-09-03,1277.57,1499.76,1388.66
Onion,Uttarakhand,Dehradun,2023-09-10,1633.95,1918.11,1776.03
Onion,Uttarakhand,Dehradun,2023-09-17,1272.45,1493.75,1383.1
Onion,Uttarakhand,Dehradun,2023-09-24,1302.25,1528.73,1415.49
Onion,Uttarakhand,Dehradun,2023-10-01,1420.97,1668.1,1544.53
Onion,Uttarakhand,Dehradun,2023-10-08,2240.16,2629.75,2434.95
Onion,Uttarakhand,Dehradun,2023-10-15,1962.3,2303.57,2132.93
Onion,Uttarakhand,Dehradun,2023-10-22,2064.25,2423.25,2243.75
Onion,Uttarakhand,Dehradun,2023-10-29,1640.47,1925.77,1783.12
Onion,Uttarakhand,Dehradun,2023-11-05,1938.05,2275.1,2106.58
Onion,Uttarakhand,Dehradun,2023-11-12,1987.98,2333.72,2160.85
Onion,Uttarakhand,Dehradun,2023-11-19,1607.82,1887.44,1747.63
Onion,Uttarakhand,Dehradun,2023-11-26,2115.24,2483.11,2299.17
Onion,Uttarakhand,Dehradun,2023-12-03,1498.87,1759.54,1629.21
Onion,Uttarakhand,Dehradun,2023-12-10,2249.23,2640.4,2444.82
Onion,Uttarakhand,Dehradun,2023-12-17,2494.99,2928.9,2711.94
Onion,Uttarakhand,Dehradun,2023-12-24,2490.88,2924.08,2707.48
Onion,Uttarakhand,Dehradun,2023-12-31,1936.29,2273.04,2104.67
Onion,Uttarakhand,Dehradun,2024-01-07,2671.03,3135.56,2903.3
Onion,Uttarakhand,Dehradun,2024-01-14,1923.04,2257.48,2090.26
Onion,Uttarakhand,Dehradun,2024-01-21,2328.34,2733.26,2530.8
Onion,Uttarakhand,Dehradun,2024-01-28,1647.5,1934.02,1790.76
Onion,Uttarakhand,Dehradun,2024-02-04,1788.11,2099.09,1943.6
Onion,Uttarakhand,Dehradun,2024-02-11,1634.4,1918.65,1776.53
Onion,Uttarakhand,Dehradun,2024-02-18,2129.21,2499.5,2314.35
Onion,Uttarakhand,Dehradun,2024-02-25,1402.51,1646.43,1524.47
Onion,Uttarakhand,Dehradun,2024-03-03,1571.71,1845.05,1708.38
Onion,Uttarakhand,Dehradun,2024-03-10,980.48,1151.0,1065.74
Onion,Uttarakhand,Dehradun,2024-03-17,1760.92,2067.17,1914.04
Onion,Uttarakhand,Dehradun,2024-03-24,1011.96,1187.95,1099.96
Onion,Uttarakhand,Dehradun,2024-03-31,1424.8,1672.59,1548.69
Onion,Uttarakhand,Dehradun,2024-04-07,1057.72,1241.67,1149.7
Onion,Uttarakhand,Dehradun,2024-04-14,851.55,999.65,925.6
Onion,Uttarakhand,Dehradun,2024-04-21,981.15,1151.79,1066.47
Onion,Uttarakhand,Dehradun,2024-04-28,778.3,913.66,845.98
Onion,Uttarakhand,Dehradun,2024-05-05,472.85,555.08,513.97
Onion,Uttarakhand,Dehradun,2024-05-12,228.58,268.34,248.46
Onion,Uttarakhand,Dehradun,2024-05-19,547.12,642.27,594.69
Onion,Uttarakhand,Dehradun,2024-05-26,662.89,778.18,720.53
Onion,Uttarakhand,Dehradun,2024-06-02,184.0,216.0,200.0
Onion,Uttarakhand,Dehradun,2024-06-09,630.41,740.05,685.23
Onion,Uttarakhand,Dehradun,2024-06-16,614.03,720.82,667.43
Onion,Uttarakhand,Dehradun,2024-06-23,611.75,718.14,664.94
Onion,Uttarakhand,Dehradun,2024-06-30,432.61,507.85,470.23
Onion,Uttarakhand,Dehradun,2024-07-07,977.04,1146.96,1062.0
Onion,Uttarakhand,Dehradun,2024-07-14,326.1,382.81,354.46
Onion,Uttarakhand,Dehradun,2024-07-21,184.0,216.0,200.0
Onion,Uttarakhand,Dehradun,2024-07-28,184.0,216.0,200.0
Onion,Uttarakhand,Dehradun,2024-08-04,1204.53,1414.01,1309.27
Onion,Uttarakhand,Dehradun,2024-08-11,651.91,765.29,708.6
Onion,Uttarakhand,Dehradun,2024-08-18,1149.72,1349.67,1249.69
Onion,Uttarakhand,Dehradun,2024-08-25,908.99,1067.07,988.03
Onion,Uttarakhand,Dehradun,2024-09-01,1563.13,1834.98,1699.06
Onion,Uttarakhand,Dehradun,2024-09-08,1309.93,1537.74,1423.84
Onion,Uttarakhand,Dehradun,2024-09-15,1226.96,1440.34,1333.65
Onion,Uttarakhand,Dehradun,2024-09-22,1283.27,1506.44,1394.85
Onion,Uttarakhand,Dehradun,2024-09-29,1258.03,1476.82,1367.43
Onion,Uttarakhand,Dehradun,2024-10-06,1682.61,1975.23,1828.92
Onion,Uttarakhand,Dehradun,2024-10-13,1432.01,1681.05,1556.53
Onion,Uttarakhand,Dehradun,2024-10-20,1374.5,1613.55,1494.03
Onion,Uttarakhand,Dehradun,2024-10-27,1577.38,1851.71,1714.54
Onion,Uttarakhand,Dehradun,2024-11-03,2317.1,2720.07,2518.59
Onion,Uttarakhand,Dehradun,2024-11-10,2039.3,2393.96,2216.63
Onion,Uttarakhand,Dehradun,2024-11-17,2357.32,2767.29,2562.31
Onion,Uttarakhand,Dehradun,2024-11-24,1991.54,2337.9,2164.72
Onion,Uttarakhand,Dehradun,2024-12-01,2094.63,2458.91,2276.77
Onion,Uttarakhand,Dehradun,2024-12-08,2278.23,2674.44,2476.33
Onion,Uttarakhand,Dehradun,2024-12-15,2349.9,2758.58,2554.24
Onion,Uttarakhand,Dehradun,2024-12-22,2254.39,2646.45,2450.42
Onion,Uttarakhand,Dehradun,2024-12-29,1912.3,2244.88,2078.59
Onion,Uttarakhand,Dehradun,2025-01-05,2296.0,2695.3,2495.65
Onion,Uttarakhand,Dehradun,2025-01-12,1917.79,2251.32,2084.55
Onion,Uttarakhand,Dehradun,2025-01-19,1826.25,2143.86,1985.05
Onion,Uttarakhand,Dehradun,2025-01-26,1827.47,2145.29,1986.38
Onion,Uttarakhand,Dehradun,2025-02-02,1527.11,1792.7,1659.91
Onion,Uttarakhand,Dehradun,2025-02-09,1415.08,1661.18,1538.13
Onion,Uttarakhand,Dehradun,2025-02-16,1865.7,2190.17,2027.94
Onion,Uttarakhand,Dehradun,2025-02-23,1962.86,2304.22,2133.54
Onion,Uttarakhand,Dehradun,2025-03-02,1009.91,1185.55,1097.73
Onion,Uttarakhand,Dehradun,2025-03-09,1173.09,1377.1,1275.1
Onion,Uttarakhand,Dehradun,2025-03-16,924.41,1085.18,1004.8
Onion,Uttarakhand,Dehradun,2025-03-23,1225.9,1439.1,1332.5
Onion,Uttarakhand,Dehradun,2025-03-30,1214.71,1425.97,1320.34
Onion,Uttarakhand,Dehradun,2025-04-06,551.02,646.85,598.94
Onion,Uttarakhand,Dehradun,2025-04-13,792.41,930.22,861.31
Onion,Uttarakhand,Dehradun,2025-04-20,1031.9,1211.36,1121.63
Onion,Uttarakhand,Dehradun,2025-04-27,671.17,787.9,729.54
Onion,Uttarakhand,Dehradun,2025-05-04,372.64,437.44,405.04
Onion,Uttarakhand,Dehradun,2025-05-11,546.65,641.72,594.19
Onion,Uttarakhand,Dehradun,2025-05-18,372.75,437.58,405.16
Onion,Uttarakhand,Dehradun,2025-05-25,755.94,887.4,821.67
Onion,Uttarakhand,Dehradun,2025-06-01,939.75,1103.19,1021.47
Onion,Uttarakhand,Dehradun,2025-06-08,904.92,1062.29,983.61
Onion,Uttarakhand,Dehradun,2025-06-15,416.86,489.36,453.11
Onion,Uttarakhand,Dehradun,2025-06-22,322.97,379.13,351.05
Onion,Uttarakhand,Dehradun,2025-06-29,1249.65,1466.98,1358.31
Onion,Uttarakhand,Dehradun,2025-07-06,610.57,716.75,663.66
Onion,Uttarakhand,Dehradun,2025-07-13,624.34,732.92,678.63
Onion,Uttarakhand,Dehradun,2025-07-20,453.81,532.73,493.27
Onion,Uttarakhand,Dehradun,2025-07-27,1280.95,1503.73,1392.34
Onion,Uttarakhand,Dehradun,2025-08-03,669.61,786.06,727.83
Onion,Uttarakhand,Dehradun,2025-08-10,1061.34,1245.92,1153.63
Onion,Uttarakhand,Dehradun,2025-08-17,1194.27,1401.97,1298.12
Onion,Uttarakhand,Dehradun,2025-08-24,699.51,821.17,760.34
Onion,Uttarakhand,Dehradun,2025-08-31,783.73,920.03,851.88
Onion,Uttarakhand,Dehradun,2025-09-07,875.17,1027.38,951.28
Onion,Uttarakhand,Dehradun,2025-09-14,1326.74,1557.47,1442.1
Onion,Uttarakhand,Dehradun,2025-09-21,1109.46,1302.41,1205.94
Onion,Uttarakhand,Dehradun,2025-09-28,1779.98,2089.54,1934.76
Onion,Uttarakhand,Dehradun,2025-10-05,1601.49,1880.01,1740.75
Onion,Uttarakhand,Dehradun,2025-10-12,1909.52,2241.61,2075.57
Onion,Uttarakhand,Dehradun,2025-10-19,2118.03,2486.38,2302.2
Onion,Uttarakhand,Dehradun,2025-10-26,1984.36,2329.46,2156.91
Onion,Uttarakhand,Dehradun,2025-11-02,2146.16,2519.4,2332.78
Onion,Uttarakhand,Dehradun,2025-11-09,2342.4,2749.78,2546.09
Onion,Uttarakhand,Dehradun,2025-11-16,1981.23,2325.8,2153.52
Onion,Uttarakhand,Dehradun,2025-11-23,1855.42,2178.1,2016.76
Onion,Uttarakhand,Dehradun,2025-11-30,2137.67,2509.44,2323.56
Onion,Uttarakhand,Dehradun,2025-12-07,1586.34,1862.23,1724.29
Onion,Uttarakhand,Dehradun,2025-12-14,2278.12,2674.31,2476.21
Onion,Uttarakhand,Dehradun,2025-12-21,1654.04,1941.7,1797.87
Onion,Uttarakhand,Dehradun,2025-12-28,2068.22,2427.91,2248.06
Onion,Uttarakhand,Dehradun,2026-01-04,1971.33,2314.17,2142.75
Onion,Uttarakhand,Dehradun,2026-01-11,2348.21,2756.59,2552.4
Onion,Uttarakhand,Dehradun,2026-01-18,2336.7,2743.08,2539.89
Onion,Uttarakhand,Dehradun,2026-01-25,1748.27,2052.32,1900.3
Onion,Uttarakhand,Dehradun,2026-02-01,1844.97,2165.83,2005.4
Onion,Uttarakhand,Dehradun,2026-02-08,1555.9,1826.49,1691.19
Onion,Uttarakhand,Dehradun,2026-02-15,1491.01,1750.32,1620.67
Onion,Uttarakhand,Dehradun,2026-02-22,1575.5,1849.51,1712.5
Onion,Uttarakhand,Dehradun,2026-03-01,1201.22,1410.13,1305.68
Onion,Uttarakhand,Dehradun,2026-03-08,1083.8,1272.28,1178.04
Onion,Uttarakhand,Dehradun,2026-03-15,1052.89,1236.0,1144.44
Onion,Uttarakhand,Dehradun,2026-03-22,1811.25,2126.25,1968.75
Onion,Uttarakhand,Dehradun,2026-03-29,1437.9,1687.97,1562.93
Onion,Uttarakhand,Dehradun,2026-04-05,776.58,911.64,844.11
Onion,Uttarakhand,Dehradun,2026-04-12,1206.46,1416.27,1311.37
Onion,Uttarakhand,Dehradun,2026-04-19,570.33,669.52,619.92
Onion,Uttarakhand,Dehradun,2026-04-26,1430.3,1679.04,1554.67
Onion,Uttarakhand,Dehradun,2026-05-03,858.92,1008.3,933.61
Onion,Uttarakhand,Dehradun,2026-05-10,586.32,688.29,637.3
Onion,Uttarakhand,Dehradun,2026-05-17,383.26,449.92,416.59
Onion,Uttarakhand,Dehradun,2026-05-24,461.09,541.28,501.18
Onion,Uttarakhand,Dehradun,2026-05-31,268.14,314.78,291.46
Onion,Uttarakhand,Dehradun,2026-06-07,309.54,363.37,336.45
Onion,Uttarakhand,Dehradun,2026-06-14,815.33,957.13,886.23
Onion,Uttarakhand,Dehradun,2026-06-21,270.79,317.88,294.33
Onion,Uttarakhand,Dehradun,2026-06-28,184.0,216.0,200.0
Onion,Uttarakhand,Dehradun,2026-07-05,923.69,1084.34,1004.02
Onion,Uttarakhand,Dehradun,2026-07-12,1233.92,1448.52,1341.22
Onion,Uttarakhand,Dehradun,2026-07-19,585.04,686.78,635.91
Onion,Uttarakhand,Dehradun,2026-07-26,465.34,546.27,505.81
Onion,Uttarakhand,Dehradun,2026-08-02,1377.87,1617.5,1497.68
Onion,Uttarakhand,Dehradun,2026-08-09,791.96,929.69,860.82
Onion,Uttarakhand,Dehradun,2026-08-16,873.22,1025.09,949.16
Onion,Uttarakhand,Dehradun,2026-08-23,1189.15,1395.96,1292.56
Onion,Uttarakhand,Dehradun,2026-08-30,620.64,728.58,674.61
Tomato,Maharashtra,Pune,2020-01-05,1371.61,1610.16,1490.89
Tomato,Maharashtra,Pune,2020-01-12,1157.61,1358.94,1258.28
Tomato,Maharashtra,Pune,2020-01-19,1169.9,1373.36,1271.63
Tomato,Maharashtra,Pune,2020-01-26,885.81,1039.86,962.83
Tomato,Maharashtra,Pune,2020-02-02,789.17,926.42,857.79
Tomato,Maharashtra,Pune,2020-02-09,762.93,895.62,829.27
Tomato,Maharashtra,Pune,2020-02-16,1097.34,1288.19,1192.77
Tomato,Maharashtra,Pune,2020-02-23,402.94,473.02,437.98
Tomato,Maharashtra,Pune,2020-03-01,184.0,216.0,200.0
Tomato,Maharashtra,Pune,2020-03-08,857.08,1006.14,931.61
Tomato,Maharashtra,Pune,2020-03-15,276.78,324.91,300.85
Tomato,Maharashtra,Pune,2020-03-22,184.0,216.0,200.0
Tomato,Maharashtra,Pune,2020-03-29,333.31,391.28,362.29
Tomato,Maharashtra,Pune,2020-04-05,365.0,428.48,396.74
Tomato,Maharashtra,Pune,2020-04-12,280.19,328.92,304.56
Tomato,Maharashtra,Pune,2020-04-19,184.0,216.0,200.0
Tomato,Maharashtra,Pune,2020-04-26,184.0,216.0,200.0
Tomato,Maharashtra,Pune,2020-05-03,184.0,216.0,200.0
Tomato,Maharashtra,Pune,2020-05-10,184.0,216.0,200.0
Tomato,Maharashtra,Pune,2020-05-17,516.41,606.22,561.32
Tomato,Maharashtra,Pune,2020-05-24,272.56,319.96,296.26
Tomato,Maharashtra,Pune,2020-05-31,184.0,216.0,200.0
Tomato,Maharashtra,Pune,2020-06-07,236.24,277.32,256.78
Tomato,Maharashtra,Pune,2020-06-14,921.95,1082.29,1002.12
Tomato,Maharashtra,Pune,2020-06-21,1150.77,1350.91,1250.84
Tomato,Maharashtra,Pune,2020-06-28,404.05,474.32,439.18
Tomato,Maharashtra,Pune,2020-07-05,1021.73,1199.42,1110.58
Tomato,Maharashtra,Pune,2020-07-12,935.36,1098.03,1016.69
Tomato,Maharashtra,Pune,2020-07-19,668.09,784.29,726.19
Tomato,Maharashtra,Pune,2020-07-26,758.44,890.34,824.39
Tomato,Maharashtra,Pune,2020-08-02,1975.62,2319.2,2147.41
Tomato,Maharashtra,Pune,2020-08-09,550.04,645.7,597.87
Tomato,Maharashtra,Pune,2020-08-16,800.23,939.4,869.82
Tomato,Maharashtra,Pune,2020-08-23,1307.18,1534.52,1420.85
Tomato,Maharashtra,Pune,2020-08-30,1149.29,1349.17,1249.23
Tomato,Maharashtra,Pune,2020-09-06,1462.65,1717.03,1589.84
Tomato,Maharashtra,Pune,2020-09-13,1788.86,2099.97,1944.41
Tomato,Maharashtra,Pune,2020-09-20,1724.17,2024.02,1874.09
Tomato,Maharashtra,Pune,2020-09-27,1871.61,2197.1,2034.35
Tomato,Maharashtra,Pune,2020-10-04,1873.66,2199.51,2036.58
Tomato,Maharashtra,Pune,2020-10-11,1689.5,1983.32,1836.41
Tomato,Maharashtra,Pune,2020-10-18,1474.88,1731.38,1603.13
Tomato,Maharashtra,Pune,2020-10-25,1305.71,1532.79,1419.25
Tomato,Maharashtra,Pune,2020-11-01,1702.21,1998.25,1850.23
Tomato,Maharashtra,Pune,2020-11-08,1640.85,1926.21,1783.53
Tomato,Maharashtra,Pune,2020-11-15,2119.19,2487.74,2303.47
Tomato,Maharashtra,Pune,2020-11-22,1736.26,2038.22,1887.24
Tomato,Maharashtra,Pune,2020-11-29,2020.3,2371.65,2195.97
Tomato,Maharashtra,Pune,2020-12-06,1560.76,1832.2,1696.48
Tomato,Maharashtra,Pune,2020-12-13,1217.77,1429.56,1323.66
Tomato,Maharashtra,Pune,2020-12-20,1828.09,2146.02,1987.05
Tomato,Maharashtra,Pune,2020-12-27,2115.68,2483.62,2299.65
Tomato,Maharashtra,Pune,2021-01-03,1357.92,1594.08,1476.0
Tomato,Maharashtra,Pune,2021-01-10,1347.29,1581.6,1464.44
Tomato,Maharashtra,Pune,2021-01-17,2121.14,2490.04,2305.59
Tomato,Maharashtra,Pune,2021-01-24,1751.23,2055.79,1903.51
Tomato,Maharashtra,Pune,2021-01-31,1272.67,1494.01,1383.34
Tomato,Maharashtra,Pune,2021-02-07,952.48,1118.13,1035.3
Tomato,Maharashtra,Pune,2021-02-14,865.96,1016.56,941.26
Tomato,Maharashtra,Pune,2021-02-21,1148.77,1348.55,1248.66
Tomato,Maharashtra,Pune,2021-02-28,1013.4,1189.64,1101.52
Tomato,Maharashtra,Pune,2021-03-07,873.47,1025.38,949.42
Tomato,Maharashtra,Pune,2021-03-14,928.17,1089.59,1008.88
Tomato,Maharashtra,Pune,2021-03-21,1120.8,1315.72,1218.26
Tomato,Maharashtra,Pune,2021-03-28,576.67,676.96,626.81
Tomato,Maharashtra,Pune,2021-04-04,921.66,1081.95,1001.81
Tomato,Maharashtra,Pune,2021-04-11,365.09,428.58,396.83
Tomato,Maharashtra,Pune,2021-04-18,1155.76,1356.76,1256.26
Tomato,Maharashtra,Pune,2021-04-25,628.33,737.6,682.97
Tomato,Maharashtra,Pune,2021-05-02,726.72,853.1,789.91
Tomato,Maharashtra,Pune,2021-05-09,1235.96,1450.91,1343.44
Tomato,Maharashtra,Pune,2021-05-16,773.54,908.07,840.81
Tomato,Maharashtra,Pune,2021-05-23,1300.9,1527.14,1414.02
Tomato,Maharashtra,Pune,2021-05-30,1626.06,1908.85,1767.46
Tomato,Maharashtra,Pune,2021-06-06,1549.92,1819.47,1684.69
Tomato,Maharashtra,Pune,2021-06-13,1763.7,2070.43,1917.07
Tomato,Maharashtra,Pune,2021-06-20,1454.08,1706.96,1580.52
Tomato,Maharashtra,Pune,2021-06-27,1444.89,1696.18,1570.53
Tomato,Maharashtra,Pune,2021-07-04,2186.11,2566.31,2376.21
Tomato,Maharashtra,Pune,2021-07-11,2315.31,2717.97,2516.64
Tomato,Maharashtra,Pune,2021-07-18,2050.56,2407.17,2228.87
Tomato,Maharashtra,Pune,2021-07-25,2224.41,2611.26,2417.83
Tomato,Maharashtra,Pune,2021-08-01,2104.12,2470.05,2287.08
Tomato,Maharashtra,Pune,2021-08-08,2131.48,2502.17,2316.82
Tomato,Maharashtra,Pune,2021-08-15,2163.93,2540.26,2352.1
Tomato,Maharashtra,Pune,2021-08-22,2501.74,2936.83,2719.29
Tomato,Maharashtra,Pune,2021-08-29,2325.18,2729.56,2527.37
Tomato,Maharashtra,Pune,2021-09-05,2445.82,2871.18,2658.5
Tomato,Maharashtra,Pune,2021-09-12,3450.2,4050.23,3750.22
Tomato,Maharashtra,Pune,2021-09-19,2325.04,2729.39,2527.21
Tomato,Maharashtra,Pune,2021-09-26,3023.23,3549.01,3286.12
Tomato,Maharashtra,Pune,2021-10-03,3293.58,3866.37,3579.97
Tomato,Maharashtra,Pune,2021-10-10,2796.16,3282.45,3039.31
Tomato,Maharashtra,Pune,2021-10-17,2747.12,3224.88,2986.0
Tomato,Maharashtra,Pune,2021-10-24,2825.63,3317.05,3071.34
Tomato,Maharashtra,Pune,2021-10-31,3659.99,4296.51,3978.25
Tomato,Maharashtra,Pune,2021-11-07,2303.41,2704.0,2503.7
Tomato,Maharashtra,Pune,2021-11-14,2394.83,2811.32,2603.08
Tomato,Maharashtra,Pune,2021-11-21,3024.45,3550.44,3287.44
Tomato,Maharashtra,Pune,2021-11-28,2997.04,3518.26,3257.65
Tomato,Maharashtra,Pune,2021-12-05,2042.68,2397.93,2220.31
Tomato,Maharashtra,Pune,2021-12-12,2610.56,3064.57,2837.57
Tomato,Maharashtra,Pune,2021-12-19,2448.25,2874.03,2661.14
Tomato,Maharashtra,Pune,2021-12-26,2199.84,2582.42,2391.13
Tomato,Maharashtra,Pune,2022-01-02,1707.31,2004.23,1855.77
Tomato,Maharashtra,Pune,2022-01-09,1976.16,2319.84,2148.0
Tomato,Maharashtra,Pune,2022-01-16,1691.77,1985.99,1838.88
Tomato,Maharashtra,Pune,2022-01-23,866.63,1017.35,941.99
Tomato,Maharashtra,Pune,2022-01-30,1607.63,1887.22,1747.42
Tomato,Maharashtra,Pune,2022-02-06,988.01,1159.83,1073.92
Tomato,Maharashtra,Pune,2022-02-13,1509.62,1772.16,1640.89
Tomato,Maharashtra,Pune,2022-02-20,1293.35,1518.28,1405.82
Tomato,Maharashtra,Pune,2022-02-27,1520.42,1784.84,1652.63
Tomato,Maharashtra,Pune,2022-03-06,928.95,1090.51,1009.73
Tomato,Maharashtra,Pune,2022-03-13,987.73,1159.51,1073.62
Tomato,Maharashtra,Pune,2022-03-20,1362.34,1599.26,1480.8
Tomato,Maharashtra,Pune,2022-03-27,562.15,659.91,611.03
Tomato,Maharashtra,Pune,2022-04-03,700.37,822.18,761.27
Tomato,Maharashtra,Pune,2022-04-10,655.74,769.78,712.76
Tomato,Maharashtra,Pune,2022-04-17,473.81,556.21,515.01
Tomato,Maharashtra,Pune,2022-04-24,920.09,1080.11,1000.1
Tomato,Maharashtra,Pune,2022-05-01,1339.09,1571.97,1455.53
Tomato,Maharashtra,Pune,2022-05-08,1283.59,1506.82,1395.2
Tomato,Maharashtra,Pune,2022-05-15,1211.96,1422.73,1317.35
Tomato,Maharashtra,Pune,2022-05-22,1395.75,1638.48,1517.11
Tomato,Maharashtra,Pune,2022-05-29,1380.06,1620.07,1500.07
Tomato,Maharashtra,Pune,2022-06-05,1726.17,2026.38,1876.28
Tomato,Maharashtra,Pune,2022-06-12,1578.82,1853.39,1716.11
Tomato,Maharashtra,Pune,2022-06-19,1304.01,1530.79,1417.4
Tomato,Maharashtra,Pune,2022-06-26,1441.82,1692.58,1567.2
Tomato,Maharashtra,Pune,2022-07-03,1327.76,1558.68,1443.22
Tomato,Maharashtra,Pune,2022-07-10,1939.51,2276.81,2108.16
Tomato,Maharashtra,Pune,2022-07-17,2100.4,2465.68,2283.04
Tomato,Maharashtra,Pune,2022-07-24,1912.67,2245.31,2078.99
Tomato,Maharashtra,Pune,2022-07-31,1665.09,1954.67,1809.88
Tomato,Maharashtra,Pune,2022-08-07,2092.12,2455.97,2274.05
Tomato,Maharashtra,Pune,2022-08-14,2355.67,2765.35,2560.51
Tomato,Maharashtra,Pune,2022-08-21,2227.71,2615.13,2421.42
Tomato,Maharashtra,Pune,2022-08-28,2013.56,2363.75,2188.65
Tomato,Maharashtra,Pune,2022-09-04,2824.69,3315.94,3070.32
Tomato,Maharashtra,Pune,2022-09-11,2581.65,3030.63,2806.14
Tomato,Maharashtra,Pune,2022-09-18,2476.32,2906.98,2691.65
Tomato,Maharashtra,Pune,2022-09-25,2358.86,2769.1,2563.98
Tomato,Maharashtra,Pune,2022-10-02,2613.6,3068.14,2840.87
Tomato,Maharashtra,Pune,2022-10-09,2704.09,3174.37,2939.23
Tomato,Maharashtra,Pune,2022-10-16,2567.29,3013.77,2790.53
Tomato,Maharashtra,Pune,2022-10-23,2555.85,3000.35,2778.1
Tomato,Maharashtra,Pune,2022-10-30,2364.88,2776.16,2570.52
Tomato,Maharashtra,Pune,2022-11-06,2398.93,2816.14,2607.53
Tomato,Maharashtra,Pune,2022-11-13,2813.49,3302.79,3058.14
Tomato,Maharashtra,Pune,2022-11-20,2243.06,2633.15,2438.1
Tomato,Maharashtra,Pune,2022-11-27,2233.17,2621.55,2427.36
Tomato,Maharashtra,Pune,2022-12-04,1624.58,1907.12,1765.85
Tomato,Maharashtra,Pune,2022-12-11,1748.11,2052.13,1900.12
Tomato,Maharashtra,Pune,2022-12-18,1460.51,1714.51,1587.51
Tomato,Maharashtra,Pune,2022-12-25,1822.25,2139.16,1980.7
Tomato,Maharashtra,Pune,2023-01-01,1223.22,1435.95,1329.59
Tomato,Maharashtra,Pune,2023-01-08,1363.78,1600.96,1482.37
Tomato,Maharashtra,Pune,2023-01-15,1182.55,1388.22,1285.39
Tomato,Maharashtra,Pune,2023-01-22,1162.06,1364.16,1263.11
Tomato,Maharashtra,Pune,2023-01-29,909.91,1068.16,989.03
Tomato,Maharashtra,Pune,2023-02-05,854.8,1003.46,929.13
Tomato,Maharashtra,Pune,2023-02-12,602.78,707.61,655.2
Tomato,Maharashtra,Pune,2023-02-19,1122.54,1317.77,1220.15
Tomato,Maharashtra,Pune,2023-02-26,567.64,666.36,617.0
Tomato,Maharashtra,Pune,2023-03-05,524.65,615.89,570.27
Tomato,Maharashtra,Pune,2023-03-12,209.82,246.31,228.07
Tomato,Maharashtra,Pune,2023-03-19,184.0,216.0,200.0
Tomato,Maharashtra,Pune,2023-03-26,184.0,216.0,200.0
Tomato,Maharashtra,Pune,2023-04-02,184.0,216.0,200.0
Tomato,Maharashtra,Pune,2023-04-09,184.0,216.0,200.0
Tomato,Maharashtra,Pune,2023-04-16,184.0,216.0,200.0
Tomato,Maharashtra,Pune,2023-04-23,623.37,731.78,677.58
Tomato,Maharashtra,Pune,2023-04-30,184.0,216.0,200.0
Tomato,Maharashtra,Pune,2023-05-07,460.51,540.6,500.55
Tomato,Maharashtra,Pune,2023-05-14,481.59,565.35,523.47
Tomato,Maharashtra,Pune,2023-05-21,629.1,738.51,683.8
Tomato,Maharashtra,Pune,2023-05-28,184.0,216.0,200.0
Tomato,Maharashtra,Pune,2023-06-04,1241.81,1457.78,1349.79
Tomato,Maharashtra,Pune,2023-06-11,615.01,721.96,668.49
Tomato,Maharashtra,Pune,2023-06-18,587.86,690.1,638.98
Tomato,Maharashtra,Pune,2023-06-25,816.08,958.01,887.04
Tomato,Maharashtra,Pune,2023-07-02,1579.24,1853.89,1716.57
Tomato,Maharashtra,Pune,2023-07-09,978.29,1148.43,1063.36
Tomato,Maharashtra,Pune,2023-07-16,1498.88,1759.55,1629.21
Tomato,Maharashtra,Pune,2023-07-23,1457.88,1711.42,1584.65
Tomato,Maharashtra,Pune,2023-07-30,1469.56,1725.13,1597.34
Tomato,Maharashtra,Pune,2023-08-06,1831.13,2149.59,1990.36
Tomato,Maharashtra,Pune,2023-08-13,1442.04,1692.83,1567.44
Tomato,Maharashtra,Pune,2023-08-20,1472.48,1728.57,1600.52
Tomato,Maharashtra,Pune,2023-08-27,1351.84,1586.94,1469.39
Tomato,Maharashtra,Pune,2023-09-03,1861.89,2185.7,2023.79
Tomato,Maharashtra,Pune,2023-09-10,1232.98,1447.41,1340.19
Tomato,Maharashtra,Pune,2023-09-17,1745.25,2048.77,1897.01
Tomato,Maharashtra,Pune,2023-09-24,1459.99,1713.9,1586.94
Tomato,Maharashtra,Pune,2023-10-01,1870.43,2195.73,2033.08
Tomato,Maharashtra,Pune,2023-10-08,1927.44,2262.64,2095.04
Tomato,Maharashtra,Pune,2023-10-15,1770.65,2078.59,1924.62
Tomato,Maharashtra,Pune,2023-10-22,1630.13,1913.63,1771.88
Tomato,Maharashtra,Pune,2023-10-29,1696.75,1991.84,1844.29
Tomato,Maharashtra,Pune,2023-11-05,1411.1,1656.51,1533.8
Tomato,Maharashtra,Pune,2023-11-12,1855.36,2178.03,2016.7
Tomato,Maharashtra,Pune,2023-11-19,1630.04,1913.53,1771.78
Tomato,Maharashtra,Pune,2023-11-26,1727.31,2027.71,1877.51
Tomato,Maharashtra,Pune,2023-12-03,1385.12,1626.01,1505.57
Tomato,Maharashtra,Pune,2023-12-10,1919.9,2253.8,2086.85
Tomato,Maharashtra,Pune,2023-12-17,1343.94,1577.67,1460.81
Tomato,Maharashtra,Pune,2023-12-24,1040.71,1221.71,1131.21
Tomato,Maharashtra,Pune,2023-12-31,1283.05,1506.19,1394.62
Tomato,Maharashtra,Pune,2024-01-07,1092.92,1282.99,1187.95
Tomato,Maharashtra,Pune,2024-01-14,621.61,729.72,675.67
Tomato,Maharashtra,Pune,2024-01-21,871.94,1023.58,947.76
Tomato,Maharashtra,Pune,2024-01-28,1377.76,1617.37,1497.56
Tomato,Maharashtra,Pune,2024-02-04,749.29,879.6,814.45
Tomato,Maharashtra,Pune,2024-02-11,1084.14,1272.68,1178.41
Tomato,Maharashtra,Pune,2024-02-18,734.0,861.65,797.83
Tomato,Maharashtra,Pune,2024-02-25,607.91,713.63,660.77
Tomato,Maharashtra,Pune,2024-03-03,184.0,216.0,200.0
Tomato,Maharashtra,Pune,2024-03-10,184.0,216.0,200.0
Tomato,Maharashtra,Pune,2024-03-17,184.0,216.0,200.0
Tomato,Maharashtra,Pune,2024-03-24,184.0,216.0,200.0
Tomato,Maharashtra,Pune,2024-03-31,194.55,228.39,211.47
Tomato,Maharashtra,Pune,2024-04-07,184.0,216.0,200.0
Tomato,Maharashtra,Pune,2024-04-14,184.0,216.0,200.0
Tomato,Maharashtra,Pune,2024-04-21,248.91,292.2,270.56
Tomato,Maharashtra,Pune,2024-04-28,184.0,216.0,200.0
Tomato,Maharashtra,Pune,2024-05-05,560.11,657.52,608.81
Tomato,Maharashtra,Pune,2024-05-12,412.34,484.05,448.2
Tomato,Maharashtra,Pune,2024-05-19,243.8,286.2,265.0
Tomato,Maharashtra,Pune,2024-05-26,601.75,706.4,654.07
Tomato,Maharashtra,Pune,2024-06-02,721.8,847.33,784.57
Tomato,Maharashtra,Pune,2024-06-09,753.73,884.82,819.28
Tomato,Maharashtra,Pune,2024-06-16,737.52,865.78,801.65
Tomato,Maharashtra,Pune,2024-06-23,772.21,906.51,839.36
Tomato,Maharashtra,Pune,2024-06-30,1095.44,1285.95,1190.69
Tomato,Maharashtra,Pune,2024-07-07,1540.15,1808.01,1674.08
Tomato,Maharashtra,Pune,2024-07-14,1159.34,1360.97,1260.16
Tomato,Maharashtra,Pune,2024-07-21,1233.93,1448.52,1341.23
Tomato,Maharashtra,Pune,2024-07-28,1519.71,1784.0,1651.85
Tomato,Maharashtra,Pune,2024-08-04,1641.13,1926.55,1783.84
Tomato,Maharashtra,Pune,2024-08-11,1741.65,2044.54,1893.1
Tomato,Maharashtra,Pune,2024-08-18,1922.58,2256.95,2089.77
Tomato,Maharashtra,Pune,2024-08-25,1745.47,2049.03,1897.25
Tomato,Maharashtra,Pune,2024-09-01,1898.67,2228.87,2063.77
Tomato,Maharashtra,Pune,2024-09-08,2075.74,2436.73,2256.23
Tomato,Maharashtra,Pune,2024-09-15,2078.85,2440.39,2259.62
Tomato,Maharashtra,Pune,2024-09-22,1889.11,2217.65,2053.38
Tomato,Maharashtra,Pune,2024-09-29,2202.56,2585.61,2394.09
Tomato,Maharashtra,Pune,2024-10-06,2083.96,2446.39,2265.18
Tomato,Maharashtra,Pune,2024-10-13,2540.97,2982.88,2761.92
Tomato,Maharashtra,Pune,2024-10-20,1777.69,2086.86,1932.28
Tomato,Maharashtra,Pune,2024-10-27,2543.69,2986.07,2764.88
Tomato,Maharashtra,Pune,2024-11-03,2617.2,3072.37,2844.79
Tomato,Maharashtra,Pune,2024-11-10,1803.03,2116.6,1959.81
Tomato,Maharashtra,Pune,2024-11-17,2291.9,2690.49,2491.19
Tomato,Maharashtra,Pune,2024-11-24,2332.66,2738.33,2535.49
Tomato,Maharashtra,Pune,2024-12-01,1972.92,2316.04,2144.48
Tomato,Maharashtra,Pune,2024-12-08,1354.97,1590.62,1472.8
Tomato,Maharashtra,Pune,2024-12-15,1736.89,2038.96,1887.93
Tomato,Maharashtra,Pune,2024-12-22,1425.99,1673.99,1549.99
Tomato,Maharashtra,Pune,2024-12-29,1276.34,1498.32,1387.33
Tomato,Maharashtra,Pune,2025-01-05,1462.36,1716.69,1589.53
Tomato,Maharashtra,Pune,2025-01-12,1402.5,1646.42,1524.46
Tomato,Maharashtra,Pune,2025-01-19,1123.52,1318.91,1221.22
Tomato,Maharashtra,Pune,2025-01-26,1869.61,2194.76,2032.19
Tomato,Maharashtra,Pune,2025-02-02,468.37,549.83,509.1
Tomato,Maharashtra,Pune,2025-02-09,962.17,1129.5,1045.83
Tomato,Maharashtra,Pune,2025-02-16,824.83,968.28,896.55
Tomato,Maharashtra,Pune,2025-02-23,774.33,908.99,841.66
Tomato,Maharashtra,Pune,2025-03-02,801.85,941.31,871.58
Tomato,Maharashtra,Pune,2025-03-09,307.18,360.6,333.89
Tomato,Maharashtra,Pune,2025-03-16,608.85,714.74,661.8
Tomato,Maharashtra,Pune,2025-03-23,345.86,406.01,375.93
Tomato,Maharashtra,Pune,2025-03-30,536.55,629.86,583.21
Tomato,Maharashtra,Pune,2025-04-06,523.07,614.04,568.55
Tomato,Maharashtra,Pune,2025-04-13,184.0,216.0,200.0
Tomato,Maharashtra,Pune,2025-04-20,280.41,329.18,304.8
Tomato,Maharashtra,Pune,2025-04-27,259.75,304.93,282.34
Tomato,Maharashtra,Pune,2025-05-04,184.0,216.0,200.0
Tomato,Maharashtra,Pune,2025-05-11,617.17,724.5,670.83
Tomato,Maharashtra,Pune,2025-05-18,737.19,865.4,801.29
Tomato,Maharashtra,Pune,2025-05-25,185.6,217.87,201.74
Tomato,Maharashtra,Pune,2025-06-01,741.46,870.41,805.94
Tomato,Maharashtra,Pune,2025-06-08,757.06,888.72,822.89
Tomato,Maharashtra,Pune,2025-06-15,967.78,1136.09,1051.93
Tomato,Maharashtra,Pune,2025-06-22,656.56,770.74,713.65
Tomato,Maharashtra,Pune,2025-06-29,605.52,710.83,658.17
Tomato,Maharashtra,Pune,2025-07-06,1141.13,1339.59,1240.36
Tomato,Maharashtra,Pune,2025-07-13,1017.35,1194.29,1105.82
Tomato,Maharashtra,Pune,2025-07-20,957.67,1124.22,1040.94
Tomato,Maharashtra,Pune,2025-07-27,769.6,903.44,836.52
Tomato,Maharashtra,Pune,2025-08-03,1491.33,1750.7,1621.02
Tomato,Maharashtra,Pune,2025-08-10,964.72,1132.5,1048.61
Tomato,Maharashtra,Pune,2025-08-17,1375.48,1614.7,1495.09
Tomato,Maharashtra,Pune,2025-08-24,1139.74,1337.95,1238.84
Tomato,Maharashtra,Pune,2025-08-31,1705.58,2002.2,1853.89
Tomato,Maharashtra,Pune,2025-09-07,1672.75,1963.66,1818.2
Tomato,Maharashtra,Pune,2025-09-14,1903.77,2234.86,2069.32
Tomato,Maharashtra,Pune,2025-09-21,1784.51,2094.86,1939.69
Tomato,Maharashtra,Pune,2025-09-28,2163.57,2539.84,2351.7
Tomato,Maharashtra,Pune,2025-10-05,2068.27,2427.97,2248.12
Tomato,Maharashtra,Pune,2025-10-12,2194.37,2575.99,2385.18
Tomato,Maharashtra,Pune,2025-10-19,2443.74,2868.74,2656.24
Tomato,Maharashtra,Pune,2025-10-26,1811.43,2126.46,1968.94
Tomato,Maharashtra,Pune,2025-11-02,2199.25,2581.72,2390.48
Tomato,Maharashtra,Pune,2025-11-09,1908.27,2240.14,2074.2
Tomato,Maharashtra,Pune,2025-11-16,2150.22,2524.17,2337.2
Tomato,Maharashtra,Pune,2025-11-23,1473.54,1729.8,1601.67
Tomato,Maharashtra,Pune,2025-11-30,1438.6,1688.79,1563.69
Tomato,Maharashtra,Pune,2025-12-07,1375.52,1614.74,1495.13
Tomato,Maharashtra,Pune,2025-12-14,1831.9,2150.49,1991.2
Tomato,Maharashtra,Pune,2025-12-21,1797.52,2110.14,1953.83
Tomato,Maharashtra,Pune,2025-12-28,1772.06,2080.25,1926.16
Tomato,Maharashtra,Pune,2026-01-04,1156.4,1357.52,1256.96
Tomato,Maharashtra,Pune,2026-01-11,1272.61,1493.93,1383.27
Tomato,Maharashtra,Pune,2026-01-18,908.23,1066.18,987.2
Tomato,Maharashtra,Pune,2026-01-25,337.41,396.09,366.75
Tomato,Maharashtra,Pune,2026-02-01,868.33,1019.35,943.84
Tomato,Maharashtra,Pune,2026-02-08,514.47,603.94,559.2
Tomato,Maharashtra,Pune,2026-02-15,1113.84,1307.56,1210.7
Tomato,Maharashtra,Pune,2026-02-22,456.83,536.27,496.55
Tomato,Maharashtra,Pune,2026-03-01,878.86,1031.7,955.28
Tomato,Maharashtra,Pune,2026-03-08,467.49,548.79,508.14
Tomato,Maharashtra,Pune,2026-03-15,576.13,676.32,626.23
Tomato,Maharashtra,Pune,2026-03-22,270.15,317.14,293.65
Tomato,Maharashtra,Pune,2026-03-29,467.69,549.02,508.35
Tomato,Maharashtra,Pune,2026-04-05,184.0,216.0,200.0
Tomato,Maharashtra,Pune,2026-04-12,349.53,410.32,379.92
Tomato,Maharashtra,Pune,2026-04-19,488.02,572.89,530.46
Tomato,Maharashtra,Pune,2026-04-26,249.76,293.19,271.48
Tomato,Maharashtra,Pune,2026-05-03,184.0,216.0,200.0
Tomato,Maharashtra,Pune,2026-05-10,184.0,216.0,200.0
Tomato,Maharashtra,Pune,2026-05-17,184.0,216.0,200.0
Tomato,Maharashtra,Pune,2026-05-24,483.56,567.66,525.61
Tomato,Maharashtra,Pune,2026-05-31,184.0,216.0,200.0
Tomato,Maharashtra,Pune,2026-06-07,646.67,759.14,702.91
Tomato,Maharashtra,Pune,2026-06-14,530.73,623.03,576.88
Tomato,Maharashtra,Pune,2026-06-21,906.6,1064.27,985.43
Tomato,Maharashtra,Pune,2026-06-28,1051.73,1234.64,1143.19
Tomato,Maharashtra,Pune,2026-07-05,1049.58,1232.11,1140.85
Tomato,Maharashtra,Pune,2026-07-12,735.64,863.58,799.61
Tomato,Maharashtra,Pune,2026-07-19,1047.89,1230.14,1139.02
Tomato,Maharashtra,Pune,2026-07-26,1181.55,1387.03,1284.29
Tomato,Maharashtra,Pune,2026-08-02,1528.92,1794.82,1661.87
Tomato,Maharashtra,Pune,2026-08-09,2194.87,2576.59,2385.73
Tomato,Maharashtra,Pune,2026-08-16,1791.9,2103.54,1947.72
Tomato,Maharashtra,Pune,2026-08-23,2029.71,2382.7,2206.21
Tomato,Maharashtra,Pune,2026-08-30,2219.16,2605.1,2412.13
Tomato,Maharashtra,Nashik,2020-01-05,1609.07,1888.91,1748.99
Tomato,Maharashtra,Nashik,2020-01-12,1125.45,1321.18,1223.31
Tomato,Maharashtra,Nashik,2020-01-19,1433.04,1682.26,1557.65
Tomato,Maharashtra,Nashik,2020-01-26,1538.4,1805.95,1672.18
Tomato,Maharashtra,Nashik,2020-02-02,1814.13,2129.63,1971.88
Tomato,Maharashtra,Nashik,2020-02-09,2109.45,2476.31,2292.88
Tomato,Maharashtra,Nashik,2020-02-16,1424.66,1672.43,1548.54
Tomato,Maharashtra,Nashik,2020-02-23,761.65,894.11,827.88
Tomato,Maharashtra,Nashik,2020-03-01,816.05,957.97,887.01
Tomato,Maharashtra,Nashik,2020-03-08,969.46,1138.07,1053.77
Tomato,Maharashtra,Nashik,2020-03-15,1464.2,1718.84,1591.52
Tomato,Maharashtra,Nashik,2020-03-22,1356.61,1592.54,1474.57
Tomato,Maharashtra,Nashik,2020-03-29,1191.62,1398.85,1295.23
Tomato,Maharashtra,Nashik,2020-04-05,1065.94,1251.32,1158.63
Tomato,Maharashtra,Nashik,2020-04-12,694.59,815.39,754.99
Tomato,Maharashtra,Nashik,2020-04-19,1263.25,1482.94,1373.1
Tomato,Maharashtra,Nashik,2020-04-26,1164.28,1366.76,1265.52
Tomato,Maharashtra,Nashik,2020-05-03,540.74,634.78,587.76
Tomato,Maharashtra,Nashik,2020-05-10,894.67,1050.26,972.46
Tomato,Maharashtra,Nashik,2020-05-17,735.73,863.68,799.7
Tomato,Maharashtra,Nashik,2020-05-24,687.64,807.23,747.44
Tomato,Maharashtra,Nashik,2020-05-31,938.41,1101.61,1020.01
Tomato,Maharashtra,Nashik,2020-06-07,1412.42,1658.05,1535.23
Tomato,Maharashtra,Nashik,2020-06-14,1766.18,2073.34,1919.76
Tomato,Maharashtra,Nashik,2020-06-21,1976.82,2320.62,2148.72
Tomato,Maharashtra,Nashik,2020-06-28,1452.98,1705.67,1579.33
Tomato,Maharashtra,Nashik,2020-07-05,2023.79,2375.75,2199.77
Tomato,Maharashtra,Nashik,2020-07-12,1746.05,2049.71,1897.88
Tomato,Maharashtra,Nashik,2020-07-19,2174.3,2552.44,2363.37
Tomato,Maharashtra,Nashik,2020-07-26,1961.57,2302.71,2132.14
Tomato,Maharashtra,Nashik,2020-08-02,2539.61,2981.28,2760.44
Tomato,Maharashtra,Nashik,2020-08-09,2418.0,2838.52,2628.26
Tomato,Maharashtra,Nashik,2020-08-16,1975.73,2319.33,2147.53
Tomato,Maharashtra,Nashik,2020-08-23,2378.38,2792.01,2585.2
Tomato,Maharashtra,Nashik,2020-08-30,2069.13,2428.98,2249.05
Tomato,Maharashtra,Nashik,2020-09-06,2295.26,2694.43,2494.84
Tomato,Maharashtra,Nashik,2020-09-13,2323.65,2727.76,2525.71
Tomato,Maharashtra,Nashik,2020-09-20,2663.43,3126.63,2895.03
Tomato,Maharashtra,Nashik,2020-09-27,2806.51,3294.6,3050.56
Tomato,Maharashtra,Nashik,2020-10-04,2773.72,3256.1,3014.91
Tomato,Maharashtra,Nashik,2020-10-11,2856.7,3353.52,3105.11
Tomato,Maharashtra,Nashik,2020-10-18,3086.83,3623.67,3355.25
Tomato,Maharashtra,Nashik,2020-10-25,2456.32,2883.51,2669.92
Tomato,Maharashtra,Nashik,2020-11-01,2228.26,2615.78,2422.02
Tomato,Maharashtra,Nashik,2020-11-08,2666.86,3130.66,2898.76
Tomato,Maharashtra,Nashik,2020-11-15,2234.03,2622.56,2428.29
Tomato,Maharashtra,Nashik,2020-11-22,2259.34,2652.27,2455.8
Tomato,Maharashtra,Nashik,2020-11-29,2145.35,2518.46,2331.9
Tomato,Maharashtra,Nashik,2020-12-06,1727.36,2027.77,1877.56
Tomato,Maharashtra,Nashik,2020-12-13,1586.85,1862.83,1724.84
Tomato,Maharashtra,Nashik,2020-12-20,1545.28,1814.02,1679.65
Tomato,Maharashtra,Nashik,2020-12-27,1630.28,1913.81,1772.05
Tomato,Maharashtra,Nashik,2021-01-03,1203.95,1413.33,1308.64
Tomato,Maharashtra,Nashik,2021-01-10,1665.26,1954.87,1810.07
Tomato,Maharashtra,Nashik,2021-01-17,1371.69,1610.25,1490.97
Tomato,Maharashtra,Nashik,2021-01-24,1497.05,1757.41,1627.23
Tomato,Maharashtra,Nashik,2021-01-31,1713.73,2011.77,1862.75
Tomato,Maharashtra,Nashik,2021-02-07,1113.52,1307.17,1210.35
Tomato,Maharashtra,Nashik,2021-02-14,1218.64,1430.58,1324.61
Tomato,Maharashtra,Nashik,2021-02-21,1324.67,1555.05,1439.86
Tomato,Maharashtra,Nashik,2021-02-28,1088.0,1277.21,1182.6
Tomato,Maharashtra,Nashik,2021-03-07,498.33,585.0,541.67
Tomato,Maharashtra,Nashik,2021-03-14,724.71,850.75,787.73
Tomato,Maharashtra,Nashik,2021-03-21,891.75,1046.84,969.3
Tomato,Maharashtra,Nashik,2021-03-28,1145.74,1345.0,1245.37
Tomato,Maharashtra,Nashik,2021-04-04,462.64,543.1,502.87
Tomato,Maharashtra,Nashik,2021-04-11,361.28,424.12,392.7
Tomato,Maharashtra,Nashik,2021-04-18,808.74,949.39,879.07
Tomato,Maharashtra,Nashik,2021-04-25,630.46,740.11,685.28
Tomato,Maharashtra,Nashik,2021-05-02,219.13,257.24,238.18
Tomato,Maharashtra,Nashik,2021-05-09,1160.47,1362.3,1261.38
Tomato,Maharashtra,Nashik,2021-05-16,491.39,576.85,534.12
Tomato,Maharashtra,Nashik,2021-05-23,1184.42,1390.41,1287.41
Tomato,Maharashtra,Nashik,2021-05-30,1027.08,1205.7,1116.39
Tomato,Maharashtra,Nashik,2021-06-06,1627.2,1910.19,1768.69
Tomato,Maharashtra,Nashik,2021-06-13,1260.54,1479.76,1370.15
Tomato,Maharashtra,Nashik,2021-06-20,1819.4,2135.82,1977.61
Tomato,Maharashtra,Nashik,2021-06-27,1397.94,1641.06,1519.5
Tomato,Maharashtra,Nashik,2021-07-04,1877.08,2203.53,2040.31
Tomato,Maharashtra,Nashik,2021-07-11,2082.35,2444.5,2263.42
Tomato,Maharashtra,Nashik,2021-07-18,1861.74,2185.52,2023.63
Tomato,Maharashtra,Nashik,2021-07-25,2022.05,2373.71,2197.88
Tomato,Maharashtra,Nashik,2021-08-01,2791.39,3276.85,3034.12
Tomato,Maharashtra,Nashik,2021-08-08,2519.94,2958.19,2739.06
Tomato,Maharashtra,Nashik,2021-08-15,2773.24,3255.54,3014.39
Tomato,Maharashtra,Nashik,2021-08-22,2477.45,2908.31,2692.88
Tomato,Maharashtra,Nashik,2021-08-29,2905.43,3410.72,3158.07
Tomato,Maharashtra,Nashik,2021-09-05,2924.4,3432.99,3178.69
Tomato,Maharashtra,Nashik,2021-09-12,2944.26,3456.3,3200.28
Tomato,Maharashtra,Nashik,2021-09-19,3244.19,3808.4,3526.3
Tomato,Maharashtra,Nashik,2021-09-26,2621.9,3077.88,2849.89
Tomato,Maharashtra,Nashik,2021-10-03,3293.65,3866.46,3580.05
Tomato,Maharashtra,Nashik,2021-10-10,3023.61,3549.46,3286.53
Tomato,Maharashtra,Nashik,2021-10-17,3339.0,3919.7,3629.35
Tomato,Maharashtra,Nashik,2021-10-24,3145.0,3691.96,3418.48
Tomato,Maharashtra,Nashik,2021-10-31,3117.99,3660.25,3389.12
Tomato,Maharashtra,Nashik,2021-11-07,2883.34,3384.79,3134.07
Tomato,Maharashtra,Nashik,2021-11-14,2856.42,3353.19,3104.81
Tomato,Maharashtra,Nashik,2021-11-21,2991.3,3511.53,3251.41
Tomato,Maharashtra,Nashik,2021-11-28,2809.65,3298.29,3053.97
Tomato,Maharashtra,Nashik,2021-12-05,2706.89,3177.66,2942.28
Tomato,Maharashtra,Nashik,2021-12-12,2424.57,2846.23,2635.4
Tomato,Maharashtra,Nashik,2021-12-19,2483.73,2915.68,2699.71
Tomato,Maharashtra,Nashik,2021-12-26,2279.27,2675.66,2477.47
Tomato,Maharashtra,Nashik,2022-01-02,2116.18,2484.21,2300.2
Tomato,Maharashtra,Nashik,2022-01-09,2168.53,2545.67,2357.1
Tomato,Maharashtra,Nashik,2022-01-16,2222.02,2608.46,2415.24
Tomato,Maharashtra,Nashik,2022-01-23,2241.63,2631.48,2436.56
Tomato,Maharashtra,Nashik,2022-01-30,2393.24,2809.45,2601.34
Tomato,Maharashtra,Nashik,2022-02-06,1921.76,2255.98,2088.87
Tomato,Maharashtra,Nashik,2022-02-13,1425.23,1673.1,1549.16
Tomato,Maharashtra,Nashik,2022-02-20,1448.1,1699.94,1574.02
Tomato,Maharashtra,Nashik,2022-02-27,1843.08,2163.62,2003.35
Tomato,Maharashtra,Nashik,2022-03-06,1543.39,1811.81,1677.6
Tomato,Maharashtra,Nashik,2022-03-13,1227.26,1440.7,1333.98
Tomato,Maharashtra,Nashik,2022-03-20,1078.13,1265.63,1171.88
Tomato,Maharashtra,Nashik,2022-03-27,1503.84,1765.37,1634.61
Tomato,Maharashtra,Nashik,2022-04-03,877.45,1030.05,953.75
Tomato,Maharashtra,Nashik,2022-04-10,1726.71,2027.0,1876.85
Tomato,Maharashtra,Nashik,2022-04-17,1480.25,1737.68,1608.97
Tomato,Maharashtra,Nashik,2022-04-24,1714.08,2012.18,1863.13
Tomato,Maharashtra,Nashik,2022-05-01,1508.36,1770.68,1639.52
Tomato,Maharashtra,Nashik,2022-05-08,1845.16,2166.06,2005.61
Tomato,Maharashtra,Nashik,2022-05-15,1234.92,1449.69,1342.31
Tomato,Maharashtra,Nashik,2022-05-22,1118.49,1313.01,1215.75
Tomato,Maharashtra,Nashik,2022-05-29,2376.46,2789.76,2583.11
Tomato,Maharashtra,Nashik,2022-06-05,2346.76,2754.9,2550.83
Tomato,Maharashtra,Nashik,2022-06-12,1947.18,2285.82,2116.5
Tomato,Maharashtra,Nashik,2022-06-19,2228.29,2615.82,2422.05
Tomato,Maharashtra,Nashik,2022-06-26,1328.34,1559.36,1443.85
Tomato,Maharashtra,Nashik,2022-07-03,2795.55,3281.73,3038.64
Tomato,Maharashtra,Nashik,2022-07-10,2473.4,2903.56,2688.48
Tomato,Maharashtra,Nashik,2022-07-17,3006.33,3529.18,3267.75
Tomato,Maharashtra,Nashik,2022-07-24,2781.3,3265.01,3023.16
Tomato,Maharashtra,Nashik,2022-07-31,2477.77,2908.69,2693.23
Tomato,Maharashtra,Nashik,2022-08-07,3230.75,3792.62,3511.68
Tomato,Maharashtra,Nashik,2022-08-14,3260.16,3827.14,3543.65
Tomato,Maharashtra,Nashik,2022-08-21,2928.51,3437.81,3183.16
Tomato,Maharashtra,Nashik,2022-08-28,2482.95,2914.76,2698.86
Tomato,Maharashtra,Nashik,2022-09-04,3073.23,3607.7,3340.46
Tomato,Maharashtra,Nashik,2022-09-11,3237.86,3800.96,3519.41
Tomato,Maharashtra,Nashik,2022-09-18,3040.37,3569.13,3304.75
Tomato,Maharashtra,Nashik,2022-09-25,3285.17,3856.51,3570.84
Tomato,Maharashtra,Nashik,2022-10-02,4240.86,4978.4,4609.63
Tomato,Maharashtra,Nashik,2022-10-09,3370.94,3957.19,3664.07
Tomato,Maharashtra,Nashik,2022-10-16,3292.04,3864.57,3578.3
Tomato,Maharashtra,Nashik,2022-10-23,3678.37,4318.08,3998.22
Tomato,Maharashtra,Nashik,2022-10-30,4191.57,4920.54,4556.05
Tomato,Maharashtra,Nashik,2022-11-06,3792.31,4451.84,4122.07
Tomato,Maharashtra,Nashik,2022-11-13,3658.03,4294.21,3976.12
Tomato,Maharashtra,Nashik,2022-11-20,3953.68,4641.28,4297.48
Tomato,Maharashtra,Nashik,2022-11-27,3546.01,4162.7,3854.35
Tomato,Maharashtra,Nashik,2022-12-04,3025.88,3552.12,3289.0
Tomato,Maharashtra,Nashik,2022-12-11,3257.81,3824.39,3541.1
Tomato,Maharashtra,Nashik,2022-12-18,2760.07,3240.08,3000.08
Tomato,Maharashtra,Nashik,2022-12-25,3426.68,4022.62,3724.65
Tomato,Maharashtra,Nashik,2023-01-01,2631.58,3089.24,2860.41
Tomato,Maharashtra,Nashik,2023-01-08,2297.43,2696.98,2497.2
Tomato,Maharashtra,Nashik,2023-01-15,2755.62,3234.86,2995.24
Tomato,Maharashtra,Nashik,2023-01-22,3110.64,3651.62,3381.13
Tomato,Maharashtra,Nashik,2023-01-29,2394.26,2810.65,2602.46
Tomato,Maharashtra,Nashik,2023-02-05,2087.84,2450.94,2269.39
Tomato,Maharashtra,Nashik,2023-02-12,2940.74,3452.18,3196.46
Tomato,Maharashtra,Nashik,2023-02-19,2616.71,3071.79,2844.25
Tomato,Maharashtra,Nashik,2023-02-26,2651.22,3112.3,2881.76
Tomato,Maharashtra,Nashik,2023-03-05,2140.31,2512.53,2326.42
Tomato,Maharashtra,Nashik,2023-03-12,2445.03,2870.25,2657.64
Tomato,Maharashtra,Nashik,2023-03-19,2275.57,2671.33,2473.45
Tomato,Maharashtra,Nashik,2023-03-26,2225.91,2613.03,2419.47
Tomato,Maharashtra,Nashik,2023-04-02,2412.21,2831.73,2621.97
Tomato,Maharashtra,Nashik,2023-04-09,2181.9,2561.36,2371.63
Tomato,Maharashtra,Nashik,2023-04-16,2028.89,2381.74,2205.31
Tomato,Maharashtra,Nashik,2023-04-23,2087.88,2450.99,2269.44
Tomato,Maharashtra,Nashik,2023-04-30,1724.61,2024.54,1874.57
Tomato,Maharashtra,Nashik,2023-05-07,1756.41,2061.87,1909.14
Tomato,Maharashtra,Nashik,2023-05-14,2088.22,2451.38,2269.8
Tomato,Maharashtra,Nashik,2023-05-21,1206.89,1416.78,1311.84
Tomato,Maharashtra,Nashik,2023-05-28,1973.09,2316.24,2144.67
Tomato,Maharashtra,Nashik,2023-06-04,2530.43,2970.5,2750.46
Tomato,Maharashtra,Nashik,2023-06-11,2440.15,2864.52,2652.34
Tomato,Maharashtra,Nashik,2023-06-18,2083.25,2445.56,2264.4
Tomato,Maharashtra,Nashik,2023-06-25,1841.04,2161.22,2001.13
Tomato,Maharashtra,Nashik,2023-07-02,2553.07,2997.08,2775.07
Tomato,Maharashtra,Nashik,2023-07-09,2569.34,3016.18,2792.76
Tomato,Maharashtra,Nashik,2023-07-16,2777.99,3261.11,3019.55
Tomato,Maharashtra,Nashik,2023-07-23,2452.41,2878.91,2665.66
Tomato,Maharashtra,Nashik,2023-07-30,2323.45,2727.53,2525.49
Tomato,Maharashtra,Nashik,2023-08-06,2842.2,3336.49,3089.35
Tomato,Maharashtra,Nashik,2023-08-13,3029.46,3556.32,3292.89
Tomato,Maharashtra,Nashik,2023-08-20,3362.02,3946.72,3654.37
Tomato,Maharashtra,Nashik,2023-08-27,3042.47,3571.6,3307.03
Tomato,Maharashtra,Nashik,2023-09-03,3258.15,3824.79,3541.47
Tomato,Maharashtra,Nashik,2023-09-10,3255.95,3822.2,3539.08
Tomato,Maharashtra,Nashik,2023-09-17,2934.29,3444.6,3189.44
Tomato,Maharashtra,Nashik,2023-09-24,3120.21,3662.86,3391.54
Tomato,Maharashtra,Nashik,2023-10-01,3455.03,4055.9,3755.47
Tomato,Maharashtra,Nashik,2023-10-08,3632.01,4263.67,3947.84
Tomato,Maharashtra,Nashik,2023-10-15,4010.11,4707.52,4358.82
Tomato,Maharashtra,Nashik,2023-10-22,3777.09,4433.97,4105.53
Tomato,Maharashtra,Nashik,2023-10-29,4346.07,5101.91,4723.99
Tomato,Maharashtra,Nashik,2023-11-05,3667.43,4305.24,3986.34
Tomato,Maharashtra,Nashik,2023-11-12,3962.25,4651.34,4306.8
Tomato,Maharashtra,Nashik,2023-11-19,3724.66,4372.42,4048.54
Tomato,Maharashtra,Nashik,2023-11-26,3021.97,3547.53,3284.75
Tomato,Maharashtra,Nashik,2023-12-03,3271.14,3840.03,3555.59
Tomato,Maharashtra,Nashik,2023-12-10,2858.11,3355.17,3106.64
Tomato,Maharashtra,Nashik,2023-12-17,3456.67,4057.83,3757.25
Tomato,Maharashtra,Nashik,2023-12-24,3488.01,4094.62,3791.31
Tomato,Maharashtra,Nashik,2023-12-31,3385.49,3974.27,3679.88
Tomato,Maharashtra,Nashik,2024-01-07,2673.06,3137.94,2905.5
Tomato,Maharashtra,Nashik,2024-01-14,2798.19,3284.83,3041.51
Tomato,Maharashtra,Nashik,2024-01-21,2214.47,2599.59,2407.03
Tomato,Maharashtra,Nashik,2024-01-28,3089.29,3626.56,3357.92
Tomato,Maharashtra,Nashik,2024-02-04,2445.58,2870.9,2658.24
Tomato,Maharashtra,Nashik,2024-02-11,2606.45,3059.75,2833.1
Tomato,Maharashtra,Nashik,2024-02-18,2255.1,2647.29,2451.19
Tomato,Maharashtra,Nashik,2024-02-25,2816.11,3305.87,3060.99
Tomato,Maharashtra,Nashik,2024-03-03,2193.43,2574.9,2384.17
Tomato,Maharashtra,Nashik,2024-03-10,1910.44,2242.69,2076.56
Tomato,Maharashtra,Nashik,2024-03-17,2097.54,2462.33,2279.93
Tomato,Maharashtra,Nashik,2024-03-24,1598.42,1876.41,1737.41
Tomato,Maharashtra,Nashik,2024-03-31,2083.5,2445.85,2264.68
Tomato,Maharashtra,Nashik,2024-04-07,1964.87,2306.58,2135.72
Tomato,Maharashtra,Nashik,2024-04-14,1364.41,1601.7,1483.05
Tomato,Maharashtra,Nashik,2024-04-21,1697.02,1992.15,1844.58
Tomato,Maharashtra,Nashik,2024-04-28,1873.29,2199.08,2036.19
Tomato,Maharashtra,Nashik,2024-05-05,718.87,843.89,781.38
Tomato,Maharashtra,Nashik,2024-05-12,1395.34,1638.01,1516.68
Tomato,Maharashtra,Nashik,2024-05-19,1094.22,1284.52,1189.37
Tomato,Maharashtra,Nashik,2024-05-26,1547.71,1816.88,1682.3
Tomato,Maharashtra,Nashik,2024-06-02,1327.64,1558.54,1443.09
Tomato,Maharashtra,Nashik,2024-06-09,1443.59,1694.65,1569.12
Tomato,Maharashtra,Nashik,2024-06-16,2230.32,2618.2,2424.26
Tomato,Maharashtra,Nashik,2024-06-23,2192.17,2573.42,2382.79
Tomato,Maharashtra,Nashik,2024-06-30,1949.29,2288.3,2118.8
Tomato,Maharashtra,Nashik,2024-07-07,2357.89,2767.96,2562.93
Tomato,Maharashtra,Nashik,2024-07-14,1938.57,2275.71,2107.14
Tomato,Maharashtra,Nashik,2024-07-21,2459.76,2887.54,2673.65
Tomato,Maharashtra,Nashik,2024-07-28,2030.15,2383.22,2206.69
Tomato,Maharashtra,Nashik,2024-08-04,2393.02,2809.19,2601.1
Tomato,Maharashtra,Nashik,2024-08-11,2783.08,3267.1,3025.09
Tomato,Maharashtra,Nashik,2024-08-18,2973.47,3490.59,3232.03
Tomato,Maharashtra,Nashik,2024-08-25,2675.63,3140.96,2908.3
Tomato,Maharashtra,Nashik,2024-09-01,2975.54,3493.03,3234.29
Tomato,Maharashtra,Nashik,2024-09-08,3379.17,3966.86,3673.01
Tomato,Maharashtra,Nashik,2024-09-15,2748.57,3226.58,2987.58
Tomato,Maharashtra,Nashik,2024-09-22,3448.85,4048.66,3748.75
Tomato,Maharashtra,Nashik,2024-09-29,3674.88,4313.99,3994.43
Tomato,Maharashtra,Nashik,2024-10-06,3500.59,4109.39,3804.99
Tomato,Maharashtra,Nashik,2024-10-13,3257.82,3824.39,3541.11
Tomato,Maharashtra,Nashik,2024-10-20,3543.88,4160.21,3852.05
Tomato,Maharashtra,Nashik,2024-10-27,3228.26,3789.7,3508.98
Tomato,Maharashtra,Nashik,2024-11-03,3034.3,3562.01,3298.15
Tomato,Maharashtra,Nashik,2024-11-10,2893.41,3396.61,3145.01
Tomato,Maharashtra,Nashik,2024-11-17,2474.62,2904.99,2689.81
Tomato,Maharashtra,Nashik,2024-11-24,3113.81,3655.34,3384.58
Tomato,Maharashtra,Nashik,2024-12-01,2566.4,3012.73,2789.57
Tomato,Maharashtra,Nashik,2024-12-08,2692.05,3160.23,2926.14
Tomato,Maharashtra,Nashik,2024-12-15,2225.3,2612.31,2418.8
Tomato,Maharashtra,Nashik,2024-12-22,2111.3,2478.48,2294.89
Tomato,Maharashtra,Nashik,2024-12-29,2644.19,3104.05,2874.12
Tomato,Maharashtra,Nashik,2025-01-05,2141.28,2513.67,2327.47
Tomato,Maharashtra,Nashik,2025-01-12,1900.01,2230.44,2065.22
Tomato,Maharashtra,Nashik,2025-01-19,1716.38,2014.88,1865.63
Tomato,Maharashtra,Nashik,2025-01-26,1773.83,2082.32,1928.07
Tomato,Maharashtra,Nashik,2025-02-02,1181.37,1386.83,1284.1
Tomato,Maharashtra,Nashik,2025-02-09,1787.88,2098.81,1943.35
Tomato,Maharashtra,Nashik,2025-02-16,1372.91,1611.68,1492.29
Tomato,Maharashtra,Nashik,2025-02-23,1310.32,1538.2,1424.26
Tomato,Maharashtra,Nashik,2025-03-02,1247.94,1464.98,1356.46
Tomato,Maharashtra,Nashik,2025-03-09,1455.39,1708.5,1581.94
Tomato,Maharashtra,Nashik,2025-03-16,953.19,1118.96,1036.08
Tomato,Maharashtra,Nashik,2025-03-23,953.11,1118.87,1035.99
Tomato,Maharashtra,Nashik,2025-03-30,1335.84,1568.16,1452.0
Tomato,Maharashtra,Nashik,2025-04-06,2116.73,2484.85,2300.79
Tomato,Maharashtra,Nashik,2025-04-13,1258.28,1477.11,1367.7
Tomato,Maharashtra,Nashik,2025-04-20,1163.38,1365.71,1264.54
Tomato,Maharashtra,Nashik,2025-04-27,1059.26,1243.48,1151.37
Tomato,Maharashtra,Nashik,2025-05-04,1506.81,1768.86,1637.83
Tomato,Maharashtra,Nashik,2025-05-11,1370.07,1608.34,1489.21
Tomato,Maharashtra,Nashik,2025-05-18,1683.21,1975.94,1829.57
Tomato,Maharashtra,Nashik,2025-05-25,1830.43,2148.77,1989.6
Tomato,Maharashtra,Nashik,2025-06-01,1627.51,1910.56,1769.04
Tomato,Maharashtra,Nashik,2025-06-08,1516.88,1780.69,1648.79
Tomato,Maharashtra,Nashik,2025-06-15,891.33,1046.34,968.84
Tomato,Maharashtra,Nashik,2025-06-22,1049.14,1231.6,1140.37
Tomato,Maharashtra,Nashik,2025-06-29,1426.36,1674.42,1550.39
Tomato,Maharashtra,Nashik,2025-07-06,1626.63,1909.52,1768.07
Tomato,Maharashtra,Nashik,2025-07-13,2243.34,2633.49,2438.42
Tomato,Maharashtra,Nashik,2025-07-20,2492.03,2925.43,2708.73
Tomato,Maharashtra,Nashik,2025-07-27,1512.05,1775.02,1643.54
Tomato,Maharashtra,Nashik,2025-08-03,2773.07,3255.35,3014.21
Tomato,Maharashtra,Nashik,2025-08-10,2432.26,2855.26,2643.76
Tomato,Maharashtra,Nashik,2025-08-17,3037.13,3565.33,3301.23
Tomato,Maharashtra,Nashik,2025-08-24,2078.18,2439.61,2258.89
Tomato,Maharashtra,Nashik,2025-08-31,2427.22,2849.35,2638.28
Tomato,Maharashtra,Nashik,2025-09-07,3520.59,4132.87,3826.73
Tomato,Maharashtra,Nashik,2025-09-14,2695.07,3163.78,2929.42
Tomato,Maharashtra,Nashik,2025-09-21,3135.17,3680.41,3407.79
Tomato,Maharashtra,Nashik,2025-09-28,2826.5,3318.07,3072.29
Tomato,Maharashtra,Nashik,2025-10-05,3181.54,3734.85,3458.19
Tomato,Maharashtra,Nashik,2025-10-12,3620.19,4249.79,3934.99
Tomato,Maharashtra,Nashik,2025-10-19,3305.95,3880.89,3593.42
Tomato,Maharashtra,Nashik,2025-10-26,3144.9,3691.83,3418.37
Tomato,Maharashtra,Nashik,2025-11-02,3225.46,3786.41,3505.93
Tomato,Maharashtra,Nashik,2025-11-09,3009.61,3533.02,3271.32
Tomato,Maharashtra,Nashik,2025-11-16,2638.76,3097.68,2868.22
Tomato,Maharashtra,Nashik,2025-11-23,3572.81,4194.17,3883.49
Tomato,Maharashtra,Nashik,2025-11-30,2845.44,3340.29,3092.87
Tomato,Maharashtra,Nashik,2025-12-07,3537.09,4152.23,3844.66
Tomato,Maharashtra,Nashik,2025-12-14,2816.7,3306.56,3061.63
Tomato,Maharashtra,Nashik,2025-12-21,3176.85,3729.35,3453.1
Tomato,Maharashtra,Nashik,2025-12-28,2939.52,3450.74,3195.13
Tomato,Maharashtra,Nashik,2026-01-04,2528.63,2968.39,2748.51
Tomato,Maharashtra,Nashik,2026-01-11,2304.4,2705.17,2504.79
Tomato,Maharashtra,Nashik,2026-01-18,2412.13,2831.64,2621.89
Tomato,Maharashtra,Nashik,2026-01-25,2800.43,3287.47,3043.95
Tomato,Maharashtra,Nashik,2026-02-01,1502.33,1763.61,1632.97
Tomato,Maharashtra,Nashik,2026-02-08,2081.07,2443.0,2262.03
Tomato,Maharashtra,Nashik,2026-02-15,2174.88,2553.12,2364.0
Tomato,Maharashtra,Nashik,2026-02-22,1907.81,2239.6,2073.7
Tomato,Maharashtra,Nashik,2026-03-01,1010.03,1185.69,1097.86
Tomato,Maharashtra,Nashik,2026-03-08,2032.46,2385.93,2209.19
Tomato,Maharashtra,Nashik,2026-03-15,1767.24,2074.58,1920.91
Tomato,Maharashtra,Nashik,2026-03-22,1319.24,1548.67,1433.95
Tomato,Maharashtra,Nashik,2026-03-29,1617.12,1898.36,1757.74
Tomato,Maharashtra,Nashik,2026-04-05,1504.24,1765.85,1635.04
Tomato,Maharashtra,Nashik,2026-04-12,1758.39,2064.2,1911.3
Tomato,Maharashtra,Nashik,2026-04-19,1550.33,1819.95,1685.14
Tomato,Maharashtra,Nashik,2026-04-26,1544.36,1812.95,1678.65
Tomato,Maharashtra,Nashik,2026-05-03,1425.15,1673.0,1549.08
Tomato,Maharashtra,Nashik,2026-05-10,1341.44,1574.73,1458.08
Tomato,Maharashtra,Nashik,2026-05-17,1414.16,1660.1,1537.13
Tomato,Maharashtra,Nashik,2026-05-24,1001.96,1176.21,1089.08
Tomato,Maharashtra,Nashik,2026-05-31,1328.11,1559.09,1443.6
Tomato,Maharashtra,Nashik,2026-06-07,1545.51,1814.29,1679.9
Tomato,Maharashtra,Nashik,2026-06-14,1459.81,1713.68,1586.75
Tomato,Maharashtra,Nashik,2026-06-21,1384.12,1624.83,1504.48
Tomato,Maharashtra,Nashik,2026-06-28,1386.96,1628.17,1507.57
Tomato,Maharashtra,Nashik,2026-07-05,1720.7,2019.96,1870.33
Tomato,Maharashtra,Nashik,2026-07-12,1720.98,2020.29,1870.63
Tomato,Maharashtra,Nashik,2026-07-19,2438.36,2862.42,2650.39
Tomato,Maharashtra,Nashik,2026-07-26,1520.76,1785.24,1653.0
Tomato,Maharashtra,Nashik,2026-08-02,2258.09,2650.8,2454.45
Tomato,Maharashtra,Nashik,2026-08-09,2623.88,3080.21,2852.04
Tomato,Maharashtra,Nashik,2026-08-16,2311.44,2713.43,2512.43
Tomato,Maharashtra,Nashik,2026-08-23,2575.63,3023.56,2799.6
Tomato,Maharashtra,Nashik,2026-08-30,2204.09,2587.41,2395.75
Tomato,Uttar Pradesh,Lucknow,2020-01-05,1578.8,1853.37,1716.08
Tomato,Uttar Pradesh,Lucknow,2020-01-12,1256.95,1475.55,1366.25
Tomato,Uttar Pradesh,Lucknow,2020-01-19,1538.69,1806.29,1672.49
Tomato,Uttar Pradesh,Lucknow,2020-01-26,1295.66,1520.99,1408.32
Tomato,Uttar Pradesh,Lucknow,2020-02-02,983.73,1154.82,1069.28
Tomato,Uttar Pradesh,Lucknow,2020-02-09,1248.51,1465.64,1357.07
Tomato,Uttar Pradesh,Lucknow,2020-02-16,885.02,1038.93,961.97
Tomato,Uttar Pradesh,Lucknow,2020-02-23,1674.97,1966.27,1820.62
Tomato,Uttar Pradesh,Lucknow,2020-03-01,954.53,1120.54,1037.54
Tomato,Uttar Pradesh,Lucknow,2020-03-08,745.2,874.8,810.0
Tomato,Uttar Pradesh,Lucknow,2020-03-15,580.82,681.83,631.33
Tomato,Uttar Pradesh,Lucknow,2020-03-22,1143.43,1342.29,1242.86
Tomato,Uttar Pradesh,Lucknow,2020-03-29,985.33,1156.69,1071.01
Tomato,Uttar Pradesh,Lucknow,2020-04-05,835.88,981.25,908.56
Tomato,Uttar Pradesh,Lucknow,2020-04-12,888.23,1042.7,965.46
Tomato,Uttar Pradesh,Lucknow,2020-04-19,523.45,614.49,568.97
Tomato,Uttar Pradesh,Lucknow,2020-04-26,524.17,615.33,569.75
Tomato,Uttar Pradesh,Lucknow,2020-05-03,379.85,445.91,412.88
Tomato,Uttar Pradesh,Lucknow,2020-05-10,224.77,263.86,244.32
Tomato,Uttar Pradesh,Lucknow,2020-05-17,846.7,993.96,920.33
Tomato,Uttar Pradesh,Lucknow,2020-05-24,1206.34,1416.14,1311.24
Tomato,Uttar Pradesh,Lucknow,2020-05-31,1322.09,1552.02,1437.06
Tomato,Uttar Pradesh,Lucknow,2020-06-07,1376.48,1615.86,1496.17
Tomato,Uttar Pradesh,Lucknow,2020-06-14,993.28,1166.03,1079.66
Tomato,Uttar Pradesh,Lucknow,2020-06-21,1211.03,1421.65,1316.34
Tomato,Uttar Pradesh,Lucknow,2020-06-28,1630.83,1914.45,1772.64
Tomato,Uttar Pradesh,Lucknow,2020-07-05,949.25,1114.34,1031.8
Tomato,Uttar Pradesh,Lucknow,2020-07-12,1318.08,1547.32,1432.7
Tomato,Uttar Pradesh,Lucknow,2020-07-19,1414.15,1660.09,1537.12
Tomato,Uttar Pradesh,Lucknow,2020-07-26,1203.84,1413.2,1308.52
Tomato,Uttar Pradesh,Lucknow,2020-08-02,1670.85,1961.43,1816.14
Tomato,Uttar Pradesh,Lucknow,2020-08-09,2707.17,3177.98,2942.57
Tomato,Uttar Pradesh,Lucknow,2020-08-16,1901.17,2231.8,2066.48
Tomato,Uttar Pradesh,Lucknow,2020-08-23,1687.69,1981.2,1834.45
Tomato,Uttar Pradesh,Lucknow,2020-08-30,2022.86,2374.66,2198.76
Tomato,Uttar Pradesh,Lucknow,2020-09-06,2412.55,2832.13,2622.34
Tomato,Uttar Pradesh,Lucknow,2020-09-13,2850.52,3346.27,3098.4
Tomato,Uttar Pradesh,Lucknow,2020-09-20,1934.16,2270.53,2102.35
Tomato,Uttar Pradesh,Lucknow,2020-09-27,2039.67,2394.39,2217.03
Tomato,Uttar Pradesh,Lucknow,2020-10-04,2135.65,2507.07,2321.36
Tomato,Uttar Pradesh,Lucknow,2020-10-11,2686.92,3154.22,2920.57
Tomato,Uttar Pradesh,Lucknow,2020-10-18,2186.11,2566.31,2376.21
Tomato,Uttar Pradesh,Lucknow,2020-10-25,2025.97,2378.31,2202.14
Tomato,Uttar Pradesh,Lucknow,2020-11-01,2382.67,2797.05,2589.86
Tomato,Uttar Pradesh,Lucknow,2020-11-08,2445.31,2870.58,2657.94
Tomato,Uttar Pradesh,Lucknow,2020-11-15,2436.26,2859.96,2648.11
Tomato,Uttar Pradesh,Lucknow,2020-11-22,2303.06,2703.6,2503.33
Tomato,Uttar Pradesh,Lucknow,2020-11-29,2582.29,3031.38,2806.83
Tomato,Uttar Pradesh,Lucknow,2020-12-06,2208.36,2592.42,2400.39
Tomato,Uttar Pradesh,Lucknow,2020-12-13,1832.35,2151.03,1991.69
Tomato,Uttar Pradesh,Lucknow,2020-12-20,1826.65,2144.33,1985.49
Tomato,Uttar Pradesh,Lucknow,2020-12-27,2138.98,2510.98,2324.98
Tomato,Uttar Pradesh,Lucknow,2021-01-03,1771.99,2080.17,1926.08
Tomato,Uttar Pradesh,Lucknow,2021-01-10,1990.82,2337.05,2163.94
Tomato,Uttar Pradesh,Lucknow,2021-01-17,1886.94,2215.1,2051.02
Tomato,Uttar Pradesh,Lucknow,2021-01-24,2333.79,2739.67,2536.73
Tomato,Uttar Pradesh,Lucknow,2021-01-31,1803.76,2117.46,1960.61
Tomato,Uttar Pradesh,Lucknow,2021-02-07,793.41,931.39,862.4
Tomato,Uttar Pradesh,Lucknow,2021-02-14,1085.44,1274.22,1179.83
Tomato,Uttar Pradesh,Lucknow,2021-02-21,1018.41,1195.52,1106.97
Tomato,Uttar Pradesh,Lucknow,2021-02-28,548.84,644.29,596.56
Tomato,Uttar Pradesh,Lucknow,2021-03-07,705.04,827.65,766.35
Tomato,Uttar Pradesh,Lucknow,2021-03-14,999.57,1173.41,1086.49
Tomato,Uttar Pradesh,Lucknow,2021-03-21,1242.96,1459.13,1351.05
Tomato,Uttar Pradesh,Lucknow,2021-03-28,1227.23,1440.67,1333.95
Tomato,Uttar Pradesh,Lucknow,2021-04-04,1179.58,1384.72,1282.15
Tomato,Uttar Pradesh,Lucknow,2021-04-11,1045.29,1227.08,1136.19
Tomato,Uttar Pradesh,Lucknow,2021-04-18,1568.6,1841.4,1705.0
Tomato,Uttar Pradesh,Lucknow,2021-04-25,1169.53,1372.93,1271.23
Tomato,Uttar Pradesh,Lucknow,2021-05-02,1527.15,1792.74,1659.94
Tomato,Uttar Pradesh,Lucknow,2021-05-09,1787.74,2098.66,1943.2
Tomato,Uttar Pradesh,Lucknow,2021-05-16,1424.89,1672.7,1548.8
Tomato,Uttar Pradesh,Lucknow,2021-05-23,932.54,1094.72,1013.63
Tomato,Uttar Pradesh,Lucknow,2021-05-30,1309.24,1536.94,1423.09
Tomato,Uttar Pradesh,Lucknow,2021-06-06,1685.9,1979.1,1832.5
Tomato,Uttar Pradesh,Lucknow,2021-06-13,1576.93,1851.18,1714.06
Tomato,Uttar Pradesh,Lucknow,2021-06-20,2120.3,2489.05,2304.68
Tomato,Uttar Pradesh,Lucknow,2021-06-27,1992.83,2339.41,2166.12
Tomato,Uttar Pradesh,Lucknow,2021-07-04,1838.87,2158.68,1998.77
Tomato,Uttar Pradesh,Lucknow,2021-07-11,2292.79,2691.54,2492.16
Tomato,Uttar Pradesh,Lucknow,2021-07-18,2287.74,2685.6,2486.67
Tomato,Uttar Pradesh,Lucknow,2021-07-25,2505.53,2941.28,2723.41
Tomato,Uttar Pradesh,Lucknow,2021-08-01,2895.51,3399.08,3147.3
Tomato,Uttar Pradesh,Lucknow,2021-08-08,2786.57,3271.2,3028.88
Tomato,Uttar Pradesh,Lucknow,2021-08-15,3166.0,3716.61,3441.31
Tomato,Uttar Pradesh,Lucknow,2021-08-22,2945.02,3457.19,3201.11
Tomato,Uttar Pradesh,Lucknow,2021-08-29,2346.16,2754.18,2550.17
Tomato,Uttar Pradesh,Lucknow,2021-09-05,2927.4,3436.51,3181.95
Tomato,Uttar Pradesh,Lucknow,2021-09-12,3202.5,3759.46,3480.98
Tomato,Uttar Pradesh,Lucknow,2021-09-19,3406.3,3998.7,3702.5
Tomato,Uttar Pradesh,Lucknow,2021-09-26,3288.58,3860.5,3574.54
Tomato,Uttar Pradesh,Lucknow,2021-10-03,3681.45,4321.7,4001.57
Tomato,Uttar Pradesh,Lucknow,2021-10-10,3247.73,3812.55,3530.14
Tomato,Uttar Pradesh,Lucknow,2021-10-17,3795.85,4456.0,4125.93
Tomato,Uttar Pradesh,Lucknow,2021-10-24,3205.03,3762.42,3483.72
Tomato,Uttar Pradesh,Lucknow,2021-10-31,4072.55,4780.82,4426.69
Tomato,Uttar Pradesh,Lucknow,2021-11-07,3311.25,3887.12,3599.18
Tomato,Uttar Pradesh,Lucknow,2021-11-14,3653.0,4288.31,3970.66
Tomato,Uttar Pradesh,Lucknow,2021-11-21,3543.25,4159.46,3851.35
Tomato,Uttar Pradesh,Lucknow,2021-11-28,3575.84,4197.72,3886.78
Tomato,Uttar Pradesh,Lucknow,2021-12-05,3187.63,3742.01,3464.82
Tomato,Uttar Pradesh,Lucknow,2021-12-12,2765.08,3245.96,3005.52
Tomato,Uttar Pradesh,Lucknow,2021-12-19,3048.12,3578.23,3313.18
Tomato,Uttar Pradesh,Lucknow,2021-12-26,3009.07,3532.39,3270.73
Tomato,Uttar Pradesh,Lucknow,2022-01-02,2595.5,3046.89,2821.19
Tomato,Uttar Pradesh,Lucknow,2022-01-09,2968.96,3485.3,3227.13
Tomato,Uttar Pradesh,Lucknow,2022-01-16,2704.59,3174.95,2939.77
Tomato,Uttar Pradesh,Lucknow,2022-01-23,3097.86,3636.62,3367.24
Tomato,Uttar Pradesh,Lucknow,2022-01-30,3026.91,3553.33,3290.12
Tomato,Uttar Pradesh,Lucknow,2022-02-06,2553.14,2997.17,2775.16
Tomato,Uttar Pradesh,Lucknow,2022-02-13,2450.29,2876.43,2663.36
Tomato,Uttar Pradesh,Lucknow,2022-02-20,2627.57,3084.54,2856.05
Tomato,Uttar Pradesh,Lucknow,2022-02-27,1952.57,2292.14,2122.36
Tomato,Uttar Pradesh,Lucknow,2022-03-06,2394.65,2811.11,2602.88
Tomato,Uttar Pradesh,Lucknow,2022-03-13,2116.53,2484.63,2300.58
Tomato,Uttar Pradesh,Lucknow,2022-03-20,2236.79,2625.8,2431.29
Tomato,Uttar Pradesh,Lucknow,2022-03-27,1685.04,1978.09,1831.57
Tomato,Uttar Pradesh,Lucknow,2022-04-03,1607.58,1887.16,1747.37
Tomato,Uttar Pradesh,Lucknow,2022-04-10,1467.4,1722.61,1595.0
Tomato,Uttar Pradesh,Lucknow,2022-04-17,1573.41,1847.05,1710.23
Tomato,Uttar Pradesh,Lucknow,2022-04-24,2039.78,2394.53,2217.16
Tomato,Uttar Pradesh,Lucknow,2022-05-01,1960.14,2301.03,2130.59
Tomato,Uttar Pradesh,Lucknow,2022-05-08,2073.34,2433.92,2253.63
Tomato,Uttar Pradesh,Lucknow,2022-05-15,1913.8,2246.63,2080.21
Tomato,Uttar Pradesh,Lucknow,2022-05-22,2210.03,2594.38,2402.2
Tomato,Uttar Pradesh,Lucknow,2022-05-29,1946.37,2284.87,2115.62
Tomato,Uttar Pradesh,Lucknow,2022-06-05,2322.7,2726.64,2524.67
Tomato,Uttar Pradesh,Lucknow,2022-06-12,2611.91,3066.16,2839.04
Tomato,Uttar Pradesh,Lucknow,2022-06-19,2191.17,2572.25,2381.71
Tomato,Uttar Pradesh,Lucknow,2022-06-26,2089.96,2453.43,2271.7
Tomato,Uttar Pradesh,Lucknow,2022-07-03,2235.88,2624.72,2430.3
Tomato,Uttar Pradesh,Lucknow,2022-07-10,2456.55,2883.77,2670.16
Tomato,Uttar Pradesh,Lucknow,2022-07-17,2434.18,2857.52,2645.85
Tomato,Uttar Pradesh,Lucknow,2022-07-24,1957.08,2297.44,2127.26
Tomato,Uttar Pradesh,Lucknow,2022-07-31,2914.96,3421.91,3168.44
Tomato,Uttar Pradesh,Lucknow,2022-08-07,2760.75,3240.89,3000.82
Tomato,Uttar Pradesh,Lucknow,2022-08-14,2509.44,2945.86,2727.65
Tomato,Uttar Pradesh,Lucknow,2022-08-21,3093.76,3631.8,3362.78
Tomato,Uttar Pradesh,Lucknow,2022-08-28,3039.95,3568.63,3304.29
Tomato,Uttar Pradesh,Lucknow,2022-09-04,3354.32,3937.68,3646.0
Tomato,Uttar Pradesh,Lucknow,2022-09-11,3208.0,3765.91,3486.95
Tomato,Uttar Pradesh,Lucknow,2022-09-18,3094.56,3632.74,3363.65
Tomato,Uttar Pradesh,Lucknow,2022-09-25,3580.49,4203.18,3891.84
Tomato,Uttar Pradesh,Lucknow,2022-10-02,3264.85,3832.65,3548.75
Tomato,Uttar Pradesh,Lucknow,2022-10-09,3464.04,4066.49,3765.27
Tomato,Uttar Pradesh,Lucknow,2022-10-16,3485.77,4092.0,3788.88
Tomato,Uttar Pradesh,Lucknow,2022-10-23,3130.93,3675.44,3403.18
Tomato,Uttar Pradesh,Lucknow,2022-10-30,3314.57,3891.02,3602.79
Tomato,Uttar Pradesh,Lucknow,2022-11-06,3353.77,3937.04,3645.41
Tomato,Uttar Pradesh,Lucknow,2022-11-13,2995.59,3516.56,3256.07
Tomato,Uttar Pradesh,Lucknow,2022-11-20,3064.52,3597.48,3331.0
Tomato,Uttar Pradesh,Lucknow,2022-11-27,3123.9,3667.19,3395.54
Tomato,Uttar Pradesh,Lucknow,2022-12-04,2750.63,3229.0,2989.82
Tomato,Uttar Pradesh,Lucknow,2022-12-11,2999.46,3521.1,3260.28
Tomato,Uttar Pradesh,Lucknow,2022-12-18,3194.61,3750.19,3472.4
Tomato,Uttar Pradesh,Lucknow,2022-12-25,2688.22,3155.73,2921.97
Tomato,Uttar Pradesh,Lucknow,2023-01-01,2189.35,2570.1,2379.72
Tomato,Uttar Pradesh,Lucknow,2023-01-08,2564.51,3010.51,2787.51
Tomato,Uttar Pradesh,Lucknow,2023-01-15,2323.29,2727.34,2525.32
Tomato,Uttar Pradesh,Lucknow,2023-01-22,2178.06,2556.85,2367.45
Tomato,Uttar Pradesh,Lucknow,2023-01-29,2310.3,2712.09,2511.19
Tomato,Uttar Pradesh,Lucknow,2023-02-05,2035.71,2389.75,2212.73
Tomato,Uttar Pradesh,Lucknow,2023-02-12,2082.53,2444.7,2263.61
Tomato,Uttar Pradesh,Lucknow,2023-02-19,2361.95,2772.73,2567.34
Tomato,Uttar Pradesh,Lucknow,2023-02-26,3050.14,3580.6,3315.37
Tomato,Uttar Pradesh,Lucknow,2023-03-05,1738.24,2040.54,1889.39
Tomato,Uttar Pradesh,Lucknow,2023-03-12,1885.27,2213.15,2049.21
Tomato,Uttar Pradesh,Lucknow,2023-03-19,1677.4,1969.12,1823.26
Tomato,Uttar Pradesh,Lucknow,2023-03-26,2467.78,2896.96,2682.37
Tomato,Uttar Pradesh,Lucknow,2023-04-02,1773.13,2081.5,1927.32
Tomato,Uttar Pradesh,Lucknow,2023-04-09,2361.07,2771.69,2566.38
Tomato,Uttar Pradesh,Lucknow,2023-04-16,2127.85,2497.91,2312.88
Tomato,Uttar Pradesh,Lucknow,2023-04-23,1745.16,2048.66,1896.91
Tomato,Uttar Pradesh,Lucknow,2023-04-30,1709.67,2007.01,1858.34
Tomato,Uttar Pradesh,Lucknow,2023-05-07,1900.73,2231.29,2066.01
Tomato,Uttar Pradesh,Lucknow,2023-05-14,1984.06,2329.12,2156.59
Tomato,Uttar Pradesh,Lucknow,2023-05-21,1523.75,1788.75,1656.25
Tomato,Uttar Pradesh,Lucknow,2023-05-28,1616.56,1897.71,1757.13
Tomato,Uttar Pradesh,Lucknow,2023-06-04,1565.09,1837.27,1701.18
Tomato,Uttar Pradesh,Lucknow,2023-06-11,2192.6,2573.92,2383.26
Tomato,Uttar Pradesh,Lucknow,2023-06-18,1965.29,2307.08,2136.19
Tomato,Uttar Pradesh,Lucknow,2023-06-25,1581.51,1856.56,1719.04
Tomato,Uttar Pradesh,Lucknow,2023-07-02,2414.24,2834.11,2624.17
Tomato,Uttar Pradesh,Lucknow,2023-07-09,2810.82,3299.66,3055.24
Tomato,Uttar Pradesh,Lucknow,2023-07-16,2754.44,3233.47,2993.95
Tomato,Uttar Pradesh,Lucknow,2023-07-23,2216.05,2601.45,2408.75
Tomato,Uttar Pradesh,Lucknow,2023-07-30,2410.74,2830.0,2620.37
Tomato,Uttar Pradesh,Lucknow,2023-08-06,2641.66,3101.08,2871.37
Tomato,Uttar Pradesh,Lucknow,2023-08-13,3536.99,4152.12,3844.55
Tomato,Uttar Pradesh,Lucknow,2023-08-20,3526.48,4139.78,3833.13
Tomato,Uttar Pradesh,Lucknow,2023-08-27,2971.67,3488.49,3230.08
Tomato,Uttar Pradesh,Lucknow,2023-09-03,3597.32,4222.94,3910.13
Tomato,Uttar Pradesh,Lucknow,2023-09-10,3417.05,4011.31,3714.18
Tomato,Uttar Pradesh,Lucknow,2023-09-17,3657.36,4293.42,3975.39
Tomato,Uttar Pradesh,Lucknow,2023-09-24,3288.23,3860.09,3574.16
Tomato,Uttar Pradesh,Lucknow,2023-10-01,3943.4,4629.21,4286.3
Tomato,Uttar Pradesh,Lucknow,2023-10-08,4225.1,4959.9,4592.5
Tomato,Uttar Pradesh,Lucknow,2023-10-15,3958.67,4647.13,4302.9
Tomato,Uttar Pradesh,Lucknow,2023-10-22,3405.95,3998.29,3702.12
Tomato,Uttar Pradesh,Lucknow,2023-10-29,3943.32,4629.11,4286.21
Tomato,Uttar Pradesh,Lucknow,2023-11-05,3878.63,4553.18,4215.91
Tomato,Uttar Pradesh,Lucknow,2023-11-12,3792.48,4452.05,4122.27
Tomato,Uttar Pradesh,Lucknow,2023-11-19,4139.0,4858.83,4498.91
Tomato,Uttar Pradesh,Lucknow,2023-11-26,3633.74,4265.69,3949.71
Tomato,Uttar Pradesh,Lucknow,2023-12-03,3565.49,4185.57,3875.53
Tomato,Uttar Pradesh,Lucknow,2023-12-10,2719.95,3192.99,2956.47
Tomato,Uttar Pradesh,Lucknow,2023-12-17,3340.62,3921.6,3631.11
Tomato,Uttar Pradesh,Lucknow,2023-12-24,3326.68,3905.23,3615.96
Tomato,Uttar Pradesh,Lucknow,2023-12-31,3514.23,4125.4,3819.81
Tomato,Uttar Pradesh,Lucknow,2024-01-07,2366.51,2778.07,2572.29
Tomato,Uttar Pradesh,Lucknow,2024-01-14,2861.95,3359.67,3110.81
Tomato,Uttar Pradesh,Lucknow,2024-01-21,2874.77,3374.73,3124.75
Tomato,Uttar Pradesh,Lucknow,2024-01-28,2622.36,3078.42,2850.39
Tomato,Uttar Pradesh,Lucknow,2024-02-04,2404.5,2822.68,2613.59
Tomato,Uttar Pradesh,Lucknow,2024-02-11,2350.88,2759.72,2555.3
Tomato,Uttar Pradesh,Lucknow,2024-02-18,2121.04,2489.92,2305.48
Tomato,Uttar Pradesh,Lucknow,2024-02-25,1704.97,2001.49,1853.23
Tomato,Uttar Pradesh,Lucknow,2024-03-03,1597.65,1875.5,1736.57
Tomato,Uttar Pradesh,Lucknow,2024-03-10,1438.11,1688.21,1563.16
Tomato,Uttar Pradesh,Lucknow,2024-03-17,1725.66,2025.78,1875.72
Tomato,Uttar Pradesh,Lucknow,2024-03-24,1540.98,1808.98,1674.98
Tomato,Uttar Pradesh,Lucknow,2024-03-31,1523.03,1787.91,1655.47
Tomato,Uttar Pradesh,Lucknow,2024-04-07,1753.55,2058.51,1906.03
Tomato,Uttar Pradesh,Lucknow,2024-04-14,1393.33,1635.64,1514.48
Tomato,Uttar Pradesh,Lucknow,2024-04-21,1125.88,1321.68,1223.78
Tomato,Uttar Pradesh,Lucknow,2024-04-28,1731.67,2032.83,1882.25
Tomato,Uttar Pradesh,Lucknow,2024-05-05,1940.01,2277.41,2108.71
Tomato,Uttar Pradesh,Lucknow,2024-05-12,1725.52,2025.61,1875.56
Tomato,Uttar Pradesh,Lucknow,2024-05-19,1561.09,1832.59,1696.84
Tomato,Uttar Pradesh,Lucknow,2024-05-26,1771.18,2079.21,1925.2
Tomato,Uttar Pradesh,Lucknow,2024-06-02,1601.36,1879.85,1740.61
Tomato,Uttar Pradesh,Lucknow,2024-06-09,2356.19,2765.96,2561.07
Tomato,Uttar Pradesh,Lucknow,2024-06-16,2791.87,3277.41,3034.64
Tomato,Uttar Pradesh,Lucknow,2024-06-23,1980.31,2324.71,2152.51
Tomato,Uttar Pradesh,Lucknow,2024-06-30,2026.23,2378.61,2202.42
Tomato,Uttar Pradesh,Lucknow,2024-07-07,2091.76,2455.54,2273.65
Tomato,Uttar Pradesh,Lucknow,2024-07-14,2407.84,2826.59,2617.22
Tomato,Uttar Pradesh,Lucknow,2024-07-21,3144.33,3691.17,3417.75
Tomato,Uttar Pradesh,Lucknow,2024-07-28,2433.08,2856.23,2644.65
Tomato,Uttar Pradesh,Lucknow,2024-08-04,3005.5,3528.19,3266.85
Tomato,Uttar Pradesh,Lucknow,2024-08-11,3151.58,3699.68,3425.63
Tomato,Uttar Pradesh,Lucknow,2024-08-18,2948.99,3461.86,3205.43
Tomato,Uttar Pradesh,Lucknow,2024-08-25,3340.42,3921.37,3630.9
Tomato,Uttar Pradesh,Lucknow,2024-09-01,3658.79,4295.1,3976.94
Tomato,Uttar Pradesh,Lucknow,2024-09-08,3310.6,3886.36,3598.48
Tomato,Uttar Pradesh,Lucknow,2024-09-15,3123.34,3666.53,3394.94
Tomato,Uttar Pradesh,Lucknow,2024-09-22,2768.82,3250.36,3009.59
Tomato,Uttar Pradesh,Lucknow,2024-09-29,3216.84,3776.3,3496.57
Tomato,Uttar Pradesh,Lucknow,2024-10-06,3725.5,4373.42,4049.46
Tomato,Uttar Pradesh,Lucknow,2024-10-13,3641.55,4274.86,3958.2
Tomato,Uttar Pradesh,Lucknow,2024-10-20,3687.12,4328.36,4007.74
Tomato,Uttar Pradesh,Lucknow,2024-10-27,3698.71,4341.96,4020.34
Tomato,Uttar Pradesh,Lucknow,2024-11-03,3118.11,3660.39,3389.25
Tomato,Uttar Pradesh,Lucknow,2024-11-10,3680.81,4320.95,4000.88
Tomato,Uttar Pradesh,Lucknow,2024-11-17,3248.01,3812.88,3530.45
Tomato,Uttar Pradesh,Lucknow,2024-11-24,3379.88,3967.68,3673.78
Tomato,Uttar Pradesh,Lucknow,2024-12-01,2924.45,3433.05,3178.75
Tomato,Uttar Pradesh,Lucknow,2024-12-08,3536.05,4151.02,3843.53
Tomato,Uttar Pradesh,Lucknow,2024-12-15,3068.66,3602.35,3335.5
Tomato,Uttar Pradesh,Lucknow,2024-12-22,2845.41,3340.26,3092.83
Tomato,Uttar Pradesh,Lucknow,2024-12-29,2880.82,3381.83,3131.33
Tomato,Uttar Pradesh,Lucknow,2025-01-05,2739.55,3216.0,2977.78
Tomato,Uttar Pradesh,Lucknow,2025-01-12,2399.68,2817.01,2608.35
Tomato,Uttar Pradesh,Lucknow,2025-01-19,2128.75,2498.97,2313.86
Tomato,Uttar Pradesh,Lucknow,2025-01-26,2996.93,3518.14,3257.54
Tomato,Uttar Pradesh,Lucknow,2025-02-02,1600.45,1878.79,1739.62
Tomato,Uttar Pradesh,Lucknow,2025-02-09,1925.86,2260.79,2093.32
Tomato,Uttar Pradesh,Lucknow,2025-02-16,2329.02,2734.06,2531.54
Tomato,Uttar Pradesh,Lucknow,2025-02-23,1839.31,2159.19,1999.25
Tomato,Uttar Pradesh,Lucknow,2025-03-02,1474.98,1731.5,1603.24
Tomato,Uttar Pradesh,Lucknow,2025-03-09,1601.08,1879.53,1740.3
Tomato,Uttar Pradesh,Lucknow,2025-03-16,1524.32,1789.42,1656.87
Tomato,Uttar Pradesh,Lucknow,2025-03-23,2013.24,2363.36,2188.3
Tomato,Uttar Pradesh,Lucknow,2025-03-30,1285.76,1509.37,1397.56
Tomato,Uttar Pradesh,Lucknow,2025-04-06,1148.88,1348.69,1248.79
Tomato,Uttar Pradesh,Lucknow,2025-04-13,1320.96,1550.7,1435.83
Tomato,Uttar Pradesh,Lucknow,2025-04-20,1542.74,1811.04,1676.89
Tomato,Uttar Pradesh,Lucknow,2025-04-27,1164.46,1366.98,1265.72
Tomato,Uttar Pradesh,Lucknow,2025-05-04,1645.71,1931.92,1788.82
Tomato,Uttar Pradesh,Lucknow,2025-05-11,2011.77,2361.65,2186.71
Tomato,Uttar Pradesh,Lucknow,2025-05-18,1501.73,1762.91,1632.32
Tomato,Uttar Pradesh,Lucknow,2025-05-25,1167.08,1370.05,1268.57
Tomato,Uttar Pradesh,Lucknow,2025-06-01,1937.96,2275.0,2106.48
Tomato,Uttar Pradesh,Lucknow,2025-06-08,2190.54,2571.51,2381.02
Tomato,Uttar Pradesh,Lucknow,2025-06-15,1773.34,2081.75,1927.54
Tomato,Uttar Pradesh,Lucknow,2025-06-22,2208.67,2592.78,2400.72
Tomato,Uttar Pradesh,Lucknow,2025-06-29,2092.62,2456.55,2274.58
Tomato,Uttar Pradesh,Lucknow,2025-07-06,2386.32,2801.34,2593.83
Tomato,Uttar Pradesh,Lucknow,2025-07-13,1866.09,2190.63,2028.36
Tomato,Uttar Pradesh,Lucknow,2025-07-20,2121.07,2489.95,2305.51
Tomato,Uttar Pradesh,Lucknow,2025-07-27,2552.83,2996.8,2774.81
Tomato,Uttar Pradesh,Lucknow,2025-08-03,2472.16,2902.1,2687.13
Tomato,Uttar Pradesh,Lucknow,2025-08-10,2553.02,2997.02,2775.02
Tomato,Uttar Pradesh,Lucknow,2025-08-17,2500.85,2935.79,2718.32
Tomato,Uttar Pradesh,Lucknow,2025-08-24,3082.68,3618.8,3350.74
Tomato,Uttar Pradesh,Lucknow,2025-08-31,2636.96,3095.56,2866.26
Tomato,Uttar Pradesh,Lucknow,2025-09-07,3122.1,3665.07,3393.58
Tomato,Uttar Pradesh,Lucknow,2025-09-14,2937.53,3448.4,3192.96
Tomato,Uttar Pradesh,Lucknow,2025-09-21,3107.1,3647.47,3377.28
Tomato,Uttar Pradesh,Lucknow,2025-09-28,2846.48,3341.52,3094.0
Tomato,Uttar Pradesh,Lucknow,2025-10-05,3607.74,4235.17,3921.45
Tomato,Uttar Pradesh,Lucknow,2025-10-12,3075.33,3610.17,3342.75
Tomato,Uttar Pradesh,Lucknow,2025-10-19,2955.19,3469.13,3212.16
Tomato,Uttar Pradesh,Lucknow,2025-10-26,2868.83,3367.76,3118.29
Tomato,Uttar Pradesh,Lucknow,2025-11-02,3014.53,3538.79,3276.66
Tomato,Uttar Pradesh,Lucknow,2025-11-09,3113.47,3654.94,3384.21
Tomato,Uttar Pradesh,Lucknow,2025-11-16,2813.43,3302.72,3058.08
Tomato,Uttar Pradesh,Lucknow,2025-11-23,2653.99,3115.55,2884.77
Tomato,Uttar Pradesh,Lucknow,2025-11-30,3130.48,3674.91,3402.69
Tomato,Uttar Pradesh,Lucknow,2025-12-07,2011.98,2361.89,2186.94
Tomato,Uttar Pradesh,Lucknow,2025-12-14,2582.95,3032.16,2807.55
Tomato,Uttar Pradesh,Lucknow,2025-12-21,2198.26,2580.56,2389.41
Tomato,Uttar Pradesh,Lucknow,2025-12-28,2129.57,2499.93,2314.75
Tomato,Uttar Pradesh,Lucknow,2026-01-04,1824.37,2141.65,1983.01
Tomato,Uttar Pradesh,Lucknow,2026-01-11,1634.8,1919.11,1776.95
Tomato,Uttar Pradesh,Lucknow,2026-01-18,1871.39,2196.85,2034.12
Tomato,Uttar Pradesh,Lucknow,2026-01-25,2118.71,2487.18,2302.95
Tomato,Uttar Pradesh,Lucknow,2026-02-01,941.91,1105.73,1023.82
Tomato,Uttar Pradesh,Lucknow,2026-02-08,1591.48,1868.26,1729.87
Tomato,Uttar Pradesh,Lucknow,2026-02-15,975.68,1145.37,1060.52
Tomato,Uttar Pradesh,Lucknow,2026-02-22,1386.9,1628.1,1507.5
Tomato,Uttar Pradesh,Lucknow,2026-03-01,558.87,656.07,607.47
Tomato,Uttar Pradesh,Lucknow,2026-03-08,887.83,1042.24,965.03
Tomato,Uttar Pradesh,Lucknow,2026-03-15,894.59,1050.17,972.38
Tomato,Uttar Pradesh,Lucknow,2026-03-22,706.29,829.12,767.71
Tomato,Uttar Pradesh,Lucknow,2026-03-29,773.87,908.45,841.16
Tomato,Uttar Pradesh,Lucknow,2026-04-05,478.3,561.48,519.89
Tomato,Uttar Pradesh,Lucknow,2026-04-12,593.88,697.17,645.53
Tomato,Uttar Pradesh,Lucknow,2026-04-19,184.0,216.0,200.0
Tomato,Uttar Pradesh,Lucknow,2026-04-26,302.44,355.03,328.74
Tomato,Uttar Pradesh,Lucknow,2026-05-03,848.29,995.82,922.06
Tomato,Uttar Pradesh,Lucknow,2026-05-10,443.37,520.48,481.92
Tomato,Uttar Pradesh,Lucknow,2026-05-17,679.38,797.53,738.46
Tomato,Uttar Pradesh,Lucknow,2026-05-24,1224.5,1437.46,1330.98
Tomato,Uttar Pradesh,Lucknow,2026-05-31,738.03,866.38,802.2
Tomato,Uttar Pradesh,Lucknow,2026-06-07,1250.45,1467.91,1359.18
Tomato,Uttar Pradesh,Lucknow,2026-06-14,1182.24,1387.85,1285.05
Tomato,Uttar Pradesh,Lucknow,2026-06-21,1334.74,1566.87,1450.8
Tomato,Uttar Pradesh,Lucknow,2026-06-28,1697.91,1993.2,1845.56
Tomato,Uttar Pradesh,Lucknow,2026-07-05,1239.96,1455.61,1347.78
Tomato,Uttar Pradesh,Lucknow,2026-07-12,1669.49,1959.84,1814.66
Tomato,Uttar Pradesh,Lucknow,2026-07-19,1648.46,1935.14,1791.8
Tomato,Uttar Pradesh,Lucknow,2026-07-26,1596.11,1873.69,1734.9
Tomato,Uttar Pradesh,Lucknow,2026-08-02,1963.95,2305.51,2134.73
Tomato,Uttar Pradesh,Lucknow,2026-08-09,2231.55,2619.64,2425.6
Tomato,Uttar Pradesh,Lucknow,2026-08-16,2374.36,2787.29,2580.83
Tomato,Uttar Pradesh,Lucknow,2026-08-23,2070.63,2430.74,2250.68
Tomato,Uttar Pradesh,Lucknow,2026-08-30,2463.74,2892.21,2677.98
Tomato,Punjab,Ludhiana,2020-01-05,1418.24,1664.9,1541.57
Tomato,Punjab,Ludhiana,2020-01-12,1532.46,1798.97,1665.72
Tomato,Punjab,Ludhiana,2020-01-19,1466.49,1721.54,1594.02
Tomato,Punjab,Ludhiana,2020-01-26,1822.03,2138.91,1980.47
Tomato,Punjab,Ludhiana,2020-02-02,692.25,812.64,752.45
Tomato,Punjab,Ludhiana,2020-02-09,916.34,1075.71,996.02
Tomato,Punjab,Ludhiana,2020-02-16,1040.8,1221.81,1131.31
Tomato,Punjab,Ludhiana,2020-02-23,543.03,637.47,590.25
Tomato,Punjab,Ludhiana,2020-03-01,682.31,800.97,741.64
Tomato,Punjab,Ludhiana,2020-03-08,814.93,956.66,885.79
Tomato,Punjab,Ludhiana,2020-03-15,711.11,834.78,772.95
Tomato,Punjab,Ludhiana,2020-03-22,659.79,774.53,717.16
Tomato,Punjab,Ludhiana,2020-03-29,901.15,1057.88,979.51
Tomato,Punjab,Ludhiana,2020-04-05,928.03,1089.43,1008.73
Tomato,Punjab,Ludhiana,2020-04-12,974.71,1144.22,1059.46
Tomato,Punjab,Ludhiana,2020-04-19,627.95,737.15,682.55
Tomato,Punjab,Ludhiana,2020-04-26,706.54,829.42,767.98
Tomato,Punjab,Ludhiana,2020-05-03,1031.35,1210.71,1121.03
Tomato,Punjab,Ludhiana,2020-05-10,1171.59,1375.35,1273.47
Tomato,Punjab,Ludhiana,2020-05-17,676.07,793.64,734.86
Tomato,Punjab,Ludhiana,2020-05-24,972.19,1141.26,1056.73
Tomato,Punjab,Ludhiana,2020-05-31,827.65,971.58,899.61
Tomato,Punjab,Ludhiana,2020-06-07,805.75,945.89,875.82
Tomato,Punjab,Ludhiana,2020-06-14,1404.87,1649.19,1527.03
Tomato,Punjab,Ludhiana,2020-06-21,1506.71,1768.75,1637.73
Tomato,Punjab,Ludhiana,2020-06-28,1560.96,1832.43,1696.69
Tomato,Punjab,Ludhiana,2020-07-05,2176.29,2554.77,2365.53
Tomato,Punjab,Ludhiana,2020-07-12,1773.58,2082.03,1927.81
Tomato,Punjab,Ludhiana,2020-07-19,1797.47,2110.08,1953.78
Tomato,Punjab,Ludhiana,2020-07-26,1834.81,2153.9,1994.35
Tomato,Punjab,Ludhiana,2020-08-02,2177.25,2555.9,2366.58
Tomato,Punjab,Ludhiana,2020-08-09,2288.88,2686.94,2487.91
Tomato,Punjab,Ludhiana,2020-08-16,2011.34,2361.14,2186.24
Tomato,Punjab,Ludhiana,2020-08-23,2024.15,2376.18,2200.17
Tomato,Punjab,Ludhiana,2020-08-30,1940.41,2277.87,2109.14
Tomato,Punjab,Ludhiana,2020-09-06,2849.72,3345.32,3097.52
Tomato,Punjab,Ludhiana,2020-09-13,2793.86,3279.74,3036.8
Tomato,Punjab,Ludhiana,2020-09-20,2582.58,3031.72,2807.15
Tomato,Punjab,Ludhiana,2020-09-27,2908.91,3414.81,3161.86
Tomato,Punjab,Ludhiana,2020-10-04,2808.11,3296.48,3052.3
Tomato,Punjab,Ludhiana,2020-10-11,2992.56,3513.01,3252.78
Tomato,Punjab,Ludhiana,2020-10-18,2178.15,2556.96,2367.55
Tomato,Punjab,Ludhiana,2020-10-25,3128.55,3672.65,3400.6
Tomato,Punjab,Ludhiana,2020-11-01,2580.06,3028.76,2804.41
Tomato,Punjab,Ludhiana,2020-11-08,2157.34,2532.53,2344.94
Tomato,Punjab,Ludhiana,2020-11-15,2381.79,2796.02,2588.9
Tomato,Punjab,Ludhiana,2020-11-22,2309.9,2711.62,2510.76
Tomato,Punjab,Ludhiana,2020-11-29,2248.43,2639.46,2443.94
Tomato,Punjab,Ludhiana,2020-12-06,2100.51,2465.82,2283.17
Tomato,Punjab,Ludhiana,2020-12-13,2357.59,2767.6,2562.59
Tomato,Punjab,Ludhiana,2020-12-20,1507.79,1770.01,1638.9
Tomato,Punjab,Ludhiana,2020-12-27,2262.49,2655.96,2459.22
Tomato,Punjab,Ludhiana,2021-01-03,1839.42,2159.32,1999.37
Tomato,Punjab,Ludhiana,2021-01-10,1929.05,2264.54,2096.79
Tomato,Punjab,Ludhiana,2021-01-17,1570.74,1843.91,1707.32
Tomato,Punjab,Ludhiana,2021-01-24,1901.69,2232.42,2067.05
Tomato,Punjab,Ludhiana,2021-01-31,1575.39,1849.37,1712.38
Tomato,Punjab,Ludhiana,2021-02-07,1385.19,1626.1,1505.64
Tomato,Punjab,Ludhiana,2021-02-14,1535.52,1802.56,1669.04
Tomato,Punjab,Ludhiana,2021-02-21,1332.54,1564.28,1448.41
Tomato,Punjab,Ludhiana,2021-02-28,1694.52,1989.22,1841.87
Tomato,Punjab,Ludhiana,2021-03-07,1627.89,1911.0,1769.45
Tomato,Punjab,Ludhiana,2021-03-14,742.05,871.11,806.58
Tomato,Punjab,Ludhiana,2021-03-21,904.19,1061.44,982.82
Tomato,Punjab,Ludhiana,2021-03-28,1024.57,1202.76,1113.67
Tomato,Punjab,Ludhiana,2021-04-04,559.49,656.8,608.14
Tomato,Punjab,Ludhiana,2021-04-11,1492.35,1751.89,1622.12
Tomato,Punjab,Ludhiana,2021-04-18,454.54,533.59,494.06
Tomato,Punjab,Ludhiana,2021-04-25,1309.23,1536.92,1423.07
Tomato,Punjab,Ludhiana,2021-05-02,1153.23,1353.79,1253.51
Tomato,Punjab,Ludhiana,2021-05-09,1085.45,1274.22,1179.84
Tomato,Punjab,Ludhiana,2021-05-16,1237.02,1452.15,1344.59
Tomato,Punjab,Ludhiana,2021-05-23,711.88,835.68,773.78
Tomato,Punjab,Ludhiana,2021-05-30,892.23,1047.41,969.82
Tomato,Punjab,Ludhiana,2021-06-06,1656.15,1944.18,1800.16
Tomato,Punjab,Ludhiana,2021-06-13,1928.9,2264.36,2096.63
Tomato,Punjab,Ludhiana,2021-06-20,1510.79,1773.54,1642.16
Tomato,Punjab,Ludhiana,2021-06-27,1844.99,2165.86,2005.43
Tomato,Punjab,Ludhiana,2021-07-04,2193.18,2574.6,2383.89
Tomato,Punjab,Ludhiana,2021-07-11,2634.17,3092.29,2863.23
Tomato,Punjab,Ludhiana,2021-07-18,2324.14,2728.34,2526.24
Tomato,Punjab,Ludhiana,2021-07-25,2101.19,2466.62,2283.91
Tomato,Punjab,Ludhiana,2021-08-01,2964.84,3480.47,3222.66
Tomato,Punjab,Ludhiana,2021-08-08,2907.95,3413.68,3160.81
Tomato,Punjab,Ludhiana,2021-08-15,2483.2,2915.07,2699.13
Tomato,Punjab,Ludhiana,2021-08-22,2790.36,3275.64,3033.0
Tomato,Punjab,Ludhiana,2021-08-29,2545.13,2987.76,2766.44
Tomato,Punjab,Ludhiana,2021-09-05,2785.07,3269.43,3027.25
Tomato,Punjab,Ludhiana,2021-09-12,3016.91,3541.59,3279.25
Tomato,Punjab,Ludhiana,2021-09-19,3036.29,3564.34,3300.31
Tomato,Punjab,Ludhiana,2021-09-26,2525.37,2964.56,2744.96
Tomato,Punjab,Ludhiana,2021-10-03,2912.95,3419.55,3166.25
Tomato,Punjab,Ludhiana,2021-10-10,2964.55,3480.12,3222.34
Tomato,Punjab,Ludhiana,2021-10-17,2683.78,3150.52,2917.15
Tomato,Punjab,Ludhiana,2021-10-24,2917.35,3424.71,3171.03
Tomato,Punjab,Ludhiana,2021-10-31,3078.37,3613.73,3346.05
Tomato,Punjab,Ludhiana,2021-11-07,3230.95,3792.86,3511.9
Tomato,Punjab,Ludhiana,2021-11-14,2850.99,3346.82,3098.9
Tomato,Punjab,Ludhiana,2021-11-21,2248.37,2639.39,2443.88
Tomato,Punjab,Ludhiana,2021-11-28,2153.86,2528.45,2341.16
Tomato,Punjab,Ludhiana,2021-12-05,2530.02,2970.03,2750.02
Tomato,Punjab,Ludhiana,2021-12-12,2117.1,2485.29,2301.19
Tomato,Punjab,Ludhiana,2021-12-19,2094.48,2458.74,2276.61
Tomato,Punjab,Ludhiana,2021-12-26,2578.88,3027.39,2803.14
Tomato,Punjab,Ludhiana,2022-01-02,1708.07,2005.12,1856.59
Tomato,Punjab,Ludhiana,2022-01-09,1959.02,2299.72,2129.37
Tomato,Punjab,Ludhiana,2022-01-16,1226.47,1439.76,1333.12
Tomato,Punjab,Ludhiana,2022-01-23,1716.41,2014.92,1865.67
Tomato,Punjab,Ludhiana,2022-01-30,1928.28,2263.64,2095.96
Tomato,Punjab,Ludhiana,2022-02-06,1124.22,1319.74,1221.98
Tomato,Punjab,Ludhiana,2022-02-13,1204.32,1413.77,1309.05
Tomato,Punjab,Ludhiana,2022-02-20,1303.49,1530.18,1416.83
Tomato,Punjab,Ludhiana,2022-02-27,1254.97,1473.23,1364.1
Tomato,Punjab,Ludhiana,2022-03-06,613.53,720.23,666.88
Tomato,Punjab,Ludhiana,2022-03-13,651.06,764.29,707.68
Tomato,Punjab,Ludhiana,2022-03-20,524.7,615.95,570.32
Tomato,Punjab,Ludhiana,2022-03-27,814.7,956.38,885.54
Tomato,Punjab,Ludhiana,2022-04-03,204.18,239.69,221.93
Tomato,Punjab,Ludhiana,2022-04-10,659.06,773.68,716.37
Tomato,Punjab,Ludhiana,2022-04-17,824.48,967.87,896.18
Tomato,Punjab,Ludhiana,2022-04-24,646.57,759.01,702.79
Tomato,Punjab,Ludhiana,2022-05-01,184.0,216.0,200.0
Tomato,Punjab,Ludhiana,2022-05-08,504.81,592.6,548.71
Tomato,Punjab,Ludhiana,2022-05-15,184.0,216.0,200.0
Tomato,Punjab,Ludhiana,2022-05-22,184.0,216.0,200.0
Tomato,Punjab,Ludhiana,2022-05-29,196.78,231.0,213.89
Tomato,Punjab,Ludhiana,2022-06-05,494.86,580.93,537.89
Tomato,Punjab,Ludhiana,2022-06-12,617.88,725.33,671.61
Tomato,Punjab,Ludhiana,2022-06-19,536.06,629.29,582.67
Tomato,Punjab,Ludhiana,2022-06-26,537.38,630.84,584.11
Tomato,Punjab,Ludhiana,2022-07-03,724.54,850.55,787.55
Tomato,Punjab,Ludhiana,2022-07-10,1206.73,1416.59,1311.66
Tomato,Punjab,Ludhiana,2022-07-17,1186.48,1392.83,1289.65
Tomato,Punjab,Ludhiana,2022-07-24,1066.85,1252.39,1159.62
Tomato,Punjab,Ludhiana,2022-07-31,492.53,578.19,535.36
Tomato,Punjab,Ludhiana,2022-08-07,1830.34,2148.66,1989.5
Tomato,Punjab,Ludhiana,2022-08-14,1878.79,2205.54,2042.16
Tomato,Punjab,Ludhiana,2022-08-21,1449.24,1701.28,1575.26
Tomato,Punjab,Ludhiana,2022-08-28,1269.72,1490.54,1380.13
Tomato,Punjab,Ludhiana,2022-09-04,1854.31,2176.8,2015.56
Tomato,Punjab,Ludhiana,2022-09-11,1873.41,2199.22,2036.31
Tomato,Punjab,Ludhiana,2022-09-18,1877.41,2203.91,2040.66
Tomato,Punjab,Ludhiana,2022-09-25,1531.45,1797.79,1664.62
Tomato,Punjab,Ludhiana,2022-10-02,1761.44,2067.77,1914.6
Tomato,Punjab,Ludhiana,2022-10-09,1585.35,1861.06,1723.21
Tomato,Punjab,Ludhiana,2022-10-16,1427.16,1675.36,1551.26
Tomato,Punjab,Ludhiana,2022-10-23,1702.01,1998.01,1850.01
Tomato,Punjab,Ludhiana,2022-10-30,2242.3,2632.26,2437.28
Tomato,Punjab,Ludhiana,2022-11-06,1597.06,1874.81,1735.94
Tomato,Punjab,Ludhiana,2022-11-13,1493.87,1753.67,1623.77
Tomato,Punjab,Ludhiana,2022-11-20,1353.77,1589.21,1471.49
Tomato,Punjab,Ludhiana,2022-11-27,2555.91,3000.41,2778.16
Tomato,Punjab,Ludhiana,2022-12-04,1651.51,1938.73,1795.12
Tomato,Punjab,Ludhiana,2022-12-11,1901.57,2232.27,2066.92
Tomato,Punjab,Ludhiana,2022-12-18,1196.87,1405.02,1300.94
Tomato,Punjab,Ludhiana,2022-12-25,1259.66,1478.73,1369.2
Tomato,Punjab,Ludhiana,2023-01-01,611.67,718.05,664.86
Tomato,Punjab,Ludhiana,2023-01-08,1119.87,1314.63,1217.25
Tomato,Punjab,Ludhiana,2023-01-15,1312.18,1540.39,1426.29
Tomato,Punjab,Ludhiana,2023-01-22,983.59,1154.64,1069.11
Tomato,Punjab,Ludhiana,2023-01-29,1102.88,1294.69,1198.79
Tomato,Punjab,Ludhiana,2023-02-05,184.0,216.0,200.0
Tomato,Punjab,Ludhiana,2023-02-12,695.01,815.88,755.44
Tomato,Punjab,Ludhiana,2023-02-19,885.18,1039.12,962.15
Tomato,Punjab,Ludhiana,2023-02-26,1050.09,1232.71,1141.4
Tomato,Punjab,Ludhiana,2023-03-05,321.77,377.73,349.75
Tomato,Punjab,Ludhiana,2023-03-12,667.44,783.52,725.48
Tomato,Punjab,Ludhiana,2023-03-19,248.68,291.92,270.3
Tomato,Punjab,Ludhiana,2023-03-26,279.62,328.25,303.94
Tomato,Punjab,Ludhiana,2023-04-02,900.54,1057.16,978.85
Tomato,Punjab,Ludhiana,2023-04-09,552.6,648.7,600.65
Tomato,Punjab,Ludhiana,2023-04-16,787.58,924.55,856.06
Tomato,Punjab,Ludhiana,2023-04-23,275.26,323.13,299.2
Tomato,Punjab,Ludhiana,2023-04-30,314.96,369.73,342.34
Tomato,Punjab,Ludhiana,2023-05-07,184.0,216.0,200.0
Tomato,Punjab,Ludhiana,2023-05-14,589.17,691.63,640.4
Tomato,Punjab,Ludhiana,2023-05-21,704.54,827.06,765.8
Tomato,Punjab,Ludhiana,2023-05-28,184.0,216.0,200.0
Tomato,Punjab,Ludhiana,2023-06-04,407.08,477.87,442.47
Tomato,Punjab,Ludhiana,2023-06-11,567.51,666.21,616.86
Tomato,Punjab,Ludhiana,2023-06-18,502.12,589.45,545.78
Tomato,Punjab,Ludhiana,2023-06-25,740.12,868.84,804.48
Tomato,Punjab,Ludhiana,2023-07-02,982.03,1152.82,1067.42
Tomato,Punjab,Ludhiana,2023-07-09,1018.71,1195.88,1107.29
Tomato,Punjab,Ludhiana,2023-07-16,1056.05,1239.71,1147.88
Tomato,Punjab,Ludhiana,2023-07-23,644.65,756.76,700.71
Tomato,Punjab,Ludhiana,2023-07-30,688.35,808.06,748.2
Tomato,Punjab,Ludhiana,2023-08-06,984.05,1155.19,1069.62
Tomato,Punjab,Ludhiana,2023-08-13,1463.06,1717.51,1590.29
Tomato,Punjab,Ludhiana,2023-08-20,1287.75,1511.7,1399.73
Tomato,Punjab,Ludhiana,2023-08-27,845.81,992.9,919.35
Tomato,Punjab,Ludhiana,2023-09-03,1852.92,2175.17,2014.04
Tomato,Punjab,Ludhiana,2023-09-10,1336.62,1569.07,1452.85
Tomato,Punjab,Ludhiana,2023-09-17,1700.57,1996.32,1848.45
Tomato,Punjab,Ludhiana,2023-09-24,1704.61,2001.06,1852.83
Tomato,Punjab,Ludhiana,2023-10-01,1482.35,1740.15,1611.25
Tomato,Punjab,Ludhiana,2023-10-08,1695.82,1990.75,1843.29
Tomato,Punjab,Ludhiana,2023-10-15,1558.57,1829.63,1694.1
Tomato,Punjab,Ludhiana,2023-10-22,1585.45,1861.18,1723.31
Tomato,Punjab,Ludhiana,2023-10-29,1960.17,2301.07,2130.62
Tomato,Punjab,Ludhiana,2023-11-05,2135.01,2506.32,2320.67
Tomato,Punjab,Ludhiana,2023-11-12,1536.22,1803.39,1669.8
Tomato,Punjab,Ludhiana,2023-11-19,1272.16,1493.41,1382.79
Tomato,Punjab,Ludhiana,2023-11-26,1486.65,1745.2,1615.93
Tomato,Punjab,Ludhiana,2023-12-03,1220.15,1432.35,1326.25
Tomato,Punjab,Ludhiana,2023-12-10,1571.16,1844.41,1707.79
Tomato,Punjab,Ludhiana,2023-12-17,2256.69,2649.15,2452.92
Tomato,Punjab,Ludhiana,2023-12-24,1603.88,1882.82,1743.35
Tomato,Punjab,Ludhiana,2023-12-31,1670.43,1960.94,1815.68
Tomato,Punjab,Ludhiana,2024-01-07,1810.62,2125.51,1968.07
Tomato,Punjab,Ludhiana,2024-01-14,1797.73,2110.38,1954.06
Tomato,Punjab,Ludhiana,2024-01-21,1271.53,1492.67,1382.1
Tomato,Punjab,Ludhiana,2024-01-28,1348.51,1583.04,1465.77
Tomato,Punjab,Ludhiana,2024-02-04,259.7,304.87,282.28
Tomato,Punjab,Ludhiana,2024-02-11,1071.76,1258.15,1164.95
Tomato,Punjab,Ludhiana,2024-02-18,376.76,442.28,409.52
Tomato,Punjab,Ludhiana,2024-02-25,844.44,991.3,917.87
Tomato,Punjab,Ludhiana,2024-03-03,932.99,1095.25,1014.12
Tomato,Punjab,Ludhiana,2024-03-10,783.66,919.95,851.81
Tomato,Punjab,Ludhiana,2024-03-17,592.63,695.7,644.17
Tomato,Punjab,Ludhiana,2024-03-24,591.65,694.55,643.1
Tomato,Punjab,Ludhiana,2024-03-31,404.88,475.3,440.09
Tomato,Punjab,Ludhiana,2024-04-07,817.68,959.88,888.78
Tomato,Punjab,Ludhiana,2024-04-14,1072.76,1259.33,1166.04
Tomato,Punjab,Ludhiana,2024-04-21,925.86,1086.88,1006.37
Tomato,Punjab,Ludhiana,2024-04-28,1170.78,1374.39,1272.59
Tomato,Punjab,Ludhiana,2024-05-05,631.38,741.18,686.28
Tomato,Punjab,Ludhiana,2024-05-12,1002.08,1176.36,1089.22
Tomato,Punjab,Ludhiana,2024-05-19,1094.86,1285.27,1190.07
Tomato,Punjab,Ludhiana,2024-05-26,1389.5,1631.15,1510.32
Tomato,Punjab,Ludhiana,2024-06-02,1863.02,2187.02,2025.02
Tomato,Punjab,Ludhiana,2024-06-09,1595.65,1873.16,1734.4
Tomato,Punjab,Ludhiana,2024-06-16,999.28,1173.06,1086.17
Tomato,Punjab,Ludhiana,2024-06-23,1766.14,2073.29,1919.72
Tomato,Punjab,Ludhiana,2024-06-30,1399.22,1642.57,1520.9
Tomato,Punjab,Ludhiana,2024-07-07,2566.6,3012.96,2789.78
Tomato,Punjab,Ludhiana,2024-07-14,2546.25,2989.08,2767.67
Tomato,Punjab,Ludhiana,2024-07-21,2556.56,3001.18,2778.87
Tomato,Punjab,Ludhiana,2024-07-28,2724.56,3198.4,2961.48
Tomato,Punjab,Ludhiana,2024-08-04,2792.87,3278.59,3035.73
Tomato,Punjab,Ludhiana,2024-08-11,2615.91,3070.85,2843.38
Tomato,Punjab,Ludhiana,2024-08-18,2420.76,2841.77,2631.27
Tomato,Punjab,Ludhiana,2024-08-25,2350.41,2759.17,2554.79
Tomato,Punjab,Ludhiana,2024-09-01,2769.26,3250.86,3010.06
Tomato,Punjab,Ludhiana,2024-09-08,2975.86,3493.41,3234.64
Tomato,Punjab,Ludhiana,2024-09-15,3141.64,3688.01,3414.83
Tomato,Punjab,Ludhiana,2024-09-22,3040.45,3569.22,3304.84
Tomato,Punjab,Ludhiana,2024-09-29,3517.34,4129.05,3823.2
Tomato,Punjab,Ludhiana,2024-10-06,3373.37,3960.04,3666.7
Tomato,Punjab,Ludhiana,2024-10-13,2741.15,3217.88,2979.51
Tomato,Punjab,Ludhiana,2024-10-20,3526.24,4139.5,3832.87
Tomato,Punjab,Ludhiana,2024-10-27,2598.81,3050.77,2824.79
Tomato,Punjab,Ludhiana,2024-11-03,2826.76,3318.37,3072.57
Tomato,Punjab,Ludhiana,2024-11-10,2624.04,3080.39,2852.21
Tomato,Punjab,Ludhiana,2024-11-17,3126.24,3669.94,3398.09
Tomato,Punjab,Ludhiana,2024-11-24,2765.91,3246.93,3006.42
Tomato,Punjab,Ludhiana,2024-12-01,1370.4,1608.73,1489.56
Tomato,Punjab,Ludhiana,2024-12-08,2298.68,2698.45,2498.57
Tomato,Punjab,Ludhiana,2024-12-15,2321.76,2725.54,2523.65
Tomato,Punjab,Ludhiana,2024-12-22,2764.03,3244.73,3004.38
Tomato,Punjab,Ludhiana,2024-12-29,2706.88,3177.64,2942.26
Tomato,Punjab,Ludhiana,2025-01-05,1863.78,2187.91,2025.85
Tomato,Punjab,Ludhiana,2025-01-12,2323.79,2727.93,2525.86
Tomato,Punjab,Ludhiana,2025-01-19,1772.21,2080.42,1926.31
Tomato,Punjab,Ludhiana,2025-01-26,2705.09,3175.54,2940.31
Tomato,Punjab,Ludhiana,2025-02-02,1673.86,1964.97,1819.42
Tomato,Punjab,Ludhiana,2025-02-09,1986.63,2332.13,2159.38
Tomato,Punjab,Ludhiana,2025-02-16,2010.67,2360.35,2185.51
Tomato,Punjab,Ludhiana,2025-02-23,2056.81,2414.52,2235.66
Tomato,Punjab,Ludhiana,2025-03-02,1787.35,2098.19,1942.77
Tomato,Punjab,Ludhiana,2025-03-09,1282.99,1506.12,1394.56
Tomato,Punjab,Ludhiana,2025-03-16,2301.29,2701.51,2501.4
Tomato,Punjab,Ludhiana,2025-03-23,1805.1,2119.03,1962.07
Tomato,Punjab,Ludhiana,2025-03-30,1722.9,2022.54,1872.72
Tomato,Punjab,Ludhiana,2025-04-06,1670.01,1960.44,1815.23
Tomato,Punjab,Ludhiana,2025-04-13,2245.25,2635.73,2440.49
Tomato,Punjab,Ludhiana,2025-04-20,2043.78,2399.22,2221.5
Tomato,Punjab,Ludhiana,2025-04-27,2377.59,2791.09,2584.34
Tomato,Punjab,Ludhiana,2025-05-04,2460.32,2888.2,2674.26
Tomato,Punjab,Ludhiana,2025-05-11,2471.49,2901.31,2686.4
Tomato,Punjab,Ludhiana,2025-05-18,1931.06,2266.89,2098.98
Tomato,Punjab,Ludhiana,2025-05-25,2561.98,3007.54,2784.76
Tomato,Punjab,Ludhiana,2025-06-01,2484.48,2916.56,2700.52
Tomato,Punjab,Ludhiana,2025-06-08,2448.0,2873.74,2660.87
Tomato,Punjab,Ludhiana,2025-06-15,2318.04,2721.18,2519.61
Tomato,Punjab,Ludhiana,2025-06-22,3035.07,3562.9,3298.98
Tomato,Punjab,Ludhiana,2025-06-29,3282.05,3852.84,3567.44
Tomato,Punjab,Ludhiana,2025-07-06,3635.99,4268.33,3952.16
Tomato,Punjab,Ludhiana,2025-07-13,3769.78,4425.39,4097.59
Tomato,Punjab,Ludhiana,2025-07-20,3685.02,4325.9,4005.46
Tomato,Punjab,Ludhiana,2025-07-27,4521.77,5308.16,4914.96
Tomato,Punjab,Ludhiana,2025-08-03,4213.32,4946.08,4579.7
Tomato,Punjab,Ludhiana,2025-08-10,4215.29,4948.38,4581.83
Tomato,Punjab,Ludhiana,2025-08-17,4210.03,4942.21,4576.12
Tomato,Punjab,Ludhiana,2025-08-24,4117.1,4833.11,4475.11
Tomato,Punjab,Ludhiana,2025-08-31,4047.12,4750.96,4399.04
Tomato,Punjab,Ludhiana,2025-09-07,4544.78,5335.17,4939.97
Tomato,Punjab,Ludhiana,2025-09-14,4442.72,5215.37,4829.04
Tomato,Punjab,Ludhiana,2025-09-21,4965.25,5828.77,5397.01
Tomato,Punjab,Ludhiana,2025-09-28,4701.0,5518.57,5109.78
Tomato,Punjab,Ludhiana,2025-10-05,4505.9,5289.53,4897.72
Tomato,Punjab,Ludhiana,2025-10-12,4655.26,5464.87,5060.07
Tomato,Punjab,Ludhiana,2025-10-19,4220.17,4954.12,4587.14
Tomato,Punjab,Ludhiana,2025-10-26,4429.1,5199.37,4814.24
Tomato,Punjab,Ludhiana,2025-11-02,4578.6,5374.88,4976.74
Tomato,Punjab,Ludhiana,2025-11-09,4735.96,5559.61,5147.79
Tomato,Punjab,Ludhiana,2025-11-16,4997.04,5866.09,5431.56
Tomato,Punjab,Ludhiana,2025-11-23,4186.78,4914.92,4550.85
Tomato,Punjab,Ludhiana,2025-11-30,4739.49,5563.75,5151.62
Tomato,Punjab,Ludhiana,2025-12-07,3661.03,4297.73,3979.38
Tomato,Punjab,Ludhiana,2025-12-14,3999.09,4694.58,4346.83
Tomato,Punjab,Ludhiana,2025-12-21,3386.89,3975.91,3681.4
Tomato,Punjab,Ludhiana,2025-12-28,3863.54,4535.46,4199.5
Tomato,Punjab,Ludhiana,2026-01-04,3296.27,3869.54,3582.9
Tomato,Punjab,Ludhiana,2026-01-11,3378.03,3965.52,3671.78
Tomato,Punjab,Ludhiana,2026-01-18,3490.8,4097.9,3794.35
Tomato,Punjab,Ludhiana,2026-01-25,3405.97,3998.31,3702.14
Tomato,Punjab,Ludhiana,2026-02-01,2912.69,3419.25,3165.97
Tomato,Punjab,Ludhiana,2026-02-08,2856.99,3353.86,3105.43
Tomato,Punjab,Ludhiana,2026-02-15,2919.27,3426.97,3173.12
Tomato,Punjab,Ludhiana,2026-02-22,2668.63,3132.74,2900.68
Tomato,Punjab,Ludhiana,2026-03-01,2594.2,3045.37,2819.79
Tomato,Punjab,Ludhiana,2026-03-08,2117.28,2485.5,2301.39
Tomato,Punjab,Ludhiana,2026-03-15,2419.88,2840.73,2630.31
Tomato,Punjab,Ludhiana,2026-03-22,2731.59,3206.64,2969.12
Tomato,Punjab,Ludhiana,2026-03-29,2494.94,2928.84,2711.89
Tomato,Punjab,Ludhiana,2026-04-05,2047.67,2403.78,2225.73
Tomato,Punjab,Ludhiana,2026-04-12,2140.35,2512.59,2326.47
Tomato,Punjab,Ludhiana,2026-04-19,2864.24,3362.36,3113.3
Tomato,Punjab,Ludhiana,2026-04-26,2418.9,2839.58,2629.24
Tomato,Punjab,Ludhiana,2026-05-03,2914.88,3421.81,3168.35
Tomato,Punjab,Ludhiana,2026-05-10,2443.95,2868.98,2656.47
Tomato,Punjab,Ludhiana,2026-05-17,2728.31,3202.8,2965.55
Tomato,Punjab,Ludhiana,2026-05-24,2817.3,3307.26,3062.28
Tomato,Punjab,Ludhiana,2026-05-31,3161.64,3711.49,3436.56
Tomato,Punjab,Ludhiana,2026-06-07,3374.84,3961.76,3668.3
Tomato,Punjab,Ludhiana,2026-06-14,3435.2,4032.63,3733.91
Tomato,Punjab,Ludhiana,2026-06-21,3104.97,3644.96,3374.97
Tomato,Punjab,Ludhiana,2026-06-28,3196.13,3751.98,3474.05
Tomato,Punjab,Ludhiana,2026-07-05,3119.32,3661.81,3390.57
Tomato,Punjab,Ludhiana,2026-07-12,3259.13,3825.94,3542.53
Tomato,Punjab,Ludhiana,2026-07-19,3039.13,3567.67,3303.4
Tomato,Punjab,Ludhiana,2026-07-26,3575.0,4196.74,3885.87
Tomato,Punjab,Ludhiana,2026-08-02,3630.54,4261.93,3946.23
Tomato,Punjab,Ludhiana,2026-08-09,4254.69,4994.64,4624.67
Tomato,Punjab,Ludhiana,2026-08-16,4252.29,4991.82,4622.06
Tomato,Punjab,Ludhiana,2026-08-23,3927.38,4610.41,4268.89
Tomato,Punjab,Ludhiana,2026-08-30,3642.0,4275.4,3958.7
Tomato,Uttarakhand,Dehradun,2020-01-05,1430.65,1679.46,1555.06
Tomato,Uttarakhand,Dehradun,2020-01-12,1890.43,2219.2,2054.81
Tomato,Uttarakhand,Dehradun,2020-01-19,1630.18,1913.69,1771.94
Tomato,Uttarakhand,Dehradun,2020-01-26,1401.87,1645.68,1523.78
Tomato,Uttarakhand,Dehradun,2020-02-02,544.8,639.54,592.17
Tomato,Uttarakhand,Dehradun,2020-02-09,1451.84,1704.33,1578.08
Tomato,Uttarakhand,Dehradun,2020-02-16,1226.04,1439.27,1332.66
Tomato,Uttarakhand,Dehradun,2020-02-23,695.21,816.11,755.66
Tomato,Uttarakhand,Dehradun,2020-03-01,324.71,381.18,352.94
Tomato,Uttarakhand,Dehradun,2020-03-08,184.0,216.0,200.0
Tomato,Uttarakhand,Dehradun,2020-03-15,194.7,228.56,211.63
Tomato,Uttarakhand,Dehradun,2020-03-22,354.05,415.62,384.83
Tomato,Uttarakhand,Dehradun,2020-03-29,184.0,216.0,200.0
Tomato,Uttarakhand,Dehradun,2020-04-05,184.0,216.0,200.0
Tomato,Uttarakhand,Dehradun,2020-04-12,184.0,216.0,200.0
Tomato,Uttarakhand,Dehradun,2020-04-19,220.77,259.16,239.96
Tomato,Uttarakhand,Dehradun,2020-04-26,184.0,216.0,200.0
Tomato,Uttarakhand,Dehradun,2020-05-03,184.0,216.0,200.0
Tomato,Uttarakhand,Dehradun,2020-05-10,253.37,297.43,275.4
Tomato,Uttarakhand,Dehradun,2020-05-17,184.0,216.0,200.0
Tomato,Uttarakhand,Dehradun,2020-05-24,184.0,216.0,200.0
Tomato,Uttarakhand,Dehradun,2020-05-31,194.9,228.79,211.85
Tomato,Uttarakhand,Dehradun,2020-06-07,184.0,216.0,200.0
Tomato,Uttarakhand,Dehradun,2020-06-14,186.89,219.39,203.14
Tomato,Uttarakhand,Dehradun,2020-06-21,184.0,216.0,200.0
Tomato,Uttarakhand,Dehradun,2020-06-28,266.26,312.56,289.41
Tomato,Uttarakhand,Dehradun,2020-07-05,819.84,962.42,891.13
Tomato,Uttarakhand,Dehradun,2020-07-12,555.7,652.35,604.02
Tomato,Uttarakhand,Dehradun,2020-07-19,958.66,1125.38,1042.02
Tomato,Uttarakhand,Dehradun,2020-07-26,1211.15,1421.79,1316.47
Tomato,Uttarakhand,Dehradun,2020-08-02,1632.53,1916.45,1774.49
Tomato,Uttarakhand,Dehradun,2020-08-09,1301.87,1528.28,1415.08
Tomato,Uttarakhand,Dehradun,2020-08-16,1693.44,1987.95,1840.69
Tomato,Uttarakhand,Dehradun,2020-08-23,1133.2,1330.28,1231.74
Tomato,Uttarakhand,Dehradun,2020-08-30,1384.35,1625.11,1504.73
Tomato,Uttarakhand,Dehradun,2020-09-06,1431.23,1680.14,1555.69
Tomato,Uttarakhand,Dehradun,2020-09-13,1679.27,1971.32,1825.3
Tomato,Uttarakhand,Dehradun,2020-09-20,1565.7,1837.99,1701.85
Tomato,Uttarakhand,Dehradun,2020-09-27,2041.17,2396.15,2218.66
Tomato,Uttarakhand,Dehradun,2020-10-04,1483.51,1741.52,1612.52
Tomato,Uttarakhand,Dehradun,2020-10-11,1536.06,1803.2,1669.63
Tomato,Uttarakhand,Dehradun,2020-10-18,1704.82,2001.32,1853.07
Tomato,Uttarakhand,Dehradun,2020-10-25,1331.8,1563.42,1447.61
Tomato,Uttarakhand,Dehradun,2020-11-01,1783.64,2093.84,1938.74
Tomato,Uttarakhand,Dehradun,2020-11-08,1710.43,2007.9,1859.17
Tomato,Uttarakhand,Dehradun,2020-11-15,1916.44,2249.73,2083.09
Tomato,Uttarakhand,Dehradun,2020-11-22,1900.97,2231.57,2066.27
Tomato,Uttarakhand,Dehradun,2020-11-29,1195.2,1403.06,1299.13
Tomato,Uttarakhand,Dehradun,2020-12-06,1254.55,1472.73,1363.64
Tomato,Uttarakhand,Dehradun,2020-12-13,1221.6,1434.05,1327.83
Tomato,Uttarakhand,Dehradun,2020-12-20,1073.56,1260.27,1166.91
Tomato,Uttarakhand,Dehradun,2020-12-27,1485.72,1744.1,1614.91
Tomato,Uttarakhand,Dehradun,2021-01-03,455.69,534.94,495.32
Tomato,Uttarakhand,Dehradun,2021-01-10,737.82,866.13,801.98
Tomato,Uttarakhand,Dehradun,2021-01-17,1032.42,1211.97,1122.19
Tomato,Uttarakhand,Dehradun,2021-01-24,886.04,1040.14,963.09
Tomato,Uttarakhand,Dehradun,2021-01-31,1067.37,1253.0,1160.19
Tomato,Uttarakhand,Dehradun,2021-02-07,515.4,605.03,560.22
Tomato,Uttarakhand,Dehradun,2021-02-14,243.22,285.52,264.37
Tomato,Uttarakhand,Dehradun,2021-02-21,450.54,528.9,489.72
Tomato,Uttarakhand,Dehradun,2021-02-28,566.84,665.42,616.13
Tomato,Uttarakhand,Dehradun,2021-03-07,771.3,905.43,838.37
Tomato,Uttarakhand,Dehradun,2021-03-14,206.35,242.24,224.3
Tomato,Uttarakhand,Dehradun,2021-03-21,245.75,288.49,267.12
Tomato,Uttarakhand,Dehradun,2021-03-28,577.01,677.37,627.19
Tomato,Uttarakhand,Dehradun,2021-04-04,344.27,404.14,374.21
Tomato,Uttarakhand,Dehradun,2021-04-11,293.28,344.29,318.79
Tomato,Uttarakhand,Dehradun,2021-04-18,188.0,220.7,204.35
Tomato,Uttarakhand,Dehradun,2021-04-25,227.91,267.55,247.73
Tomato,Uttarakhand,Dehradun,2021-05-02,389.55,457.3,423.42
Tomato,Uttarakhand,Dehradun,2021-05-09,184.0,216.0,200.0
Tomato,Uttarakhand,Dehradun,2021-05-16,776.4,911.42,843.91
Tomato,Uttarakhand,Dehradun,2021-05-23,476.19,559.01,517.6
Tomato,Uttarakhand,Dehradun,2021-05-30,638.11,749.09,693.6
Tomato,Uttarakhand,Dehradun,2021-06-06,353.76,415.28,384.52
Tomato,Uttarakhand,Dehradun,2021-06-13,1061.07,1245.61,1153.34
Tomato,Uttarakhand,Dehradun,2021-06-20,769.93,903.83,836.88
Tomato,Uttarakhand,Dehradun,2021-06-27,355.0,416.74,385.87
Tomato,Uttarakhand,Dehradun,2021-07-04,1174.39,1378.63,1276.51
Tomato,Uttarakhand,Dehradun,2021-07-11,1121.19,1316.18,1218.69
Tomato,Uttarakhand,Dehradun,2021-07-18,1510.15,1772.78,1641.47
Tomato,Uttarakhand,Dehradun,2021-07-25,1578.74,1853.3,1716.02
Tomato,Uttarakhand,Dehradun,2021-08-01,1874.88,2200.95,2037.92
Tomato,Uttarakhand,Dehradun,2021-08-08,1722.27,2021.8,1872.03
Tomato,Uttarakhand,Dehradun,2021-08-15,2028.27,2381.01,2204.64
Tomato,Uttarakhand,Dehradun,2021-08-22,1778.02,2087.24,1932.63
Tomato,Uttarakhand,Dehradun,2021-08-29,1896.51,2226.34,2061.43
Tomato,Uttarakhand,Dehradun,2021-09-05,2396.69,2813.51,2605.1
Tomato,Uttarakhand,Dehradun,2021-09-12,1995.79,2342.88,2169.34
Tomato,Uttarakhand,Dehradun,2021-09-19,2152.68,2527.06,2339.87
Tomato,Uttarakhand,Dehradun,2021-09-26,2299.39,2699.29,2499.34
Tomato,Uttarakhand,Dehradun,2021-10-03,2706.48,3177.17,2941.82
Tomato,Uttarakhand,Dehradun,2021-10-10,2362.47,2773.34,2567.9
Tomato,Uttarakhand,Dehradun,2021-10-17,2774.1,3256.56,3015.33
Tomato,Uttarakhand,Dehradun,2021-10-24,2163.53,2539.8,2351.66
Tomato,Uttarakhand,Dehradun,2021-10-31,2243.72,2633.94,2438.83
Tomato,Uttarakhand,Dehradun,2021-11-07,1621.21,1903.15,1762.18
Tomato,Uttarakhand,Dehradun,2021-11-14,1939.41,2276.7,2108.05
Tomato,Uttarakhand,Dehradun,2021-11-21,2142.52,2515.14,2328.83
Tomato,Uttarakhand,Dehradun,2021-11-28,2022.19,2373.88,2198.04
Tomato,Uttarakhand,Dehradun,2021-12-05,1929.81,2265.43,2097.62
Tomato,Uttarakhand,Dehradun,2021-12-12,2167.79,2544.8,2356.3
Tomato,Uttarakhand,Dehradun,2021-12-19,2030.91,2384.11,2207.51
Tomato,Uttarakhand,Dehradun,2021-12-26,2162.26,2538.31,2350.29
Tomato,Uttarakhand,Dehradun,2022-01-02,1894.04,2223.43,2058.73
Tomato,Uttarakhand,Dehradun,2022-01-09,2129.39,2499.72,2314.56
Tomato,Uttarakhand,Dehradun,2022-01-16,2081.34,2443.31,2262.33
Tomato,Uttarakhand,Dehradun,2022-01-23,1972.77,2315.86,2144.31
Tomato,Uttarakhand,Dehradun,2022-01-30,1573.95,1847.68,1710.82
Tomato,Uttarakhand,Dehradun,2022-02-06,1070.81,1257.04,1163.92
Tomato,Uttarakhand,Dehradun,2022-02-13,1213.38,1424.4,1318.89
Tomato,Uttarakhand,Dehradun,2022-02-20,1249.26,1466.52,1357.89
Tomato,Uttarakhand,Dehradun,2022-02-27,1135.88,1333.43,1234.66
Tomato,Uttarakhand,Dehradun,2022-03-06,897.82,1053.96,975.89
Tomato,Uttarakhand,Dehradun,2022-03-13,799.16,938.15,868.65
Tomato,Uttarakhand,Dehradun,2022-03-20,919.0,1078.82,998.91
Tomato,Uttarakhand,Dehradun,2022-03-27,468.91,550.45,509.68
Tomato,Uttarakhand,Dehradun,2022-04-03,184.0,216.0,200.0
Tomato,Uttarakhand,Dehradun,2022-04-10,506.96,595.12,551.04
Tomato,Uttarakhand,Dehradun,2022-04-17,418.71,491.53,455.12
Tomato,Uttarakhand,Dehradun,2022-04-24,184.0,216.0,200.0
Tomato,Uttarakhand,Dehradun,2022-05-01,184.0,216.0,200.0
Tomato,Uttarakhand,Dehradun,2022-05-08,184.0,216.0,200.0
Tomato,Uttarakhand,Dehradun,2022-05-15,184.0,216.0,200.0
Tomato,Uttarakhand,Dehradun,2022-05-22,184.0,216.0,200.0
Tomato,Uttarakhand,Dehradun,2022-05-29,184.0,216.0,200.0
Tomato,Uttarakhand,Dehradun,2022-06-05,569.62,668.69,619.15
Tomato,Uttarakhand,Dehradun,2022-06-12,885.23,1039.19,962.21
Tomato,Uttarakhand,Dehradun,2022-06-19,246.57,289.45,268.01
Tomato,Uttarakhand,Dehradun,2022-06-26,343.61,403.37,373.49
Tomato,Uttarakhand,Dehradun,2022-07-03,1186.94,1393.37,1290.16
Tomato,Uttarakhand,Dehradun,2022-07-10,1017.89,1194.92,1106.41
Tomato,Uttarakhand,Dehradun,2022-07-17,941.86,1105.66,1023.76
Tomato,Uttarakhand,Dehradun,2022-07-24,856.94,1005.97,931.46
Tomato,Uttarakhand,Dehradun,2022-07-31,1218.9,1430.88,1324.89
Tomato,Uttarakhand,Dehradun,2022-08-07,1600.51,1878.86,1739.69
Tomato,Uttarakhand,Dehradun,2022-08-14,1128.53,1324.8,1226.66
Tomato,Uttarakhand,Dehradun,2022-08-21,1479.85,1737.22,1608.54
Tomato,Uttarakhand,Dehradun,2022-08-28,1477.04,1733.92,1605.48
Tomato,Uttarakhand,Dehradun,2022-09-04,1668.96,1959.22,1814.09
Tomato,Uttarakhand,Dehradun,2022-09-11,2176.0,2554.43,2365.22
Tomato,Uttarakhand,Dehradun,2022-09-18,2098.9,2463.92,2281.41
Tomato,Uttarakhand,Dehradun,2022-09-25,2257.02,2649.54,2453.28
Tomato,Uttarakhand,Dehradun,2022-10-02,1648.65,1935.37,1792.01
Tomato,Uttarakhand,Dehradun,2022-10-09,1802.71,2116.22,1959.47
Tomato,Uttarakhand,Dehradun,2022-10-16,1742.21,2045.2,1893.71
Tomato,Uttarakhand,Dehradun,2022-10-23,2184.36,2564.25,2374.31
Tomato,Uttarakhand,Dehradun,2022-10-30,1839.38,2159.28,1999.33
Tomato,Uttarakhand,Dehradun,2022-11-06,1674.78,1966.04,1820.41
Tomato,Uttarakhand,Dehradun,2022-11-13,2112.18,2479.52,2295.85
Tomato,Uttarakhand,Dehradun,2022-11-20,2273.33,2668.69,2471.01
Tomato,Uttarakhand,Dehradun,2022-11-27,2403.6,2821.62,2612.61
Tomato,Uttarakhand,Dehradun,2022-12-04,2019.5,2370.72,2195.11
Tomato,Uttarakhand,Dehradun,2022-12-11,1174.23,1378.44,1276.33
Tomato,Uttarakhand,Dehradun,2022-12-18,1113.42,1307.06,1210.24
Tomato,Uttarakhand,Dehradun,2022-12-25,1695.56,1990.44,1843.0
Tomato,Uttarakhand,Dehradun,2023-01-01,1216.79,1428.4,1322.59
Tomato,Uttarakhand,Dehradun,2023-01-08,659.07,773.69,716.38
Tomato,Uttarakhand,Dehradun,2023-01-15,1237.15,1452.31,1344.73
Tomato,Uttarakhand,Dehradun,2023-01-22,1073.0,1259.61,1166.31
Tomato,Uttarakhand,Dehradun,2023-01-29,697.89,819.26,758.57
Tomato,Uttarakhand,Dehradun,2023-02-05,573.54,673.29,623.42
Tomato,Uttarakhand,Dehradun,2023-02-12,184.0,216.0,200.0
Tomato,Uttarakhand,Dehradun,2023-02-19,765.33,898.43,831.88
Tomato,Uttarakhand,Dehradun,2023-02-26,1112.23,1305.66,1208.94
Tomato,Uttarakhand,Dehradun,2023-03-05,339.07,398.04,368.56
Tomato,Uttarakhand,Dehradun,2023-03-12,354.53,416.19,385.36
Tomato,Uttarakhand,Dehradun,2023-03-19,929.18,1090.77,1009.98
Tomato,Uttarakhand,Dehradun,2023-03-26,681.41,799.91,740.66
Tomato,Uttarakhand,Dehradun,2023-04-02,782.44,918.52,850.48
Tomato,Uttarakhand,Dehradun,2023-04-09,184.0,216.0,200.0
Tomato,Uttarakhand,Dehradun,2023-04-16,647.46,760.06,703.76
Tomato,Uttarakhand,Dehradun,2023-04-23,1361.96,1598.82,1480.39
Tomato,Uttarakhand,Dehradun,2023-04-30,1361.7,1598.52,1480.11
Tomato,Uttarakhand,Dehradun,2023-05-07,1229.3,1443.09,1336.2
Tomato,Uttarakhand,Dehradun,2023-05-14,1404.79,1649.1,1526.95
Tomato,Uttarakhand,Dehradun,2023-05-21,1634.66,1918.95,1776.81
Tomato,Uttarakhand,Dehradun,2023-05-28,1389.94,1631.67,1510.8
Tomato,Uttarakhand,Dehradun,2023-06-04,1825.14,2142.55,1983.84
Tomato,Uttarakhand,Dehradun,2023-06-11,1780.86,2090.58,1935.72
Tomato,Uttarakhand,Dehradun,2023-06-18,1860.65,2184.24,2022.44
Tomato,Uttarakhand,Dehradun,2023-06-25,2085.58,2448.29,2266.94
Tomato,Uttarakhand,Dehradun,2023-07-02,2515.53,2953.01,2734.27
Tomato,Uttarakhand,Dehradun,2023-07-09,2381.12,2795.22,2588.17
Tomato,Uttarakhand,Dehradun,2023-07-16,2132.14,2502.94,2317.54
Tomato,Uttarakhand,Dehradun,2023-07-23,2319.6,2723.01,2521.31
Tomato,Uttarakhand,Dehradun,2023-07-30,2482.43,2914.16,2698.3
Tomato,Uttarakhand,Dehradun,2023-08-06,3171.6,3723.18,3447.39
Tomato,Uttarakhand,Dehradun,2023-08-13,2960.26,3475.08,3217.67
Tomato,Uttarakhand,Dehradun,2023-08-20,2372.62,2785.25,2578.93
Tomato,Uttarakhand,Dehradun,2023-08-27,2499.41,2934.09,2716.75
Tomato,Uttarakhand,Dehradun,2023-09-03,3404.6,3996.71,3700.66
Tomato,Uttarakhand,Dehradun,2023-09-10,3061.75,3594.23,3327.99
Tomato,Uttarakhand,Dehradun,2023-09-17,3040.81,3569.64,3305.23
Tomato,Uttarakhand,Dehradun,2023-09-24,2525.45,2964.66,2745.06
Tomato,Uttarakhand,Dehradun,2023-10-01,2843.1,3337.55,3090.32
Tomato,Uttarakhand,Dehradun,2023-10-08,2366.21,2777.72,2571.96
Tomato,Uttarakhand,Dehradun,2023-10-15,3283.87,3854.98,3569.42
Tomato,Uttarakhand,Dehradun,2023-10-22,2636.14,3094.6,2865.37
Tomato,Uttarakhand,Dehradun,2023-10-29,2974.0,3491.22,3232.61
Tomato,Uttarakhand,Dehradun,2023-11-05,3635.22,4267.43,3951.32
Tomato,Uttarakhand,Dehradun,2023-11-12,3143.68,3690.41,3417.04
Tomato,Uttarakhand,Dehradun,2023-11-19,3093.06,3630.98,3362.02
Tomato,Uttarakhand,Dehradun,2023-11-26,3112.61,3653.93,3383.27
Tomato,Uttarakhand,Dehradun,2023-12-03,2680.17,3146.28,2913.22
Tomato,Uttarakhand,Dehradun,2023-12-10,2457.34,2884.7,2671.02
Tomato,Uttarakhand,Dehradun,2023-12-17,3131.17,3675.72,3403.45
Tomato,Uttarakhand,Dehradun,2023-12-24,3270.32,3839.07,3554.7
Tomato,Uttarakhand,Dehradun,2023-12-31,2438.53,2862.62,2650.58
Tomato,Uttarakhand,Dehradun,2024-01-07,2270.01,2664.8,2467.4
Tomato,Uttarakhand,Dehradun,2024-01-14,2140.08,2512.26,2326.17
Tomato,Uttarakhand,Dehradun,2024-01-21,2278.79,2675.1,2476.95
Tomato,Uttarakhand,Dehradun,2024-01-28,2439.86,2864.18,2652.02
Tomato,Uttarakhand,Dehradun,2024-02-04,2137.76,2509.54,2323.65
Tomato,Uttarakhand,Dehradun,2024-02-11,1938.53,2275.66,2107.09
Tomato,Uttarakhand,Dehradun,2024-02-18,1943.63,2281.65,2112.64
Tomato,Uttarakhand,Dehradun,2024-02-25,1683.59,1976.38,1829.98
Tomato,Uttarakhand,Dehradun,2024-03-03,1307.86,1535.31,1421.59
Tomato,Uttarakhand,Dehradun,2024-03-10,1749.86,2054.19,1902.02
Tomato,Uttarakhand,Dehradun,2024-03-17,2029.26,2382.17,2205.72
Tomato,Uttarakhand,Dehradun,2024-03-24,1837.01,2156.49,1996.75
Tomato,Uttarakhand,Dehradun,2024-03-31,1593.28,1870.37,1731.82
Tomato,Uttarakhand,Dehradun,2024-04-07,1229.29,1443.08,1336.18
Tomato,Uttarakhand,Dehradun,2024-04-14,1671.43,1962.11,1816.77
Tomato,Uttarakhand,Dehradun,2024-04-21,1124.07,1319.56,1221.81
Tomato,Uttarakhand,Dehradun,2024-04-28,1814.5,2130.07,1972.29
Tomato,Uttarakhand,Dehradun,2024-05-05,1593.84,1871.03,1732.44
Tomato,Uttarakhand,Dehradun,2024-05-12,1585.39,1861.11,1723.25
Tomato,Uttarakhand,Dehradun,2024-05-19,1729.9,2030.75,1880.32
Tomato,Uttarakhand,Dehradun,2024-05-26,1667.74,1957.78,1812.76
Tomato,Uttarakhand,Dehradun,2024-06-02,2169.13,2546.37,2357.75
Tomato,Uttarakhand,Dehradun,2024-06-09,2429.6,2852.14,2640.87
Tomato,Uttarakhand,Dehradun,2024-06-16,1783.61,2093.8,1938.7
Tomato,Uttarakhand,Dehradun,2024-06-23,1916.76,2250.11,2083.44
Tomato,Uttarakhand,Dehradun,2024-06-30,2051.62,2408.42,2230.02
Tomato,Uttarakhand,Dehradun,2024-07-07,2523.15,2961.96,2742.55
Tomato,Uttarakhand,Dehradun,2024-07-14,2524.58,2963.64,2744.11
Tomato,Uttarakhand,Dehradun,2024-07-21,2571.05,3018.19,2794.62
Tomato,Uttarakhand,Dehradun,2024-07-28,1769.06,2076.72,1922.89
Tomato,Uttarakhand,Dehradun,2024-08-04,2478.33,2909.34,2693.84
Tomato,Uttarakhand,Dehradun,2024-08-11,3030.37,3557.39,3293.88
Tomato,Uttarakhand,Dehradun,2024-08-18,3211.63,3770.17,3490.9
Tomato,Uttarakhand,Dehradun,2024-08-25,2900.39,3404.81,3152.6
Tomato,Uttarakhand,Dehradun,2024-09-01,3886.75,4562.71,4224.73
Tomato,Uttarakhand,Dehradun,2024-09-08,3799.15,4459.87,4129.51
Tomato,Uttarakhand,Dehradun,2024-09-15,3733.94,4383.32,4058.63
Tomato,Uttarakhand,Dehradun,2024-09-22,3496.35,4104.41,3800.38
Tomato,Uttarakhand,Dehradun,2024-09-29,3573.04,4194.43,3883.74
Tomato,Uttarakhand,Dehradun,2024-10-06,3997.64,4692.88,4345.26
Tomato,Uttarakhand,Dehradun,2024-10-13,4436.87,5208.5,4822.69
Tomato,Uttarakhand,Dehradun,2024-10-20,4180.27,4907.27,4543.77
Tomato,Uttarakhand,Dehradun,2024-10-27,4501.9,5284.84,4893.37
Tomato,Uttarakhand,Dehradun,2024-11-03,4028.86,4729.53,4379.19
Tomato,Uttarakhand,Dehradun,2024-11-10,3768.67,4424.1,4096.38
Tomato,Uttarakhand,Dehradun,2024-11-17,4249.58,4988.64,4619.11
Tomato,Uttarakhand,Dehradun,2024-11-24,4459.27,5234.8,4847.03
Tomato,Uttarakhand,Dehradun,2024-12-01,4190.24,4918.98,4554.61
Tomato,Uttarakhand,Dehradun,2024-12-08,3794.19,4454.05,4124.12
Tomato,Uttarakhand,Dehradun,2024-12-15,3934.02,4618.19,4276.11
Tomato,Uttarakhand,Dehradun,2024-12-22,3955.34,4643.22,4299.28
Tomato,Uttarakhand,Dehradun,2024-12-29,3944.22,4630.17,4287.2
Tomato,Uttarakhand,Dehradun,2025-01-05,3580.16,4202.8,3891.48
Tomato,Uttarakhand,Dehradun,2025-01-12,4083.44,4793.6,4438.52
Tomato,Uttarakhand,Dehradun,2025-01-19,4005.53,4702.14,4353.84
Tomato,Uttarakhand,Dehradun,2025-01-26,3559.59,4178.65,3869.12
Tomato,Uttarakhand,Dehradun,2025-02-02,3079.33,3614.87,3347.1
Tomato,Uttarakhand,Dehradun,2025-02-09,3324.32,3902.46,3613.39
Tomato,Uttarakhand,Dehradun,2025-02-16,3057.36,3589.07,3323.22
Tomato,Uttarakhand,Dehradun,2025-02-23,3193.78,3749.22,3471.5
Tomato,Uttarakhand,Dehradun,2025-03-02,3354.7,3938.12,3646.41
Tomato,Uttarakhand,Dehradun,2025-03-09,2889.08,3391.53,3140.31
Tomato,Uttarakhand,Dehradun,2025-03-16,3332.71,3912.31,3622.51
Tomato,Uttarakhand,Dehradun,2025-03-23,3009.55,3532.95,3271.25
Tomato,Uttarakhand,Dehradun,2025-03-30,3115.22,3656.99,3386.11
Tomato,Uttarakhand,Dehradun,2025-04-06,2782.4,3266.29,3024.35
Tomato,Uttarakhand,Dehradun,2025-04-13,2748.77,3226.82,2987.79
Tomato,Uttarakhand,Dehradun,2025-04-20,2739.07,3215.42,2977.25
Tomato,Uttarakhand,Dehradun,2025-04-27,2620.1,3075.76,2847.93
Tomato,Uttarakhand,Dehradun,2025-05-04,2621.21,3077.07,2849.14
Tomato,Uttarakhand,Dehradun,2025-05-11,2424.01,2845.57,2634.79
Tomato,Uttarakhand,Dehradun,2025-05-18,3274.75,3844.27,3559.51
Tomato,Uttarakhand,Dehradun,2025-05-25,2473.75,2903.97,2688.86
Tomato,Uttarakhand,Dehradun,2025-06-01,3069.27,3603.05,3336.16
Tomato,Uttarakhand,Dehradun,2025-06-08,3076.58,3611.64,3344.11
Tomato,Uttarakhand,Dehradun,2025-06-15,3527.3,4140.75,3834.03
Tomato,Uttarakhand,Dehradun,2025-06-22,3232.06,3794.16,3513.11
Tomato,Uttarakhand,Dehradun,2025-06-29,3422.77,4018.03,3720.4
Tomato,Uttarakhand,Dehradun,2025-07-06,3371.51,3957.86,3664.69
Tomato,Uttarakhand,Dehradun,2025-07-13,3431.23,4027.96,3729.59
Tomato,Uttarakhand,Dehradun,2025-07-20,3659.36,4295.77,3977.56
Tomato,Uttarakhand,Dehradun,2025-07-27,3497.18,4105.39,3801.28
Tomato,Uttarakhand,Dehradun,2025-08-03,3476.7,4081.34,3779.02
Tomato,Uttarakhand,Dehradun,2025-08-10,3924.95,4607.54,4266.25
Tomato,Uttarakhand,Dehradun,2025-08-17,4352.96,5109.99,4731.48
Tomato,Uttarakhand,Dehradun,2025-08-24,4307.82,5057.0,4682.41
Tomato,Uttarakhand,Dehradun,2025-08-31,3512.78,4123.7,3818.24
Tomato,Uttarakhand,Dehradun,2025-09-07,4285.3,5030.57,4657.94
Tomato,Uttarakhand,Dehradun,2025-09-14,3755.8,4408.98,4082.39
Tomato,Uttarakhand,Dehradun,2025-09-21,4775.99,5606.59,5191.29
Tomato,Uttarakhand,Dehradun,2025-09-28,4382.75,5144.97,4763.86
Tomato,Uttarakhand,Dehradun,2025-10-05,4879.33,5727.91,5303.62
Tomato,Uttarakhand,Dehradun,2025-10-12,4430.82,5201.4,4816.11
Tomato,Uttarakhand,Dehradun,2025-10-19,3848.09,4517.33,4182.71
Tomato,Uttarakhand,Dehradun,2025-10-26,4523.66,5310.38,4917.02
Tomato,Uttarakhand,Dehradun,2025-11-02,3934.34,4618.58,4276.46
Tomato,Uttarakhand,Dehradun,2025-11-09,4284.65,5029.8,4657.22
Tomato,Uttarakhand,Dehradun,2025-11-16,4273.4,5016.59,4644.99
Tomato,Uttarakhand,Dehradun,2025-11-23,4080.98,4790.71,4435.84
Tomato,Uttarakhand,Dehradun,2025-11-30,4465.13,5241.67,4853.4
Tomato,Uttarakhand,Dehradun,2025-12-07,3863.42,4535.32,4199.37
Tomato,Uttarakhand,Dehradun,2025-12-14,3722.56,4369.96,4046.26
Tomato,Uttarakhand,Dehradun,2025-12-21,3891.51,4568.29,4229.9
Tomato,Uttarakhand,Dehradun,2025-12-28,4259.1,4999.82,4629.46
Tomato,Uttarakhand,Dehradun,2026-01-04,3938.18,4623.08,4280.63
Tomato,Uttarakhand,Dehradun,2026-01-11,3825.07,4490.3,4157.69
Tomato,Uttarakhand,Dehradun,2026-01-18,4286.16,5031.58,4658.87
Tomato,Uttarakhand,Dehradun,2026-01-25,3803.44,4464.91,4134.17
Tomato,Uttarakhand,Dehradun,2026-02-01,3382.83,3971.15,3676.99
Tomato,Uttarakhand,Dehradun,2026-02-08,3294.82,3867.83,3581.33
Tomato,Uttarakhand,Dehradun,2026-02-15,3327.97,3906.75,3617.36
Tomato,Uttarakhand,Dehradun,2026-02-22,3285.54,3856.94,3571.24
Tomato,Uttarakhand,Dehradun,2026-03-01,2893.22,3396.39,3144.81
Tomato,Uttarakhand,Dehradun,2026-03-08,3187.66,3742.03,3464.84
Tomato,Uttarakhand,Dehradun,2026-03-15,2624.13,3080.5,2852.32
Tomato,Uttarakhand,Dehradun,2026-03-22,3085.36,3621.94,3353.65
Tomato,Uttarakhand,Dehradun,2026-03-29,2716.74,3189.22,2952.98
Tomato,Uttarakhand,Dehradun,2026-04-05,2701.35,3171.15,2936.25
Tomato,Uttarakhand,Dehradun,2026-04-12,2953.12,3466.71,3209.92
Tomato,Uttarakhand,Dehradun,2026-04-19,2898.99,3403.17,3151.08
Tomato,Uttarakhand,Dehradun,2026-04-26,2703.98,3174.24,2939.11
Tomato,Uttarakhand,Dehradun,2026-05-03,2965.01,3480.66,3222.84
Tomato,Uttarakhand,Dehradun,2026-05-10,2803.8,3291.41,3047.61
Tomato,Uttarakhand,Dehradun,2026-05-17,3290.22,3862.43,3576.32
Tomato,Uttarakhand,Dehradun,2026-05-24,2539.96,2981.69,2760.82
Tomato,Uttarakhand,Dehradun,2026-05-31,2476.84,2907.59,2692.21
Tomato,Uttarakhand,Dehradun,2026-06-07,2797.96,3284.56,3041.26
Tomato,Uttarakhand,Dehradun,2026-06-14,3331.96,3911.43,3621.69
Tomato,Uttarakhand,Dehradun,2026-06-21,3089.4,3626.68,3358.04
Tomato,Uttarakhand,Dehradun,2026-06-28,3241.19,3804.88,3523.03
Tomato,Uttarakhand,Dehradun,2026-07-05,3594.86,4220.05,3907.46
Tomato,Uttarakhand,Dehradun,2026-07-12,4004.57,4701.02,4352.79
Tomato,Uttarakhand,Dehradun,2026-07-19,3644.04,4277.78,3960.91
Tomato,Uttarakhand,Dehradun,2026-07-26,3406.5,3998.93,3702.72
Tomato,Uttarakhand,Dehradun,2026-08-02,4692.06,5508.07,5100.07
Tomato,Uttarakhand,Dehradun,2026-08-09,4653.63,5462.96,5058.29
Tomato,Uttarakhand,Dehradun,2026-08-16,3730.2,4378.93,4054.57
Tomato,Uttarakhand,Dehradun,2026-08-23,3975.11,4666.43,4320.77
Tomato,Uttarakhand,Dehradun,2026-08-30,4193.55,4922.86,4558.2
Potato,Maharashtra,Pune,2020-01-05,1329.41,1560.61,1445.01
Potato,Maharashtra,Pune,2020-01-12,1333.7,1565.65,1449.68
Potato,Maharashtra,Pune,2020-01-19,1248.31,1465.41,1356.86
Potato,Maharashtra,Pune,2020-01-26,1381.25,1621.47,1501.36
Potato,Maharashtra,Pune,2020-02-02,1393.42,1635.75,1514.58
Potato,Maharashtra,Pune,2020-02-09,1493.61,1753.37,1623.49
Potato,Maharashtra,Pune,2020-02-16,1363.55,1600.69,1482.12
Potato,Maharashtra,Pune,2020-02-23,1580.56,1855.44,1718.0
Potato,Maharashtra,Pune,2020-03-01,1409.91,1655.11,1532.51
Potato,Maharashtra,Pune,2020-03-08,1509.91,1772.51,1641.21
Potato,Maharashtra,Pune,2020-03-15,1471.5,1727.42,1599.46
Potato,Maharashtra,Pune,2020-03-22,1447.51,1699.25,1573.38
Potato,Maharashtra,Pune,2020-03-29,1440.28,1690.77,1565.53
Potato,Maharashtra,Pune,2020-04-05,1256.83,1475.4,1366.12
Potato,Maharashtra,Pune,2020-04-12,1371.71,1610.26,1490.99
Potato,Maharashtra,Pune,2020-04-19,1120.54,1315.42,1217.98
Potato,Maharashtra,Pune,2020-04-26,1188.15,1394.79,1291.47
Potato,Maharashtra,Pune,2020-05-03,914.77,1073.86,994.31
Potato,Maharashtra,Pune,2020-05-10,791.51,929.17,860.34
Potato,Maharashtra,Pune,2020-05-17,913.06,1071.85,992.46
Potato,Maharashtra,Pune,2020-05-24,836.97,982.53,909.75
Potato,Maharashtra,Pune,2020-05-31,937.9,1101.01,1019.46
Potato,Maharashtra,Pune,2020-06-07,577.24,677.63,627.44
Potato,Maharashtra,Pune,2020-06-14,675.22,792.65,733.94
Potato,Maharashtra,Pune,2020-06-21,545.36,640.2,592.78
Potato,Maharashtra,Pune,2020-06-28,443.0,520.04,481.52
Potato,Maharashtra,Pune,2020-07-05,353.9,415.45,384.67
Potato,Maharashtra,Pune,2020-07-12,545.63,640.52,593.07
Potato,Maharashtra,Pune,2020-07-19,464.75,545.58,505.17
Potato,Maharashtra,Pune,2020-07-26,427.19,501.48,464.33
Potato,Maharashtra,Pune,2020-08-02,449.62,527.81,488.71
Potato,Maharashtra,Pune,2020-08-09,516.34,606.13,561.24
Potato,Maharashtra,Pune,2020-08-16,303.01,355.71,329.36
Potato,Maharashtra,Pune,2020-08-23,459.23,539.09,499.16
Potato,Maharashtra,Pune,2020-08-30,186.36,218.77,202.56
Potato,Maharashtra,Pune,2020-09-06,355.72,417.59,386.66
Potato,Maharashtra,Pune,2020-09-13,464.67,545.48,505.07
Potato,Maharashtra,Pune,2020-09-20,228.0,267.66,247.83
Potato,Maharashtra,Pune,2020-09-27,219.0,257.09,238.04
Potato,Maharashtra,Pune,2020-10-04,591.82,694.75,643.28
Potato,Maharashtra,Pune,2020-10-11,480.1,563.59,521.84
Potato,Maharashtra,Pune,2020-10-18,497.69,584.25,540.97
Potato,Maharashtra,Pune,2020-10-25,644.67,756.78,700.72
Potato,Maharashtra,Pune,2020-11-01,678.34,796.32,737.33
Potato,Maharashtra,Pune,2020-11-08,561.07,658.64,609.85
Potato,Maharashtra,Pune,2020-11-15,613.97,720.74,667.35
Potato,Maharashtra,Pune,2020-11-22,461.02,541.19,501.1
Potato,Maharashtra,Pune,2020-11-29,641.11,752.61,696.86
Potato,Maharashtra,Pune,2020-12-06,767.38,900.84,834.11
Potato,Maharashtra,Pune,2020-12-13,869.09,1020.24,944.67
Potato,Maharashtra,Pune,2020-12-20,627.76,736.94,682.35
Potato,Maharashtra,Pune,2020-12-27,691.08,811.26,751.17
Potato,Maharashtra,Pune,2021-01-03,1091.95,1281.86,1186.91
Potato,Maharashtra,Pune,2021-01-10,974.34,1143.79,1059.06
Potato,Maharashtra,Pune,2021-01-17,954.71,1120.74,1037.73
Potato,Maharashtra,Pune,2021-01-24,980.4,1150.9,1065.65
Potato,Maharashtra,Pune,2021-01-31,1078.7,1266.3,1172.5
Potato,Maharashtra,Pune,2021-02-07,1020.44,1197.91,1109.17
Potato,Maharashtra,Pune,2021-02-14,1009.94,1185.58,1097.76
Potato,Maharashtra,Pune,2021-02-21,998.54,1172.2,1085.37
Potato,Maharashtra,Pune,2021-02-28,1085.45,1274.23,1179.84
Potato,Maharashtra,Pune,2021-03-07,898.37,1054.61,976.49
Potato,Maharashtra,Pune,2021-03-14,915.24,1074.41,994.82
Potato,Maharashtra,Pune,2021-03-21,895.68,1051.45,973.57
Potato,Maharashtra,Pune,2021-03-28,1009.24,1184.76,1097.0
Potato,Maharashtra,Pune,2021-04-04,675.97,793.53,734.75
Potato,Maharashtra,Pune,2021-04-11,803.76,943.54,873.65
Potato,Maharashtra,Pune,2021-04-18,796.99,935.6,866.29
Potato,Maharashtra,Pune,2021-04-25,666.64,782.58,724.61
Potato,Maharashtra,Pune,2021-05-02,688.69,808.46,748.58
Potato,Maharashtra,Pune,2021-05-09,676.13,793.72,734.92
Potato,Maharashtra,Pune,2021-05-16,755.59,887.0,821.3
Potato,Maharashtra,Pune,2021-05-23,648.62,761.43,705.02
Potato,Maharashtra,Pune,2021-05-30,536.54,629.85,583.2
Potato,Maharashtra,Pune,2021-06-06,492.79,578.49,535.64
Potato,Maharashtra,Pune,2021-06-13,586.1,688.03,637.06
Potato,Maharashtra,Pune,2021-06-20,662.59,777.83,720.21
Potato,Maharashtra,Pune,2021-06-27,549.54,645.11,597.32
Potato,Maharashtra,Pune,2021-07-04,524.27,615.45,569.86
Potato,Maharashtra,Pune,2021-07-11,309.19,362.96,336.07
Potato,Maharashtra,Pune,2021-07-18,562.22,660.0,611.11
Potato,Maharashtra,Pune,2021-07-25,203.91,239.38,221.64
Potato,Maharashtra,Pune,2021-08-01,478.55,561.77,520.16
Potato,Maharashtra,Pune,2021-08-08,220.91,259.33,240.12
Potato,Maharashtra,Pune,2021-08-15,289.78,340.18,314.98
Potato,Maharashtra,Pune,2021-08-22,279.73,328.38,304.05
Potato,Maharashtra,Pune,2021-08-29,411.46,483.02,447.24
Potato,Maharashtra,Pune,2021-09-05,313.44,367.96,340.7
Potato,Maharashtra,Pune,2021-09-12,184.0,216.0,200.0
Potato,Maharashtra,Pune,2021-09-19,415.28,487.5,451.39
Potato,Maharashtra,Pune,2021-09-26,184.0,216.0,200.0
Potato,Maharashtra,Pune,2021-10-03,460.45,540.53,500.49
Potato,Maharashtra,Pune,2021-10-10,637.81,748.74,693.27
Potato,Maharashtra,Pune,2021-10-17,301.33,353.74,327.53
Potato,Maharashtra,Pune,2021-10-24,304.08,356.96,330.52
Potato,Maharashtra,Pune,2021-10-31,597.06,700.9,648.98
Potato,Maharashtra,Pune,2021-11-07,561.15,658.74,609.95
Potato,Maharashtra,Pune,2021-11-14,574.48,674.39,624.43
Potato,Maharashtra,Pune,2021-11-21,459.98,539.98,499.98
Potato,Maharashtra,Pune,2021-11-28,696.61,817.76,757.18
Potato,Maharashtra,Pune,2021-12-05,889.9,1044.66,967.28
Potato,Maharashtra,Pune,2021-12-12,966.41,1134.48,1050.45
Potato,Maharashtra,Pune,2021-12-19,1049.53,1232.05,1140.79
Potato,Maharashtra,Pune,2021-12-26,1062.69,1247.51,1155.1
Potato,Maharashtra,Pune,2022-01-02,831.85,976.52,904.18
Potato,Maharashtra,Pune,2022-01-09,1162.68,1364.88,1263.78
Potato,Maharashtra,Pune,2022-01-16,952.94,1118.66,1035.8
Potato,Maharashtra,Pune,2022-01-23,1175.79,1380.27,1278.03
Potato,Maharashtra,Pune,2022-01-30,1001.29,1175.43,1088.36
Potato,Maharashtra,Pune,2022-02-06,1210.73,1421.29,1316.01
Potato,Maharashtra,Pune,2022-02-13,1256.27,1474.75,1365.51
Potato,Maharashtra,Pune,2022-02-20,1210.16,1420.63,1315.39
Potato,Maharashtra,Pune,2022-02-27,1047.41,1229.57,1138.49
Potato,Maharashtra,Pune,2022-03-06,999.07,1172.82,1085.94
Potato,Maharashtra,Pune,2022-03-13,1130.69,1327.34,1229.02
Potato,Maharashtra,Pune,2022-03-20,1216.5,1428.07,1322.28
Potato,Maharashtra,Pune,2022-03-27,1176.14,1380.69,1278.41
Potato,Maharashtra,Pune,2022-04-03,1198.59,1407.04,1302.81
Potato,Maharashtra,Pune,2022-04-10,1143.67,1342.56,1243.11
Potato,Maharashtra,Pune,2022-04-17,1000.68,1174.71,1087.7
Potato,Maharashtra,Pune,2022-04-24,1135.74,1333.26,1234.5
Potato,Maharashtra,Pune,2022-05-01,1014.85,1191.35,1103.1
Potato,Maharashtra,Pune,2022-05-08,1156.48,1357.61,1257.05
Potato,Maharashtra,Pune,2022-05-15,1042.98,1224.37,1133.67
Potato,Maharashtra,Pune,2022-05-22,1009.67,1185.27,1097.47
Potato,Maharashtra,Pune,2022-05-29,1027.38,1206.06,1116.72
Potato,Maharashtra,Pune,2022-06-05,813.36,954.81,884.09
Potato,Maharashtra,Pune,2022-06-12,829.43,973.68,901.55
Potato,Maharashtra,Pune,2022-06-19,557.77,654.77,606.27
Potato,Maharashtra,Pune,2022-06-26,693.42,814.02,753.72
Potato,Maharashtra,Pune,2022-07-03,617.07,724.38,670.73
Potato,Maharashtra,Pune,2022-07-10,732.48,859.86,796.17
Potato,Maharashtra,Pune,2022-07-17,716.09,840.62,778.35
Potato,Maharashtra,Pune,2022-07-24,561.02,658.59,609.8
Potato,Maharashtra,Pune,2022-07-31,672.35,789.28,730.82
Potato,Maharashtra,Pune,2022-08-07,516.44,606.25,561.34
Potato,Maharashtra,Pune,2022-08-14,377.57,443.23,410.4
Potato,Maharashtra,Pune,2022-08-21,315.1,369.9,342.5
Potato,Maharashtra,Pune,2022-08-28,449.98,528.23,489.11
Potato,Maharashtra,Pune,2022-09-04,270.63,317.7,294.16
Potato,Maharashtra,Pune,2022-09-11,485.07,569.44,527.26
Potato,Maharashtra,Pune,2022-09-18,471.66,553.69,512.67
Potato,Maharashtra,Pune,2022-09-25,392.16,460.36,426.26
Potato,Maharashtra,Pune,2022-10-02,577.93,678.44,628.19
Potato,Maharashtra,Pune,2022-10-09,331.14,388.72,359.93
Potato,Maharashtra,Pune,2022-10-16,386.4,453.6,420.0
Potato,Maharashtra,Pune,2022-10-23,482.97,566.96,524.97
Potato,Maharashtra,Pune,2022-10-30,367.63,431.57,399.6
Potato,Maharashtra,Pune,2022-11-06,701.66,823.69,762.67
Potato,Maharashtra,Pune,2022-11-13,685.27,804.45,744.86
Potato,Maharashtra,Pune,2022-11-20,783.09,919.28,851.19
Potato,Maharashtra,Pune,2022-11-27,553.82,650.13,601.97
Potato,Maharashtra,Pune,2022-12-04,862.08,1012.0,937.04
Potato,Maharashtra,Pune,2022-12-11,1039.04,1219.75,1129.4
Potato,Maharashtra,Pune,2022-12-18,661.35,776.36,718.86
Potato,Maharashtra,Pune,2022-12-25,833.14,978.03,905.59
Potato,Maharashtra,Pune,2023-01-01,1061.12,1245.66,1153.39
Potato,Maharashtra,Pune,2023-01-08,1056.5,1240.24,1148.37
Potato,Maharashtra,Pune,2023-01-15,1084.95,1273.64,1179.3
Potato,Maharashtra,Pune,2023-01-22,937.05,1100.01,1018.53
Potato,Maharashtra,Pune,2023-01-29,1016.45,1193.22,1104.84
Potato,Maharashtra,Pune,2023-02-05,1037.03,1217.39,1127.21
Potato,Maharashtra,Pune,2023-02-12,1001.34,1175.48,1088.41
Potato,Maharashtra,Pune,2023-02-19,1298.43,1524.24,1411.33
Potato,Maharashtra,Pune,2023-02-26,1300.42,1526.58,1413.5
Potato,Maharashtra,Pune,2023-03-05,1031.45,1210.83,1121.14
Potato,Maharashtra,Pune,2023-03-12,1130.1,1326.64,1228.37
Potato,Maharashtra,Pune,2023-03-19,1334.69,1566.8,1450.75
Potato,Maharashtra,Pune,2023-03-26,1305.13,1532.11,1418.62
Potato,Maharashtra,Pune,2023-04-02,1243.55,1459.82,1351.68
Potato,Maharashtra,Pune,2023-04-09,1132.95,1329.99,1231.47
Potato,Maharashtra,Pune,2023-04-16,1127.11,1323.13,1225.12
Potato,Maharashtra,Pune,2023-04-23,1004.53,1179.23,1091.88
Potato,Maharashtra,Pune,2023-04-30,1165.42,1368.1,1266.76
Potato,Maharashtra,Pune,2023-05-07,856.64,1005.63,931.14
Potato,Maharashtra,Pune,2023-05-14,971.33,1140.26,1055.79
Potato,Maharashtra,Pune,2023-05-21,887.17,1041.46,964.32
Potato,Maharashtra,Pune,2023-05-28,1021.91,1199.63,1110.77
Potato,Maharashtra,Pune,2023-06-04,854.12,1002.66,928.39
Potato,Maharashtra,Pune,2023-06-11,815.06,956.81,885.93
Potato,Maharashtra,Pune,2023-06-18,586.01,687.93,636.97
Potato,Maharashtra,Pune,2023-06-25,839.89,985.95,912.92
Potato,Maharashtra,Pune,2023-07-02,820.65,963.38,892.01
Potato,Maharashtra,Pune,2023-07-09,711.17,834.85,773.01
Potato,Maharashtra,Pune,2023-07-16,549.28,644.8,597.04
Potato,Maharashtra,Pune,2023-07-23,953.41,1119.22,1036.32
Potato,Maharashtra,Pune,2023-07-30,840.18,986.3,913.24
Potato,Maharashtra,Pune,2023-08-06,824.62,968.04,896.33
Potato,Maharashtra,Pune,2023-08-13,609.23,715.18,662.2
Potato,Maharashtra,Pune,2023-08-20,909.37,1067.53,988.45
Potato,Maharashtra,Pune,2023-08-27,838.1,983.86,910.98
Potato,Maharashtra,Pune,2023-09-03,855.3,1004.05,929.67
Potato,Maharashtra,Pune,2023-09-10,870.19,1021.53,945.86
Potato,Maharashtra,Pune,2023-09-17,978.9,1149.14,1064.02
Potato,Maharashtra,Pune,2023-09-24,817.56,959.74,888.65
Potato,Maharashtra,Pune,2023-10-01,1130.76,1327.42,1229.09
Potato,Maharashtra,Pune,2023-10-08,1010.92,1186.74,1098.83
Potato,Maharashtra,Pune,2023-10-15,1130.39,1326.98,1228.68
Potato,Maharashtra,Pune,2023-10-22,977.98,1148.07,1063.03
Potato,Maharashtra,Pune,2023-10-29,846.75,994.01,920.38
Potato,Maharashtra,Pune,2023-11-05,1213.73,1424.82,1319.28
Potato,Maharashtra,Pune,2023-11-12,1144.81,1343.91,1244.36
Potato,Maharashtra,Pune,2023-11-19,1213.14,1424.12,1318.63
Potato,Maharashtra,Pune,2023-11-26,1166.3,1369.14,1267.72
Potato,Maharashtra,Pune,2023-12-03,1260.5,1479.71,1370.1
Potato,Maharashtra,Pune,2023-12-10,1265.78,1485.92,1375.85
Potato,Maharashtra,Pune,2023-12-17,1347.22,1581.52,1464.37
Potato,Maharashtra,Pune,2023-12-24,1313.23,1541.62,1427.43
Potato,Maharashtra,Pune,2023-12-31,1187.78,1394.35,1291.06
Potato,Maharashtra,Pune,2024-01-07,1508.26,1770.56,1639.41
Potato,Maharashtra,Pune,2024-01-14,1613.47,1894.08,1753.78
Potato,Maharashtra,Pune,2024-01-21,1682.56,1975.17,1828.86
Potato,Maharashtra,Pune,2024-01-28,1531.2,1797.49,1664.34
Potato,Maharashtra,Pune,2024-02-04,1589.7,1866.17,1727.94
Potato,Maharashtra,Pune,2024-02-11,1471.64,1727.58,1599.61
Potato,Maharashtra,Pune,2024-02-18,1742.27,2045.27,1893.77
Potato,Maharashtra,Pune,2024-02-25,1645.1,1931.21,1788.15
Potato,Maharashtra,Pune,2024-03-03,1522.33,1787.08,1654.71
Potato,Maharashtra,Pune,2024-03-10,1497.86,1758.36,1628.11
Potato,Maharashtra,Pune,2024-03-17,1552.22,1822.18,1687.2
Potato,Maharashtra,Pune,2024-03-24,1548.65,1817.98,1683.32
Potato,Maharashtra,Pune,2024-03-31,1380.56,1620.66,1500.61
Potato,Maharashtra,Pune,2024-04-07,1361.36,1598.12,1479.74
Potato,Maharashtra,Pune,2024-04-14,1380.67,1620.78,1500.73
Potato,Maharashtra,Pune,2024-04-21,1532.66,1799.21,1665.94
Potato,Maharashtra,Pune,2024-04-28,1323.78,1554.0,1438.89
Potato,Maharashtra,Pune,2024-05-05,1293.26,1518.17,1405.72
Potato,Maharashtra,Pune,2024-05-12,1420.64,1667.71,1544.18
Potato,Maharashtra,Pune,2024-05-19,1370.89,1609.3,1490.09
Potato,Maharashtra,Pune,2024-05-26,993.18,1165.91,1079.54
Potato,Maharashtra,Pune,2024-06-02,1085.05,1273.75,1179.4
Potato,Maharashtra,Pune,2024-06-09,875.4,1027.64,951.52
Potato,Maharashtra,Pune,2024-06-16,1055.25,1238.78,1147.01
Potato,Maharashtra,Pune,2024-06-23,857.23,1006.31,931.77
Potato,Maharashtra,Pune,2024-06-30,798.47,937.34,867.91
Potato,Maharashtra,Pune,2024-07-07,956.07,1122.34,1039.2
Potato,Maharashtra,Pune,2024-07-14,805.86,946.01,875.94
Potato,Maharashtra,Pune,2024-07-21,605.56,710.88,658.22
Potato,Maharashtra,Pune,2024-07-28,581.98,683.2,632.59
Potato,Maharashtra,Pune,2024-08-04,841.5,987.85,914.68
Potato,Maharashtra,Pune,2024-08-11,775.91,910.85,843.38
Potato,Maharashtra,Pune,2024-08-18,966.92,1135.08,1051.0
Potato,Maharashtra,Pune,2024-08-25,874.36,1026.43,950.4
Potato,Maharashtra,Pune,2024-09-01,724.79,850.84,787.82
Potato,Maharashtra,Pune,2024-09-08,875.72,1028.02,951.87
Potato,Maharashtra,Pune,2024-09-15,841.09,987.37,914.23
Potato,Maharashtra,Pune,2024-09-22,762.58,895.21,828.9
Potato,Maharashtra,Pune,2024-09-29,860.06,1009.63,934.85
Potato,Maharashtra,Pune,2024-10-06,761.27,893.66,827.47
Potato,Maharashtra,Pune,2024-10-13,662.78,778.04,720.41
Potato,Maharashtra,Pune,2024-10-20,925.16,1086.06,1005.61
Potato,Maharashtra,Pune,2024-10-27,998.46,1172.11,1085.28
Potato,Maharashtra,Pune,2024-11-03,1191.93,1399.22,1295.58
Potato,Maharashtra,Pune,2024-11-10,1088.23,1277.49,1182.86
Potato,Maharashtra,Pune,2024-11-17,1065.16,1250.4,1157.78
Potato,Maharashtra,Pune,2024-11-24,1175.83,1380.32,1278.07
Potato,Maharashtra,Pune,2024-12-01,1216.01,1427.49,1321.75
Potato,Maharashtra,Pune,2024-12-08,1113.71,1307.4,1210.56
Potato,Maharashtra,Pune,2024-12-15,1221.41,1433.83,1327.62
Potato,Maharashtra,Pune,2024-12-22,1054.38,1237.75,1146.07
Potato,Maharashtra,Pune,2024-12-29,1119.49,1314.18,1216.83
Potato,Maharashtra,Pune,2025-01-05,1287.41,1511.31,1399.36
Potato,Maharashtra,Pune,2025-01-12,1367.38,1605.18,1486.28
Potato,Maharashtra,Pune,2025-01-19,1516.08,1779.75,1647.91
Potato,Maharashtra,Pune,2025-01-26,1262.04,1481.52,1371.78
Potato,Maharashtra,Pune,2025-02-02,1408.79,1653.8,1531.3
Potato,Maharashtra,Pune,2025-02-09,1374.87,1613.98,1494.42
Potato,Maharashtra,Pune,2025-02-16,1239.06,1454.55,1346.81
Potato,Maharashtra,Pune,2025-02-23,1367.5,1605.33,1486.42
Potato,Maharashtra,Pune,2025-03-02,1111.2,1304.45,1207.82
Potato,Maharashtra,Pune,2025-03-09,1084.3,1272.87,1178.59
Potato,Maharashtra,Pune,2025-03-16,1364.2,1601.46,1482.83
Potato,Maharashtra,Pune,2025-03-23,1480.6,1738.09,1609.34
Potato,Maharashtra,Pune,2025-03-30,1382.82,1623.31,1503.07
Potato,Maharashtra,Pune,2025-04-06,1010.63,1186.4,1098.52
Potato,Maharashtra,Pune,2025-04-13,1006.25,1181.25,1093.75
Potato,Maharashtra,Pune,2025-04-20,1030.08,1209.23,1119.66
Potato,Maharashtra,Pune,2025-04-27,999.03,1172.77,1085.9
Potato,Maharashtra,Pune,2025-05-04,975.28,1144.89,1060.08
Potato,Maharashtra,Pune,2025-05-11,809.39,950.16,879.78
Potato,Maharashtra,Pune,2025-05-18,1095.28,1285.76,1190.52
Potato,Maharashtra,Pune,2025-05-25,830.38,974.8,902.59
Potato,Maharashtra,Pune,2025-06-01,796.18,934.65,865.41
Potato,Maharashtra,Pune,2025-06-08,544.69,639.42,592.06
Potato,Maharashtra,Pune,2025-06-15,805.7,945.82,875.76
Potato,Maharashtra,Pune,2025-06-22,558.85,656.04,607.45
Potato,Maharashtra,Pune,2025-06-29,475.93,558.7,517.31
Potato,Maharashtra,Pune,2025-07-06,643.29,755.16,699.23
Potato,Maharashtra,Pune,2025-07-13,526.33,617.86,572.09
Potato,Maharashtra,Pune,2025-07-20,808.02,948.54,878.28
Potato,Maharashtra,Pune,2025-07-27,457.12,536.62,496.87
Potato,Maharashtra,Pune,2025-08-03,660.33,775.17,717.75
Potato,Maharashtra,Pune,2025-08-10,696.27,817.36,756.81
Potato,Maharashtra,Pune,2025-08-17,453.57,532.45,493.01
Potato,Maharashtra,Pune,2025-08-24,424.88,498.77,461.83
Potato,Maharashtra,Pune,2025-08-31,525.51,616.9,571.2
Potato,Maharashtra,Pune,2025-09-07,458.62,538.38,498.5
Potato,Maharashtra,Pune,2025-09-14,839.7,985.74,912.72
Potato,Maharashtra,Pune,2025-09-21,523.06,614.03,568.55
Potato,Maharashtra,Pune,2025-09-28,572.61,672.2,622.4
Potato,Maharashtra,Pune,2025-10-05,707.63,830.7,769.17
Potato,Maharashtra,Pune,2025-10-12,1025.93,1204.35,1115.14
Potato,Maharashtra,Pune,2025-10-19,837.89,983.61,910.75
Potato,Maharashtra,Pune,2025-10-26,618.03,725.52,671.77
Potato,Maharashtra,Pune,2025-11-02,1072.03,1258.47,1165.25
Potato,Maharashtra,Pune,2025-11-09,1038.14,1218.69,1128.42
Potato,Maharashtra,Pune,2025-11-16,1023.62,1201.64,1112.63
Potato,Maharashtra,Pune,2025-11-23,1042.1,1223.33,1132.71
Potato,Maharashtra,Pune,2025-11-30,827.7,971.65,899.67
Potato,Maharashtra,Pune,2025-12-07,1255.82,1474.22,1365.02
Potato,Maharashtra,Pune,2025-12-14,1255.49,1473.84,1364.67
Potato,Maharashtra,Pune,2025-12-21,1074.07,1260.86,1167.47
Potato,Maharashtra,Pune,2025-12-28,1229.25,1443.03,1336.14
Potato,Maharashtra,Pune,2026-01-04,1222.87,1435.55,1329.21
Potato,Maharashtra,Pune,2026-01-11,1320.86,1550.58,1435.72
Potato,Maharashtra,Pune,2026-01-18,1391.55,1633.56,1512.56
Potato,Maharashtra,Pune,2026-01-25,1442.99,1693.94,1568.46
Potato,Maharashtra,Pune,2026-02-01,1534.34,1801.19,1667.76
Potato,Maharashtra,Pune,2026-02-08,1515.82,1779.44,1647.63
Potato,Maharashtra,Pune,2026-02-15,1523.88,1788.91,1656.4
Potato,Maharashtra,Pune,2026-02-22,1607.14,1886.64,1746.89
Potato,Maharashtra,Pune,2026-03-01,1355.83,1591.63,1473.73
Potato,Maharashtra,Pune,2026-03-08,1509.04,1771.48,1640.26
Potato,Maharashtra,Pune,2026-03-15,1285.77,1509.39,1397.58
Potato,Maharashtra,Pune,2026-03-22,1453.09,1705.8,1579.44
Potato,Maharashtra,Pune,2026-03-29,1366.79,1604.49,1485.64
Potato,Maharashtra,Pune,2026-04-05,1127.33,1323.38,1225.35
Potato,Maharashtra,Pune,2026-04-12,1232.37,1446.69,1339.53
Potato,Maharashtra,Pune,2026-04-19,1336.45,1568.87,1452.66
Potato,Maharashtra,Pune,2026-04-26,1163.35,1365.68,1264.52
Potato,Maharashtra,Pune,2026-05-03,904.51,1061.81,983.16
Potato,Maharashtra,Pune,2026-05-10,978.69,1148.89,1063.79
Potato,Maharashtra,Pune,2026-05-17,1080.64,1268.58,1174.61
Potato,Maharashtra,Pune,2026-05-24,908.21,1066.16,987.19
Potato,Maharashtra,Pune,2026-05-31,755.55,886.95,821.25
Potato,Maharashtra,Pune,2026-06-07,716.29,840.86,778.57
Potato,Maharashtra,Pune,2026-06-14,767.8,901.33,834.57
Potato,Maharashtra,Pune,2026-06-21,621.59,729.69,675.64
Potato,Maharashtra,Pune,2026-06-28,843.05,989.66,916.36
Potato,Maharashtra,Pune,2026-07-05,564.61,662.8,613.7
Potato,Maharashtra,Pune,2026-07-12,441.6,518.4,480.0
Potato,Maharashtra,Pune,2026-07-19,697.04,818.26,757.65
Potato,Maharashtra,Pune,2026-07-26,439.61,516.07,477.84
Potato,Maharashtra,Pune,2026-08-02,507.46,595.71,551.59
Potato,Maharashtra,Pune,2026-08-09,574.03,673.86,623.94
Potato,Maharashtra,Pune,2026-08-16,531.74,624.21,577.97
Potato,Maharashtra,Pune,2026-08-23,518.19,608.31,563.25
Potato,Maharashtra,Pune,2026-08-30,383.57,450.28,416.93
Potato,Maharashtra,Nashik,2020-01-05,1568.98,1841.85,1705.41
Potato,Maharashtra,Nashik,2020-01-12,1446.54,1698.11,1572.33
Potato,Maharashtra,Nashik,2020-01-19,1343.07,1576.65,1459.86
Potato,Maharashtra,Nashik,2020-01-26,1610.89,1891.04,1750.97
Potato,Maharashtra,Nashik,2020-02-02,1175.58,1380.03,1277.8
Potato,Maharashtra,Nashik,2020-02-09,1447.91,1699.72,1573.82
Potato,Maharashtra,Nashik,2020-02-16,1529.75,1795.8,1662.77
Potato,Maharashtra,Nashik,2020-02-23,1609.75,1889.71,1749.73
Potato,Maharashtra,Nashik,2020-03-01,1267.08,1487.44,1377.26
Potato,Maharashtra,Nashik,2020-03-08,1708.95,2006.16,1857.56
Potato,Maharashtra,Nashik,2020-03-15,1507.58,1769.77,1638.68
Potato,Maharashtra,Nashik,2020-03-22,1524.74,1789.91,1657.32
Potato,Maharashtra,Nashik,2020-03-29,1373.51,1612.38,1492.94
Potato,Maharashtra,Nashik,2020-04-05,1405.48,1649.91,1527.69
Potato,Maharashtra,Nashik,2020-04-12,1083.8,1272.29,1178.05
Potato,Maharashtra,Nashik,2020-04-19,1191.08,1398.23,1294.65
Potato,Maharashtra,Nashik,2020-04-26,1147.43,1346.99,1247.21
Potato,Maharashtra,Nashik,2020-05-03,1212.46,1423.32,1317.89
Potato,Maharashtra,Nashik,2020-05-10,1159.26,1360.87,1260.07
Potato,Maharashtra,Nashik,2020-05-17,1116.34,1310.49,1213.41
Potato,Maharashtra,Nashik,2020-05-24,861.2,1010.98,936.09
Potato,Maharashtra,Nashik,2020-05-31,1016.55,1193.35,1104.95
Potato,Maharashtra,Nashik,2020-06-07,970.18,1138.91,1054.55
Potato,Maharashtra,Nashik,2020-06-14,821.29,964.13,892.71
Potato,Maharashtra,Nashik,2020-06-21,1090.39,1280.02,1185.21
Potato,Maharashtra,Nashik,2020-06-28,949.82,1115.01,1032.41
Potato,Maharashtra,Nashik,2020-07-05,903.94,1061.15,982.55
Potato,Maharashtra,Nashik,2020-07-12,904.27,1061.53,982.9
Potato,Maharashtra,Nashik,2020-07-19,730.86,857.97,794.42
Potato,Maharashtra,Nashik,2020-07-26,892.71,1047.97,970.34
Potato,Maharashtra,Nashik,2020-08-02,1019.59,1196.91,1108.25
Potato,Maharashtra,Nashik,2020-08-09,633.04,743.13,688.09
Potato,Maharashtra,Nashik,2020-08-16,804.53,944.44,874.48
Potato,Maharashtra,Nashik,2020-08-23,643.16,755.01,699.08
Potato,Maharashtra,Nashik,2020-08-30,727.29,853.78,790.53
Potato,Maharashtra,Nashik,2020-09-06,747.25,877.2,812.22
Potato,Maharashtra,Nashik,2020-09-13,803.05,942.71,872.88
Potato,Maharashtra,Nashik,2020-09-20,834.43,979.54,906.98
Potato,Maharashtra,Nashik,2020-09-27,946.69,1111.33,1029.01
Potato,Maharashtra,Nashik,2020-10-04,1141.41,1339.92,1240.66
Potato,Maharashtra,Nashik,2020-10-11,1004.31,1178.97,1091.64
Potato,Maharashtra,Nashik,2020-10-18,1041.74,1222.91,1132.32
Potato,Maharashtra,Nashik,2020-10-25,1030.92,1210.21,1120.57
Potato,Maharashtra,Nashik,2020-11-01,1064.3,1249.4,1156.85
Potato,Maharashtra,Nashik,2020-11-08,1273.9,1495.45,1384.68
Potato,Maharashtra,Nashik,2020-11-15,1287.11,1510.95,1399.03
Potato,Maharashtra,Nashik,2020-11-22,1189.94,1396.89,1293.41
Potato,Maharashtra,Nashik,2020-11-29,1304.91,1531.85,1418.38
Potato,Maharashtra,Nashik,2020-12-06,1342.87,1576.41,1459.64
Potato,Maharashtra,Nashik,2020-12-13,1282.31,1505.32,1393.81
Potato,Maharashtra,Nashik,2020-12-20,1288.58,1512.69,1400.63
Potato,Maharashtra,Nashik,2020-12-27,1288.56,1512.65,1400.6
Potato,Maharashtra,Nashik,2021-01-03,1564.44,1836.51,1700.47
Potato,Maharashtra,Nashik,2021-01-10,1364.94,1602.32,1483.63
Potato,Maharashtra,Nashik,2021-01-17,1629.24,1912.59,1770.92
Potato,Maharashtra,Nashik,2021-01-24,1377.09,1616.59,1496.84
Potato,Maharashtra,Nashik,2021-01-31,1505.3,1767.09,1636.19
Potato,Maharashtra,Nashik,2021-02-07,1597.4,1875.21,1736.3
Potato,Maharashtra,Nashik,2021-02-14,1550.02,1819.59,1684.81
Potato,Maharashtra,Nashik,2021-02-21,1591.69,1868.51,1730.1
Potato,Maharashtra,Nashik,2021-02-28,1728.58,2029.21,1878.89
Potato,Maharashtra,Nashik,2021-03-07,1450.88,1703.21,1577.05
Potato,Maharashtra,Nashik,2021-03-14,1491.42,1750.8,1621.11
Potato,Maharashtra,Nashik,2021-03-21,1634.07,1918.26,1776.16
Potato,Maharashtra,Nashik,2021-03-28,1522.18,1786.91,1654.54
Potato,Maharashtra,Nashik,2021-04-04,1361.55,1598.35,1479.95
Potato,Maharashtra,Nashik,2021-04-11,1509.12,1771.57,1640.34
Potato,Maharashtra,Nashik,2021-04-18,1443.93,1695.04,1569.49
Potato,Maharashtra,Nashik,2021-04-25,1517.19,1781.05,1649.12
Potato,Maharashtra,Nashik,2021-05-02,1181.83,1387.36,1284.6
Potato,Maharashtra,Nashik,2021-05-09,1346.27,1580.41,1463.34
Potato,Maharashtra,Nashik,2021-05-16,1357.52,1593.61,1475.56
Potato,Maharashtra,Nashik,2021-05-23,1104.5,1296.58,1200.54
Potato,Maharashtra,Nashik,2021-05-30,1253.6,1471.62,1362.61
Potato,Maharashtra,Nashik,2021-06-06,1159.63,1361.31,1260.47
Potato,Maharashtra,Nashik,2021-06-13,1130.86,1327.53,1229.19
Potato,Maharashtra,Nashik,2021-06-20,1111.09,1304.32,1207.71
Potato,Maharashtra,Nashik,2021-06-27,1052.38,1235.4,1143.89
Potato,Maharashtra,Nashik,2021-07-04,923.03,1083.56,1003.29
Potato,Maharashtra,Nashik,2021-07-11,964.27,1131.97,1048.12
Potato,Maharashtra,Nashik,2021-07-18,1182.28,1387.9,1285.09
Potato,Maharashtra,Nashik,2021-07-25,1099.83,1291.1,1195.46
Potato,Maharashtra,Nashik,2021-08-01,1097.88,1288.81,1193.35
Potato,Maharashtra,Nashik,2021-08-08,1114.0,1307.74,1210.87
Potato,Maharashtra,Nashik,2021-08-15,985.92,1157.38,1071.65
Potato,Maharashtra,Nashik,2021-08-22,1065.41,1250.7,1158.06
Potato,Maharashtra,Nashik,2021-08-29,999.22,1173.0,1086.11
Potato,Maharashtra,Nashik,2021-09-05,1216.61,1428.19,1322.4
Potato,Maharashtra,Nashik,2021-09-12,1175.05,1379.41,1277.23
Potato,Maharashtra,Nashik,2021-09-19,1296.3,1521.74,1409.02
Potato,Maharashtra,Nashik,2021-09-26,1027.79,1206.54,1117.16
Potato,Maharashtra,Nashik,2021-10-03,1270.24,1491.15,1380.69
Potato,Maharashtra,Nashik,2021-10-10,1107.56,1300.18,1203.87
Potato,Maharashtra,Nashik,2021-10-17,1145.77,1345.04,1245.4
Potato,Maharashtra,Nashik,2021-10-24,1364.87,1602.24,1483.56
Potato,Maharashtra,Nashik,2021-10-31,1251.89,1469.61,1360.75
Potato,Maharashtra,Nashik,2021-11-07,1407.06,1651.77,1529.42
Potato,Maharashtra,Nashik,2021-11-14,1514.63,1778.04,1646.33
Potato,Maharashtra,Nashik,2021-11-21,1441.66,1692.38,1567.02
Potato,Maharashtra,Nashik,2021-11-28,1545.19,1813.92,1679.55
Potato,Maharashtra,Nashik,2021-12-05,1708.54,2005.68,1857.11
Potato,Maharashtra,Nashik,2021-12-12,1572.64,1846.14,1709.39
Potato,Maharashtra,Nashik,2021-12-19,1442.68,1693.58,1568.13
Potato,Maharashtra,Nashik,2021-12-26,1739.37,2041.87,1890.62
Potato,Maharashtra,Nashik,2022-01-02,1832.45,2151.14,1991.79
Potato,Maharashtra,Nashik,2022-01-09,2207.22,2591.09,2399.15
Potato,Maharashtra,Nashik,2022-01-16,1888.55,2216.99,2052.77
Potato,Maharashtra,Nashik,2022-01-23,1749.72,2054.01,1901.87
Potato,Maharashtra,Nashik,2022-01-30,2084.93,2447.53,2266.23
Potato,Maharashtra,Nashik,2022-02-06,2011.05,2360.79,2185.92
Potato,Maharashtra,Nashik,2022-02-13,2126.57,2496.41,2311.49
Potato,Maharashtra,Nashik,2022-02-20,2014.72,2365.1,2189.91
Potato,Maharashtra,Nashik,2022-02-27,1938.21,2275.28,2106.74
Potato,Maharashtra,Nashik,2022-03-06,2247.83,2638.75,2443.29
Potato,Maharashtra,Nashik,2022-03-13,2013.35,2363.5,2188.42
Potato,Maharashtra,Nashik,2022-03-20,2076.62,2437.78,2257.2
Potato,Maharashtra,Nashik,2022-03-27,2043.88,2399.34,2221.61
Potato,Maharashtra,Nashik,2022-04-03,1920.56,2254.57,2087.56
Potato,Maharashtra,Nashik,2022-04-10,1742.39,2045.41,1893.9
Potato,Maharashtra,Nashik,2022-04-17,2071.31,2431.53,2251.42
Potato,Maharashtra,Nashik,2022-04-24,1848.07,2169.48,2008.77
Potato,Maharashtra,Nashik,2022-05-01,1708.18,2005.25,1856.71
Potato,Maharashtra,Nashik,2022-05-08,1787.09,2097.89,1942.49
Potato,Maharashtra,Nashik,2022-05-15,1727.42,2027.84,1877.63
Potato,Maharashtra,Nashik,2022-05-22,1857.76,2180.85,2019.3
Potato,Maharashtra,Nashik,2022-05-29,1770.12,2077.97,1924.05
Potato,Maharashtra,Nashik,2022-06-05,1651.56,1938.78,1795.17
Potato,Maharashtra,Nashik,2022-06-12,1627.18,1910.16,1768.67
Potato,Maharashtra,Nashik,2022-06-19,1646.54,1932.9,1789.72
Potato,Maharashtra,Nashik,2022-06-26,1631.86,1915.67,1773.76
Potato,Maharashtra,Nashik,2022-07-03,1817.75,2133.88,1975.82
Potato,Maharashtra,Nashik,2022-07-10,1601.45,1879.97,1740.71
Potato,Maharashtra,Nashik,2022-07-17,1515.7,1779.3,1647.5
Potato,Maharashtra,Nashik,2022-07-24,1555.43,1825.94,1690.69
Potato,Maharashtra,Nashik,2022-07-31,1585.62,1861.38,1723.5
Potato,Maharashtra,Nashik,2022-08-07,1581.76,1856.85,1719.31
Potato,Maharashtra,Nashik,2022-08-14,1563.97,1835.96,1699.97
Potato,Maharashtra,Nashik,2022-08-21,1430.07,1678.77,1554.42
Potato,Maharashtra,Nashik,2022-08-28,1729.65,2030.46,1880.06
Potato,Maharashtra,Nashik,2022-09-04,1413.47,1659.29,1536.38
Potato,Maharashtra,Nashik,2022-09-11,1564.67,1836.79,1700.73
Potato,Maharashtra,Nashik,2022-09-18,1443.43,1694.46,1568.95
Potato,Maharashtra,Nashik,2022-09-25,1624.04,1906.48,1765.26
Potato,Maharashtra,Nashik,2022-10-02,1691.49,1985.66,1838.57
Potato,Maharashtra,Nashik,2022-10-09,1554.44,1824.77,1689.61
Potato,Maharashtra,Nashik,2022-10-16,1840.71,2160.83,2000.77
Potato,Maharashtra,Nashik,2022-10-23,1649.58,1936.46,1793.02
Potato,Maharashtra,Nashik,2022-10-30,1658.2,1946.58,1802.39
Potato,Maharashtra,Nashik,2022-11-06,1952.47,2292.03,2122.25
Potato,Maharashtra,Nashik,2022-11-13,1729.75,2030.58,1880.16
Potato,Maharashtra,Nashik,2022-11-20,1813.07,2128.38,1970.73
Potato,Maharashtra,Nashik,2022-11-27,1768.75,2076.36,1922.56
Potato,Maharashtra,Nashik,2022-12-04,2167.05,2543.93,2355.49
Potato,Maharashtra,Nashik,2022-12-11,2152.7,2527.08,2339.89
Potato,Maharashtra,Nashik,2022-12-18,2157.63,2532.87,2345.25
Potato,Maharashtra,Nashik,2022-12-25,2008.45,2357.75,2183.1
Potato,Maharashtra,Nashik,2023-01-01,2153.21,2527.68,2340.45
Potato,Maharashtra,Nashik,2023-01-08,2213.97,2599.0,2406.49
Potato,Maharashtra,Nashik,2023-01-15,2116.53,2484.62,2300.58
Potato,Maharashtra,Nashik,2023-01-22,2121.3,2490.22,2305.76
Potato,Maharashtra,Nashik,2023-01-29,2343.96,2751.61,2547.79
Potato,Maharashtra,Nashik,2023-02-05,2365.27,2776.63,2570.95
Potato,Maharashtra,Nashik,2023-02-12,2088.97,2452.27,2270.62
Potato,Maharashtra,Nashik,2023-02-19,2483.63,2915.57,2699.6
Potato,Maharashtra,Nashik,2023-02-26,2393.03,2809.21,2601.12
Potato,Maharashtra,Nashik,2023-03-05,2062.78,2421.52,2242.15
Potato,Maharashtra,Nashik,2023-03-12,2174.51,2552.68,2363.59
Potato,Maharashtra,Nashik,2023-03-19,2014.42,2364.76,2189.59
Potato,Maharashtra,Nashik,2023-03-26,2009.78,2359.31,2184.55
Potato,Maharashtra,Nashik,2023-04-02,1974.28,2317.63,2145.95
Potato,Maharashtra,Nashik,2023-04-09,1980.67,2325.13,2152.9
Potato,Maharashtra,Nashik,2023-04-16,2036.34,2390.48,2213.41
Potato,Maharashtra,Nashik,2023-04-23,2091.27,2454.97,2273.12
Potato,Maharashtra,Nashik,2023-04-30,1932.19,2268.22,2100.2
Potato,Maharashtra,Nashik,2023-05-07,1629.8,1913.24,1771.52
Potato,Maharashtra,Nashik,2023-05-14,1523.38,1788.31,1655.85
Potato,Maharashtra,Nashik,2023-05-21,1712.29,2010.08,1861.19
Potato,Maharashtra,Nashik,2023-05-28,1872.52,2198.18,2035.35
Potato,Maharashtra,Nashik,2023-06-04,1649.06,1935.85,1792.46
Potato,Maharashtra,Nashik,2023-06-11,1781.73,2091.59,1936.66
Potato,Maharashtra,Nashik,2023-06-18,1817.46,2133.54,1975.5
Potato,Maharashtra,Nashik,2023-06-25,1666.69,1956.55,1811.62
Potato,Maharashtra,Nashik,2023-07-02,1589.99,1866.51,1728.25
Potato,Maharashtra,Nashik,2023-07-09,1746.48,2050.21,1898.35
Potato,Maharashtra,Nashik,2023-07-16,1493.56,1753.31,1623.44
Potato,Maharashtra,Nashik,2023-07-23,1636.97,1921.66,1779.32
Potato,Maharashtra,Nashik,2023-07-30,1424.88,1672.68,1548.78
Potato,Maharashtra,Nashik,2023-08-06,1398.08,1641.23,1519.65
Potato,Maharashtra,Nashik,2023-08-13,1422.19,1669.52,1545.85
Potato,Maharashtra,Nashik,2023-08-20,1328.56,1559.61,1444.08
Potato,Maharashtra,Nashik,2023-08-27,1333.93,1565.92,1449.93
Potato,Maharashtra,Nashik,2023-09-03,1045.87,1227.77,1136.82
Potato,Maharashtra,Nashik,2023-09-10,1194.11,1401.78,1297.94
Potato,Maharashtra,Nashik,2023-09-17,1318.19,1547.44,1432.82
Potato,Maharashtra,Nashik,2023-09-24,1438.3,1688.43,1563.37
Potato,Maharashtra,Nashik,2023-10-01,1522.66,1787.48,1655.07
Potato,Maharashtra,Nashik,2023-10-08,1320.03,1549.6,1434.81
Potato,Maharashtra,Nashik,2023-10-15,1354.04,1589.52,1471.78
Potato,Maharashtra,Nashik,2023-10-22,1373.74,1612.65,1493.19
Potato,Maharashtra,Nashik,2023-10-29,1766.69,2073.94,1920.31
Potato,Maharashtra,Nashik,2023-11-05,1709.78,2007.13,1858.45
Potato,Maharashtra,Nashik,2023-11-12,1721.93,2021.4,1871.66
Potato,Maharashtra,Nashik,2023-11-19,1839.74,2159.69,1999.71
Potato,Maharashtra,Nashik,2023-11-26,1748.27,2052.31,1900.29
Potato,Maharashtra,Nashik,2023-12-03,1891.71,2220.7,2056.21
Potato,Maharashtra,Nashik,2023-12-10,1895.57,2225.23,2060.4
Potato,Maharashtra,Nashik,2023-12-17,2159.31,2534.85,2347.08
Potato,Maharashtra,Nashik,2023-12-24,1909.67,2241.79,2075.73
Potato,Maharashtra,Nashik,2023-12-31,1982.67,2327.49,2155.08
Potato,Maharashtra,Nashik,2024-01-07,2063.45,2422.31,2242.88
Potato,Maharashtra,Nashik,2024-01-14,2134.41,2505.61,2320.01
Potato,Maharashtra,Nashik,2024-01-21,1923.97,2258.58,2091.27
Potato,Maharashtra,Nashik,2024-01-28,1954.33,2294.21,2124.27
Potato,Maharashtra,Nashik,2024-02-04,2111.78,2479.05,2295.41
Potato,Maharashtra,Nashik,2024-02-11,2316.56,2719.44,2518.0
Potato,Maharashtra,Nashik,2024-02-18,2187.71,2568.19,2377.95
Potato,Maharashtra,Nashik,2024-02-25,2255.41,2647.65,2451.53
Potato,Maharashtra,Nashik,2024-03-03,1970.77,2313.52,2142.15
Potato,Maharashtra,Nashik,2024-03-10,2059.41,2417.56,2238.49
Potato,Maharashtra,Nashik,2024-03-17,1899.31,2229.63,2064.47
Potato,Maharashtra,Nashik,2024-03-24,1983.33,2328.26,2155.79
Potato,Maharashtra,Nashik,2024-03-31,1970.38,2313.05,2141.71
Potato,Maharashtra,Nashik,2024-04-07,1889.06,2217.59,2053.32
Potato,Maharashtra,Nashik,2024-04-14,1938.77,2275.94,2107.35
Potato,Maharashtra,Nashik,2024-04-21,1823.77,2140.95,1982.36
Potato,Maharashtra,Nashik,2024-04-28,1908.67,2240.61,2074.64
Potato,Maharashtra,Nashik,2024-05-05,1634.18,1918.39,1776.28
Potato,Maharashtra,Nashik,2024-05-12,1506.79,1768.84,1637.81
Potato,Maharashtra,Nashik,2024-05-19,1673.78,1964.88,1819.33
Potato,Maharashtra,Nashik,2024-05-26,1376.34,1615.7,1496.02
Potato,Maharashtra,Nashik,2024-06-02,1185.08,1391.18,1288.13
Potato,Maharashtra,Nashik,2024-06-09,1054.66,1238.08,1146.37
Potato,Maharashtra,Nashik,2024-06-16,1454.34,1707.26,1580.8
Potato,Maharashtra,Nashik,2024-06-23,1230.18,1444.12,1337.15
Potato,Maharashtra,Nashik,2024-06-30,1364.06,1601.29,1482.68
Potato,Maharashtra,Nashik,2024-07-07,1219.68,1431.8,1325.74
Potato,Maharashtra,Nashik,2024-07-14,1293.95,1518.98,1406.47
Potato,Maharashtra,Nashik,2024-07-21,920.95,1081.12,1001.03
Potato,Maharashtra,Nashik,2024-07-28,1017.56,1194.52,1106.04
Potato,Maharashtra,Nashik,2024-08-04,1037.07,1217.43,1127.25
Potato,Maharashtra,Nashik,2024-08-11,1182.09,1387.67,1284.88
Potato,Maharashtra,Nashik,2024-08-18,1113.72,1307.41,1210.57
Potato,Maharashtra,Nashik,2024-08-25,838.18,983.95,911.06
Potato,Maharashtra,Nashik,2024-09-01,1219.76,1431.89,1325.82
Potato,Maharashtra,Nashik,2024-09-08,1069.39,1255.37,1162.38
Potato,Maharashtra,Nashik,2024-09-15,1134.62,1331.95,1233.29
Potato,Maharashtra,Nashik,2024-09-22,1335.75,1568.05,1451.9
Potato,Maharashtra,Nashik,2024-09-29,1315.09,1543.8,1429.44
Potato,Maharashtra,Nashik,2024-10-06,1396.6,1639.48,1518.04
Potato,Maharashtra,Nashik,2024-10-13,1402.82,1646.78,1524.8
Potato,Maharashtra,Nashik,2024-10-20,1402.17,1646.02,1524.09
Potato,Maharashtra,Nashik,2024-10-27,1433.22,1682.48,1557.85
Potato,Maharashtra,Nashik,2024-11-03,1604.65,1883.72,1744.18
Potato,Maharashtra,Nashik,2024-11-10,1786.53,2097.23,1941.88
Potato,Maharashtra,Nashik,2024-11-17,1879.19,2206.0,2042.59
Potato,Maharashtra,Nashik,2024-11-24,1611.83,1892.14,1751.98
Potato,Maharashtra,Nashik,2024-12-01,1953.89,2293.7,2123.79
Potato,Maharashtra,Nashik,2024-12-08,2004.54,2353.15,2178.85
Potato,Maharashtra,Nashik,2024-12-15,1714.76,2012.97,1863.87
Potato,Maharashtra,Nashik,2024-12-22,1842.36,2162.77,2002.57
Potato,Maharashtra,Nashik,2024-12-29,1865.84,2190.33,2028.08
Potato,Maharashtra,Nashik,2025-01-05,2028.18,2380.91,2204.55
Potato,Maharashtra,Nashik,2025-01-12,2003.74,2352.22,2177.98
Potato,Maharashtra,Nashik,2025-01-19,1986.13,2331.54,2158.83
Potato,Maharashtra,Nashik,2025-01-26,2080.48,2442.3,2261.39
Potato,Maharashtra,Nashik,2025-02-02,2200.85,2583.6,2392.22
Potato,Maharashtra,Nashik,2025-02-09,2459.7,2887.48,2673.59
Potato,Maharashtra,Nashik,2025-02-16,2287.87,2685.76,2486.81
Potato,Maharashtra,Nashik,2025-02-23,2266.95,2661.2,2464.08
Potato,Maharashtra,Nashik,2025-03-02,2044.94,2400.58,2222.76
Potato,Maharashtra,Nashik,2025-03-09,2032.51,2386.0,2209.26
Potato,Maharashtra,Nashik,2025-03-16,2092.9,2456.88,2274.89
Potato,Maharashtra,Nashik,2025-03-23,2221.73,2608.12,2414.93
Potato,Maharashtra,Nashik,2025-03-30,2232.5,2620.76,2426.63
Potato,Maharashtra,Nashik,2025-04-06,2017.17,2367.98,2192.58
Potato,Maharashtra,Nashik,2025-04-13,2194.36,2575.99,2385.17
Potato,Maharashtra,Nashik,2025-04-20,1869.47,2194.6,2032.03
Potato,Maharashtra,Nashik,2025-04-27,2129.8,2500.2,2315.0
Potato,Maharashtra,Nashik,2025-05-04,1768.56,2076.14,1922.35
Potato,Maharashtra,Nashik,2025-05-11,2083.35,2445.67,2264.51
Potato,Maharashtra,Nashik,2025-05-18,2051.52,2408.3,2229.91
Potato,Maharashtra,Nashik,2025-05-25,1827.17,2144.94,1986.06
Potato,Maharashtra,Nashik,2025-06-01,1741.2,2044.02,1892.61
Potato,Maharashtra,Nashik,2025-06-08,1841.98,2162.32,2002.15
Potato,Maharashtra,Nashik,2025-06-15,1430.2,1678.93,1554.56
Potato,Maharashtra,Nashik,2025-06-22,1469.38,1724.93,1597.16
Potato,Maharashtra,Nashik,2025-06-29,1743.23,2046.4,1894.81
Potato,Maharashtra,Nashik,2025-07-06,1485.5,1743.84,1614.67
Potato,Maharashtra,Nashik,2025-07-13,1692.77,1987.16,1839.96
Potato,Maharashtra,Nashik,2025-07-20,1410.27,1655.53,1532.9
Potato,Maharashtra,Nashik,2025-07-27,1769.93,2077.74,1923.83
Potato,Maharashtra,Nashik,2025-08-03,1641.31,1926.75,1784.03
Potato,Maharashtra,Nashik,2025-08-10,1652.84,1940.29,1796.56
Potato,Maharashtra,Nashik,2025-08-17,1455.21,1708.29,1581.75
Potato,Maharashtra,Nashik,2025-08-24,1480.24,1737.67,1608.96
Potato,Maharashtra,Nashik,2025-08-31,1458.72,1712.41,1585.57
Potato,Maharashtra,Nashik,2025-09-07,1439.97,1690.4,1565.19
Potato,Maharashtra,Nashik,2025-09-14,1460.81,1714.87,1587.84
Potato,Maharashtra,Nashik,2025-09-21,1327.23,1558.05,1442.64
Potato,Maharashtra,Nashik,2025-09-28,1268.65,1489.28,1378.97
Potato,Maharashtra,Nashik,2025-10-05,1601.47,1879.98,1740.72
Potato,Maharashtra,Nashik,2025-10-12,1361.87,1598.71,1480.29
Potato,Maharashtra,Nashik,2025-10-19,1388.82,1630.35,1509.59
Potato,Maharashtra,Nashik,2025-10-26,1334.67,1566.79,1450.73
Potato,Maharashtra,Nashik,2025-11-02,1410.66,1656.0,1533.33
Potato,Maharashtra,Nashik,2025-11-09,1645.01,1931.09,1788.05
Potato,Maharashtra,Nashik,2025-11-16,1651.88,1939.17,1795.52
Potato,Maharashtra,Nashik,2025-11-23,1717.1,2015.72,1866.41
Potato,Maharashtra,Nashik,2025-11-30,1816.56,2132.48,1974.52
Potato,Maharashtra,Nashik,2025-12-07,1873.06,2198.81,2035.94
Potato,Maharashtra,Nashik,2025-12-14,1756.23,2061.66,1908.94
Potato,Maharashtra,Nashik,2025-12-21,2009.84,2359.38,2184.61
Potato,Maharashtra,Nashik,2025-12-28,1813.9,2129.36,1971.63
Potato,Maharashtra,Nashik,2026-01-04,1974.62,2318.03,2146.32
Potato,Maharashtra,Nashik,2026-01-11,1936.33,2273.09,2104.71
Potato,Maharashtra,Nashik,2026-01-18,2055.23,2412.67,2233.95
Potato,Maharashtra,Nashik,2026-01-25,1976.4,2320.12,2148.26
Potato,Maharashtra,Nashik,2026-02-01,2011.81,2361.69,2186.75
Potato,Maharashtra,Nashik,2026-02-08,2280.66,2677.29,2478.98
Potato,Maharashtra,Nashik,2026-02-15,2180.08,2559.23,2369.66
Potato,Maharashtra,Nashik,2026-02-22,2192.73,2574.07,2383.4
Potato,Maharashtra,Nashik,2026-03-01,1807.69,2122.07,1964.88
Potato,Maharashtra,Nashik,2026-03-08,1878.26,2204.91,2041.59
Potato,Maharashtra,Nashik,2026-03-15,1935.05,2271.58,2103.31
Potato,Maharashtra,Nashik,2026-03-22,1938.13,2275.19,2106.66
Potato,Maharashtra,Nashik,2026-03-29,1917.04,2250.44,2083.74
Potato,Maharashtra,Nashik,2026-04-05,1692.56,1986.92,1839.74
Potato,Maharashtra,Nashik,2026-04-12,1749.92,2054.25,1902.09
Potato,Maharashtra,Nashik,2026-04-19,1830.09,2148.37,1989.23
Potato,Maharashtra,Nashik,2026-04-26,1615.63,1896.61,1756.12
Potato,Maharashtra,Nashik,2026-05-03,1447.79,1699.58,1573.68
Potato,Maharashtra,Nashik,2026-05-10,1409.46,1654.58,1532.02
Potato,Maharashtra,Nashik,2026-05-17,1669.85,1960.26,1815.05
Potato,Maharashtra,Nashik,2026-05-24,1519.45,1783.7,1651.58
Potato,Maharashtra,Nashik,2026-05-31,1488.11,1746.92,1617.52
Potato,Maharashtra,Nashik,2026-06-07,1429.75,1678.4,1554.07
Potato,Maharashtra,Nashik,2026-06-14,1200.28,1409.03,1304.66
Potato,Maharashtra,Nashik,2026-06-21,1409.05,1654.1,1531.58
Potato,Maharashtra,Nashik,2026-06-28,1152.13,1352.5,1252.31
Potato,Maharashtra,Nashik,2026-07-05,1267.35,1487.76,1377.56
Potato,Maharashtra,Nashik,2026-07-12,1207.12,1417.05,1312.08
Potato,Maharashtra,Nashik,2026-07-19,1208.73,1418.94,1313.83
Potato,Maharashtra,Nashik,2026-07-26,1172.72,1376.67,1274.69
Potato,Maharashtra,Nashik,2026-08-02,1041.35,1222.45,1131.9
Potato,Maharashtra,Nashik,2026-08-09,1009.12,1184.62,1096.87
Potato,Maharashtra,Nashik,2026-08-16,1122.14,1317.3,1219.72
Potato,Maharashtra,Nashik,2026-08-23,1025.86,1204.27,1115.06
Potato,Maharashtra,Nashik,2026-08-30,1192.25,1399.6,1295.93
Potato,Uttar Pradesh,Lucknow,2020-01-05,1213.51,1424.55,1319.03
Potato,Uttar Pradesh,Lucknow,2020-01-12,1360.12,1596.66,1478.39
Potato,Uttar Pradesh,Lucknow,2020-01-19,1560.89,1832.35,1696.62
Potato,Uttar Pradesh,Lucknow,2020-01-26,1414.34,1660.31,1537.32
Potato,Uttar Pradesh,Lucknow,2020-02-02,1533.56,1800.27,1666.92
Potato,Uttar Pradesh,Lucknow,2020-02-09,1523.51,1788.47,1655.99
Potato,Uttar Pradesh,Lucknow,2020-02-16,1353.52,1588.91,1471.21
Potato,Uttar Pradesh,Lucknow,2020-02-23,1370.72,1609.1,1489.91
Potato,Uttar Pradesh,Lucknow,2020-03-01,1515.34,1778.88,1647.11
Potato,Uttar Pradesh,Lucknow,2020-03-08,1434.87,1684.41,1559.64
Potato,Uttar Pradesh,Lucknow,2020-03-15,1674.8,1966.07,1820.44
Potato,Uttar Pradesh,Lucknow,2020-03-22,1416.45,1662.78,1539.61
Potato,Uttar Pradesh,Lucknow,2020-03-29,1304.82,1531.74,1418.28
Potato,Uttar Pradesh,Lucknow,2020-04-05,1244.72,1461.19,1352.95
Potato,Uttar Pradesh,Lucknow,2020-04-12,1232.9,1447.31,1340.1
Potato,Uttar Pradesh,Lucknow,2020-04-19,1383.28,1623.85,1503.57
Potato,Uttar Pradesh,Lucknow,2020-04-26,1365.26,1602.7,1483.98
Potato,Uttar Pradesh,Lucknow,2020-05-03,1259.57,1478.62,1369.09
Potato,Uttar Pradesh,Lucknow,2020-05-10,1304.19,1531.01,1417.6
Potato,Uttar Pradesh,Lucknow,2020-05-17,1325.03,1555.47,1440.25
Potato,Uttar Pradesh,Lucknow,2020-05-24,1194.01,1401.66,1297.84
Potato,Uttar Pradesh,Lucknow,2020-05-31,1163.8,1366.2,1265.0
Potato,Uttar Pradesh,Lucknow,2020-06-07,1037.22,1217.61,1127.42
Potato,Uttar Pradesh,Lucknow,2020-06-14,1036.93,1217.26,1127.1
Potato,Uttar Pradesh,Lucknow,2020-06-21,1131.27,1328.01,1229.64
Potato,Uttar Pradesh,Lucknow,2020-06-28,986.58,1158.16,1072.37
Potato,Uttar Pradesh,Lucknow,2020-07-05,922.75,1083.23,1002.99
Potato,Uttar Pradesh,Lucknow,2020-07-12,899.14,1055.52,977.33
Potato,Uttar Pradesh,Lucknow,2020-07-19,998.9,1172.62,1085.76
Potato,Uttar Pradesh,Lucknow,2020-07-26,951.0,1116.39,1033.7
Potato,Uttar Pradesh,Lucknow,2020-08-02,864.44,1014.78,939.61
Potato,Uttar Pradesh,Lucknow,2020-08-09,951.34,1116.79,1034.07
Potato,Uttar Pradesh,Lucknow,2020-08-16,1117.81,1312.21,1215.01
Potato,Uttar Pradesh,Lucknow,2020-08-23,1006.76,1181.85,1094.31
Potato,Uttar Pradesh,Lucknow,2020-08-30,1021.94,1199.67,1110.8
Potato,Uttar Pradesh,Lucknow,2020-09-06,923.07,1083.6,1003.33
Potato,Uttar Pradesh,Lucknow,2020-09-13,1150.72,1350.84,1250.78
Potato,Uttar Pradesh,Lucknow,2020-09-20,1192.35,1399.71,1296.03
Potato,Uttar Pradesh,Lucknow,2020-09-27,932.2,1094.32,1013.26
Potato,Uttar Pradesh,Lucknow,2020-10-04,1041.66,1222.82,1132.24
Potato,Uttar Pradesh,Lucknow,2020-10-11,879.65,1032.63,956.14
Potato,Uttar Pradesh,Lucknow,2020-10-18,880.73,1033.9,957.32
Potato,Uttar Pradesh,Lucknow,2020-10-25,1077.72,1265.14,1171.43
Potato,Uttar Pradesh,Lucknow,2020-11-01,1200.11,1408.83,1304.47
Potato,Uttar Pradesh,Lucknow,2020-11-08,1359.84,1596.33,1478.08
Potato,Uttar Pradesh,Lucknow,2020-11-15,1127.56,1323.65,1225.61
Potato,Uttar Pradesh,Lucknow,2020-11-22,1258.7,1477.6,1368.15
Potato,Uttar Pradesh,Lucknow,2020-11-29,1108.67,1301.49,1205.08
Potato,Uttar Pradesh,Lucknow,2020-12-06,1660.73,1949.55,1805.14
Potato,Uttar Pradesh,Lucknow,2020-12-13,1464.55,1719.26,1591.91
Potato,Uttar Pradesh,Lucknow,2020-12-20,1332.26,1563.96,1448.11
Potato,Uttar Pradesh,Lucknow,2020-12-27,1751.3,2055.88,1903.59
Potato,Uttar Pradesh,Lucknow,2021-01-03,1671.06,1961.68,1816.37
Potato,Uttar Pradesh,Lucknow,2021-01-10,1854.25,2176.73,2015.49
Potato,Uttar Pradesh,Lucknow,2021-01-17,1720.54,2019.76,1870.15
Potato,Uttar Pradesh,Lucknow,2021-01-24,1660.45,1949.22,1804.83
Potato,Uttar Pradesh,Lucknow,2021-01-31,1722.29,2021.82,1872.05
Potato,Uttar Pradesh,Lucknow,2021-02-07,1633.79,1917.93,1775.86
Potato,Uttar Pradesh,Lucknow,2021-02-14,1712.11,2009.87,1860.99
Potato,Uttar Pradesh,Lucknow,2021-02-21,1692.49,1986.84,1839.67
Potato,Uttar Pradesh,Lucknow,2021-02-28,1688.28,1981.9,1835.09
Potato,Uttar Pradesh,Lucknow,2021-03-07,1636.96,1921.65,1779.3
Potato,Uttar Pradesh,Lucknow,2021-03-14,1601.86,1880.44,1741.15
Potato,Uttar Pradesh,Lucknow,2021-03-21,1785.89,2096.47,1941.18
Potato,Uttar Pradesh,Lucknow,2021-03-28,1844.87,2165.72,2005.29
Potato,Uttar Pradesh,Lucknow,2021-04-04,1497.64,1758.1,1627.87
Potato,Uttar Pradesh,Lucknow,2021-04-11,1558.49,1829.53,1694.01
Potato,Uttar Pradesh,Lucknow,2021-04-18,1345.13,1579.06,1462.09
Potato,Uttar Pradesh,Lucknow,2021-04-25,1454.32,1707.24,1580.78
Potato,Uttar Pradesh,Lucknow,2021-05-02,1279.99,1502.6,1391.29
Potato,Uttar Pradesh,Lucknow,2021-05-09,1095.48,1285.99,1190.74
Potato,Uttar Pradesh,Lucknow,2021-05-16,1058.08,1242.09,1150.09
Potato,Uttar Pradesh,Lucknow,2021-05-23,1016.53,1193.32,1104.93
Potato,Uttar Pradesh,Lucknow,2021-05-30,1110.4,1303.51,1206.96
Potato,Uttar Pradesh,Lucknow,2021-06-06,995.23,1168.31,1081.77
Potato,Uttar Pradesh,Lucknow,2021-06-13,1184.07,1389.99,1287.03
Potato,Uttar Pradesh,Lucknow,2021-06-20,579.15,679.87,629.51
Potato,Uttar Pradesh,Lucknow,2021-06-27,743.97,873.36,808.67
Potato,Uttar Pradesh,Lucknow,2021-07-04,849.37,997.09,923.23
Potato,Uttar Pradesh,Lucknow,2021-07-11,1001.34,1175.48,1088.41
Potato,Uttar Pradesh,Lucknow,2021-07-18,650.22,763.3,706.76
Potato,Uttar Pradesh,Lucknow,2021-07-25,624.31,732.89,678.6
Potato,Uttar Pradesh,Lucknow,2021-08-01,839.61,985.63,912.62
Potato,Uttar Pradesh,Lucknow,2021-08-08,906.43,1064.07,985.25
Potato,Uttar Pradesh,Lucknow,2021-08-15,896.29,1052.16,974.23
Potato,Uttar Pradesh,Lucknow,2021-08-22,899.17,1055.54,977.36
Potato,Uttar Pradesh,Lucknow,2021-08-29,805.01,945.01,875.01
Potato,Uttar Pradesh,Lucknow,2021-09-05,1004.33,1179.0,1091.67
Potato,Uttar Pradesh,Lucknow,2021-09-12,898.95,1055.29,977.12
Potato,Uttar Pradesh,Lucknow,2021-09-19,841.49,987.84,914.67
Potato,Uttar Pradesh,Lucknow,2021-09-26,751.13,881.77,816.45
Potato,Uttar Pradesh,Lucknow,2021-10-03,1033.39,1213.11,1123.25
Potato,Uttar Pradesh,Lucknow,2021-10-10,1067.4,1253.03,1160.21
Potato,Uttar Pradesh,Lucknow,2021-10-17,1071.04,1257.31,1164.18
Potato,Uttar Pradesh,Lucknow,2021-10-24,978.49,1148.66,1063.58
Potato,Uttar Pradesh,Lucknow,2021-10-31,954.94,1121.02,1037.98
Potato,Uttar Pradesh,Lucknow,2021-11-07,1151.39,1351.63,1251.51
Potato,Uttar Pradesh,Lucknow,2021-11-14,1028.71,1207.61,1118.16
Potato,Uttar Pradesh,Lucknow,2021-11-21,1210.46,1420.98,1315.72
Potato,Uttar Pradesh,Lucknow,2021-11-28,1009.57,1185.15,1097.36
Potato,Uttar Pradesh,Lucknow,2021-12-05,1550.15,1819.74,1684.95
Potato,Uttar Pradesh,Lucknow,2021-12-12,1070.21,1256.33,1163.27
Potato,Uttar Pradesh,Lucknow,2021-12-19,1240.94,1456.75,1348.84
Potato,Uttar Pradesh,Lucknow,2021-12-26,1135.48,1332.96,1234.22
Potato,Uttar Pradesh,Lucknow,2022-01-02,1347.5,1581.84,1464.67
Potato,Uttar Pradesh,Lucknow,2022-01-09,1277.1,1499.2,1388.15
Potato,Uttar Pradesh,Lucknow,2022-01-16,1377.52,1617.09,1497.31
Potato,Uttar Pradesh,Lucknow,2022-01-23,1478.57,1735.71,1607.14
Potato,Uttar Pradesh,Lucknow,2022-01-30,1313.21,1541.59,1427.4
Potato,Uttar Pradesh,Lucknow,2022-02-06,1335.27,1567.49,1451.38
Potato,Uttar Pradesh,Lucknow,2022-02-13,1150.67,1350.78,1250.72
Potato,Uttar Pradesh,Lucknow,2022-02-20,1308.36,1535.9,1422.13
Potato,Uttar Pradesh,Lucknow,2022-02-27,1446.47,1698.03,1572.25
Potato,Uttar Pradesh,Lucknow,2022-03-06,1485.86,1744.27,1615.07
Potato,Uttar Pradesh,Lucknow,2022-03-13,1335.38,1567.62,1451.5
Potato,Uttar Pradesh,Lucknow,2022-03-20,1358.39,1594.64,1476.52
Potato,Uttar Pradesh,Lucknow,2022-03-27,1303.39,1530.07,1416.73
Potato,Uttar Pradesh,Lucknow,2022-04-03,1068.94,1254.84,1161.89
Potato,Uttar Pradesh,Lucknow,2022-04-10,1179.98,1385.2,1282.59
Potato,Uttar Pradesh,Lucknow,2022-04-17,943.85,1108.0,1025.93
Potato,Uttar Pradesh,Lucknow,2022-04-24,997.45,1170.92,1084.18
Potato,Uttar Pradesh,Lucknow,2022-05-01,874.49,1026.57,950.53
Potato,Uttar Pradesh,Lucknow,2022-05-08,1003.16,1177.63,1090.4
Potato,Uttar Pradesh,Lucknow,2022-05-15,1062.16,1246.89,1154.53
Potato,Uttar Pradesh,Lucknow,2022-05-22,774.1,908.73,841.42
Potato,Uttar Pradesh,Lucknow,2022-05-29,915.56,1074.79,995.17
Potato,Uttar Pradesh,Lucknow,2022-06-05,839.49,985.49,912.49
Potato,Uttar Pradesh,Lucknow,2022-06-12,860.85,1010.56,935.71
Potato,Uttar Pradesh,Lucknow,2022-06-19,845.95,993.07,919.51
Potato,Uttar Pradesh,Lucknow,2022-06-26,924.52,1085.31,1004.92
Potato,Uttar Pradesh,Lucknow,2022-07-03,612.45,718.96,665.71
Potato,Uttar Pradesh,Lucknow,2022-07-10,583.29,684.74,634.02
Potato,Uttar Pradesh,Lucknow,2022-07-17,600.85,705.34,653.09
Potato,Uttar Pradesh,Lucknow,2022-07-24,367.6,431.53,399.56
Potato,Uttar Pradesh,Lucknow,2022-07-31,745.44,875.08,810.26
Potato,Uttar Pradesh,Lucknow,2022-08-07,480.52,564.08,522.3
Potato,Uttar Pradesh,Lucknow,2022-08-14,624.26,732.83,678.55
Potato,Uttar Pradesh,Lucknow,2022-08-21,808.72,949.37,879.05
Potato,Uttar Pradesh,Lucknow,2022-08-28,651.61,764.93,708.27
Potato,Uttar Pradesh,Lucknow,2022-09-04,754.0,885.13,819.56
Potato,Uttar Pradesh,Lucknow,2022-09-11,699.43,821.07,760.25
Potato,Uttar Pradesh,Lucknow,2022-09-18,565.2,663.5,614.35
Potato,Uttar Pradesh,Lucknow,2022-09-25,503.25,590.77,547.01
Potato,Uttar Pradesh,Lucknow,2022-10-02,781.87,917.85,849.86
Potato,Uttar Pradesh,Lucknow,2022-10-09,907.34,1065.13,986.23
Potato,Uttar Pradesh,Lucknow,2022-10-16,689.84,809.81,749.82
Potato,Uttar Pradesh,Lucknow,2022-10-23,704.79,827.36,766.08
Potato,Uttar Pradesh,Lucknow,2022-10-30,820.67,963.4,892.03
Potato,Uttar Pradesh,Lucknow,2022-11-06,878.13,1030.85,954.49
Potato,Uttar Pradesh,Lucknow,2022-11-13,981.73,1152.47,1067.1
Potato,Uttar Pradesh,Lucknow,2022-11-20,734.06,861.73,797.9
Potato,Uttar Pradesh,Lucknow,2022-11-27,942.01,1105.83,1023.92
Potato,Uttar Pradesh,Lucknow,2022-12-04,1146.53,1345.93,1246.23
Potato,Uttar Pradesh,Lucknow,2022-12-11,1121.39,1316.41,1218.9
Potato,Uttar Pradesh,Lucknow,2022-12-18,1207.43,1417.42,1312.43
Potato,Uttar Pradesh,Lucknow,2022-12-25,1219.84,1431.99,1325.91
Potato,Uttar Pradesh,Lucknow,2023-01-01,1246.94,1463.8,1355.37
Potato,Uttar Pradesh,Lucknow,2023-01-08,1461.05,1715.14,1588.09
Potato,Uttar Pradesh,Lucknow,2023-01-15,1355.41,1591.14,1473.27
Potato,Uttar Pradesh,Lucknow,2023-01-22,1480.84,1738.38,1609.61
Potato,Uttar Pradesh,Lucknow,2023-01-29,1314.7,1543.34,1429.02
Potato,Uttar Pradesh,Lucknow,2023-02-05,1191.05,1398.19,1294.62
Potato,Uttar Pradesh,Lucknow,2023-02-12,1085.83,1274.67,1180.25
Potato,Uttar Pradesh,Lucknow,2023-02-19,1445.23,1696.57,1570.9
Potato,Uttar Pradesh,Lucknow,2023-02-26,1385.2,1626.11,1505.66
Potato,Uttar Pradesh,Lucknow,2023-03-05,1406.94,1651.62,1529.28
Potato,Uttar Pradesh,Lucknow,2023-03-12,1451.61,1704.06,1577.84
Potato,Uttar Pradesh,Lucknow,2023-03-19,1326.58,1557.29,1441.93
Potato,Uttar Pradesh,Lucknow,2023-03-26,1400.17,1643.68,1521.92
Potato,Uttar Pradesh,Lucknow,2023-04-02,1175.01,1379.36,1277.19
Potato,Uttar Pradesh,Lucknow,2023-04-09,1427.17,1675.37,1551.27
Potato,Uttar Pradesh,Lucknow,2023-04-16,1450.0,1702.17,1576.08
Potato,Uttar Pradesh,Lucknow,2023-04-23,1372.17,1610.81,1491.49
Potato,Uttar Pradesh,Lucknow,2023-04-30,1284.27,1507.62,1395.94
Potato,Uttar Pradesh,Lucknow,2023-05-07,1137.77,1335.64,1236.71
Potato,Uttar Pradesh,Lucknow,2023-05-14,1180.66,1385.99,1283.32
Potato,Uttar Pradesh,Lucknow,2023-05-21,1013.42,1189.67,1101.55
Potato,Uttar Pradesh,Lucknow,2023-05-28,1249.12,1466.36,1357.74
Potato,Uttar Pradesh,Lucknow,2023-06-04,1022.79,1200.66,1111.72
Potato,Uttar Pradesh,Lucknow,2023-06-11,1012.26,1188.3,1100.28
Potato,Uttar Pradesh,Lucknow,2023-06-18,955.94,1122.19,1039.07
Potato,Uttar Pradesh,Lucknow,2023-06-25,964.93,1132.75,1048.84
Potato,Uttar Pradesh,Lucknow,2023-07-02,614.07,720.87,667.47
Potato,Uttar Pradesh,Lucknow,2023-07-09,747.49,877.49,812.49
Potato,Uttar Pradesh,Lucknow,2023-07-16,697.22,818.48,757.85
Potato,Uttar Pradesh,Lucknow,2023-07-23,1039.39,1220.16,1129.78
Potato,Uttar Pradesh,Lucknow,2023-07-30,748.37,878.52,813.45
Potato,Uttar Pradesh,Lucknow,2023-08-06,596.23,699.93,648.08
Potato,Uttar Pradesh,Lucknow,2023-08-13,575.26,675.31,625.28
Potato,Uttar Pradesh,Lucknow,2023-08-20,775.89,910.83,843.36
Potato,Uttar Pradesh,Lucknow,2023-08-27,769.98,903.89,836.93
Potato,Uttar Pradesh,Lucknow,2023-09-03,626.3,735.22,680.76
Potato,Uttar Pradesh,Lucknow,2023-09-10,582.47,683.77,633.12
Potato,Uttar Pradesh,Lucknow,2023-09-17,949.02,1114.07,1031.55
Potato,Uttar Pradesh,Lucknow,2023-09-24,654.27,768.06,711.17
Potato,Uttar Pradesh,Lucknow,2023-10-01,802.64,942.23,872.43
Potato,Uttar Pradesh,Lucknow,2023-10-08,780.95,916.76,848.85
Potato,Uttar Pradesh,Lucknow,2023-10-15,801.81,941.25,871.53
Potato,Uttar Pradesh,Lucknow,2023-10-22,974.34,1143.79,1059.06
Potato,Uttar Pradesh,Lucknow,2023-10-29,817.39,959.54,888.47
Potato,Uttar Pradesh,Lucknow,2023-11-05,1167.15,1370.14,1268.65
Potato,Uttar Pradesh,Lucknow,2023-11-12,1030.58,1209.81,1120.2
Potato,Uttar Pradesh,Lucknow,2023-11-19,1123.18,1318.51,1220.85
Potato,Uttar Pradesh,Lucknow,2023-11-26,879.84,1032.85,956.35
Potato,Uttar Pradesh,Lucknow,2023-12-03,1396.91,1639.86,1518.39
Potato,Uttar Pradesh,Lucknow,2023-12-10,1231.52,1445.69,1338.61
Potato,Uttar Pradesh,Lucknow,2023-12-17,1470.86,1726.67,1598.77
Potato,Uttar Pradesh,Lucknow,2023-12-24,1364.82,1602.18,1483.5
Potato,Uttar Pradesh,Lucknow,2023-12-31,1189.58,1396.47,1293.03
Potato,Uttar Pradesh,Lucknow,2024-01-07,1599.24,1877.37,1738.31
Potato,Uttar Pradesh,Lucknow,2024-01-14,1547.76,1816.93,1682.34
Potato,Uttar Pradesh,Lucknow,2024-01-21,1212.91,1423.85,1318.38
Potato,Uttar Pradesh,Lucknow,2024-01-28,1447.32,1699.02,1573.17
Potato,Uttar Pradesh,Lucknow,2024-02-04,1382.4,1622.82,1502.61
Potato,Uttar Pradesh,Lucknow,2024-02-11,1385.49,1626.45,1505.97
Potato,Uttar Pradesh,Lucknow,2024-02-18,1404.15,1648.35,1526.25
Potato,Uttar Pradesh,Lucknow,2024-02-25,1437.65,1687.67,1562.66
Potato,Uttar Pradesh,Lucknow,2024-03-03,1348.76,1583.33,1466.05
Potato,Uttar Pradesh,Lucknow,2024-03-10,1251.36,1468.99,1360.18
Potato,Uttar Pradesh,Lucknow,2024-03-17,1396.93,1639.87,1518.4
Potato,Uttar Pradesh,Lucknow,2024-03-24,1528.53,1794.36,1661.44
Potato,Uttar Pradesh,Lucknow,2024-03-31,1350.8,1585.72,1468.26
Potato,Uttar Pradesh,Lucknow,2024-04-07,1481.75,1739.44,1610.6
Potato,Uttar Pradesh,Lucknow,2024-04-14,1324.61,1554.97,1439.79
Potato,Uttar Pradesh,Lucknow,2024-04-21,1271.95,1493.16,1382.56
Potato,Uttar Pradesh,Lucknow,2024-04-28,1175.38,1379.79,1277.58
Potato,Uttar Pradesh,Lucknow,2024-05-05,1280.44,1503.12,1391.78
Potato,Uttar Pradesh,Lucknow,2024-05-12,1183.31,1389.11,1286.21
Potato,Uttar Pradesh,Lucknow,2024-05-19,1333.05,1564.88,1448.97
Potato,Uttar Pradesh,Lucknow,2024-05-26,1404.15,1648.35,1526.25
Potato,Uttar Pradesh,Lucknow,2024-06-02,1068.76,1254.64,1161.7
Potato,Uttar Pradesh,Lucknow,2024-06-09,933.74,1096.13,1014.94
Potato,Uttar Pradesh,Lucknow,2024-06-16,876.71,1029.18,952.94
Potato,Uttar Pradesh,Lucknow,2024-06-23,1179.5,1384.63,1282.07
Potato,Uttar Pradesh,Lucknow,2024-06-30,973.72,1143.07,1058.39
Potato,Uttar Pradesh,Lucknow,2024-07-07,896.4,1052.3,974.35
Potato,Uttar Pradesh,Lucknow,2024-07-14,1015.91,1192.59,1104.25
Potato,Uttar Pradesh,Lucknow,2024-07-21,862.38,1012.36,937.37
Potato,Uttar Pradesh,Lucknow,2024-07-28,853.98,1002.49,928.24
Potato,Uttar Pradesh,Lucknow,2024-08-04,777.14,912.3,844.72
Potato,Uttar Pradesh,Lucknow,2024-08-11,813.82,955.36,884.59
Potato,Uttar Pradesh,Lucknow,2024-08-18,734.42,862.15,798.28
Potato,Uttar Pradesh,Lucknow,2024-08-25,1060.53,1244.97,1152.75
Potato,Uttar Pradesh,Lucknow,2024-09-01,1005.99,1180.94,1093.47
Potato,Uttar Pradesh,Lucknow,2024-09-08,813.51,954.99,884.25
Potato,Uttar Pradesh,Lucknow,2024-09-15,1023.96,1202.04,1113.0
Potato,Uttar Pradesh,Lucknow,2024-09-22,785.06,921.6,853.33
Potato,Uttar Pradesh,Lucknow,2024-09-29,958.67,1125.4,1042.03
Potato,Uttar Pradesh,Lucknow,2024-10-06,882.88,1036.42,959.65
Potato,Uttar Pradesh,Lucknow,2024-10-13,1100.08,1291.4,1195.74
Potato,Uttar Pradesh,Lucknow,2024-10-20,1174.79,1379.1,1276.95
Potato,Uttar Pradesh,Lucknow,2024-10-27,836.97,982.53,909.75
Potato,Uttar Pradesh,Lucknow,2024-11-03,1355.09,1590.75,1472.92
Potato,Uttar Pradesh,Lucknow,2024-11-10,1077.04,1264.36,1170.7
Potato,Uttar Pradesh,Lucknow,2024-11-17,1241.95,1457.95,1349.95
Potato,Uttar Pradesh,Lucknow,2024-11-24,1266.0,1486.18,1376.09
Potato,Uttar Pradesh,Lucknow,2024-12-01,1308.18,1535.69,1421.93
Potato,Uttar Pradesh,Lucknow,2024-12-08,1291.83,1516.49,1404.16
Potato,Uttar Pradesh,Lucknow,2024-12-15,1587.72,1863.85,1725.79
Potato,Uttar Pradesh,Lucknow,2024-12-22,1577.04,1851.31,1714.17
Potato,Uttar Pradesh,Lucknow,2024-12-29,1572.03,1845.43,1708.73
Potato,Uttar Pradesh,Lucknow,2025-01-05,1582.86,1858.14,1720.5
Potato,Uttar Pradesh,Lucknow,2025-01-12,1322.67,1552.7,1437.68
Potato,Uttar Pradesh,Lucknow,2025-01-19,1545.75,1814.57,1680.16
Potato,Uttar Pradesh,Lucknow,2025-01-26,1840.4,2160.47,2000.44
Potato,Uttar Pradesh,Lucknow,2025-02-02,1615.49,1896.44,1755.97
Potato,Uttar Pradesh,Lucknow,2025-02-09,1667.53,1957.54,1812.54
Potato,Uttar Pradesh,Lucknow,2025-02-16,1686.47,1979.77,1833.12
Potato,Uttar Pradesh,Lucknow,2025-02-23,1776.66,2085.64,1931.15
Potato,Uttar Pradesh,Lucknow,2025-03-02,1880.49,2207.53,2044.01
Potato,Uttar Pradesh,Lucknow,2025-03-09,1907.19,2238.87,2073.03
Potato,Uttar Pradesh,Lucknow,2025-03-16,1695.81,1990.73,1843.27
Potato,Uttar Pradesh,Lucknow,2025-03-23,1658.35,1946.75,1802.55
Potato,Uttar Pradesh,Lucknow,2025-03-30,1718.46,2017.32,1867.89
Potato,Uttar Pradesh,Lucknow,2025-04-06,1718.85,2017.79,1868.32
Potato,Uttar Pradesh,Lucknow,2025-04-13,1470.37,1726.08,1598.22
Potato,Uttar Pradesh,Lucknow,2025-04-20,1745.59,2049.18,1897.39
Potato,Uttar Pradesh,Lucknow,2025-04-27,1424.2,1671.89,1548.05
Potato,Uttar Pradesh,Lucknow,2025-05-04,1375.85,1615.13,1495.49
Potato,Uttar Pradesh,Lucknow,2025-05-11,1436.48,1686.31,1561.39
Potato,Uttar Pradesh,Lucknow,2025-05-18,1470.16,1725.84,1598.0
Potato,Uttar Pradesh,Lucknow,2025-05-25,1281.77,1504.69,1393.23
Potato,Uttar Pradesh,Lucknow,2025-06-01,1307.2,1534.54,1420.87
Potato,Uttar Pradesh,Lucknow,2025-06-08,1358.48,1594.74,1476.61
Potato,Uttar Pradesh,Lucknow,2025-06-15,1335.33,1567.56,1451.44
Potato,Uttar Pradesh,Lucknow,2025-06-22,1457.27,1710.7,1583.98
Potato,Uttar Pradesh,Lucknow,2025-06-29,1240.14,1455.81,1347.98
Potato,Uttar Pradesh,Lucknow,2025-07-06,954.92,1121.0,1037.96
Potato,Uttar Pradesh,Lucknow,2025-07-13,972.43,1141.55,1056.99
Potato,Uttar Pradesh,Lucknow,2025-07-20,1304.42,1531.27,1417.85
Potato,Uttar Pradesh,Lucknow,2025-07-27,1039.74,1220.57,1130.16
Potato,Uttar Pradesh,Lucknow,2025-08-03,1071.66,1258.04,1164.85
Potato,Uttar Pradesh,Lucknow,2025-08-10,1211.98,1422.76,1317.37
Potato,Uttar Pradesh,Lucknow,2025-08-17,1030.46,1209.67,1120.07
Potato,Uttar Pradesh,Lucknow,2025-08-24,918.21,1077.89,998.05
Potato,Uttar Pradesh,Lucknow,2025-08-31,1172.17,1376.03,1274.1
Potato,Uttar Pradesh,Lucknow,2025-09-07,1307.89,1535.35,1421.62
Potato,Uttar Pradesh,Lucknow,2025-09-14,1217.31,1429.02,1323.16
Potato,Uttar Pradesh,Lucknow,2025-09-21,1077.0,1264.3,1170.65
Potato,Uttar Pradesh,Lucknow,2025-09-28,1217.62,1429.38,1323.5
Potato,Uttar Pradesh,Lucknow,2025-10-05,1226.82,1440.18,1333.5
Potato,Uttar Pradesh,Lucknow,2025-10-12,1323.23,1553.36,1438.29
Potato,Uttar Pradesh,Lucknow,2025-10-19,1501.49,1762.62,1632.05
Potato,Uttar Pradesh,Lucknow,2025-10-26,1189.29,1396.12,1292.71
Potato,Uttar Pradesh,Lucknow,2025-11-02,1623.55,1905.91,1764.73
Potato,Uttar Pradesh,Lucknow,2025-11-09,1386.2,1627.28,1506.74
Potato,Uttar Pradesh,Lucknow,2025-11-16,1538.57,1806.15,1672.36
Potato,Uttar Pradesh,Lucknow,2025-11-23,1505.78,1767.65,1636.71
Potato,Uttar Pradesh,Lucknow,2025-11-30,1481.06,1738.64,1609.85
Potato,Uttar Pradesh,Lucknow,2025-12-07,1569.91,1842.93,1706.42
Potato,Uttar Pradesh,Lucknow,2025-12-14,1602.94,1881.71,1742.33
Potato,Uttar Pradesh,Lucknow,2025-12-21,1497.24,1757.63,1627.43
Potato,Uttar Pradesh,Lucknow,2025-12-28,1715.46,2013.8,1864.63
Potato,Uttar Pradesh,Lucknow,2026-01-04,1747.49,2051.4,1899.44
Potato,Uttar Pradesh,Lucknow,2026-01-11,1807.94,2122.36,1965.15
Potato,Uttar Pradesh,Lucknow,2026-01-18,1709.41,2006.7,1858.05
Potato,Uttar Pradesh,Lucknow,2026-01-25,1730.39,2031.33,1880.86
Potato,Uttar Pradesh,Lucknow,2026-02-01,1806.04,2120.13,1963.09
Potato,Uttar Pradesh,Lucknow,2026-02-08,1656.16,1944.18,1800.17
Potato,Uttar Pradesh,Lucknow,2026-02-15,1910.81,2243.12,2076.96
Potato,Uttar Pradesh,Lucknow,2026-02-22,1748.95,2053.12,1901.04
Potato,Uttar Pradesh,Lucknow,2026-03-01,1535.3,1802.31,1668.8
Potato,Uttar Pradesh,Lucknow,2026-03-08,1669.53,1959.88,1814.71
Potato,Uttar Pradesh,Lucknow,2026-03-15,1773.8,2082.29,1928.05
Potato,Uttar Pradesh,Lucknow,2026-03-22,1773.63,2082.08,1927.86
Potato,Uttar Pradesh,Lucknow,2026-03-29,1471.07,1726.9,1598.98
Potato,Uttar Pradesh,Lucknow,2026-04-05,1463.51,1718.03,1590.77
Potato,Uttar Pradesh,Lucknow,2026-04-12,1404.23,1648.45,1526.34
Potato,Uttar Pradesh,Lucknow,2026-04-19,1436.37,1686.18,1561.28
Potato,Uttar Pradesh,Lucknow,2026-04-26,1223.32,1436.07,1329.7
Potato,Uttar Pradesh,Lucknow,2026-05-03,1461.04,1715.13,1588.08
Potato,Uttar Pradesh,Lucknow,2026-05-10,1375.94,1615.24,1495.59
Potato,Uttar Pradesh,Lucknow,2026-05-17,1435.34,1684.97,1560.15
Potato,Uttar Pradesh,Lucknow,2026-05-24,1144.45,1343.49,1243.97
Potato,Uttar Pradesh,Lucknow,2026-05-31,1138.44,1336.43,1237.44
Potato,Uttar Pradesh,Lucknow,2026-06-07,1116.67,1310.88,1213.77
Potato,Uttar Pradesh,Lucknow,2026-06-14,1163.02,1365.29,1264.16
Potato,Uttar Pradesh,Lucknow,2026-06-21,1101.2,1292.71,1196.95
Potato,Uttar Pradesh,Lucknow,2026-06-28,1091.92,1281.82,1186.87
Potato,Uttar Pradesh,Lucknow,2026-07-05,982.58,1153.47,1068.03
Potato,Uttar Pradesh,Lucknow,2026-07-12,1141.43,1339.94,1240.68
Potato,Uttar Pradesh,Lucknow,2026-07-19,1058.65,1242.76,1150.7
Potato,Uttar Pradesh,Lucknow,2026-07-26,1241.35,1457.23,1349.29
Potato,Uttar Pradesh,Lucknow,2026-08-02,1017.29,1194.21,1105.75
Potato,Uttar Pradesh,Lucknow,2026-08-09,1158.4,1359.86,1259.13
Potato,Uttar Pradesh,Lucknow,2026-08-16,994.82,1167.83,1081.33
Potato,Uttar Pradesh,Lucknow,2026-08-23,1232.42,1446.76,1339.59
Potato,Uttar Pradesh,Lucknow,2026-08-30,1147.02,1346.5,1246.76
Potato,Punjab,Ludhiana,2020-01-05,1425.64,1673.58,1549.61
Potato,Punjab,Ludhiana,2020-01-12,1346.93,1581.18,1464.05
Potato,Punjab,Ludhiana,2020-01-19,1671.85,1962.61,1817.23
Potato,Punjab,Ludhiana,2020-01-26,1515.47,1779.04,1647.26
Potato,Punjab,Ludhiana,2020-02-02,1460.7,1714.73,1587.71
Potato,Punjab,Ludhiana,2020-02-09,1540.7,1808.65,1674.67
Potato,Punjab,Ludhiana,2020-02-16,1480.51,1737.99,1609.25
Potato,Punjab,Ludhiana,2020-02-23,1712.33,2010.12,1861.23
Potato,Punjab,Ludhiana,2020-03-01,1465.19,1720.0,1592.59
Potato,Punjab,Ludhiana,2020-03-08,1412.21,1657.81,1535.01
Potato,Punjab,Ludhiana,2020-03-15,1399.55,1642.95,1521.25
Potato,Punjab,Ludhiana,2020-03-22,1436.39,1686.2,1561.29
Potato,Punjab,Ludhiana,2020-03-29,1584.92,1860.56,1722.74
Potato,Punjab,Ludhiana,2020-04-05,1618.51,1899.99,1759.25
Potato,Punjab,Ludhiana,2020-04-12,1701.3,1997.18,1849.24
Potato,Punjab,Ludhiana,2020-04-19,1416.85,1663.26,1540.05
Potato,Punjab,Ludhiana,2020-04-26,1279.53,1502.06,1390.8
Potato,Punjab,Ludhiana,2020-05-03,1297.63,1523.3,1410.47
Potato,Punjab,Ludhiana,2020-05-10,1251.61,1469.28,1360.44
Potato,Punjab,Ludhiana,2020-05-17,1254.24,1472.37,1363.31
Potato,Punjab,Ludhiana,2020-05-24,1244.78,1461.27,1353.02
Potato,Punjab,Ludhiana,2020-05-31,1191.01,1398.14,1294.57
Potato,Punjab,Ludhiana,2020-06-07,1051.51,1234.38,1142.94
Potato,Punjab,Ludhiana,2020-06-14,1298.08,1523.83,1410.96
Potato,Punjab,Ludhiana,2020-06-21,998.17,1171.77,1084.97
Potato,Punjab,Ludhiana,2020-06-28,1246.43,1463.2,1354.81
Potato,Punjab,Ludhiana,2020-07-05,1068.42,1254.23,1161.33
Potato,Punjab,Ludhiana,2020-07-12,922.74,1083.21,1002.98
Potato,Punjab,Ludhiana,2020-07-19,1064.48,1249.6,1157.04
Potato,Punjab,Ludhiana,2020-07-26,915.09,1074.23,994.66
Potato,Punjab,Ludhiana,2020-08-02,922.08,1082.44,1002.26
Potato,Punjab,Ludhiana,2020-08-09,962.56,1129.96,1046.26
Potato,Punjab,Ludhiana,2020-08-16,554.86,651.36,603.11
Potato,Punjab,Ludhiana,2020-08-23,779.52,915.09,847.3
Potato,Punjab,Ludhiana,2020-08-30,852.69,1000.98,926.84
Potato,Punjab,Ludhiana,2020-09-06,986.35,1157.89,1072.12
Potato,Punjab,Ludhiana,2020-09-13,822.35,965.36,893.85
Potato,Punjab,Ludhiana,2020-09-20,810.41,951.35,880.88
Potato,Punjab,Ludhiana,2020-09-27,1067.56,1253.22,1160.39
Potato,Punjab,Ludhiana,2020-10-04,1001.73,1175.94,1088.84
Potato,Punjab,Ludhiana,2020-10-11,1086.63,1275.61,1181.12
Potato,Punjab,Ludhiana,2020-10-18,979.56,1149.92,1064.74
Potato,Punjab,Ludhiana,2020-10-25,1019.21,1196.46,1107.83
Potato,Punjab,Ludhiana,2020-11-01,1270.63,1491.61,1381.12
Potato,Punjab,Ludhiana,2020-11-08,1333.87,1565.85,1449.86
Potato,Punjab,Ludhiana,2020-11-15,1102.3,1294.0,1198.15
Potato,Punjab,Ludhiana,2020-11-22,1183.01,1388.75,1285.88
Potato,Punjab,Ludhiana,2020-11-29,1190.38,1397.4,1293.89
Potato,Punjab,Ludhiana,2020-12-06,1402.28,1646.16,1524.22
Potato,Punjab,Ludhiana,2020-12-13,1462.82,1717.23,1590.03
Potato,Punjab,Ludhiana,2020-12-20,1539.88,1807.68,1673.78
Potato,Punjab,Ludhiana,2020-12-27,1766.88,2074.17,1920.52
Potato,Punjab,Ludhiana,2021-01-03,1580.66,1855.56,1718.11
Potato,Punjab,Ludhiana,2021-01-10,1639.37,1924.48,1781.92
Potato,Punjab,Ludhiana,2021-01-17,1650.11,1937.09,1793.6
Potato,Punjab,Ludhiana,2021-01-24,1815.79,2131.58,1973.68
Potato,Punjab,Ludhiana,2021-01-31,2046.31,2402.19,2224.25
Potato,Punjab,Ludhiana,2021-02-07,1988.99,2334.9,2161.94
Potato,Punjab,Ludhiana,2021-02-14,1685.87,1979.07,1832.47
Potato,Punjab,Ludhiana,2021-02-21,1830.47,2148.82,1989.64
Potato,Punjab,Ludhiana,2021-02-28,1757.51,2063.17,1910.34
Potato,Punjab,Ludhiana,2021-03-07,1796.78,2109.27,1953.03
Potato,Punjab,Ludhiana,2021-03-14,1874.43,2200.42,2037.43
Potato,Punjab,Ludhiana,2021-03-21,1811.56,2126.61,1969.09
Potato,Punjab,Ludhiana,2021-03-28,1864.39,2188.64,2026.51
Potato,Punjab,Ludhiana,2021-04-04,1549.14,1818.55,1683.84
Potato,Punjab,Ludhiana,2021-04-11,1643.46,1929.28,1786.37
Potato,Punjab,Ludhiana,2021-04-18,1452.67,1705.31,1578.99
Potato,Punjab,Ludhiana,2021-04-25,1744.83,2048.28,1896.55
Potato,Punjab,Ludhiana,2021-05-02,1484.38,1742.53,1613.46
Potato,Punjab,Ludhiana,2021-05-09,1527.1,1792.69,1659.89
Potato,Punjab,Ludhiana,2021-05-16,1250.64,1468.14,1359.39
Potato,Punjab,Ludhiana,2021-05-23,1613.33,1893.91,1753.62
Potato,Punjab,Ludhiana,2021-05-30,1479.41,1736.7,1608.05
Potato,Punjab,Ludhiana,2021-06-06,1517.95,1781.94,1649.95
Potato,Punjab,Ludhiana,2021-06-13,1150.67,1350.79,1250.73
Potato,Punjab,Ludhiana,2021-06-20,1495.0,1755.0,1625.0
Potato,Punjab,Ludhiana,2021-06-27,1351.5,1586.54,1469.02
Potato,Punjab,Ludhiana,2021-07-04,922.85,1083.34,1003.1
Potato,Punjab,Ludhiana,2021-07-11,1240.19,1455.88,1348.04
Potato,Punjab,Ludhiana,2021-07-18,1388.17,1629.59,1508.88
Potato,Punjab,Ludhiana,2021-07-25,1272.61,1493.93,1383.27
Potato,Punjab,Ludhiana,2021-08-01,1357.98,1594.15,1476.07
Potato,Punjab,Ludhiana,2021-08-08,1383.98,1624.68,1504.33
Potato,Punjab,Ludhiana,2021-08-15,1142.02,1340.63,1241.32
Potato,Punjab,Ludhiana,2021-08-22,1272.61,1493.93,1383.27
Potato,Punjab,Ludhiana,2021-08-29,1062.58,1247.38,1154.98
Potato,Punjab,Ludhiana,2021-09-05,1229.42,1443.23,1336.32
Potato,Punjab,Ludhiana,2021-09-12,1229.08,1442.83,1335.95
Potato,Punjab,Ludhiana,2021-09-19,1458.45,1712.09,1585.27
Potato,Punjab,Ludhiana,2021-09-26,1219.35,1431.41,1325.38
Potato,Punjab,Ludhiana,2021-10-03,1507.47,1769.64,1638.56
Potato,Punjab,Ludhiana,2021-10-10,1314.05,1542.58,1428.32
Potato,Punjab,Ludhiana,2021-10-17,1359.99,1596.51,1478.25
Potato,Punjab,Ludhiana,2021-10-24,1614.3,1895.05,1754.68
Potato,Punjab,Ludhiana,2021-10-31,1290.19,1514.57,1402.38
Potato,Punjab,Ludhiana,2021-11-07,1697.77,1993.03,1845.4
Potato,Punjab,Ludhiana,2021-11-14,1696.43,1991.46,1843.94
Potato,Punjab,Ludhiana,2021-11-21,1449.18,1701.21,1575.19
Potato,Punjab,Ludhiana,2021-11-28,1555.25,1825.73,1690.49
Potato,Punjab,Ludhiana,2021-12-05,1674.43,1965.63,1820.03
Potato,Punjab,Ludhiana,2021-12-12,1590.52,1867.13,1728.82
Potato,Punjab,Ludhiana,2021-12-19,1598.52,1876.53,1737.53
Potato,Punjab,Ludhiana,2021-12-26,1418.08,1664.7,1541.39
Potato,Punjab,Ludhiana,2022-01-02,1706.16,2002.88,1854.52
Potato,Punjab,Ludhiana,2022-01-09,1667.06,1956.98,1812.02
Potato,Punjab,Ludhiana,2022-01-16,1807.35,2121.67,1964.51
Potato,Punjab,Ludhiana,2022-01-23,1941.59,2279.26,2110.43
Potato,Punjab,Ludhiana,2022-01-30,1799.02,2111.89,1955.45
Potato,Punjab,Ludhiana,2022-02-06,1998.9,2346.53,2172.72
Potato,Punjab,Ludhiana,2022-02-13,1726.58,2026.85,1876.71
Potato,Punjab,Ludhiana,2022-02-20,1881.33,2208.52,2044.93
Potato,Punjab,Ludhiana,2022-02-27,1939.19,2276.44,2107.82
Potato,Punjab,Ludhiana,2022-03-06,1811.19,2126.19,1968.69
Potato,Punjab,Ludhiana,2022-03-13,1988.41,2334.22,2161.31
Potato,Punjab,Ludhiana,2022-03-20,1861.81,2185.6,2023.7
Potato,Punjab,Ludhiana,2022-03-27,1837.84,2157.46,1997.65
Potato,Punjab,Ludhiana,2022-04-03,1384.18,1624.91,1504.55
Potato,Punjab,Ludhiana,2022-04-10,1650.62,1937.69,1794.15
Potato,Punjab,Ludhiana,2022-04-17,1589.13,1865.5,1727.32
Potato,Punjab,Ludhiana,2022-04-24,1838.08,2157.74,1997.91
Potato,Punjab,Ludhiana,2022-05-01,1592.22,1869.12,1730.67
Potato,Punjab,Ludhiana,2022-05-08,1542.68,1810.97,1676.82
Potato,Punjab,Ludhiana,2022-05-15,1497.83,1758.32,1628.07
Potato,Punjab,Ludhiana,2022-05-22,1530.04,1796.13,1663.08
Potato,Punjab,Ludhiana,2022-05-29,1217.41,1429.14,1323.28
Potato,Punjab,Ludhiana,2022-06-05,978.37,1148.52,1063.45
Potato,Punjab,Ludhiana,2022-06-12,1180.41,1385.69,1283.05
Potato,Punjab,Ludhiana,2022-06-19,1082.63,1270.91,1176.77
Potato,Punjab,Ludhiana,2022-06-26,1279.4,1501.9,1390.65
Potato,Punjab,Ludhiana,2022-07-03,938.04,1101.18,1019.61
Potato,Punjab,Ludhiana,2022-07-10,709.99,833.47,771.73
Potato,Punjab,Ludhiana,2022-07-17,1085.2,1273.93,1179.56
Potato,Punjab,Ludhiana,2022-07-24,919.54,1079.46,999.5
Potato,Punjab,Ludhiana,2022-07-31,976.6,1146.45,1061.53
Potato,Punjab,Ludhiana,2022-08-07,969.48,1138.08,1053.78
Potato,Punjab,Ludhiana,2022-08-14,1088.02,1277.24,1182.63
Potato,Punjab,Ludhiana,2022-08-21,913.2,1072.02,992.61
Potato,Punjab,Ludhiana,2022-08-28,969.89,1138.57,1054.23
Potato,Punjab,Ludhiana,2022-09-04,925.05,1085.93,1005.49
Potato,Punjab,Ludhiana,2022-09-11,1007.31,1182.49,1094.9
Potato,Punjab,Ludhiana,2022-09-18,968.13,1136.5,1052.31
Potato,Punjab,Ludhiana,2022-09-25,679.4,797.56,738.48
Potato,Punjab,Ludhiana,2022-10-02,1075.07,1262.04,1168.55
Potato,Punjab,Ludhiana,2022-10-09,1001.53,1175.71,1088.62
Potato,Punjab,Ludhiana,2022-10-16,1094.33,1284.65,1189.49
Potato,Punjab,Ludhiana,2022-10-23,1101.55,1293.12,1197.34
Potato,Punjab,Ludhiana,2022-10-30,1078.88,1266.51,1172.69
Potato,Punjab,Ludhiana,2022-11-06,1354.06,1589.55,1471.8
Potato,Punjab,Ludhiana,2022-11-13,1355.81,1591.6,1473.71
Potato,Punjab,Ludhiana,2022-11-20,1337.23,1569.79,1453.51
Potato,Punjab,Ludhiana,2022-11-27,1479.78,1737.14,1608.46
Potato,Punjab,Ludhiana,2022-12-04,1524.7,1789.87,1657.29
Potato,Punjab,Ludhiana,2022-12-11,1491.51,1750.91,1621.21
Potato,Punjab,Ludhiana,2022-12-18,1561.1,1832.6,1696.85
Potato,Punjab,Ludhiana,2022-12-25,1517.16,1781.02,1649.09
Potato,Punjab,Ludhiana,2023-01-01,1581.88,1856.99,1719.44
Potato,Punjab,Ludhiana,2023-01-08,1701.84,1997.81,1849.83
Potato,Punjab,Ludhiana,2023-01-15,1704.55,2001.0,1852.78
Potato,Punjab,Ludhiana,2023-01-22,1660.75,1949.57,1805.16
Potato,Punjab,Ludhiana,2023-01-29,1803.21,2116.81,1960.01
Potato,Punjab,Ludhiana,2023-02-05,1779.38,2088.84,1934.11
Potato,Punjab,Ludhiana,2023-02-12,1795.92,2108.26,1952.09
Potato,Punjab,Ludhiana,2023-02-19,1520.96,1785.48,1653.22
Potato,Punjab,Ludhiana,2023-02-26,1485.1,1743.38,1614.24
Potato,Punjab,Ludhiana,2023-03-05,1757.29,2062.91,1910.1
Potato,Punjab,Ludhiana,2023-03-12,1644.98,1931.07,1788.03
Potato,Punjab,Ludhiana,2023-03-19,1544.98,1813.67,1679.32
Potato,Punjab,Ludhiana,2023-03-26,1387.34,1628.62,1507.98
Potato,Punjab,Ludhiana,2023-04-02,1484.8,1743.03,1613.91
Potato,Punjab,Ludhiana,2023-04-09,1456.03,1709.25,1582.64
Potato,Punjab,Ludhiana,2023-04-16,1399.44,1642.82,1521.13
Potato,Punjab,Ludhiana,2023-04-23,1116.45,1310.62,1213.54
Potato,Punjab,Ludhiana,2023-04-30,1315.21,1543.95,1429.58
Potato,Punjab,Ludhiana,2023-05-07,1261.47,1480.85,1371.16
Potato,Punjab,Ludhiana,2023-05-14,1378.74,1618.52,1498.63
Potato,Punjab,Ludhiana,2023-05-21,1095.42,1285.93,1190.67
Potato,Punjab,Ludhiana,2023-05-28,1211.38,1422.05,1316.72
Potato,Punjab,Ludhiana,2023-06-04,853.17,1001.55,927.36
Potato,Punjab,Ludhiana,2023-06-11,1193.11,1400.61,1296.86
Potato,Punjab,Ludhiana,2023-06-18,1110.24,1303.33,1206.79
Potato,Punjab,Ludhiana,2023-06-25,1129.32,1325.72,1227.52
Potato,Punjab,Ludhiana,2023-07-02,773.36,907.86,840.61
Potato,Punjab,Ludhiana,2023-07-09,693.79,814.45,754.12
Potato,Punjab,Ludhiana,2023-07-16,881.93,1035.31,958.62
Potato,Punjab,Ludhiana,2023-07-23,957.58,1124.12,1040.85
Potato,Punjab,Ludhiana,2023-07-30,1062.39,1247.15,1154.77
Potato,Punjab,Ludhiana,2023-08-06,834.35,979.46,906.9
Potato,Punjab,Ludhiana,2023-08-13,924.17,1084.9,1004.53
Potato,Punjab,Ludhiana,2023-08-20,1076.28,1263.46,1169.87
Potato,Punjab,Ludhiana,2023-08-27,955.2,1121.33,1038.27
Potato,Punjab,Ludhiana,2023-09-03,1011.52,1187.43,1099.48
Potato,Punjab,Ludhiana,2023-09-10,826.81,970.6,898.7
Potato,Punjab,Ludhiana,2023-09-17,923.55,1084.17,1003.86
Potato,Punjab,Ludhiana,2023-09-24,1174.23,1378.44,1276.33
Potato,Punjab,Ludhiana,2023-10-01,1249.51,1466.82,1358.17
Potato,Punjab,Ludhiana,2023-10-08,1076.14,1263.3,1169.72
Potato,Punjab,Ludhiana,2023-10-15,1058.42,1242.49,1150.45
Potato,Punjab,Ludhiana,2023-10-22,1226.9,1440.27,1333.58
Potato,Punjab,Ludhiana,2023-10-29,1278.29,1500.6,1389.45
Potato,Punjab,Ludhiana,2023-11-05,1422.14,1669.47,1545.8
Potato,Punjab,Ludhiana,2023-11-12,1192.24,1399.58,1295.91
Potato,Punjab,Ludhiana,2023-11-19,1447.97,1699.79,1573.88
Potato,Punjab,Ludhiana,2023-11-26,1332.2,1563.89,1448.04
Potato,Punjab,Ludhiana,2023-12-03,1539.24,1806.93,1673.08
Potato,Punjab,Ludhiana,2023-12-10,1349.7,1584.43,1467.06
Potato,Punjab,Ludhiana,2023-12-17,1493.09,1752.76,1622.92
Potato,Punjab,Ludhiana,2023-12-24,1559.29,1830.47,1694.88
Potato,Punjab,Ludhiana,2023-12-31,1539.66,1807.43,1673.55
Potato,Punjab,Ludhiana,2024-01-07,1852.88,2175.12,2014.0
Potato,Punjab,Ludhiana,2024-01-14,1912.67,2245.31,2078.99
Potato,Punjab,Ludhiana,2024-01-21,1642.32,1927.94,1785.13
Potato,Punjab,Ludhiana,2024-01-28,1476.83,1733.67,1605.25
Potato,Punjab,Ludhiana,2024-02-04,1555.48,1826.0,1690.74
Potato,Punjab,Ludhiana,2024-02-11,1607.58,1887.15,1747.37
Potato,Punjab,Ludhiana,2024-02-18,1813.39,2128.76,1971.07
Potato,Punjab,Ludhiana,2024-02-25,1898.49,2228.66,2063.57
Potato,Punjab,Ludhiana,2024-03-03,1564.08,1836.09,1700.08
Potato,Punjab,Ludhiana,2024-03-10,1666.23,1956.01,1811.12
Potato,Punjab,Ludhiana,2024-03-17,1329.34,1560.53,1444.93
Potato,Punjab,Ludhiana,2024-03-24,1656.38,1944.44,1800.41
Potato,Punjab,Ludhiana,2024-03-31,1343.37,1577.0,1460.19
Potato,Punjab,Ludhiana,2024-04-07,1502.93,1764.31,1633.62
Potato,Punjab,Ludhiana,2024-04-14,1193.56,1401.14,1297.35
Potato,Punjab,Ludhiana,2024-04-21,1458.22,1711.82,1585.02
Potato,Punjab,Ludhiana,2024-04-28,1283.91,1507.19,1395.55
Potato,Punjab,Ludhiana,2024-05-05,1168.98,1372.28,1270.63
Potato,Punjab,Ludhiana,2024-05-12,1205.63,1415.31,1310.47
Potato,Punjab,Ludhiana,2024-05-19,1022.93,1200.83,1111.88
Potato,Punjab,Ludhiana,2024-05-26,1121.74,1316.83,1219.28
Potato,Punjab,Ludhiana,2024-06-02,1034.72,1214.67,1124.69
Potato,Punjab,Ludhiana,2024-06-09,992.86,1165.53,1079.19
Potato,Punjab,Ludhiana,2024-06-16,1016.78,1193.61,1105.19
Potato,Punjab,Ludhiana,2024-06-23,1073.53,1260.23,1166.88
Potato,Punjab,Ludhiana,2024-06-30,1194.29,1402.0,1298.15
Potato,Punjab,Ludhiana,2024-07-07,942.84,1106.81,1024.83
Potato,Punjab,Ludhiana,2024-07-14,862.43,1012.42,937.43
Potato,Punjab,Ludhiana,2024-07-21,904.53,1061.84,983.18
Potato,Punjab,Ludhiana,2024-07-28,1106.23,1298.62,1202.43
Potato,Punjab,Ludhiana,2024-08-04,1073.13,1259.76,1166.44
Potato,Punjab,Ludhiana,2024-08-11,897.07,1053.09,975.08
Potato,Punjab,Ludhiana,2024-08-18,918.55,1078.3,998.42
Potato,Punjab,Ludhiana,2024-08-25,500.06,587.02,543.54
Potato,Punjab,Ludhiana,2024-09-01,643.24,755.11,699.18
Potato,Punjab,Ludhiana,2024-09-08,1053.33,1236.52,1144.92
Potato,Punjab,Ludhiana,2024-09-15,949.02,1114.07,1031.54
Potato,Punjab,Ludhiana,2024-09-22,664.62,780.21,722.41
Potato,Punjab,Ludhiana,2024-09-29,760.95,893.29,827.12
Potato,Punjab,Ludhiana,2024-10-06,848.81,996.43,922.62
Potato,Punjab,Ludhiana,2024-10-13,905.47,1062.94,984.2
Potato,Punjab,Ludhiana,2024-10-20,972.94,1142.14,1057.54
Potato,Punjab,Ludhiana,2024-10-27,955.6,1121.79,1038.69
Potato,Punjab,Ludhiana,2024-11-03,1184.55,1390.56,1287.56
Potato,Punjab,Ludhiana,2024-11-10,1260.51,1479.73,1370.12
Potato,Punjab,Ludhiana,2024-11-17,1035.1,1215.12,1125.11
Potato,Punjab,Ludhiana,2024-11-24,1226.34,1439.62,1332.98
Potato,Punjab,Ludhiana,2024-12-01,1454.38,1707.32,1580.85
Potato,Punjab,Ludhiana,2024-12-08,1308.6,1536.18,1422.39
Potato,Punjab,Ludhiana,2024-12-15,1733.61,2035.11,1884.36
Potato,Punjab,Ludhiana,2024-12-22,1371.06,1609.51,1490.29
Potato,Punjab,Ludhiana,2024-12-29,1509.8,1772.38,1641.09
Potato,Punjab,Ludhiana,2025-01-05,1672.43,1963.29,1817.86
Potato,Punjab,Ludhiana,2025-01-12,1578.81,1853.38,1716.1
Potato,Punjab,Ludhiana,2025-01-19,1636.16,1920.71,1778.43
Potato,Punjab,Ludhiana,2025-01-26,1744.69,2048.11,1896.4
Potato,Punjab,Ludhiana,2025-02-02,1826.69,2144.37,1985.53
Potato,Punjab,Ludhiana,2025-02-09,1765.36,2072.37,1918.86
Potato,Punjab,Ludhiana,2025-02-16,1763.79,2070.54,1917.16
Potato,Punjab,Ludhiana,2025-02-23,1832.84,2151.6,1992.22
Potato,Punjab,Ludhiana,2025-03-02,1903.36,2234.38,2068.87
Potato,Punjab,Ludhiana,2025-03-09,1881.41,2208.61,2045.01
Potato,Punjab,Ludhiana,2025-03-16,1732.47,2033.77,1883.12
Potato,Punjab,Ludhiana,2025-03-23,2004.93,2353.61,2179.27
Potato,Punjab,Ludhiana,2025-03-30,1892.96,2222.18,2057.57
Potato,Punjab,Ludhiana,2025-04-06,1852.18,2174.3,2013.24
Potato,Punjab,Ludhiana,2025-04-13,1995.84,2342.94,2169.39
Potato,Punjab,Ludhiana,2025-04-20,1706.56,2003.36,1854.96
Potato,Punjab,Ludhiana,2025-04-27,1994.47,2341.33,2167.9
Potato,Punjab,Ludhiana,2025-05-04,1773.82,2082.31,1928.06
Potato,Punjab,Ludhiana,2025-05-11,1795.4,2107.64,1951.52
Potato,Punjab,Ludhiana,2025-05-18,1605.78,1885.05,1745.41
Potato,Punjab,Ludhiana,2025-05-25,1752.94,2057.8,1905.37
Potato,Punjab,Ludhiana,2025-06-01,1527.89,1793.6,1660.75
Potato,Punjab,Ludhiana,2025-06-08,1453.3,1706.05,1579.67
Potato,Punjab,Ludhiana,2025-06-15,1438.81,1689.04,1563.93
Potato,Punjab,Ludhiana,2025-06-22,1319.0,1548.39,1433.7
Potato,Punjab,Ludhiana,2025-06-29,1384.43,1625.2,1504.81
Potato,Punjab,Ludhiana,2025-07-06,1236.38,1451.4,1343.89
Potato,Punjab,Ludhiana,2025-07-13,1189.03,1395.82,1292.43
Potato,Punjab,Ludhiana,2025-07-20,1233.88,1448.46,1341.17
Potato,Punjab,Ludhiana,2025-07-27,1226.41,1439.69,1333.05
Potato,Punjab,Ludhiana,2025-08-03,1008.58,1183.99,1096.29
Potato,Punjab,Ludhiana,2025-08-10,1124.23,1319.75,1221.99
Potato,Punjab,Ludhiana,2025-08-17,1288.86,1513.01,1400.94
Potato,Punjab,Ludhiana,2025-08-24,1301.24,1527.54,1414.39
Potato,Punjab,Ludhiana,2025-08-31,1255.41,1473.74,1364.58
Potato,Punjab,Ludhiana,2025-09-07,1245.95,1462.63,1354.29
Potato,Punjab,Ludhiana,2025-09-14,1405.05,1649.4,1527.23
Potato,Punjab,Ludhiana,2025-09-21,1286.08,1509.75,1397.92
Potato,Punjab,Ludhiana,2025-09-28,1429.31,1677.89,1553.6
Potato,Punjab,Ludhiana,2025-10-05,1316.45,1545.39,1430.92
Potato,Punjab,Ludhiana,2025-10-12,1606.73,1886.16,1746.44
Potato,Punjab,Ludhiana,2025-10-19,1538.75,1806.36,1672.56
Potato,Punjab,Ludhiana,2025-10-26,1454.25,1707.17,1580.71
Potato,Punjab,Ludhiana,2025-11-02,1840.65,2160.76,2000.7
Potato,Punjab,Ludhiana,2025-11-09,1693.27,1987.75,1840.51
Potato,Punjab,Ludhiana,2025-11-16,1631.05,1914.71,1772.88
Potato,Punjab,Ludhiana,2025-11-23,1674.92,1966.21,1820.56
Potato,Punjab,Ludhiana,2025-11-30,1787.45,2098.31,1942.88
Potato,Punjab,Ludhiana,2025-12-07,1943.85,2281.91,2112.88
Potato,Punjab,Ludhiana,2025-12-14,1666.4,1956.21,1811.3
Potato,Punjab,Ludhiana,2025-12-21,1955.98,2296.15,2126.06
Potato,Punjab,Ludhiana,2025-12-28,1853.55,2175.91,2014.73
Potato,Punjab,Ludhiana,2026-01-04,1975.75,2319.36,2147.56
Potato,Punjab,Ludhiana,2026-01-11,1904.43,2235.64,2070.03
Potato,Punjab,Ludhiana,2026-01-18,1987.06,2332.63,2159.85
Potato,Punjab,Ludhiana,2026-01-25,1873.55,2199.38,2036.46
Potato,Punjab,Ludhiana,2026-02-01,2030.06,2383.11,2206.59
Potato,Punjab,Ludhiana,2026-02-08,1918.16,2251.75,2084.96
Potato,Punjab,Ludhiana,2026-02-15,1978.49,2322.58,2150.54
Potato,Punjab,Ludhiana,2026-02-22,2025.48,2377.74,2201.61
Potato,Punjab,Ludhiana,2026-03-01,2081.76,2443.8,2262.78
Potato,Punjab,Ludhiana,2026-03-08,1985.13,2330.37,2157.75
Potato,Punjab,Ludhiana,2026-03-15,2219.76,2605.81,2412.79
Potato,Punjab,Ludhiana,2026-03-22,2025.59,2377.87,2201.73
Potato,Punjab,Ludhiana,2026-03-29,2219.52,2605.53,2412.52
Potato,Punjab,Ludhiana,2026-04-05,1870.75,2196.1,2033.42
Potato,Punjab,Ludhiana,2026-04-12,1859.15,2182.48,2020.81
Potato,Punjab,Ludhiana,2026-04-19,2043.7,2399.12,2221.41
Potato,Punjab,Ludhiana,2026-04-26,1995.59,2342.65,2169.12
Potato,Punjab,Ludhiana,2026-05-03,1980.48,2324.91,2152.7
Potato,Punjab,Ludhiana,2026-05-10,1765.54,2072.59,1919.06
Potato,Punjab,Ludhiana,2026-05-17,1829.56,2147.75,1988.65
Potato,Punjab,Ludhiana,2026-05-24,1711.75,2009.45,1860.6
Potato,Punjab,Ludhiana,2026-05-31,1846.96,2168.17,2007.57
Potato,Punjab,Ludhiana,2026-06-07,1346.46,1580.63,1463.55
Potato,Punjab,Ludhiana,2026-06-14,1312.82,1541.14,1426.98
Potato,Punjab,Ludhiana,2026-06-21,1522.03,1786.73,1654.38
Potato,Punjab,Ludhiana,2026-06-28,1596.07,1873.65,1734.86
Potato,Punjab,Ludhiana,2026-07-05,1395.75,1638.49,1517.12
Potato,Punjab,Ludhiana,2026-07-12,1454.72,1707.72,1581.22
Potato,Punjab,Ludhiana,2026-07-19,1553.48,1823.65,1688.57
Potato,Punjab,Ludhiana,2026-07-26,1409.6,1654.74,1532.17
Potato,Punjab,Ludhiana,2026-08-02,1525.5,1790.8,1658.15
Potato,Punjab,Ludhiana,2026-08-09,1289.52,1513.78,1401.65
Potato,Punjab,Ludhiana,2026-08-16,1377.53,1617.1,1497.32
Potato,Punjab,Ludhiana,2026-08-23,1606.65,1886.07,1746.36
Potato,Punjab,Ludhiana,2026-08-30,1431.24,1680.15,1555.69
Potato,Uttarakhand,Dehradun,2020-01-05,1294.82,1520.01,1407.41
Potato,Uttarakhand,Dehradun,2020-01-12,1611.75,1892.05,1751.9
Potato,Uttarakhand,Dehradun,2020-01-19,1541.35,1809.41,1675.38
Potato,Uttarakhand,Dehradun,2020-01-26,1390.71,1632.57,1511.64
Potato,Uttarakhand,Dehradun,2020-02-02,1681.41,1973.83,1827.62
Potato,Uttarakhand,Dehradun,2020-02-09,1476.12,1732.84,1604.48
Potato,Uttarakhand,Dehradun,2020-02-16,1480.55,1738.03,1609.29
Potato,Uttarakhand,Dehradun,2020-02-23,1413.91,1659.81,1536.86
Potato,Uttarakhand,Dehradun,2020-03-01,1370.48,1608.82,1489.65
Potato,Uttarakhand,Dehradun,2020-03-08,1238.87,1454.33,1346.6
Potato,Uttarakhand,Dehradun,2020-03-15,1268.6,1489.23,1378.92
Potato,Uttarakhand,Dehradun,2020-03-22,1306.21,1533.38,1419.8
Potato,Uttarakhand,Dehradun,2020-03-29,1441.6,1692.31,1566.95
Potato,Uttarakhand,Dehradun,2020-04-05,1009.66,1185.25,1097.45
Potato,Uttarakhand,Dehradun,2020-04-12,941.21,1104.9,1023.06
Potato,Uttarakhand,Dehradun,2020-04-19,939.29,1102.65,1020.97
Potato,Uttarakhand,Dehradun,2020-04-26,1305.24,1532.24,1418.74
Potato,Uttarakhand,Dehradun,2020-05-03,802.36,941.9,872.13
Potato,Uttarakhand,Dehradun,2020-05-10,922.97,1083.48,1003.22
Potato,Uttarakhand,Dehradun,2020-05-17,1035.08,1215.1,1125.09
Potato,Uttarakhand,Dehradun,2020-05-24,1138.45,1336.45,1237.45
Potato,Uttarakhand,Dehradun,2020-05-31,1006.06,1181.03,1093.55
Potato,Uttarakhand,Dehradun,2020-06-07,1089.56,1279.05,1184.3
Potato,Uttarakhand,Dehradun,2020-06-14,855.38,1004.15,929.77
Potato,Uttarakhand,Dehradun,2020-06-21,874.59,1026.69,950.64
Potato,Uttarakhand,Dehradun,2020-06-28,827.14,970.99,899.07
Potato,Uttarakhand,Dehradun,2020-07-05,829.61,973.89,901.75
Potato,Uttarakhand,Dehradun,2020-07-12,693.41,814.01,753.71
Potato,Uttarakhand,Dehradun,2020-07-19,1009.8,1185.42,1097.61
Potato,Uttarakhand,Dehradun,2020-07-26,828.01,972.02,900.02
Potato,Uttarakhand,Dehradun,2020-08-02,716.95,841.63,779.29
Potato,Uttarakhand,Dehradun,2020-08-09,709.06,832.37,770.72
Potato,Uttarakhand,Dehradun,2020-08-16,689.59,809.51,749.55
Potato,Uttarakhand,Dehradun,2020-08-23,661.86,776.96,719.41
Potato,Uttarakhand,Dehradun,2020-08-30,830.63,975.09,902.86
Potato,Uttarakhand,Dehradun,2020-09-06,696.01,817.06,756.54
Potato,Uttarakhand,Dehradun,2020-09-13,856.06,1004.94,930.5
Potato,Uttarakhand,Dehradun,2020-09-20,903.44,1060.57,982.01
Potato,Uttarakhand,Dehradun,2020-09-27,645.79,758.1,701.94
Potato,Uttarakhand,Dehradun,2020-10-04,945.09,1109.45,1027.27
Potato,Uttarakhand,Dehradun,2020-10-11,1076.82,1264.1,1170.46
Potato,Uttarakhand,Dehradun,2020-10-18,791.16,928.75,859.96
Potato,Uttarakhand,Dehradun,2020-10-25,738.56,867.0,802.78
Potato,Uttarakhand,Dehradun,2020-11-01,1198.02,1406.37,1302.19
Potato,Uttarakhand,Dehradun,2020-11-08,934.66,1097.21,1015.93
Potato,Uttarakhand,Dehradun,2020-11-15,1047.96,1230.21,1139.08
Potato,Uttarakhand,Dehradun,2020-11-22,1462.03,1716.3,1589.16
Potato,Uttarakhand,Dehradun,2020-11-29,1057.14,1240.99,1149.07
Potato,Uttarakhand,Dehradun,2020-12-06,1270.06,1490.94,1380.5
Potato,Uttarakhand,Dehradun,2020-12-13,1318.09,1547.32,1432.7
Potato,Uttarakhand,Dehradun,2020-12-20,1404.08,1648.26,1526.17
Potato,Uttarakhand,Dehradun,2020-12-27,1480.13,1737.54,1608.83
Potato,Uttarakhand,Dehradun,2021-01-03,1662.16,1951.23,1806.69
Potato,Uttarakhand,Dehradun,2021-01-10,1673.86,1964.96,1819.41
Potato,Uttarakhand,Dehradun,2021-01-17,1597.92,1875.82,1736.87
Potato,Uttarakhand,Dehradun,2021-01-24,1499.96,1760.82,1630.39
Potato,Uttarakhand,Dehradun,2021-01-31,1568.97,1841.83,1705.4
Potato,Uttarakhand,Dehradun,2021-02-07,1569.92,1842.95,1706.43
Potato,Uttarakhand,Dehradun,2021-02-14,1689.76,1983.63,1836.7
Potato,Uttarakhand,Dehradun,2021-02-21,1574.77,1848.65,1711.71
Potato,Uttarakhand,Dehradun,2021-02-28,1365.41,1602.87,1484.14
Potato,Uttarakhand,Dehradun,2021-03-07,1557.6,1828.48,1693.04
Potato,Uttarakhand,Dehradun,2021-03-14,1596.09,1873.67,1734.88
Potato,Uttarakhand,Dehradun,2021-03-21,1457.87,1711.41,1584.64
Potato,Uttarakhand,Dehradun,2021-03-28,1662.0,1951.05,1806.52
Potato,Uttarakhand,Dehradun,2021-04-04,1489.83,1748.93,1619.38
Potato,Uttarakhand,Dehradun,2021-04-11,1450.88,1703.21,1577.05
Potato,Uttarakhand,Dehradun,2021-04-18,1369.27,1607.4,1488.34
Potato,Uttarakhand,Dehradun,2021-04-25,1369.34,1607.49,1488.41
Potato,Uttarakhand,Dehradun,2021-05-02,1395.32,1637.98,1516.65
Potato,Uttarakhand,Dehradun,2021-05-09,1221.32,1433.72,1327.52
Potato,Uttarakhand,Dehradun,2021-05-16,1268.82,1489.48,1379.15
Potato,Uttarakhand,Dehradun,2021-05-23,1086.68,1275.66,1181.17
Potato,Uttarakhand,Dehradun,2021-05-30,1214.58,1425.81,1320.2
Potato,Uttarakhand,Dehradun,2021-06-06,942.04,1105.87,1023.96
Potato,Uttarakhand,Dehradun,2021-06-13,970.14,1138.87,1054.51
Potato,Uttarakhand,Dehradun,2021-06-20,1177.32,1382.07,1279.69
Potato,Uttarakhand,Dehradun,2021-06-27,985.96,1157.43,1071.7
Potato,Uttarakhand,Dehradun,2021-07-04,1016.04,1192.74,1104.39
Potato,Uttarakhand,Dehradun,2021-07-11,832.4,977.16,904.78
Potato,Uttarakhand,Dehradun,2021-07-18,1002.93,1177.36,1090.14
Potato,Uttarakhand,Dehradun,2021-07-25,947.18,1111.91,1029.54
Potato,Uttarakhand,Dehradun,2021-08-01,1004.81,1179.56,1092.19
Potato,Uttarakhand,Dehradun,2021-08-08,1069.24,1255.2,1162.22
Potato,Uttarakhand,Dehradun,2021-08-15,1153.02,1353.54,1253.28
Potato,Uttarakhand,Dehradun,2021-08-22,762.84,895.5,829.17
Potato,Uttarakhand,Dehradun,2021-08-29,783.74,920.04,851.89
Potato,Uttarakhand,Dehradun,2021-09-05,949.5,1114.63,1032.06
Potato,Uttarakhand,Dehradun,2021-09-12,970.73,1139.55,1055.14
Potato,Uttarakhand,Dehradun,2021-09-19,991.64,1164.1,1077.87
Potato,Uttarakhand,Dehradun,2021-09-26,919.03,1078.86,998.94
Potato,Uttarakhand,Dehradun,2021-10-03,1412.68,1658.36,1535.52
Potato,Uttarakhand,Dehradun,2021-10-10,1070.59,1256.78,1163.68
Potato,Uttarakhand,Dehradun,2021-10-17,1252.79,1470.67,1361.73
Potato,Uttarakhand,Dehradun,2021-10-24,1465.67,1720.57,1593.12
Potato,Uttarakhand,Dehradun,2021-10-31,1073.52,1260.22,1166.87
Potato,Uttarakhand,Dehradun,2021-11-07,1463.02,1717.45,1590.24
Potato,Uttarakhand,Dehradun,2021-11-14,1397.07,1640.03,1518.55
Potato,Uttarakhand,Dehradun,2021-11-21,1372.86,1611.62,1492.24
Potato,Uttarakhand,Dehradun,2021-11-28,1610.51,1890.6,1750.55
Potato,Uttarakhand,Dehradun,2021-12-05,1474.28,1730.67,1602.47
Potato,Uttarakhand,Dehradun,2021-12-12,1548.36,1817.64,1683.0
Potato,Uttarakhand,Dehradun,2021-12-19,1755.36,2060.64,1908.0
Potato,Uttarakhand,Dehradun,2021-12-26,1763.89,2070.65,1917.27
Potato,Uttarakhand,Dehradun,2022-01-02,2007.98,2357.2,2182.59
Potato,Uttarakhand,Dehradun,2022-01-09,1956.84,2297.16,2127.0
Potato,Uttarakhand,Dehradun,2022-01-16,1813.72,2129.14,1971.43
Potato,Uttarakhand,Dehradun,2022-01-23,1960.75,2301.75,2131.25
Potato,Uttarakhand,Dehradun,2022-01-30,1728.04,2028.56,1878.3
Potato,Uttarakhand,Dehradun,2022-02-06,1892.39,2221.5,2056.94
Potato,Uttarakhand,Dehradun,2022-02-13,1871.2,2196.63,2033.92
Potato,Uttarakhand,Dehradun,2022-02-20,2089.24,2452.59,2270.91
Potato,Uttarakhand,Dehradun,2022-02-27,1943.42,2281.41,2112.42
Potato,Uttarakhand,Dehradun,2022-03-06,2065.57,2424.8,2245.18
Potato,Uttarakhand,Dehradun,2022-03-13,2074.8,2435.64,2255.22
Potato,Uttarakhand,Dehradun,2022-03-20,1906.64,2238.23,2072.44
Potato,Uttarakhand,Dehradun,2022-03-27,1975.44,2319.0,2147.22
Potato,Uttarakhand,Dehradun,2022-04-03,1730.39,2031.33,1880.86
Potato,Uttarakhand,Dehradun,2022-04-10,1742.74,2045.83,1894.29
Potato,Uttarakhand,Dehradun,2022-04-17,1906.23,2237.75,2071.99
Potato,Uttarakhand,Dehradun,2022-04-24,1695.68,1990.58,1843.13
Potato,Uttarakhand,Dehradun,2022-05-01,1498.85,1759.52,1629.18
Potato,Uttarakhand,Dehradun,2022-05-08,1626.9,1909.84,1768.37
Potato,Uttarakhand,Dehradun,2022-05-15,1491.21,1750.55,1620.88
Potato,Uttarakhand,Dehradun,2022-05-22,1578.62,1853.16,1715.89
Potato,Uttarakhand,Dehradun,2022-05-29,1249.32,1466.59,1357.96
Potato,Uttarakhand,Dehradun,2022-06-05,1475.99,1732.68,1604.33
Potato,Uttarakhand,Dehradun,2022-06-12,1378.49,1618.23,1498.36
Potato,Uttarakhand,Dehradun,2022-06-19,1327.21,1558.03,1442.62
Potato,Uttarakhand,Dehradun,2022-06-26,1317.54,1546.68,1432.11
Potato,Uttarakhand,Dehradun,2022-07-03,1349.31,1583.97,1466.64
Potato,Uttarakhand,Dehradun,2022-07-10,1117.84,1312.24,1215.04
Potato,Uttarakhand,Dehradun,2022-07-17,1233.41,1447.92,1340.67
Potato,Uttarakhand,Dehradun,2022-07-24,1191.41,1398.61,1295.01
Potato,Uttarakhand,Dehradun,2022-07-31,1292.22,1516.95,1404.59
Potato,Uttarakhand,Dehradun,2022-08-07,1039.33,1220.09,1129.71
Potato,Uttarakhand,Dehradun,2022-08-14,1147.83,1347.45,1247.64
Potato,Uttarakhand,Dehradun,2022-08-21,1167.74,1370.83,1269.29
Potato,Uttarakhand,Dehradun,2022-08-28,1057.27,1241.14,1149.21
Potato,Uttarakhand,Dehradun,2022-09-04,1215.48,1426.87,1321.17
Potato,Uttarakhand,Dehradun,2022-09-11,966.56,1134.66,1050.61
Potato,Uttarakhand,Dehradun,2022-09-18,1239.97,1455.62,1347.8
Potato,Uttarakhand,Dehradun,2022-09-25,1187.76,1394.33,1291.05
Potato,Uttarakhand,Dehradun,2022-10-02,1236.39,1451.41,1343.9
Potato,Uttarakhand,Dehradun,2022-10-09,1193.37,1400.92,1297.14
Potato,Uttarakhand,Dehradun,2022-10-16,1469.99,1725.64,1597.82
Potato,Uttarakhand,Dehradun,2022-10-23,1240.0,1455.65,1347.82
Potato,Uttarakhand,Dehradun,2022-10-30,1433.96,1683.35,1558.65
Potato,Uttarakhand,Dehradun,2022-11-06,1547.15,1816.22,1681.69
Potato,Uttarakhand,Dehradun,2022-11-13,1603.42,1882.28,1742.85
Potato,Uttarakhand,Dehradun,2022-11-20,1576.58,1850.77,1713.67
Potato,Uttarakhand,Dehradun,2022-11-27,1599.81,1878.04,1738.92
Potato,Uttarakhand,Dehradun,2022-12-04,1611.81,1892.13,1751.97
Potato,Uttarakhand,Dehradun,2022-12-11,1701.74,1997.69,1849.71
Potato,Uttarakhand,Dehradun,2022-12-18,1426.77,1674.9,1550.83
Potato,Uttarakhand,Dehradun,2022-12-25,1589.91,1866.42,1728.16
Potato,Uttarakhand,Dehradun,2023-01-01,1673.14,1964.12,1818.63
Potato,Uttarakhand,Dehradun,2023-01-08,1782.24,2092.2,1937.22
Potato,Uttarakhand,Dehradun,2023-01-15,1594.19,1871.44,1732.81
Potato,Uttarakhand,Dehradun,2023-01-22,1724.08,2023.92,1874.0
Potato,Uttarakhand,Dehradun,2023-01-29,1494.34,1754.23,1624.29
Potato,Uttarakhand,Dehradun,2023-02-05,1655.38,1943.27,1799.32
Potato,Uttarakhand,Dehradun,2023-02-12,1981.89,2326.57,2154.23
Potato,Uttarakhand,Dehradun,2023-02-19,1744.88,2048.33,1896.6
Potato,Uttarakhand,Dehradun,2023-02-26,1742.18,2045.17,1893.68
Potato,Uttarakhand,Dehradun,2023-03-05,1709.52,2006.82,1858.17
Potato,Uttarakhand,Dehradun,2023-03-12,1674.21,1965.38,1819.8
Potato,Uttarakhand,Dehradun,2023-03-19,1656.22,1944.26,1800.24
Potato,Uttarakhand,Dehradun,2023-03-26,1879.61,2206.49,2043.05
Potato,Uttarakhand,Dehradun,2023-04-02,1695.76,1990.68,1843.22
Potato,Uttarakhand,Dehradun,2023-04-09,1622.4,1904.56,1763.48
Potato,Uttarakhand,Dehradun,2023-04-16,1640.96,1926.34,1783.65
Potato,Uttarakhand,Dehradun,2023-04-23,1693.14,1987.6,1840.37
Potato,Uttarakhand,Dehradun,2023-04-30,1742.92,2046.03,1894.48
Potato,Uttarakhand,Dehradun,2023-05-07,1400.8,1644.42,1522.61
Potato,Uttarakhand,Dehradun,2023-05-14,1259.61,1478.68,1369.15
Potato,Uttarakhand,Dehradun,2023-05-21,1452.28,1704.85,1578.56
Potato,Uttarakhand,Dehradun,2023-05-28,1352.44,1587.65,1470.05
Potato,Uttarakhand,Dehradun,2023-06-04,1254.44,1472.61,1363.53
Potato,Uttarakhand,Dehradun,2023-06-11,1284.51,1507.9,1396.2
Potato,Uttarakhand,Dehradun,2023-06-18,1376.53,1615.92,1496.23
Potato,Uttarakhand,Dehradun,2023-06-25,1204.79,1414.32,1309.56
Potato,Uttarakhand,Dehradun,2023-07-02,895.95,1051.77,973.86
Potato,Uttarakhand,Dehradun,2023-07-09,1244.24,1460.63,1352.43
Potato,Uttarakhand,Dehradun,2023-07-16,1006.49,1181.54,1094.02
Potato,Uttarakhand,Dehradun,2023-07-23,942.21,1106.07,1024.14
Potato,Uttarakhand,Dehradun,2023-07-30,882.43,1035.9,959.16
Potato,Uttarakhand,Dehradun,2023-08-06,864.55,1014.91,939.73
Potato,Uttarakhand,Dehradun,2023-08-13,1041.6,1222.75,1132.18
Potato,Uttarakhand,Dehradun,2023-08-20,851.83,999.98,925.91
Potato,Uttarakhand,Dehradun,2023-08-27,1046.45,1228.44,1137.44
Potato,Uttarakhand,Dehradun,2023-09-03,977.95,1148.02,1062.98
Potato,Uttarakhand,Dehradun,2023-09-10,943.38,1107.44,1025.41
Potato,Uttarakhand,Dehradun,2023-09-17,903.29,1060.39,981.84
Potato,Uttarakhand,Dehradun,2023-09-24,881.7,1035.04,958.37
Potato,Uttarakhand,Dehradun,2023-10-01,1312.53,1540.8,1426.67
Potato,Uttarakhand,Dehradun,2023-10-08,1038.01,1218.53,1128.27
Potato,Uttarakhand,Dehradun,2023-10-15,1405.95,1650.46,1528.21
Potato,Uttarakhand,Dehradun,2023-10-22,1226.37,1439.65,1333.01
Potato,Uttarakhand,Dehradun,2023-10-29,1169.34,1372.7,1271.02
Potato,Uttarakhand,Dehradun,2023-11-05,1207.94,1418.02,1312.98
Potato,Uttarakhand,Dehradun,2023-11-12,1197.7,1405.99,1301.85
Potato,Uttarakhand,Dehradun,2023-11-19,1533.42,1800.11,1666.76
Potato,Uttarakhand,Dehradun,2023-11-26,1218.06,1429.9,1323.98
Potato,Uttarakhand,Dehradun,2023-12-03,1450.85,1703.17,1577.01
Potato,Uttarakhand,Dehradun,2023-12-10,1385.67,1626.66,1506.17
Potato,Uttarakhand,Dehradun,2023-12-17,1555.15,1825.61,1690.38
Potato,Uttarakhand,Dehradun,2023-12-24,1547.92,1817.12,1682.52
Potato,Uttarakhand,Dehradun,2023-12-31,1484.43,1742.59,1613.51
Potato,Uttarakhand,Dehradun,2024-01-07,1822.39,2139.32,1980.86
Potato,Uttarakhand,Dehradun,2024-01-14,1888.99,2217.51,2053.25
Potato,Uttarakhand,Dehradun,2024-01-21,1797.25,2109.81,1953.53
Potato,Uttarakhand,Dehradun,2024-01-28,1689.21,1982.99,1836.1
Potato,Uttarakhand,Dehradun,2024-02-04,1808.17,2122.63,1965.4
Potato,Uttarakhand,Dehradun,2024-02-11,1852.73,2174.95,2013.84
Potato,Uttarakhand,Dehradun,2024-02-18,1988.76,2334.64,2161.7
Potato,Uttarakhand,Dehradun,2024-02-25,1706.47,2003.25,1854.86
Potato,Uttarakhand,Dehradun,2024-03-03,1951.06,2290.38,2120.72
Potato,Uttarakhand,Dehradun,2024-03-10,1765.25,2072.25,1918.75
Potato,Uttarakhand,Dehradun,2024-03-17,1800.91,2114.11,1957.51
Potato,Uttarakhand,Dehradun,2024-03-24,1839.36,2159.25,1999.31
Potato,Uttarakhand,Dehradun,2024-03-31,1909.6,2241.71,2075.66
Potato,Uttarakhand,Dehradun,2024-04-07,1696.5,1991.54,1844.02
Potato,Uttarakhand,Dehradun,2024-04-14,1863.95,2188.11,2026.03
Potato,Uttarakhand,Dehradun,2024-04-21,1676.64,1968.23,1822.44
Potato,Uttarakhand,Dehradun,2024-04-28,1706.21,2002.94,1854.58
Potato,Uttarakhand,Dehradun,2024-05-05,1630.7,1914.3,1772.5
Potato,Uttarakhand,Dehradun,2024-05-12,1451.35,1703.76,1577.56
Potato,Uttarakhand,Dehradun,2024-05-19,1679.05,1971.06,1825.05
Potato,Uttarakhand,Dehradun,2024-05-26,1431.63,1680.61,1556.12
Potato,Uttarakhand,Dehradun,2024-06-02,1378.32,1618.03,1498.17
Potato,Uttarakhand,Dehradun,2024-06-09,1507.16,1769.27,1638.22
Potato,Uttarakhand,Dehradun,2024-06-16,1362.31,1599.23,1480.77
Potato,Uttarakhand,Dehradun,2024-06-23,1649.12,1935.93,1792.53
Potato,Uttarakhand,Dehradun,2024-06-30,1785.51,2096.03,1940.77
Potato,Uttarakhand,Dehradun,2024-07-07,1563.88,1835.86,1699.87
Potato,Uttarakhand,Dehradun,2024-07-14,1548.22,1817.47,1682.85
Potato,Uttarakhand,Dehradun,2024-07-21,1610.77,1890.9,1750.84
Potato,Uttarakhand,Dehradun,2024-07-28,1398.1,1641.25,1519.68
Potato,Uttarakhand,Dehradun,2024-08-04,1488.29,1747.12,1617.71
Potato,Uttarakhand,Dehradun,2024-08-11,1487.7,1746.43,1617.07
Potato,Uttarakhand,Dehradun,2024-08-18,1481.93,1739.66,1610.79
Potato,Uttarakhand,Dehradun,2024-08-25,1416.82,1663.22,1540.02
Potato,Uttarakhand,Dehradun,2024-09-01,1476.29,1733.04,1604.67
Potato,Uttarakhand,Dehradun,2024-09-08,1405.94,1650.45,1528.2
Potato,Uttarakhand,Dehradun,2024-09-15,1325.79,1556.37,1441.08
Potato,Uttarakhand,Dehradun,2024-09-22,1535.36,1802.38,1668.87
Potato,Uttarakhand,Dehradun,2024-09-29,1187.49,1394.01,1290.75
Potato,Uttarakhand,Dehradun,2024-10-06,1716.09,2014.54,1865.31
Potato,Uttarakhand,Dehradun,2024-10-13,1335.45,1567.7,1451.57
Potato,Uttarakhand,Dehradun,2024-10-20,1416.02,1662.28,1539.15
Potato,Uttarakhand,Dehradun,2024-10-27,1509.23,1771.71,1640.47
Potato,Uttarakhand,Dehradun,2024-11-03,1847.91,2169.28,2008.6
Potato,Uttarakhand,Dehradun,2024-11-10,1742.92,2046.03,1894.47
Potato,Uttarakhand,Dehradun,2024-11-17,1787.49,2098.35,1942.92
Potato,Uttarakhand,Dehradun,2024-11-24,1963.74,2305.26,2134.5
Potato,Uttarakhand,Dehradun,2024-12-01,2042.53,2397.75,2220.14
Potato,Uttarakhand,Dehradun,2024-12-08,2186.02,2566.2,2376.11
Potato,Uttarakhand,Dehradun,2024-12-15,2299.94,2699.93,2499.94
Potato,Uttarakhand,Dehradun,2024-12-22,2063.15,2421.96,2242.55
Potato,Uttarakhand,Dehradun,2024-12-29,2186.07,2566.25,2376.16
Potato,Uttarakhand,Dehradun,2025-01-05,2341.34,2748.52,2544.93
Potato,Uttarakhand,Dehradun,2025-01-12,2284.56,2681.88,2483.22
Potato,Uttarakhand,Dehradun,2025-01-19,2072.52,2432.96,2252.74
Potato,Uttarakhand,Dehradun,2025-01-26,2446.95,2872.5,2659.73
Potato,Uttarakhand,Dehradun,2025-02-02,2292.94,2691.71,2492.33
Potato,Uttarakhand,Dehradun,2025-02-09,2457.58,2884.98,2671.28
Potato,Uttarakhand,Dehradun,2025-02-16,2592.96,3043.91,2818.44
Potato,Uttarakhand,Dehradun,2025-02-23,2707.2,3178.02,2942.61
Potato,Uttarakhand,Dehradun,2025-03-02,2322.03,2725.86,2523.94
Potato,Uttarakhand,Dehradun,2025-03-09,2562.61,3008.29,2785.45
Potato,Uttarakhand,Dehradun,2025-03-16,2639.34,3098.36,2868.85
Potato,Uttarakhand,Dehradun,2025-03-23,2540.0,2981.74,2760.87
Potato,Uttarakhand,Dehradun,2025-03-30,2568.23,3014.88,2791.56
Potato,Uttarakhand,Dehradun,2025-04-06,2276.37,2672.26,2474.32
Potato,Uttarakhand,Dehradun,2025-04-13,2542.12,2984.23,2763.18
Potato,Uttarakhand,Dehradun,2025-04-20,2331.38,2736.84,2534.11
Potato,Uttarakhand,Dehradun,2025-04-27,2514.36,2951.64,2733.0
Potato,Uttarakhand,Dehradun,2025-05-04,2465.93,2894.79,2680.36
Potato,Uttarakhand,Dehradun,2025-05-11,2102.09,2467.67,2284.88
Potato,Uttarakhand,Dehradun,2025-05-18,2309.47,2711.11,2510.29
Potato,Uttarakhand,Dehradun,2025-05-25,2156.13,2531.1,2343.61
Potato,Uttarakhand,Dehradun,2025-06-01,1936.83,2273.67,2105.25
Potato,Uttarakhand,Dehradun,2025-06-08,2063.03,2421.82,2242.43
Potato,Uttarakhand,Dehradun,2025-06-15,1799.25,2112.16,1955.71
Potato,Uttarakhand,Dehradun,2025-06-22,2011.09,2360.84,2185.96
Potato,Uttarakhand,Dehradun,2025-06-29,2021.62,2373.21,2197.42
Potato,Uttarakhand,Dehradun,2025-07-06,2195.84,2577.73,2386.79
Potato,Uttarakhand,Dehradun,2025-07-13,1815.28,2130.99,1973.13
Potato,Uttarakhand,Dehradun,2025-07-20,2103.64,2469.49,2286.56
Potato,Uttarakhand,Dehradun,2025-07-27,1968.71,2311.1,2139.91
Potato,Uttarakhand,Dehradun,2025-08-03,1775.21,2083.94,1929.58
Potato,Uttarakhand,Dehradun,2025-08-10,1875.22,2201.35,2038.28
Potato,Uttarakhand,Dehradun,2025-08-17,1697.4,1992.6,1845.0
Potato,Uttarakhand,Dehradun,2025-08-24,1980.61,2325.06,2152.84
Potato,Uttarakhand,Dehradun,2025-08-31,1930.11,2265.78,2097.94
Potato,Uttarakhand,Dehradun,2025-09-07,1911.67,2244.13,2077.9
Potato,Uttarakhand,Dehradun,2025-09-14,1896.68,2226.54,2061.61
Potato,Uttarakhand,Dehradun,2025-09-21,1833.82,2152.75,1993.28
Potato,Uttarakhand,Dehradun,2025-09-28,1957.88,2298.38,2128.13
Potato,Uttarakhand,Dehradun,2025-10-05,1922.54,2256.89,2089.72
Potato,Uttarakhand,Dehradun,2025-10-12,2122.99,2492.2,2307.6
Potato,Uttarakhand,Dehradun,2025-10-19,2039.27,2393.93,2216.6
Potato,Uttarakhand,Dehradun,2025-10-26,2102.85,2468.57,2285.71
Potato,Uttarakhand,Dehradun,2025-11-02,2347.49,2755.75,2551.62
Potato,Uttarakhand,Dehradun,2025-11-09,2248.45,2639.48,2443.97
Potato,Uttarakhand,Dehradun,2025-11-16,2325.63,2730.09,2527.86
Potato,Uttarakhand,Dehradun,2025-11-23,2263.72,2657.41,2460.56
Potato,Uttarakhand,Dehradun,2025-11-30,2205.68,2589.28,2397.48
Potato,Uttarakhand,Dehradun,2025-12-07,2293.31,2692.14,2492.73
Potato,Uttarakhand,Dehradun,2025-12-14,2323.22,2727.26,2525.24
Potato,Uttarakhand,Dehradun,2025-12-21,2293.68,2692.58,2493.13
Potato,Uttarakhand,Dehradun,2025-12-28,2505.04,2940.69,2722.86
Potato,Uttarakhand,Dehradun,2026-01-04,2509.61,2946.06,2727.83
Potato,Uttarakhand,Dehradun,2026-01-11,2415.03,2835.04,2625.03
Potato,Uttarakhand,Dehradun,2026-01-18,2621.31,3077.19,2849.25
Potato,Uttarakhand,Dehradun,2026-01-25,2555.39,2999.81,2777.6
Potato,Uttarakhand,Dehradun,2026-02-01,2655.56,3117.39,2886.47
Potato,Uttarakhand,Dehradun,2026-02-08,3019.96,3545.17,3282.57
Potato,Uttarakhand,Dehradun,2026-02-15,2866.93,3365.53,3116.23
Potato,Uttarakhand,Dehradun,2026-02-22,2571.81,3019.08,2795.44
Potato,Uttarakhand,Dehradun,2026-03-01,2605.63,3058.78,2832.2
Potato,Uttarakhand,Dehradun,2026-03-08,2524.18,2963.16,2743.67
Potato,Uttarakhand,Dehradun,2026-03-15,2532.85,2973.35,2753.1
Potato,Uttarakhand,Dehradun,2026-03-22,2436.01,2859.66,2647.83
Potato,Uttarakhand,Dehradun,2026-03-29,2532.15,2972.52,2752.33
Potato,Uttarakhand,Dehradun,2026-04-05,2160.99,2536.82,2348.91
Potato,Uttarakhand,Dehradun,2026-04-12,2250.38,2641.75,2446.06
Potato,Uttarakhand,Dehradun,2026-04-19,1977.4,2321.29,2149.34
Potato,Uttarakhand,Dehradun,2026-04-26,2181.69,2561.11,2371.4
Potato,Uttarakhand,Dehradun,2026-05-03,2066.13,2425.46,2245.8
Potato,Uttarakhand,Dehradun,2026-05-10,1884.64,2212.4,2048.52
Potato,Uttarakhand,Dehradun,2026-05-17,1844.66,2165.47,2005.07
Potato,Uttarakhand,Dehradun,2026-05-24,1938.41,2275.52,2106.96
Potato,Uttarakhand,Dehradun,2026-05-31,1799.32,2112.24,1955.78
Potato,Uttarakhand,Dehradun,2026-06-07,1740.11,2042.74,1891.43
Potato,Uttarakhand,Dehradun,2026-06-14,1882.72,2210.15,2046.44
Potato,Uttarakhand,Dehradun,2026-06-21,1698.0,1993.3,1845.65
Potato,Uttarakhand,Dehradun,2026-06-28,1606.41,1885.79,1746.1
Potato,Uttarakhand,Dehradun,2026-07-05,1867.75,2192.57,2030.16
Potato,Uttarakhand,Dehradun,2026-07-12,1509.34,1771.83,1640.59
Potato,Uttarakhand,Dehradun,2026-07-19,1611.33,1891.56,1751.45
Potato,Uttarakhand,Dehradun,2026-07-26,1705.86,2002.53,1854.19
Potato,Uttarakhand,Dehradun,2026-08-02,1645.4,1931.55,1788.47
Potato,Uttarakhand,Dehradun,2026-08-09,1563.91,1835.9,1699.91
Potato,Uttarakhand,Dehradun,2026-08-16,1289.73,1514.03,1401.88
Potato,Uttarakhand,Dehradun,2026-08-23,1422.51,1669.91,1546.21
Potato,Uttarakhand,Dehradun,2026-08-30,1438.58,1688.77,1563.67
